plate_number,brand,model,department_id,standard_fuel_per_100km,usage_date,daily_km,fuel_liters
07 AAA 001,Renault,Caddy,4,7.72,2024-01-01,164,17.58
07 AAA 001,Renault,Caddy,4,7.72,2024-01-02,226,15.6
07 AAA 001,Renault,Caddy,4,7.72,2024-01-03,279,22.8
07 AAA 001,Renault,Caddy,4,7.72,2024-01-04,94,7.97
07 AAA 001,Renault,Caddy,4,7.72,2024-01-05,232,17.78
07 AAA 001,Renault,Caddy,4,7.72,2024-01-06,234,20.61
07 AAA 001,Renault,Caddy,4,7.72,2024-01-07,215,16.89
07 AAA 001,Renault,Caddy,4,7.72,2024-01-08,282,19.84
07 AAA 001,Renault,Caddy,4,7.72,2024-01-09,44,4.48
07 AAA 001,Renault,Caddy,4,7.72,2024-01-10,193,12.09
07 AAA 001,Renault,Caddy,4,7.72,2024-01-11,155,17.32
07 AAA 001,Renault,Caddy,4,7.72,2024-01-12,226,16.16
07 AAA 001,Renault,Caddy,4,7.72,2024-01-13,254,18.84
07 AAA 001,Renault,Caddy,4,7.72,2024-01-14,219,21.97
07 AAA 001,Renault,Caddy,4,7.72,2024-01-15,225,20.83
07 AAA 001,Renault,Caddy,4,7.72,2024-01-16,59,6.33
07 AAA 001,Renault,Caddy,4,7.72,2024-01-17,134,10.76
07 AAA 001,Renault,Caddy,4,7.72,2024-01-18,285,24.62
07 AAA 001,Renault,Caddy,4,7.72,2024-01-19,211,17.23
07 AAA 001,Renault,Caddy,4,7.72,2024-01-20,46,4.35
07 AAA 001,Renault,Caddy,4,7.72,2024-01-21,135,13.35
07 AAA 001,Renault,Caddy,4,7.72,2024-01-22,250,20.58
07 AAA 001,Renault,Caddy,4,7.72,2024-01-23,230,16.6
07 AAA 001,Renault,Caddy,4,7.72,2024-01-24,255,26.72
07 AAA 001,Renault,Caddy,4,7.72,2024-01-25,138,11.37
07 AAA 001,Renault,Caddy,4,7.72,2024-01-26,118,8.1
07 AAA 001,Renault,Caddy,4,7.72,2024-01-27,169,11.23
07 AAA 001,Renault,Caddy,4,7.72,2024-01-28,268,23.66
07 AAA 001,Renault,Caddy,4,7.72,2024-01-29,194,15.2
07 AAA 001,Renault,Caddy,4,7.72,2024-01-30,219,21.17
07 AAA 001,Renault,Caddy,4,7.72,2024-01-31,125,11.97
07 AAA 001,Renault,Caddy,4,7.72,2024-02-01,104,6.5
07 AAA 001,Renault,Caddy,4,7.72,2024-02-02,81,5.83
07 AAA 001,Renault,Caddy,4,7.72,2024-02-03,148,17.05
07 AAA 001,Renault,Caddy,4,7.72,2024-02-04,266,19.6
07 AAA 001,Renault,Caddy,4,7.72,2024-02-05,299,19.13
07 AAA 001,Renault,Caddy,4,7.72,2024-02-06,222,21.61
07 AAA 001,Renault,Caddy,4,7.72,2024-02-07,148,13.91
07 AAA 001,Renault,Caddy,4,7.72,2024-02-08,145,9.13
07 AAA 001,Renault,Caddy,4,7.72,2024-02-09,80,5.79
07 AAA 001,Renault,Caddy,4,7.72,2024-02-10,217,17.82
07 AAA 001,Renault,Caddy,4,7.72,2024-02-11,144,9.84
07 AAA 001,Renault,Caddy,4,7.72,2024-02-12,113,10.88
07 AAA 001,Renault,Caddy,4,7.72,2024-02-13,85,6.11
07 AAA 001,Renault,Caddy,4,7.72,2024-02-14,163,12.17
07 AAA 001,Renault,Caddy,4,7.72,2024-02-15,180,17.69
07 AAA 001,Renault,Caddy,4,7.72,2024-02-16,89,7.76
07 AAA 001,Renault,Caddy,4,7.72,2024-02-17,139,11.77
07 AAA 001,Renault,Caddy,4,7.72,2024-02-18,204,17.62
07 AAA 001,Renault,Caddy,4,7.72,2024-02-19,244,15.43
07 AAA 001,Renault,Caddy,4,7.72,2024-02-20,148,10.74
07 AAA 001,Renault,Caddy,4,7.72,2024-02-21,73,5.03
07 AAA 001,Renault,Caddy,4,7.72,2024-02-22,80,6.44
07 AAA 001,Renault,Caddy,4,7.72,2024-02-23,113,7.38
07 AAA 001,Renault,Caddy,4,7.72,2024-02-24,132,10.21
07 AAA 001,Renault,Caddy,4,7.72,2024-02-25,241,18.69
07 AAA 001,Renault,Caddy,4,7.72,2024-02-26,260,17.89
07 AAA 001,Renault,Caddy,4,7.72,2024-02-27,294,24.35
07 AAA 001,Renault,Caddy,4,7.72,2024-02-28,90,6.54
07 AAA 001,Renault,Caddy,4,7.72,2024-02-29,201,21.45
07 AAA 001,Renault,Caddy,4,7.72,2024-03-01,280,29.22
07 AAA 001,Renault,Caddy,4,7.72,2024-03-02,141,14.47
07 AAA 001,Renault,Caddy,4,7.72,2024-03-03,256,28.21
07 AAA 001,Renault,Caddy,4,7.72,2024-03-04,249,20.32
07 AAA 001,Renault,Caddy,4,7.72,2024-03-05,186,18.4
07 AAA 001,Renault,Caddy,4,7.72,2024-03-06,105,11.51
07 AAA 001,Renault,Caddy,4,7.72,2024-03-07,293,19.36
07 AAA 001,Renault,Caddy,4,7.72,2024-03-08,258,26.59
07 AAA 001,Renault,Caddy,4,7.72,2024-03-09,117,12.28
07 AAA 001,Renault,Caddy,4,7.72,2024-03-10,163,13.12
07 AAA 001,Renault,Caddy,4,7.72,2024-03-11,216,20.95
07 AAA 001,Renault,Caddy,4,7.72,2024-03-12,141,10.88
07 AAA 001,Renault,Caddy,4,7.72,2024-03-13,294,30.41
07 AAA 001,Renault,Caddy,4,7.72,2024-03-14,101,6.88
07 AAA 001,Renault,Caddy,4,7.72,2024-03-15,94,7.5
07 AAA 001,Renault,Caddy,4,7.72,2024-03-16,151,16.12
07 AAA 001,Renault,Caddy,4,7.72,2024-03-17,169,15.61
07 AAA 001,Renault,Caddy,4,7.72,2024-03-18,79,6.85
07 AAA 001,Renault,Caddy,4,7.72,2024-03-19,101,8.12
07 AAA 001,Renault,Caddy,4,7.72,2024-03-20,227,16.41
07 AAA 001,Renault,Caddy,4,7.72,2024-03-21,283,25.37
07 AAA 001,Renault,Caddy,4,7.72,2024-03-22,161,14.39
07 AAA 001,Renault,Caddy,4,7.72,2024-03-23,174,14.92
07 AAA 001,Renault,Caddy,4,7.72,2024-03-24,212,13.62
07 AAA 001,Renault,Caddy,4,7.72,2024-03-25,247,15.98
07 AAA 001,Renault,Caddy,4,7.72,2024-03-26,117,8.81
07 AAA 001,Renault,Caddy,4,7.72,2024-03-27,230,17.74
07 AAA 001,Renault,Caddy,4,7.72,2024-03-28,103,11.37
07 AAA 001,Renault,Caddy,4,7.72,2024-03-29,180,15.49
07 AAA 001,Renault,Caddy,4,7.72,2024-03-30,142,14.18
07 AAA 001,Renault,Caddy,4,7.72,2024-03-31,96,7.4
07 AAA 001,Renault,Caddy,4,7.72,2024-04-01,251,25.42
07 AAA 001,Renault,Caddy,4,7.72,2024-04-02,160,13.68
07 AAA 001,Renault,Caddy,4,7.72,2024-04-03,46,4.74
07 AAA 001,Renault,Caddy,4,7.72,2024-04-04,122,10.1
07 AAA 001,Renault,Caddy,4,7.72,2024-04-05,120,10.47
07 AAA 001,Renault,Caddy,4,7.72,2024-04-06,165,13.23
07 AAA 001,Renault,Caddy,4,7.72,2024-04-07,126,12.23
07 AAA 001,Renault,Caddy,4,7.72,2024-04-08,148,14.46
07 AAA 001,Renault,Caddy,4,7.72,2024-04-09,182,19.8
07 AAA 001,Renault,Caddy,4,7.72,2024-04-10,68,6.82
07 AAA 001,Renault,Caddy,4,7.72,2024-04-11,165,10.5
07 AAA 001,Renault,Caddy,4,7.72,2024-04-12,220,24.35
07 AAA 001,Renault,Caddy,4,7.72,2024-04-13,213,23.92
07 AAA 001,Renault,Caddy,4,7.72,2024-04-14,52,4.35
07 AAA 001,Renault,Caddy,4,7.72,2024-04-15,164,10.37
07 AAA 001,Renault,Caddy,4,7.72,2024-04-16,99,11.38
07 AAA 001,Renault,Caddy,4,7.72,2024-04-17,234,24.42
07 AAA 001,Renault,Caddy,4,7.72,2024-04-18,98,6.3
07 AAA 001,Renault,Caddy,4,7.72,2024-04-19,42,3.17
07 AAA 001,Renault,Caddy,4,7.72,2024-04-20,276,26.74
07 AAA 001,Renault,Caddy,4,7.72,2024-04-21,62,5.71
07 AAA 001,Renault,Caddy,4,7.72,2024-04-22,182,19.56
07 AAA 001,Renault,Caddy,4,7.72,2024-04-23,137,8.94
07 AAA 001,Renault,Caddy,4,7.72,2024-04-24,184,12.91
07 AAA 001,Renault,Caddy,4,7.72,2024-04-25,266,21.13
07 AAA 001,Renault,Caddy,4,7.72,2024-04-26,178,12.22
07 AAA 001,Renault,Caddy,4,7.72,2024-04-27,125,11.89
07 AAA 001,Renault,Caddy,4,7.72,2024-04-28,173,19.02
07 AAA 001,Renault,Caddy,4,7.72,2024-04-29,55,6.37
07 AAA 002,Peugeot,Atego,4,7.71,2024-01-01,77,5.13
07 AAA 002,Peugeot,Atego,4,7.71,2024-01-02,88,7.94
07 AAA 002,Peugeot,Atego,4,7.71,2024-01-03,269,16.97
07 AAA 002,Peugeot,Atego,4,7.71,2024-01-04,245,21.88
07 AAA 002,Peugeot,Atego,4,7.71,2024-01-05,176,15.44
07 AAA 002,Peugeot,Atego,4,7.71,2024-01-06,245,20.8
07 AAA 002,Peugeot,Atego,4,7.71,2024-01-07,68,5.45
07 AAA 002,Peugeot,Atego,4,7.71,2024-01-08,195,19.96
07 AAA 002,Peugeot,Atego,4,7.71,2024-01-09,156,12.09
07 AAA 002,Peugeot,Atego,4,7.71,2024-01-10,130,14.83
07 AAA 002,Peugeot,Atego,4,7.71,2024-01-11,149,16.5
07 AAA 002,Peugeot,Atego,4,7.71,2024-01-12,118,9.41
07 AAA 002,Peugeot,Atego,4,7.71,2024-01-13,233,23.48
07 AAA 002,Peugeot,Atego,4,7.71,2024-01-14,78,8.99
07 AAA 002,Peugeot,Atego,4,7.71,2024-01-15,290,27.37
07 AAA 002,Peugeot,Atego,4,7.71,2024-01-16,219,15.11
07 AAA 002,Peugeot,Atego,4,7.71,2024-01-17,294,28.42
07 AAA 002,Peugeot,Atego,4,7.71,2024-01-18,168,16.14
07 AAA 002,Peugeot,Atego,4,7.71,2024-01-19,251,18.7
07 AAA 002,Peugeot,Atego,4,7.71,2024-01-20,147,15.16
07 AAA 002,Peugeot,Atego,4,7.71,2024-01-21,201,19.05
07 AAA 002,Peugeot,Atego,4,7.71,2024-01-22,44,3.65
07 AAA 002,Peugeot,Atego,4,7.71,2024-01-23,230,23.65
07 AAA 002,Peugeot,Atego,4,7.71,2024-01-24,293,18.3
07 AAA 002,Peugeot,Atego,4,7.71,2024-01-25,100,8.96
07 AAA 002,Peugeot,Atego,4,7.71,2024-01-26,73,5.75
07 AAA 002,Peugeot,Atego,4,7.71,2024-01-27,205,13.21
07 AAA 002,Peugeot,Atego,4,7.71,2024-01-28,249,20.78
07 AAA 002,Peugeot,Atego,4,7.71,2024-01-29,142,14.61
07 AAA 002,Peugeot,Atego,4,7.71,2024-01-30,127,13.89
07 AAA 002,Peugeot,Atego,4,7.71,2024-01-31,102,10.38
07 AAA 002,Peugeot,Atego,4,7.71,2024-02-01,48,5.13
07 AAA 002,Peugeot,Atego,4,7.71,2024-02-02,189,18.95
07 AAA 002,Peugeot,Atego,4,7.71,2024-02-03,159,16.88
07 AAA 002,Peugeot,Atego,4,7.71,2024-02-04,101,11.07
07 AAA 002,Peugeot,Atego,4,7.71,2024-02-05,121,8.21
07 AAA 002,Peugeot,Atego,4,7.71,2024-02-06,106,8.48
07 AAA 002,Peugeot,Atego,4,7.71,2024-02-07,217,16.22
07 AAA 002,Peugeot,Atego,4,7.71,2024-02-08,135,9.06
07 AAA 002,Peugeot,Atego,4,7.71,2024-02-09,255,23.31
07 AAA 002,Peugeot,Atego,4,7.71,2024-02-10,140,15.71
07 AAA 002,Peugeot,Atego,4,7.71,2024-02-11,155,12.37
07 AAA 002,Peugeot,Atego,4,7.71,2024-02-12,44,4.54
07 AAA 002,Peugeot,Atego,4,7.71,2024-02-13,250,26.37
07 AAA 002,Peugeot,Atego,4,7.71,2024-02-14,89,9.58
07 AAA 002,Peugeot,Atego,4,7.71,2024-02-15,57,4.07
07 AAA 002,Peugeot,Atego,4,7.71,2024-02-16,248,27.55
07 AAA 002,Peugeot,Atego,4,7.71,2024-02-17,218,24.1
07 AAA 002,Peugeot,Atego,4,7.71,2024-02-18,167,16.81
07 AAA 002,Peugeot,Atego,4,7.71,2024-02-19,230,22.09
07 AAA 002,Peugeot,Atego,4,7.71,2024-02-20,74,8.0
07 AAA 002,Peugeot,Atego,4,7.71,2024-02-21,187,14.87
07 AAA 002,Peugeot,Atego,4,7.71,2024-02-22,213,18.81
07 AAA 002,Peugeot,Atego,4,7.71,2024-02-23,174,15.78
07 AAA 002,Peugeot,Atego,4,7.71,2024-02-24,93,10.01
07 AAA 002,Peugeot,Atego,4,7.71,2024-02-25,205,16.5
07 AAA 002,Peugeot,Atego,4,7.71,2024-02-26,300,29.75
07 AAA 002,Peugeot,Atego,4,7.71,2024-02-27,226,24.43
07 AAA 002,Peugeot,Atego,4,7.71,2024-02-28,275,31.39
07 AAA 002,Peugeot,Atego,4,7.71,2024-02-29,190,20.25
07 AAA 002,Peugeot,Atego,4,7.71,2024-03-01,219,16.49
07 AAA 002,Peugeot,Atego,4,7.71,2024-03-02,161,12.86
07 AAA 002,Peugeot,Atego,4,7.71,2024-03-03,82,9.4
07 AAA 002,Peugeot,Atego,4,7.71,2024-03-04,222,14.26
07 AAA 002,Peugeot,Atego,4,7.71,2024-03-05,201,14.11
07 AAA 002,Peugeot,Atego,4,7.71,2024-03-06,163,15.18
07 AAA 002,Peugeot,Atego,4,7.71,2024-03-07,41,3.8
07 AAA 002,Peugeot,Atego,4,7.71,2024-03-08,53,5.69
07 AAA 002,Peugeot,Atego,4,7.71,2024-03-09,86,6.84
07 AAA 002,Peugeot,Atego,4,7.71,2024-03-10,95,9.81
07 AAA 002,Peugeot,Atego,4,7.71,2024-03-11,62,6.48
07 AAA 002,Peugeot,Atego,4,7.71,2024-03-12,278,17.23
07 AAA 002,Peugeot,Atego,4,7.71,2024-03-13,263,29.81
07 AAA 002,Peugeot,Atego,4,7.71,2024-03-14,216,24.16
07 AAA 002,Peugeot,Atego,4,7.71,2024-03-15,283,21.78
07 AAA 002,Peugeot,Atego,4,7.71,2024-03-16,150,13.06
07 AAA 002,Peugeot,Atego,4,7.71,2024-03-17,261,16.87
07 AAA 002,Peugeot,Atego,4,7.71,2024-03-18,235,26.36
07 AAA 002,Peugeot,Atego,4,7.71,2024-03-19,139,9.33
07 AAA 002,Peugeot,Atego,4,7.71,2024-03-20,158,11.27
07 AAA 002,Peugeot,Atego,4,7.71,2024-03-21,231,24.75
07 AAA 002,Peugeot,Atego,4,7.71,2024-03-22,279,20.64
07 AAA 002,Peugeot,Atego,4,7.71,2024-03-23,156,13.68
07 AAA 002,Peugeot,Atego,4,7.71,2024-03-24,228,14.35
07 AAA 002,Peugeot,Atego,4,7.71,2024-03-25,164,18.12
07 AAA 002,Peugeot,Atego,4,7.71,2024-03-26,64,5.4
07 AAA 002,Peugeot,Atego,4,7.71,2024-03-27,151,13.91
07 AAA 002,Peugeot,Atego,4,7.71,2024-03-28,82,5.42
07 AAA 002,Peugeot,Atego,4,7.71,2024-03-29,70,8.06
07 AAA 002,Peugeot,Atego,4,7.71,2024-03-30,298,30.11
07 AAA 002,Peugeot,Atego,4,7.71,2024-03-31,155,9.57
07 AAA 002,Peugeot,Atego,4,7.71,2024-04-01,247,22.43
07 AAA 002,Peugeot,Atego,4,7.71,2024-04-02,181,16.32
07 AAA 002,Peugeot,Atego,4,7.71,2024-04-03,289,28.28
07 AAA 002,Peugeot,Atego,4,7.71,2024-04-04,252,15.85
07 AAA 002,Peugeot,Atego,4,7.71,2024-04-05,256,19.33
07 AAA 002,Peugeot,Atego,4,7.71,2024-04-06,87,5.53
07 AAA 002,Peugeot,Atego,4,7.71,2024-04-07,252,27.67
07 AAA 002,Peugeot,Atego,4,7.71,2024-04-08,243,27.94
07 AAA 002,Peugeot,Atego,4,7.71,2024-04-09,198,22.21
07 AAA 002,Peugeot,Atego,4,7.71,2024-04-10,139,13.79
07 AAA 002,Peugeot,Atego,4,7.71,2024-04-11,240,18.56
07 AAA 002,Peugeot,Atego,4,7.71,2024-04-12,73,7.73
07 AAA 002,Peugeot,Atego,4,7.71,2024-04-13,244,26.82
07 AAA 002,Peugeot,Atego,4,7.71,2024-04-14,169,15.26
07 AAA 002,Peugeot,Atego,4,7.71,2024-04-15,44,4.4
07 AAA 002,Peugeot,Atego,4,7.71,2024-04-16,71,5.33
07 AAA 002,Peugeot,Atego,4,7.71,2024-04-17,103,11.43
07 AAA 002,Peugeot,Atego,4,7.71,2024-04-18,255,21.5
07 AAA 002,Peugeot,Atego,4,7.71,2024-04-19,99,10.47
07 AAA 002,Peugeot,Atego,4,7.71,2024-04-20,209,16.02
07 AAA 002,Peugeot,Atego,4,7.71,2024-04-21,86,8.79
07 AAA 002,Peugeot,Atego,4,7.71,2024-04-22,194,17.34
07 AAA 002,Peugeot,Atego,4,7.71,2024-04-23,191,13.51
07 AAA 002,Peugeot,Atego,4,7.71,2024-04-24,262,23.24
07 AAA 002,Peugeot,Atego,4,7.71,2024-04-25,234,17.69
07 AAA 002,Peugeot,Atego,4,7.71,2024-04-26,208,18.42
07 AAA 002,Peugeot,Atego,4,7.71,2024-04-27,72,5.13
07 AAA 002,Peugeot,Atego,4,7.71,2024-04-28,274,21.15
07 AAA 002,Peugeot,Atego,4,7.71,2024-04-29,217,21.67
07 AAA 003,Renault,Boxer,3,24.7,2024-01-01,229,51.86
07 AAA 003,Renault,Boxer,3,24.7,2024-01-02,105,24.08
07 AAA 003,Renault,Boxer,3,24.7,2024-01-03,86,25.88
07 AAA 003,Renault,Boxer,3,24.7,2024-01-04,262,56.52
07 AAA 003,Renault,Boxer,3,24.7,2024-01-05,212,56.06
07 AAA 003,Renault,Boxer,3,24.7,2024-01-06,222,49.57
07 AAA 003,Renault,Boxer,3,24.7,2024-01-07,197,55.62
07 AAA 003,Renault,Boxer,3,24.7,2024-01-08,184,44.66
07 AAA 003,Renault,Boxer,3,24.7,2024-01-09,141,38.25
07 AAA 003,Renault,Boxer,3,24.7,2024-01-10,255,72.93
07 AAA 003,Renault,Boxer,3,24.7,2024-01-11,52,15.44
07 AAA 003,Renault,Boxer,3,24.7,2024-01-12,129,28.16
07 AAA 003,Renault,Boxer,3,24.7,2024-01-13,283,96.38
07 AAA 003,Renault,Boxer,3,24.7,2024-01-14,128,28.27
07 AAA 003,Renault,Boxer,3,24.7,2024-01-15,54,10.83
07 AAA 003,Renault,Boxer,3,24.7,2024-01-16,61,15.69
07 AAA 003,Renault,Boxer,3,24.7,2024-01-17,205,49.66
07 AAA 003,Renault,Boxer,3,24.7,2024-01-18,250,85.84
07 AAA 003,Renault,Boxer,3,24.7,2024-01-19,172,47.33
07 AAA 003,Renault,Boxer,3,24.7,2024-01-20,273,78.95
07 AAA 003,Renault,Boxer,3,24.7,2024-01-21,152,30.53
07 AAA 003,Renault,Boxer,3,24.7,2024-01-22,214,49.46
07 AAA 003,Renault,Boxer,3,24.7,2024-01-23,154,44.65
07 AAA 003,Renault,Boxer,3,24.7,2024-01-24,161,50.56
07 AAA 003,Renault,Boxer,3,24.7,2024-01-25,123,34.92
07 AAA 003,Renault,Boxer,3,24.7,2024-01-26,107,37.69
07 AAA 003,Renault,Boxer,3,24.7,2024-01-27,189,44.41
07 AAA 003,Renault,Boxer,3,24.7,2024-01-28,66,20.82
07 AAA 003,Renault,Boxer,3,24.7,2024-01-29,181,59.35
07 AAA 003,Renault,Boxer,3,24.7,2024-01-30,236,74.3
07 AAA 003,Renault,Boxer,3,24.7,2024-01-31,73,24.61
07 AAA 003,Renault,Boxer,3,24.7,2024-02-01,77,22.87
07 AAA 003,Renault,Boxer,3,24.7,2024-02-02,95,21.22
07 AAA 003,Renault,Boxer,3,24.7,2024-02-03,227,52.9
07 AAA 003,Renault,Boxer,3,24.7,2024-02-04,176,40.49
07 AAA 003,Renault,Boxer,3,24.7,2024-02-05,273,99.73
07 AAA 003,Renault,Boxer,3,24.7,2024-02-06,243,89.64
07 AAA 003,Renault,Boxer,3,24.7,2024-02-07,194,51.33
07 AAA 003,Renault,Boxer,3,24.7,2024-02-08,105,26.81
07 AAA 003,Renault,Boxer,3,24.7,2024-02-09,300,68.81
07 AAA 003,Renault,Boxer,3,24.7,2024-02-10,233,69.1
07 AAA 003,Renault,Boxer,3,24.7,2024-02-11,125,34.83
07 AAA 003,Renault,Boxer,3,24.7,2024-02-12,286,70.02
07 AAA 003,Renault,Boxer,3,24.7,2024-02-13,133,48.36
07 AAA 003,Renault,Boxer,3,24.7,2024-02-14,178,48.27
07 AAA 003,Renault,Boxer,3,24.7,2024-02-15,292,77.78
07 AAA 003,Renault,Boxer,3,24.7,2024-02-16,125,42.7
07 AAA 003,Renault,Boxer,3,24.7,2024-02-17,90,22.45
07 AAA 003,Renault,Boxer,3,24.7,2024-02-18,240,76.36
07 AAA 003,Renault,Boxer,3,24.7,2024-02-19,220,52.44
07 AAA 003,Renault,Boxer,3,24.7,2024-02-20,149,54.85
07 AAA 003,Renault,Boxer,3,24.7,2024-02-21,81,27.99
07 AAA 003,Renault,Boxer,3,24.7,2024-02-22,63,22.97
07 AAA 003,Renault,Boxer,3,24.7,2024-02-23,159,32.93
07 AAA 003,Renault,Boxer,3,24.7,2024-02-24,47,13.23
07 AAA 003,Renault,Boxer,3,24.7,2024-02-25,82,21.15
07 AAA 003,Renault,Boxer,3,24.7,2024-02-26,183,55.09
07 AAA 003,Renault,Boxer,3,24.7,2024-02-27,203,73.16
07 AAA 003,Renault,Boxer,3,24.7,2024-02-28,46,16.31
07 AAA 003,Renault,Boxer,3,24.7,2024-02-29,205,69.84
07 AAA 003,Renault,Boxer,3,24.7,2024-03-01,159,31.61
07 AAA 003,Renault,Boxer,3,24.7,2024-03-02,267,59.12
07 AAA 003,Renault,Boxer,3,24.7,2024-03-03,214,69.1
07 AAA 003,Renault,Boxer,3,24.7,2024-03-04,41,14.11
07 AAA 003,Renault,Boxer,3,24.7,2024-03-05,240,50.96
07 AAA 003,Renault,Boxer,3,24.7,2024-03-06,102,29.7
07 AAA 003,Renault,Boxer,3,24.7,2024-03-07,190,61.6
07 AAA 003,Renault,Boxer,3,24.7,2024-03-08,253,80.11
07 AAA 003,Renault,Boxer,3,24.7,2024-03-09,260,70.34
07 AAA 003,Renault,Boxer,3,24.7,2024-03-10,239,50.8
07 AAA 003,Renault,Boxer,3,24.7,2024-03-11,198,43.84
07 AAA 003,Renault,Boxer,3,24.7,2024-03-12,167,55.64
07 AAA 003,Renault,Boxer,3,24.7,2024-03-13,128,26.73
07 AAA 003,Renault,Boxer,3,24.7,2024-03-14,126,45.16
07 AAA 003,Renault,Boxer,3,24.7,2024-03-15,255,51.07
07 AAA 003,Renault,Boxer,3,24.7,2024-03-16,290,102.22
07 AAA 003,Renault,Boxer,3,24.7,2024-03-17,124,26.48
07 AAA 003,Renault,Boxer,3,24.7,2024-03-18,211,77.74
07 AAA 003,Renault,Boxer,3,24.7,2024-03-19,138,44.85
07 AAA 003,Renault,Boxer,3,24.7,2024-03-20,247,67.35
07 AAA 003,Renault,Boxer,3,24.7,2024-03-21,79,20.26
07 AAA 003,Renault,Boxer,3,24.7,2024-03-22,243,72.66
07 AAA 003,Renault,Boxer,3,24.7,2024-03-23,249,61.85
07 AAA 003,Renault,Boxer,3,24.7,2024-03-24,89,23.87
07 AAA 003,Renault,Boxer,3,24.7,2024-03-25,172,62.7
07 AAA 003,Renault,Boxer,3,24.7,2024-03-26,95,19.11
07 AAA 003,Renault,Boxer,3,24.7,2024-03-27,75,21.63
07 AAA 003,Renault,Boxer,3,24.7,2024-03-28,209,54.49
07 AAA 003,Renault,Boxer,3,24.7,2024-03-29,119,36.18
07 AAA 003,Renault,Boxer,3,24.7,2024-03-30,51,15.68
07 AAA 003,Renault,Boxer,3,24.7,2024-03-31,187,50.56
07 AAA 003,Renault,Boxer,3,24.7,2024-04-01,243,74.82
07 AAA 003,Renault,Boxer,3,24.7,2024-04-02,174,58.13
07 AAA 003,Renault,Boxer,3,24.7,2024-04-03,121,31.99
07 AAA 003,Renault,Boxer,3,24.7,2024-04-04,110,31.36
07 AAA 003,Renault,Boxer,3,24.7,2024-04-05,217,78.85
07 AAA 003,Renault,Boxer,3,24.7,2024-04-06,166,58.37
07 AAA 003,Renault,Boxer,3,24.7,2024-04-07,210,60.59
07 AAA 003,Renault,Boxer,3,24.7,2024-04-08,169,37.47
07 AAA 003,Renault,Boxer,3,24.7,2024-04-09,295,71.19
07 AAA 003,Renault,Boxer,3,24.7,2024-04-10,44,12.54
07 AAA 003,Renault,Boxer,3,24.7,2024-04-11,255,65.27
07 AAA 003,Renault,Boxer,3,24.7,2024-04-12,207,49.38
07 AAA 003,Renault,Boxer,3,24.7,2024-04-13,266,67.13
07 AAA 003,Renault,Boxer,3,24.7,2024-04-14,93,21.73
07 AAA 003,Renault,Boxer,3,24.7,2024-04-15,215,45.27
07 AAA 003,Renault,Boxer,3,24.7,2024-04-16,171,42.94
07 AAA 003,Renault,Boxer,3,24.7,2024-04-17,58,13.54
07 AAA 003,Renault,Boxer,3,24.7,2024-04-18,274,65.91
07 AAA 003,Renault,Boxer,3,24.7,2024-04-19,273,85.87
07 AAA 003,Renault,Boxer,3,24.7,2024-04-20,288,65.38
07 AAA 003,Renault,Boxer,3,24.7,2024-04-21,154,44.15
07 AAA 003,Renault,Boxer,3,24.7,2024-04-22,151,34.1
07 AAA 003,Renault,Boxer,3,24.7,2024-04-23,146,35.67
07 AAA 003,Renault,Boxer,3,24.7,2024-04-24,103,21.72
07 AAA 003,Renault,Boxer,3,24.7,2024-04-25,106,28.07
07 AAA 003,Renault,Boxer,3,24.7,2024-04-26,231,58.11
07 AAA 003,Renault,Boxer,3,24.7,2024-04-27,79,16.46
07 AAA 003,Renault,Boxer,3,24.7,2024-04-28,112,39.33
07 AAA 003,Renault,Boxer,3,24.7,2024-04-29,279,61.61
07 AAA 004,Mercedes,Caddy,3,24.73,2024-01-01,119,30.83
07 AAA 004,Mercedes,Caddy,3,24.73,2024-01-02,151,48.12
07 AAA 004,Mercedes,Caddy,3,24.73,2024-01-03,115,38.52
07 AAA 004,Mercedes,Caddy,3,24.73,2024-01-04,155,51.94
07 AAA 004,Mercedes,Caddy,3,24.73,2024-01-05,298,61.07
07 AAA 004,Mercedes,Caddy,3,24.73,2024-01-06,254,58.63
07 AAA 004,Mercedes,Caddy,3,24.73,2024-01-07,200,61.5
07 AAA 004,Mercedes,Caddy,3,24.73,2024-01-08,139,40.88
07 AAA 004,Mercedes,Caddy,3,24.73,2024-01-09,247,54.26
07 AAA 004,Mercedes,Caddy,3,24.73,2024-01-10,86,20.39
07 AAA 004,Mercedes,Caddy,3,24.73,2024-01-11,160,34.76
07 AAA 004,Mercedes,Caddy,3,24.73,2024-01-12,187,49.8
07 AAA 004,Mercedes,Caddy,3,24.73,2024-01-13,179,59.37
07 AAA 004,Mercedes,Caddy,3,24.73,2024-01-14,162,49.03
07 AAA 004,Mercedes,Caddy,3,24.73,2024-01-15,142,28.62
07 AAA 004,Mercedes,Caddy,3,24.73,2024-01-16,149,41.47
07 AAA 004,Mercedes,Caddy,3,24.73,2024-01-17,104,21.54
07 AAA 004,Mercedes,Caddy,3,24.73,2024-01-18,133,39.91
07 AAA 004,Mercedes,Caddy,3,24.73,2024-01-19,200,71.05
07 AAA 004,Mercedes,Caddy,3,24.73,2024-01-20,49,15.45
07 AAA 004,Mercedes,Caddy,3,24.73,2024-01-21,183,38.2
07 AAA 004,Mercedes,Caddy,3,24.73,2024-01-22,163,43.95
07 AAA 004,Mercedes,Caddy,3,24.73,2024-01-23,239,56.91
07 AAA 004,Mercedes,Caddy,3,24.73,2024-01-24,135,35.01
07 AAA 004,Mercedes,Caddy,3,24.73,2024-01-25,77,22.15
07 AAA 004,Mercedes,Caddy,3,24.73,2024-01-26,286,58.73
07 AAA 004,Mercedes,Caddy,3,24.73,2024-01-27,202,44.38
07 AAA 004,Mercedes,Caddy,3,24.73,2024-01-28,72,20.86
07 AAA 004,Mercedes,Caddy,3,24.73,2024-01-29,293,87.95
07 AAA 004,Mercedes,Caddy,3,24.73,2024-01-30,85,25.17
07 AAA 004,Mercedes,Caddy,3,24.73,2024-01-31,59,18.87
07 AAA 004,Mercedes,Caddy,3,24.73,2024-02-01,66,15.0
07 AAA 004,Mercedes,Caddy,3,24.73,2024-02-02,298,96.26
07 AAA 004,Mercedes,Caddy,3,24.73,2024-02-03,185,52.06
07 AAA 004,Mercedes,Caddy,3,24.73,2024-02-04,251,73.92
07 AAA 004,Mercedes,Caddy,3,24.73,2024-02-05,144,32.54
07 AAA 004,Mercedes,Caddy,3,24.73,2024-02-06,271,61.5
07 AAA 004,Mercedes,Caddy,3,24.73,2024-02-07,249,63.03
07 AAA 004,Mercedes,Caddy,3,24.73,2024-02-08,179,57.67
07 AAA 004,Mercedes,Caddy,3,24.73,2024-02-09,142,30.57
07 AAA 004,Mercedes,Caddy,3,24.73,2024-02-10,225,81.45
07 AAA 004,Mercedes,Caddy,3,24.73,2024-02-11,257,61.59
07 AAA 004,Mercedes,Caddy,3,24.73,2024-02-12,147,33.09
07 AAA 004,Mercedes,Caddy,3,24.73,2024-02-13,72,24.51
07 AAA 004,Mercedes,Caddy,3,24.73,2024-02-14,45,9.67
07 AAA 004,Mercedes,Caddy,3,24.73,2024-02-15,80,29.59
07 AAA 004,Mercedes,Caddy,3,24.73,2024-02-16,263,62.57
07 AAA 004,Mercedes,Caddy,3,24.73,2024-02-17,124,45.81
07 AAA 004,Mercedes,Caddy,3,24.73,2024-02-18,258,76.15
07 AAA 004,Mercedes,Caddy,3,24.73,2024-02-19,179,55.58
07 AAA 004,Mercedes,Caddy,3,24.73,2024-02-20,138,41.6
07 AAA 004,Mercedes,Caddy,3,24.73,2024-02-21,52,18.0
07 AAA 004,Mercedes,Caddy,3,24.73,2024-02-22,160,42.86
07 AAA 004,Mercedes,Caddy,3,24.73,2024-02-23,95,30.28
07 AAA 004,Mercedes,Caddy,3,24.73,2024-02-24,66,23.68
07 AAA 004,Mercedes,Caddy,3,24.73,2024-02-25,199,70.4
07 AAA 004,Mercedes,Caddy,3,24.73,2024-02-26,174,52.63
07 AAA 004,Mercedes,Caddy,3,24.73,2024-02-27,126,43.27
07 AAA 004,Mercedes,Caddy,3,24.73,2024-02-28,231,74.54
07 AAA 004,Mercedes,Caddy,3,24.73,2024-02-29,135,27.93
07 AAA 004,Mercedes,Caddy,3,24.73,2024-03-01,250,75.92
07 AAA 004,Mercedes,Caddy,3,24.73,2024-03-02,283,70.64
07 AAA 004,Mercedes,Caddy,3,24.73,2024-03-03,45,9.21
07 AAA 004,Mercedes,Caddy,3,24.73,2024-03-04,131,43.98
07 AAA 004,Mercedes,Caddy,3,24.73,2024-03-05,86,18.72
07 AAA 004,Mercedes,Caddy,3,24.73,2024-03-06,225,52.02
07 AAA 004,Mercedes,Caddy,3,24.73,2024-03-07,193,70.37
07 AAA 004,Mercedes,Caddy,3,24.73,2024-03-08,45,15.02
07 AAA 004,Mercedes,Caddy,3,24.73,2024-03-09,121,40.9
07 AAA 004,Mercedes,Caddy,3,24.73,2024-03-10,83,28.81
07 AAA 004,Mercedes,Caddy,3,24.73,2024-03-11,106,21.69
07 AAA 004,Mercedes,Caddy,3,24.73,2024-03-12,53,14.46
07 AAA 004,Mercedes,Caddy,3,24.73,2024-03-13,97,31.15
07 AAA 004,Mercedes,Caddy,3,24.73,2024-03-14,200,51.38
07 AAA 004,Mercedes,Caddy,3,24.73,2024-03-15,185,42.53
07 AAA 004,Mercedes,Caddy,3,24.73,2024-03-16,56,12.99
07 AAA 004,Mercedes,Caddy,3,24.73,2024-03-17,260,89.59
07 AAA 004,Mercedes,Caddy,3,24.73,2024-03-18,47,15.26
07 AAA 004,Mercedes,Caddy,3,24.73,2024-03-19,95,34.98
07 AAA 004,Mercedes,Caddy,3,24.73,2024-03-20,90,25.92
07 AAA 004,Mercedes,Caddy,3,24.73,2024-03-21,44,12.87
07 AAA 004,Mercedes,Caddy,3,24.73,2024-03-22,122,26.45
07 AAA 004,Mercedes,Caddy,3,24.73,2024-03-23,222,52.63
07 AAA 004,Mercedes,Caddy,3,24.73,2024-03-24,111,30.28
07 AAA 004,Mercedes,Caddy,3,24.73,2024-03-25,281,97.08
07 AAA 004,Mercedes,Caddy,3,24.73,2024-03-26,74,27.39
07 AAA 004,Mercedes,Caddy,3,24.73,2024-03-27,123,25.14
07 AAA 004,Mercedes,Caddy,3,24.73,2024-03-28,86,29.01
07 AAA 004,Mercedes,Caddy,3,24.73,2024-03-29,205,55.47
07 AAA 004,Mercedes,Caddy,3,24.73,2024-03-30,234,50.61
07 AAA 004,Mercedes,Caddy,3,24.73,2024-03-31,168,34.69
07 AAA 004,Mercedes,Caddy,3,24.73,2024-04-01,177,57.4
07 AAA 004,Mercedes,Caddy,3,24.73,2024-04-02,112,36.36
07 AAA 004,Mercedes,Caddy,3,24.73,2024-04-03,263,66.07
07 AAA 004,Mercedes,Caddy,3,24.73,2024-04-04,266,80.04
07 AAA 004,Mercedes,Caddy,3,24.73,2024-04-05,136,43.84
07 AAA 004,Mercedes,Caddy,3,24.73,2024-04-06,51,15.73
07 AAA 004,Mercedes,Caddy,3,24.73,2024-04-07,295,76.79
07 AAA 004,Mercedes,Caddy,3,24.73,2024-04-08,131,48.04
07 AAA 004,Mercedes,Caddy,3,24.73,2024-04-09,182,50.98
07 AAA 004,Mercedes,Caddy,3,24.73,2024-04-10,290,84.6
07 AAA 004,Mercedes,Caddy,3,24.73,2024-04-11,194,66.27
07 AAA 004,Mercedes,Caddy,3,24.73,2024-04-12,170,45.39
07 AAA 004,Mercedes,Caddy,3,24.73,2024-04-13,43,15.82
07 AAA 004,Mercedes,Caddy,3,24.73,2024-04-14,216,47.11
07 AAA 004,Mercedes,Caddy,3,24.73,2024-04-15,268,55.7
07 AAA 004,Mercedes,Caddy,3,24.73,2024-04-16,118,39.33
07 AAA 004,Mercedes,Caddy,3,24.73,2024-04-17,232,49.62
07 AAA 004,Mercedes,Caddy,3,24.73,2024-04-18,273,56.18
07 AAA 004,Mercedes,Caddy,3,24.73,2024-04-19,129,34.05
07 AAA 004,Mercedes,Caddy,3,24.73,2024-04-20,234,52.5
07 AAA 004,Mercedes,Caddy,3,24.73,2024-04-21,247,52.86
07 AAA 004,Mercedes,Caddy,3,24.73,2024-04-22,109,33.15
07 AAA 004,Mercedes,Caddy,3,24.73,2024-04-23,271,61.31
07 AAA 004,Mercedes,Caddy,3,24.73,2024-04-24,95,26.15
07 AAA 004,Mercedes,Caddy,3,24.73,2024-04-25,101,30.11
07 AAA 004,Mercedes,Caddy,3,24.73,2024-04-26,287,83.76
07 AAA 004,Mercedes,Caddy,3,24.73,2024-04-27,240,54.34
07 AAA 004,Mercedes,Caddy,3,24.73,2024-04-28,162,52.25
07 AAA 004,Mercedes,Caddy,3,24.73,2024-04-29,278,98.46
07 AAA 005,Mercedes,Fluence,3,25.97,2024-01-01,107,26.27
07 AAA 005,Mercedes,Fluence,3,25.97,2024-01-02,41,13.68
07 AAA 005,Mercedes,Fluence,3,25.97,2024-01-03,270,65.11
07 AAA 005,Mercedes,Fluence,3,25.97,2024-01-04,255,77.2
07 AAA 005,Mercedes,Fluence,3,25.97,2024-01-05,87,19.5
07 AAA 005,Mercedes,Fluence,3,25.97,2024-01-06,87,24.02
07 AAA 005,Mercedes,Fluence,3,25.97,2024-01-07,44,13.63
07 AAA 005,Mercedes,Fluence,3,25.97,2024-01-08,74,20.1
07 AAA 005,Mercedes,Fluence,3,25.97,2024-01-09,129,33.44
07 AAA 005,Mercedes,Fluence,3,25.97,2024-01-10,200,72.73
07 AAA 005,Mercedes,Fluence,3,25.97,2024-01-11,274,88.04
07 AAA 005,Mercedes,Fluence,3,25.97,2024-01-12,125,42.2
07 AAA 005,Mercedes,Fluence,3,25.97,2024-01-13,180,52.01
07 AAA 005,Mercedes,Fluence,3,25.97,2024-01-14,237,64.73
07 AAA 005,Mercedes,Fluence,3,25.97,2024-01-15,298,93.7
07 AAA 005,Mercedes,Fluence,3,25.97,2024-01-16,182,38.3
07 AAA 005,Mercedes,Fluence,3,25.97,2024-01-17,167,59.45
07 AAA 005,Mercedes,Fluence,3,25.97,2024-01-18,185,49.6
07 AAA 005,Mercedes,Fluence,3,25.97,2024-01-19,266,87.58
07 AAA 005,Mercedes,Fluence,3,25.97,2024-01-20,173,36.25
07 AAA 005,Mercedes,Fluence,3,25.97,2024-01-21,180,47.33
07 AAA 005,Mercedes,Fluence,3,25.97,2024-01-22,143,34.84
07 AAA 005,Mercedes,Fluence,3,25.97,2024-01-23,48,13.67
07 AAA 005,Mercedes,Fluence,3,25.97,2024-01-24,300,62.54
07 AAA 005,Mercedes,Fluence,3,25.97,2024-01-25,222,65.05
07 AAA 005,Mercedes,Fluence,3,25.97,2024-01-26,119,28.51
07 AAA 005,Mercedes,Fluence,3,25.97,2024-01-27,80,21.63
07 AAA 005,Mercedes,Fluence,3,25.97,2024-01-28,263,87.44
07 AAA 005,Mercedes,Fluence,3,25.97,2024-01-29,136,40.6
07 AAA 005,Mercedes,Fluence,3,25.97,2024-01-30,245,93.93
07 AAA 005,Mercedes,Fluence,3,25.97,2024-01-31,211,64.93
07 AAA 005,Mercedes,Fluence,3,25.97,2024-02-01,162,54.58
07 AAA 005,Mercedes,Fluence,3,25.97,2024-02-02,73,20.43
07 AAA 005,Mercedes,Fluence,3,25.97,2024-02-03,193,70.78
07 AAA 005,Mercedes,Fluence,3,25.97,2024-02-04,226,79.15
07 AAA 005,Mercedes,Fluence,3,25.97,2024-02-05,166,61.97
07 AAA 005,Mercedes,Fluence,3,25.97,2024-02-06,121,45.1
07 AAA 005,Mercedes,Fluence,3,25.97,2024-02-07,162,38.6
07 AAA 005,Mercedes,Fluence,3,25.97,2024-02-08,223,64.7
07 AAA 005,Mercedes,Fluence,3,25.97,2024-02-09,229,81.11
07 AAA 005,Mercedes,Fluence,3,25.97,2024-02-10,95,32.84
07 AAA 005,Mercedes,Fluence,3,25.97,2024-02-11,137,40.57
07 AAA 005,Mercedes,Fluence,3,25.97,2024-02-12,199,62.7
07 AAA 005,Mercedes,Fluence,3,25.97,2024-02-13,238,89.82
07 AAA 005,Mercedes,Fluence,3,25.97,2024-02-14,256,59.02
07 AAA 005,Mercedes,Fluence,3,25.97,2024-02-15,117,33.27
07 AAA 005,Mercedes,Fluence,3,25.97,2024-02-16,287,97.49
07 AAA 005,Mercedes,Fluence,3,25.97,2024-02-17,225,57.91
07 AAA 005,Mercedes,Fluence,3,25.97,2024-02-18,172,40.68
07 AAA 005,Mercedes,Fluence,3,25.97,2024-02-19,61,21.36
07 AAA 005,Mercedes,Fluence,3,25.97,2024-02-20,294,70.83
07 AAA 005,Mercedes,Fluence,3,25.97,2024-02-21,173,60.02
07 AAA 005,Mercedes,Fluence,3,25.97,2024-02-22,88,24.79
07 AAA 005,Mercedes,Fluence,3,25.97,2024-02-23,158,40.62
07 AAA 005,Mercedes,Fluence,3,25.97,2024-02-24,180,50.54
07 AAA 005,Mercedes,Fluence,3,25.97,2024-02-25,74,28.23
07 AAA 005,Mercedes,Fluence,3,25.97,2024-02-26,284,77.38
07 AAA 005,Mercedes,Fluence,3,25.97,2024-02-27,140,49.82
07 AAA 005,Mercedes,Fluence,3,25.97,2024-02-28,43,15.45
07 AAA 005,Mercedes,Fluence,3,25.97,2024-02-29,119,27.26
07 AAA 005,Mercedes,Fluence,3,25.97,2024-03-01,215,52.28
07 AAA 005,Mercedes,Fluence,3,25.97,2024-03-02,171,59.23
07 AAA 005,Mercedes,Fluence,3,25.97,2024-03-03,155,44.4
07 AAA 005,Mercedes,Fluence,3,25.97,2024-03-04,135,43.4
07 AAA 005,Mercedes,Fluence,3,25.97,2024-03-05,86,26.69
07 AAA 005,Mercedes,Fluence,3,25.97,2024-03-06,161,53.36
07 AAA 005,Mercedes,Fluence,3,25.97,2024-03-07,120,42.48
07 AAA 005,Mercedes,Fluence,3,25.97,2024-03-08,119,39.88
07 AAA 005,Mercedes,Fluence,3,25.97,2024-03-09,68,16.03
07 AAA 005,Mercedes,Fluence,3,25.97,2024-03-10,216,47.39
07 AAA 005,Mercedes,Fluence,3,25.97,2024-03-11,219,81.78
07 AAA 005,Mercedes,Fluence,3,25.97,2024-03-12,187,60.74
07 AAA 005,Mercedes,Fluence,3,25.97,2024-03-13,48,16.65
07 AAA 005,Mercedes,Fluence,3,25.97,2024-03-14,288,85.95
07 AAA 005,Mercedes,Fluence,3,25.97,2024-03-15,104,27.92
07 AAA 005,Mercedes,Fluence,3,25.97,2024-03-16,74,27.22
07 AAA 005,Mercedes,Fluence,3,25.97,2024-03-17,64,20.04
07 AAA 005,Mercedes,Fluence,3,25.97,2024-03-18,66,19.86
07 AAA 005,Mercedes,Fluence,3,25.97,2024-03-19,264,94.95
07 AAA 005,Mercedes,Fluence,3,25.97,2024-03-20,216,72.13
07 AAA 005,Mercedes,Fluence,3,25.97,2024-03-21,196,60.0
07 AAA 005,Mercedes,Fluence,3,25.97,2024-03-22,222,66.6
07 AAA 005,Mercedes,Fluence,3,25.97,2024-03-23,275,78.27
07 AAA 005,Mercedes,Fluence,3,25.97,2024-03-24,171,65.5
07 AAA 005,Mercedes,Fluence,3,25.97,2024-03-25,137,42.09
07 AAA 005,Mercedes,Fluence,3,25.97,2024-03-26,42,13.81
07 AAA 005,Mercedes,Fluence,3,25.97,2024-03-27,140,51.99
07 AAA 005,Mercedes,Fluence,3,25.97,2024-03-28,103,36.41
07 AAA 005,Mercedes,Fluence,3,25.97,2024-03-29,95,23.69
07 AAA 005,Mercedes,Fluence,3,25.97,2024-03-30,47,13.18
07 AAA 005,Mercedes,Fluence,3,25.97,2024-03-31,149,38.05
07 AAA 005,Mercedes,Fluence,3,25.97,2024-04-01,163,50.6
07 AAA 005,Mercedes,Fluence,3,25.97,2024-04-02,197,47.83
07 AAA 005,Mercedes,Fluence,3,25.97,2024-04-03,118,42.2
07 AAA 005,Mercedes,Fluence,3,25.97,2024-04-04,197,56.75
07 AAA 005,Mercedes,Fluence,3,25.97,2024-04-05,47,14.96
07 AAA 005,Mercedes,Fluence,3,25.97,2024-04-06,126,38.26
07 AAA 005,Mercedes,Fluence,3,25.97,2024-04-07,51,12.9
07 AAA 005,Mercedes,Fluence,3,25.97,2024-04-08,284,69.09
07 AAA 005,Mercedes,Fluence,3,25.97,2024-04-09,71,23.96
07 AAA 005,Mercedes,Fluence,3,25.97,2024-04-10,129,29.31
07 AAA 005,Mercedes,Fluence,3,25.97,2024-04-11,233,72.39
07 AAA 005,Mercedes,Fluence,3,25.97,2024-04-12,117,34.7
07 AAA 005,Mercedes,Fluence,3,25.97,2024-04-13,189,58.61
07 AAA 005,Mercedes,Fluence,3,25.97,2024-04-14,263,58.36
07 AAA 005,Mercedes,Fluence,3,25.97,2024-04-15,168,38.05
07 AAA 005,Mercedes,Fluence,3,25.97,2024-04-16,196,58.93
07 AAA 005,Mercedes,Fluence,3,25.97,2024-04-17,146,36.04
07 AAA 005,Mercedes,Fluence,3,25.97,2024-04-18,179,40.56
07 AAA 005,Mercedes,Fluence,3,25.97,2024-04-19,274,68.94
07 AAA 005,Mercedes,Fluence,3,25.97,2024-04-20,248,59.55
07 AAA 005,Mercedes,Fluence,3,25.97,2024-04-21,237,53.12
07 AAA 005,Mercedes,Fluence,3,25.97,2024-04-22,271,102.16
07 AAA 005,Mercedes,Fluence,3,25.97,2024-04-23,238,71.88
07 AAA 005,Mercedes,Fluence,3,25.97,2024-04-24,152,39.86
07 AAA 005,Mercedes,Fluence,3,25.97,2024-04-25,72,17.5
07 AAA 005,Mercedes,Fluence,3,25.97,2024-04-26,172,47.25
07 AAA 005,Mercedes,Fluence,3,25.97,2024-04-27,146,54.13
07 AAA 005,Mercedes,Fluence,3,25.97,2024-04-28,270,87.85
07 AAA 005,Mercedes,Fluence,3,25.97,2024-04-29,205,46.0
07 AAA 006,Fiat,Transit,4,8.54,2024-01-01,131,14.31
07 AAA 006,Fiat,Transit,4,8.54,2024-01-02,259,22.04
07 AAA 006,Fiat,Transit,4,8.54,2024-01-03,234,24.21
07 AAA 006,Fiat,Transit,4,8.54,2024-01-04,291,24.97
07 AAA 006,Fiat,Transit,4,8.54,2024-01-05,182,22.41
07 AAA 006,Fiat,Transit,4,8.54,2024-01-06,131,11.14
07 AAA 006,Fiat,Transit,4,8.54,2024-01-07,159,15.45
07 AAA 006,Fiat,Transit,4,8.54,2024-01-08,47,3.43
07 AAA 006,Fiat,Transit,4,8.54,2024-01-09,114,11.39
07 AAA 006,Fiat,Transit,4,8.54,2024-01-10,88,10.37
07 AAA 006,Fiat,Transit,4,8.54,2024-01-11,149,14.71
07 AAA 006,Fiat,Transit,4,8.54,2024-01-12,172,18.37
07 AAA 006,Fiat,Transit,4,8.54,2024-01-13,148,13.41
07 AAA 006,Fiat,Transit,4,8.54,2024-01-14,119,12.94
07 AAA 006,Fiat,Transit,4,8.54,2024-01-15,132,12.8
07 AAA 006,Fiat,Transit,4,8.54,2024-01-16,102,9.3
07 AAA 006,Fiat,Transit,4,8.54,2024-01-17,238,17.77
07 AAA 006,Fiat,Transit,4,8.54,2024-01-18,76,7.38
07 AAA 006,Fiat,Transit,4,8.54,2024-01-19,122,13.06
07 AAA 006,Fiat,Transit,4,8.54,2024-01-20,171,17.39
07 AAA 006,Fiat,Transit,4,8.54,2024-01-21,155,18.52
07 AAA 006,Fiat,Transit,4,8.54,2024-01-22,277,28.53
07 AAA 006,Fiat,Transit,4,8.54,2024-01-23,176,14.66
07 AAA 006,Fiat,Transit,4,8.54,2024-01-24,150,11.18
07 AAA 006,Fiat,Transit,4,8.54,2024-01-25,81,7.3
07 AAA 006,Fiat,Transit,4,8.54,2024-01-26,189,23.94
07 AAA 006,Fiat,Transit,4,8.54,2024-01-27,213,19.28
07 AAA 006,Fiat,Transit,4,8.54,2024-01-28,251,20.58
07 AAA 006,Fiat,Transit,4,8.54,2024-01-29,105,10.86
07 AAA 006,Fiat,Transit,4,8.54,2024-01-30,281,19.98
07 AAA 006,Fiat,Transit,4,8.54,2024-01-31,121,11.44
07 AAA 006,Fiat,Transit,4,8.54,2024-02-01,171,20.51
07 AAA 006,Fiat,Transit,4,8.54,2024-02-02,274,26.29
07 AAA 006,Fiat,Transit,4,8.54,2024-02-03,228,21.97
07 AAA 006,Fiat,Transit,4,8.54,2024-02-04,91,7.87
07 AAA 006,Fiat,Transit,4,8.54,2024-02-05,263,22.67
07 AAA 006,Fiat,Transit,4,8.54,2024-02-06,176,12.14
07 AAA 006,Fiat,Transit,4,8.54,2024-02-07,267,28.06
07 AAA 006,Fiat,Transit,4,8.54,2024-02-08,128,8.81
07 AAA 006,Fiat,Transit,4,8.54,2024-02-09,174,20.62
07 AAA 006,Fiat,Transit,4,8.54,2024-02-10,253,17.89
07 AAA 006,Fiat,Transit,4,8.54,2024-02-11,256,25.42
07 AAA 006,Fiat,Transit,4,8.54,2024-02-12,124,10.27
07 AAA 006,Fiat,Transit,4,8.54,2024-02-13,183,13.15
07 AAA 006,Fiat,Transit,4,8.54,2024-02-14,220,16.85
07 AAA 006,Fiat,Transit,4,8.54,2024-02-15,82,8.47
07 AAA 006,Fiat,Transit,4,8.54,2024-02-16,178,18.32
07 AAA 006,Fiat,Transit,4,8.54,2024-02-17,235,29.83
07 AAA 006,Fiat,Transit,4,8.54,2024-02-18,180,16.91
07 AAA 006,Fiat,Transit,4,8.54,2024-02-19,140,16.75
07 AAA 006,Fiat,Transit,4,8.54,2024-02-20,67,5.0
07 AAA 006,Fiat,Transit,4,8.54,2024-02-21,81,10.37
07 AAA 006,Fiat,Transit,4,8.54,2024-02-22,200,24.77
07 AAA 006,Fiat,Transit,4,8.54,2024-02-23,270,28.93
07 AAA 006,Fiat,Transit,4,8.54,2024-02-24,281,21.38
07 AAA 006,Fiat,Transit,4,8.54,2024-02-25,161,17.03
07 AAA 006,Fiat,Transit,4,8.54,2024-02-26,94,9.82
07 AAA 006,Fiat,Transit,4,8.54,2024-02-27,44,3.21
07 AAA 006,Fiat,Transit,4,8.54,2024-02-28,105,12.61
07 AAA 006,Fiat,Transit,4,8.54,2024-02-29,206,14.27
07 AAA 006,Fiat,Transit,4,8.54,2024-03-01,142,16.89
07 AAA 006,Fiat,Transit,4,8.54,2024-03-02,137,11.83
07 AAA 006,Fiat,Transit,4,8.54,2024-03-03,122,11.84
07 AAA 006,Fiat,Transit,4,8.54,2024-03-04,226,19.64
07 AAA 006,Fiat,Transit,4,8.54,2024-03-05,173,13.26
07 AAA 006,Fiat,Transit,4,8.54,2024-03-06,84,9.32
07 AAA 006,Fiat,Transit,4,8.54,2024-03-07,62,5.68
07 AAA 006,Fiat,Transit,4,8.54,2024-03-08,101,10.6
07 AAA 006,Fiat,Transit,4,8.54,2024-03-09,161,18.91
07 AAA 006,Fiat,Transit,4,8.54,2024-03-10,102,10.99
07 AAA 006,Fiat,Transit,4,8.54,2024-03-11,175,20.49
07 AAA 006,Fiat,Transit,4,8.54,2024-03-12,74,7.12
07 AAA 006,Fiat,Transit,4,8.54,2024-03-13,253,20.06
07 AAA 006,Fiat,Transit,4,8.54,2024-03-14,180,16.1
07 AAA 006,Fiat,Transit,4,8.54,2024-03-15,104,12.67
07 AAA 006,Fiat,Transit,4,8.54,2024-03-16,201,15.0
07 AAA 006,Fiat,Transit,4,8.54,2024-03-17,214,26.34
07 AAA 006,Fiat,Transit,4,8.54,2024-03-18,285,36.35
07 AAA 006,Fiat,Transit,4,8.54,2024-03-19,291,23.69
07 AAA 006,Fiat,Transit,4,8.54,2024-03-20,73,5.67
07 AAA 006,Fiat,Transit,4,8.54,2024-03-21,259,31.74
07 AAA 006,Fiat,Transit,4,8.54,2024-03-22,158,14.7
07 AAA 006,Fiat,Transit,4,8.54,2024-03-23,230,29.24
07 AAA 006,Fiat,Transit,4,8.54,2024-03-24,153,11.36
07 AAA 006,Fiat,Transit,4,8.54,2024-03-25,116,9.11
07 AAA 006,Fiat,Transit,4,8.54,2024-03-26,198,21.4
07 AAA 006,Fiat,Transit,4,8.54,2024-03-27,138,13.87
07 AAA 006,Fiat,Transit,4,8.54,2024-03-28,145,11.89
07 AAA 006,Fiat,Transit,4,8.54,2024-03-29,273,25.05
07 AAA 006,Fiat,Transit,4,8.54,2024-03-30,65,6.64
07 AAA 006,Fiat,Transit,4,8.54,2024-03-31,256,26.71
07 AAA 006,Fiat,Transit,4,8.54,2024-04-01,218,22.48
07 AAA 006,Fiat,Transit,4,8.54,2024-04-02,156,16.07
07 AAA 006,Fiat,Transit,4,8.54,2024-04-03,152,10.98
07 AAA 006,Fiat,Transit,4,8.54,2024-04-04,190,20.14
07 AAA 006,Fiat,Transit,4,8.54,2024-04-05,225,21.0
07 AAA 006,Fiat,Transit,4,8.54,2024-04-06,274,30.62
07 AAA 006,Fiat,Transit,4,8.54,2024-04-07,284,35.37
07 AAA 006,Fiat,Transit,4,8.54,2024-04-08,135,11.08
07 AAA 006,Fiat,Transit,4,8.54,2024-04-09,272,26.96
07 AAA 006,Fiat,Transit,4,8.54,2024-04-10,269,30.62
07 AAA 006,Fiat,Transit,4,8.54,2024-04-11,268,31.83
07 AAA 006,Fiat,Transit,4,8.54,2024-04-12,145,17.55
07 AAA 006,Fiat,Transit,4,8.54,2024-04-13,186,17.4
07 AAA 006,Fiat,Transit,4,8.54,2024-04-14,220,25.78
07 AAA 006,Fiat,Transit,4,8.54,2024-04-15,226,27.96
07 AAA 006,Fiat,Transit,4,8.54,2024-04-16,191,20.13
07 AAA 006,Fiat,Transit,4,8.54,2024-04-17,80,7.3
07 AAA 006,Fiat,Transit,4,8.54,2024-04-18,284,35.34
07 AAA 006,Fiat,Transit,4,8.54,2024-04-19,173,18.38
07 AAA 006,Fiat,Transit,4,8.54,2024-04-20,76,8.16
07 AAA 006,Fiat,Transit,4,8.54,2024-04-21,169,19.85
07 AAA 006,Fiat,Transit,4,8.54,2024-04-22,291,21.55
07 AAA 006,Fiat,Transit,4,8.54,2024-04-23,183,13.52
07 AAA 006,Fiat,Transit,4,8.54,2024-04-24,167,20.7
07 AAA 006,Fiat,Transit,4,8.54,2024-04-25,49,6.17
07 AAA 006,Fiat,Transit,4,8.54,2024-04-26,111,12.94
07 AAA 006,Fiat,Transit,4,8.54,2024-04-27,205,20.98
07 AAA 006,Fiat,Transit,4,8.54,2024-04-28,130,16.35
07 AAA 006,Fiat,Transit,4,8.54,2024-04-29,296,28.39
07 AAA 007,Mercedes,Fluence,1,12.31,2024-01-01,168,22.69
07 AAA 007,Mercedes,Fluence,1,12.31,2024-01-02,211,28.29
07 AAA 007,Mercedes,Fluence,1,12.31,2024-01-03,148,19.8
07 AAA 007,Mercedes,Fluence,1,12.31,2024-01-04,161,23.62
07 AAA 007,Mercedes,Fluence,1,12.31,2024-01-05,225,25.91
07 AAA 007,Mercedes,Fluence,1,12.31,2024-01-06,181,20.3
07 AAA 007,Mercedes,Fluence,1,12.31,2024-01-07,222,40.97
07 AAA 007,Mercedes,Fluence,1,12.31,2024-01-08,165,29.07
07 AAA 007,Mercedes,Fluence,1,12.31,2024-01-09,50,7.18
07 AAA 007,Mercedes,Fluence,1,12.31,2024-01-10,74,10.76
07 AAA 007,Mercedes,Fluence,1,12.31,2024-01-11,53,9.29
07 AAA 007,Mercedes,Fluence,1,12.31,2024-01-12,248,38.26
07 AAA 007,Mercedes,Fluence,1,12.31,2024-01-13,146,26.9
07 AAA 007,Mercedes,Fluence,1,12.31,2024-01-14,119,16.6
07 AAA 007,Mercedes,Fluence,1,12.31,2024-01-15,207,21.06
07 AAA 007,Mercedes,Fluence,1,12.31,2024-01-16,64,6.49
07 AAA 007,Mercedes,Fluence,1,12.31,2024-01-17,78,10.58
07 AAA 007,Mercedes,Fluence,1,12.31,2024-01-18,202,34.93
07 AAA 007,Mercedes,Fluence,1,12.31,2024-01-19,257,32.08
07 AAA 007,Mercedes,Fluence,1,12.31,2024-01-20,217,39.75
07 AAA 007,Mercedes,Fluence,1,12.31,2024-01-21,165,19.39
07 AAA 007,Mercedes,Fluence,1,12.31,2024-01-22,256,30.75
07 AAA 007,Mercedes,Fluence,1,12.31,2024-01-23,114,12.52
07 AAA 007,Mercedes,Fluence,1,12.31,2024-01-24,189,19.8
07 AAA 007,Mercedes,Fluence,1,12.31,2024-01-25,268,35.92
07 AAA 007,Mercedes,Fluence,1,12.31,2024-01-26,40,5.13
07 AAA 007,Mercedes,Fluence,1,12.31,2024-01-27,102,11.97
07 AAA 007,Mercedes,Fluence,1,12.31,2024-01-28,286,40.5
07 AAA 007,Mercedes,Fluence,1,12.31,2024-01-29,268,43.3
07 AAA 007,Mercedes,Fluence,1,12.31,2024-01-30,130,22.52
07 AAA 007,Mercedes,Fluence,1,12.31,2024-01-31,182,29.84
07 AAA 007,Mercedes,Fluence,1,12.31,2024-02-01,223,33.53
07 AAA 007,Mercedes,Fluence,1,12.31,2024-02-02,290,53.01
07 AAA 007,Mercedes,Fluence,1,12.31,2024-02-03,235,37.29
07 AAA 007,Mercedes,Fluence,1,12.31,2024-02-04,45,6.71
07 AAA 007,Mercedes,Fluence,1,12.31,2024-02-05,81,9.31
07 AAA 007,Mercedes,Fluence,1,12.31,2024-02-06,58,10.66
07 AAA 007,Mercedes,Fluence,1,12.31,2024-02-07,257,30.65
07 AAA 007,Mercedes,Fluence,1,12.31,2024-02-08,227,26.79
07 AAA 007,Mercedes,Fluence,1,12.31,2024-02-09,256,25.25
07 AAA 007,Mercedes,Fluence,1,12.31,2024-02-10,48,5.74
07 AAA 007,Mercedes,Fluence,1,12.31,2024-02-11,123,13.03
07 AAA 007,Mercedes,Fluence,1,12.31,2024-02-12,209,29.1
07 AAA 007,Mercedes,Fluence,1,12.31,2024-02-13,68,7.27
07 AAA 007,Mercedes,Fluence,1,12.31,2024-02-14,241,28.17
07 AAA 007,Mercedes,Fluence,1,12.31,2024-02-15,247,40.36
07 AAA 007,Mercedes,Fluence,1,12.31,2024-02-16,69,7.53
07 AAA 007,Mercedes,Fluence,1,12.31,2024-02-17,176,24.7
07 AAA 007,Mercedes,Fluence,1,12.31,2024-02-18,161,22.61
07 AAA 007,Mercedes,Fluence,1,12.31,2024-02-19,248,39.77
07 AAA 007,Mercedes,Fluence,1,12.31,2024-02-20,283,45.86
07 AAA 007,Mercedes,Fluence,1,12.31,2024-02-21,281,50.21
07 AAA 007,Mercedes,Fluence,1,12.31,2024-02-22,48,6.7
07 AAA 007,Mercedes,Fluence,1,12.31,2024-02-23,260,45.09
07 AAA 007,Mercedes,Fluence,1,12.31,2024-02-24,67,7.95
07 AAA 007,Mercedes,Fluence,1,12.31,2024-02-25,134,21.25
07 AAA 007,Mercedes,Fluence,1,12.31,2024-02-26,60,5.94
07 AAA 007,Mercedes,Fluence,1,12.31,2024-02-27,246,36.39
07 AAA 007,Mercedes,Fluence,1,12.31,2024-02-28,201,25.67
07 AAA 007,Mercedes,Fluence,1,12.31,2024-02-29,185,29.91
07 AAA 007,Mercedes,Fluence,1,12.31,2024-03-01,163,16.6
07 AAA 007,Mercedes,Fluence,1,12.31,2024-03-02,175,30.34
07 AAA 007,Mercedes,Fluence,1,12.31,2024-03-03,225,34.25
07 AAA 007,Mercedes,Fluence,1,12.31,2024-03-04,42,7.03
07 AAA 007,Mercedes,Fluence,1,12.31,2024-03-05,70,10.83
07 AAA 007,Mercedes,Fluence,1,12.31,2024-03-06,64,6.44
07 AAA 007,Mercedes,Fluence,1,12.31,2024-03-07,249,30.51
07 AAA 007,Mercedes,Fluence,1,12.31,2024-03-08,70,12.49
07 AAA 007,Mercedes,Fluence,1,12.31,2024-03-09,126,18.68
07 AAA 007,Mercedes,Fluence,1,12.31,2024-03-10,53,6.05
07 AAA 007,Mercedes,Fluence,1,12.31,2024-03-11,194,33.43
07 AAA 007,Mercedes,Fluence,1,12.31,2024-03-12,123,21.53
07 AAA 007,Mercedes,Fluence,1,12.31,2024-03-13,78,8.3
07 AAA 007,Mercedes,Fluence,1,12.31,2024-03-14,214,31.76
07 AAA 007,Mercedes,Fluence,1,12.31,2024-03-15,75,12.22
07 AAA 007,Mercedes,Fluence,1,12.31,2024-03-16,99,13.82
07 AAA 007,Mercedes,Fluence,1,12.31,2024-03-17,212,21.08
07 AAA 007,Mercedes,Fluence,1,12.31,2024-03-18,95,12.47
07 AAA 007,Mercedes,Fluence,1,12.31,2024-03-19,250,40.67
07 AAA 007,Mercedes,Fluence,1,12.31,2024-03-20,93,13.57
07 AAA 007,Mercedes,Fluence,1,12.31,2024-03-21,183,21.32
07 AAA 007,Mercedes,Fluence,1,12.31,2024-03-22,294,32.57
07 AAA 007,Mercedes,Fluence,1,12.31,2024-03-23,48,5.43
07 AAA 007,Mercedes,Fluence,1,12.31,2024-03-24,70,12.38
07 AAA 007,Mercedes,Fluence,1,12.31,2024-03-25,46,5.93
07 AAA 007,Mercedes,Fluence,1,12.31,2024-03-26,222,32.06
07 AAA 007,Mercedes,Fluence,1,12.31,2024-03-27,163,28.7
07 AAA 007,Mercedes,Fluence,1,12.31,2024-03-28,291,42.76
07 AAA 007,Mercedes,Fluence,1,12.31,2024-03-29,275,35.11
07 AAA 007,Mercedes,Fluence,1,12.31,2024-03-30,41,6.21
07 AAA 007,Mercedes,Fluence,1,12.31,2024-03-31,169,23.2
07 AAA 007,Mercedes,Fluence,1,12.31,2024-04-01,138,20.83
07 AAA 007,Mercedes,Fluence,1,12.31,2024-04-02,167,23.75
07 AAA 007,Mercedes,Fluence,1,12.31,2024-04-03,143,23.05
07 AAA 007,Mercedes,Fluence,1,12.31,2024-04-04,189,21.08
07 AAA 007,Mercedes,Fluence,1,12.31,2024-04-05,87,8.75
07 AAA 007,Mercedes,Fluence,1,12.31,2024-04-06,295,54.47
07 AAA 007,Mercedes,Fluence,1,12.31,2024-04-07,147,16.08
07 AAA 007,Mercedes,Fluence,1,12.31,2024-04-08,200,31.08
07 AAA 007,Mercedes,Fluence,1,12.31,2024-04-09,143,16.67
07 AAA 007,Mercedes,Fluence,1,12.31,2024-04-10,229,38.58
07 AAA 007,Mercedes,Fluence,1,12.31,2024-04-11,133,14.49
07 AAA 007,Mercedes,Fluence,1,12.31,2024-04-12,120,12.11
07 AAA 007,Mercedes,Fluence,1,12.31,2024-04-13,221,38.23
07 AAA 007,Mercedes,Fluence,1,12.31,2024-04-14,289,47.8
07 AAA 007,Mercedes,Fluence,1,12.31,2024-04-15,250,28.03
07 AAA 007,Mercedes,Fluence,1,12.31,2024-04-16,118,12.06
07 AAA 007,Mercedes,Fluence,1,12.31,2024-04-17,61,9.82
07 AAA 007,Mercedes,Fluence,1,12.31,2024-04-18,134,16.78
07 AAA 007,Mercedes,Fluence,1,12.31,2024-04-19,49,7.42
07 AAA 007,Mercedes,Fluence,1,12.31,2024-04-20,64,7.01
07 AAA 007,Mercedes,Fluence,1,12.31,2024-04-21,106,11.51
07 AAA 007,Mercedes,Fluence,1,12.31,2024-04-22,285,46.28
07 AAA 007,Mercedes,Fluence,1,12.31,2024-04-23,81,9.41
07 AAA 007,Mercedes,Fluence,1,12.31,2024-04-24,164,17.66
07 AAA 007,Mercedes,Fluence,1,12.31,2024-04-25,208,36.7
07 AAA 007,Mercedes,Fluence,1,12.31,2024-04-26,273,42.9
07 AAA 007,Mercedes,Fluence,1,12.31,2024-04-27,88,9.6
07 AAA 007,Mercedes,Fluence,1,12.31,2024-04-28,271,27.96
07 AAA 007,Mercedes,Fluence,1,12.31,2024-04-29,72,12.76
07 AAA 008,Mercedes,Boxer,1,12.29,2024-01-01,184,33.08
07 AAA 008,Mercedes,Boxer,1,12.29,2024-01-02,281,29.11
07 AAA 008,Mercedes,Boxer,1,12.29,2024-01-03,192,35.39
07 AAA 008,Mercedes,Boxer,1,12.29,2024-01-04,235,26.88
07 AAA 008,Mercedes,Boxer,1,12.29,2024-01-05,95,15.54
07 AAA 008,Mercedes,Boxer,1,12.29,2024-01-06,165,19.8
07 AAA 008,Mercedes,Boxer,1,12.29,2024-01-07,207,34.09
07 AAA 008,Mercedes,Boxer,1,12.29,2024-01-08,80,10.76
07 AAA 008,Mercedes,Boxer,1,12.29,2024-01-09,133,23.0
07 AAA 008,Mercedes,Boxer,1,12.29,2024-01-10,86,9.97
07 AAA 008,Mercedes,Boxer,1,12.29,2024-01-11,272,29.12
07 AAA 008,Mercedes,Boxer,1,12.29,2024-01-12,96,12.02
07 AAA 008,Mercedes,Boxer,1,12.29,2024-01-13,287,36.43
07 AAA 008,Mercedes,Boxer,1,12.29,2024-01-14,283,42.04
07 AAA 008,Mercedes,Boxer,1,12.29,2024-01-15,172,23.39
07 AAA 008,Mercedes,Boxer,1,12.29,2024-01-16,168,29.77
07 AAA 008,Mercedes,Boxer,1,12.29,2024-01-17,107,17.18
07 AAA 008,Mercedes,Boxer,1,12.29,2024-01-18,71,12.15
07 AAA 008,Mercedes,Boxer,1,12.29,2024-01-19,265,36.56
07 AAA 008,Mercedes,Boxer,1,12.29,2024-01-20,85,14.82
07 AAA 008,Mercedes,Boxer,1,12.29,2024-01-21,137,20.66
07 AAA 008,Mercedes,Boxer,1,12.29,2024-01-22,136,21.68
07 AAA 008,Mercedes,Boxer,1,12.29,2024-01-23,139,15.29
07 AAA 008,Mercedes,Boxer,1,12.29,2024-01-24,166,27.63
07 AAA 008,Mercedes,Boxer,1,12.29,2024-01-25,88,13.18
07 AAA 008,Mercedes,Boxer,1,12.29,2024-01-26,69,9.73
07 AAA 008,Mercedes,Boxer,1,12.29,2024-01-27,79,13.0
07 AAA 008,Mercedes,Boxer,1,12.29,2024-01-28,139,24.13
07 AAA 008,Mercedes,Boxer,1,12.29,2024-01-29,61,10.22
07 AAA 008,Mercedes,Boxer,1,12.29,2024-01-30,133,22.86
07 AAA 008,Mercedes,Boxer,1,12.29,2024-01-31,210,25.78
07 AAA 008,Mercedes,Boxer,1,12.29,2024-02-01,124,16.75
07 AAA 008,Mercedes,Boxer,1,12.29,2024-02-02,66,7.0
07 AAA 008,Mercedes,Boxer,1,12.29,2024-02-03,203,36.2
07 AAA 008,Mercedes,Boxer,1,12.29,2024-02-04,165,21.92
07 AAA 008,Mercedes,Boxer,1,12.29,2024-02-05,295,41.1
07 AAA 008,Mercedes,Boxer,1,12.29,2024-02-06,246,30.97
07 AAA 008,Mercedes,Boxer,1,12.29,2024-02-07,102,11.64
07 AAA 008,Mercedes,Boxer,1,12.29,2024-02-08,62,7.61
07 AAA 008,Mercedes,Boxer,1,12.29,2024-02-09,84,10.15
07 AAA 008,Mercedes,Boxer,1,12.29,2024-02-10,101,18.3
07 AAA 008,Mercedes,Boxer,1,12.29,2024-02-11,283,50.97
07 AAA 008,Mercedes,Boxer,1,12.29,2024-02-12,258,47.38
07 AAA 008,Mercedes,Boxer,1,12.29,2024-02-13,67,10.17
07 AAA 008,Mercedes,Boxer,1,12.29,2024-02-14,210,29.61
07 AAA 008,Mercedes,Boxer,1,12.29,2024-02-15,184,19.66
07 AAA 008,Mercedes,Boxer,1,12.29,2024-02-16,97,11.53
07 AAA 008,Mercedes,Boxer,1,12.29,2024-02-17,120,12.52
07 AAA 008,Mercedes,Boxer,1,12.29,2024-02-18,182,21.16
07 AAA 008,Mercedes,Boxer,1,12.29,2024-02-19,262,43.46
07 AAA 008,Mercedes,Boxer,1,12.29,2024-02-20,40,6.4
07 AAA 008,Mercedes,Boxer,1,12.29,2024-02-21,123,14.57
07 AAA 008,Mercedes,Boxer,1,12.29,2024-02-22,154,16.53
07 AAA 008,Mercedes,Boxer,1,12.29,2024-02-23,226,34.73
07 AAA 008,Mercedes,Boxer,1,12.29,2024-02-24,213,26.09
07 AAA 008,Mercedes,Boxer,1,12.29,2024-02-25,292,42.53
07 AAA 008,Mercedes,Boxer,1,12.29,2024-02-26,154,21.5
07 AAA 008,Mercedes,Boxer,1,12.29,2024-02-27,53,5.4
07 AAA 008,Mercedes,Boxer,1,12.29,2024-02-28,54,6.97
07 AAA 008,Mercedes,Boxer,1,12.29,2024-02-29,150,24.35
07 AAA 008,Mercedes,Boxer,1,12.29,2024-03-01,244,32.67
07 AAA 008,Mercedes,Boxer,1,12.29,2024-03-02,240,39.75
07 AAA 008,Mercedes,Boxer,1,12.29,2024-03-03,295,53.63
07 AAA 008,Mercedes,Boxer,1,12.29,2024-03-04,168,29.49
07 AAA 008,Mercedes,Boxer,1,12.29,2024-03-05,51,7.32
07 AAA 008,Mercedes,Boxer,1,12.29,2024-03-06,295,39.19
07 AAA 008,Mercedes,Boxer,1,12.29,2024-03-07,185,19.83
07 AAA 008,Mercedes,Boxer,1,12.29,2024-03-08,139,16.11
07 AAA 008,Mercedes,Boxer,1,12.29,2024-03-09,92,15.46
07 AAA 008,Mercedes,Boxer,1,12.29,2024-03-10,284,35.21
07 AAA 008,Mercedes,Boxer,1,12.29,2024-03-11,126,17.24
07 AAA 008,Mercedes,Boxer,1,12.29,2024-03-12,267,46.55
07 AAA 008,Mercedes,Boxer,1,12.29,2024-03-13,42,6.93
07 AAA 008,Mercedes,Boxer,1,12.29,2024-03-14,233,25.0
07 AAA 008,Mercedes,Boxer,1,12.29,2024-03-15,299,36.23
07 AAA 008,Mercedes,Boxer,1,12.29,2024-03-16,96,17.03
07 AAA 008,Mercedes,Boxer,1,12.29,2024-03-17,225,35.49
07 AAA 008,Mercedes,Boxer,1,12.29,2024-03-18,288,46.38
07 AAA 008,Mercedes,Boxer,1,12.29,2024-03-19,215,30.38
07 AAA 008,Mercedes,Boxer,1,12.29,2024-03-20,283,27.85
07 AAA 008,Mercedes,Boxer,1,12.29,2024-03-21,297,53.07
07 AAA 008,Mercedes,Boxer,1,12.29,2024-03-22,271,46.02
07 AAA 008,Mercedes,Boxer,1,12.29,2024-03-23,48,5.49
07 AAA 008,Mercedes,Boxer,1,12.29,2024-03-24,236,29.04
07 AAA 008,Mercedes,Boxer,1,12.29,2024-03-25,285,36.26
07 AAA 008,Mercedes,Boxer,1,12.29,2024-03-26,133,14.23
07 AAA 008,Mercedes,Boxer,1,12.29,2024-03-27,209,33.34
07 AAA 008,Mercedes,Boxer,1,12.29,2024-03-28,198,21.44
07 AAA 008,Mercedes,Boxer,1,12.29,2024-03-29,117,12.64
07 AAA 008,Mercedes,Boxer,1,12.29,2024-03-30,194,34.21
07 AAA 008,Mercedes,Boxer,1,12.29,2024-03-31,255,35.19
07 AAA 008,Mercedes,Boxer,1,12.29,2024-04-01,46,5.86
07 AAA 008,Mercedes,Boxer,1,12.29,2024-04-02,221,24.97
07 AAA 008,Mercedes,Boxer,1,12.29,2024-04-03,88,10.66
07 AAA 008,Mercedes,Boxer,1,12.29,2024-04-04,151,26.47
07 AAA 008,Mercedes,Boxer,1,12.29,2024-04-05,280,31.02
07 AAA 008,Mercedes,Boxer,1,12.29,2024-04-06,196,26.57
07 AAA 008,Mercedes,Boxer,1,12.29,2024-04-07,189,27.4
07 AAA 008,Mercedes,Boxer,1,12.29,2024-04-08,79,14.37
07 AAA 008,Mercedes,Boxer,1,12.29,2024-04-09,202,35.41
07 AAA 008,Mercedes,Boxer,1,12.29,2024-04-10,55,9.99
07 AAA 008,Mercedes,Boxer,1,12.29,2024-04-11,47,7.38
07 AAA 008,Mercedes,Boxer,1,12.29,2024-04-12,126,15.17
07 AAA 008,Mercedes,Boxer,1,12.29,2024-04-13,100,15.56
07 AAA 008,Mercedes,Boxer,1,12.29,2024-04-14,85,13.06
07 AAA 008,Mercedes,Boxer,1,12.29,2024-04-15,157,18.33
07 AAA 008,Mercedes,Boxer,1,12.29,2024-04-16,226,34.82
07 AAA 008,Mercedes,Boxer,1,12.29,2024-04-17,258,45.26
07 AAA 008,Mercedes,Boxer,1,12.29,2024-04-18,173,27.27
07 AAA 008,Mercedes,Boxer,1,12.29,2024-04-19,40,6.52
07 AAA 008,Mercedes,Boxer,1,12.29,2024-04-20,136,14.27
07 AAA 008,Mercedes,Boxer,1,12.29,2024-04-21,117,18.92
07 AAA 008,Mercedes,Boxer,1,12.29,2024-04-22,71,12.77
07 AAA 008,Mercedes,Boxer,1,12.29,2024-04-23,94,16.97
07 AAA 008,Mercedes,Boxer,1,12.29,2024-04-24,207,28.39
07 AAA 008,Mercedes,Boxer,1,12.29,2024-04-25,293,32.06
07 AAA 008,Mercedes,Boxer,1,12.29,2024-04-26,130,13.37
07 AAA 008,Mercedes,Boxer,1,12.29,2024-04-27,77,12.97
07 AAA 008,Mercedes,Boxer,1,12.29,2024-04-28,135,14.86
07 AAA 008,Mercedes,Boxer,1,12.29,2024-04-29,237,30.06
07 AAA 009,Peugeot,Caddy,4,7.8,2024-01-01,214,21.23
07 AAA 009,Peugeot,Caddy,4,7.8,2024-01-02,194,18.17
07 AAA 009,Peugeot,Caddy,4,7.8,2024-01-03,233,20.77
07 AAA 009,Peugeot,Caddy,4,7.8,2024-01-04,245,27.51
07 AAA 009,Peugeot,Caddy,4,7.8,2024-01-05,140,14.42
07 AAA 009,Peugeot,Caddy,4,7.8,2024-01-06,95,6.57
07 AAA 009,Peugeot,Caddy,4,7.8,2024-01-07,83,6.16
07 AAA 009,Peugeot,Caddy,4,7.8,2024-01-08,218,18.3
07 AAA 009,Peugeot,Caddy,4,7.8,2024-01-09,239,20.18
07 AAA 009,Peugeot,Caddy,4,7.8,2024-01-10,106,6.99
07 AAA 009,Peugeot,Caddy,4,7.8,2024-01-11,120,10.96
07 AAA 009,Peugeot,Caddy,4,7.8,2024-01-12,41,3.25
07 AAA 009,Peugeot,Caddy,4,7.8,2024-01-13,114,10.13
07 AAA 009,Peugeot,Caddy,4,7.8,2024-01-14,156,13.42
07 AAA 009,Peugeot,Caddy,4,7.8,2024-01-15,288,29.83
07 AAA 009,Peugeot,Caddy,4,7.8,2024-01-16,183,20.61
07 AAA 009,Peugeot,Caddy,4,7.8,2024-01-17,48,4.22
07 AAA 009,Peugeot,Caddy,4,7.8,2024-01-18,211,21.56
07 AAA 009,Peugeot,Caddy,4,7.8,2024-01-19,91,8.69
07 AAA 009,Peugeot,Caddy,4,7.8,2024-01-20,178,19.31
07 AAA 009,Peugeot,Caddy,4,7.8,2024-01-21,232,18.03
07 AAA 009,Peugeot,Caddy,4,7.8,2024-01-22,267,25.54
07 AAA 009,Peugeot,Caddy,4,7.8,2024-01-23,282,21.06
07 AAA 009,Peugeot,Caddy,4,7.8,2024-01-24,292,31.78
07 AAA 009,Peugeot,Caddy,4,7.8,2024-01-25,110,11.1
07 AAA 009,Peugeot,Caddy,4,7.8,2024-01-26,210,14.44
07 AAA 009,Peugeot,Caddy,4,7.8,2024-01-27,288,21.57
07 AAA 009,Peugeot,Caddy,4,7.8,2024-01-28,189,21.73
07 AAA 009,Peugeot,Caddy,4,7.8,2024-01-29,82,7.68
07 AAA 009,Peugeot,Caddy,4,7.8,2024-01-30,218,14.47
07 AAA 009,Peugeot,Caddy,4,7.8,2024-01-31,265,30.8
07 AAA 009,Peugeot,Caddy,4,7.8,2024-02-01,272,23.31
07 AAA 009,Peugeot,Caddy,4,7.8,2024-02-02,278,28.73
07 AAA 009,Peugeot,Caddy,4,7.8,2024-02-03,289,26.03
07 AAA 009,Peugeot,Caddy,4,7.8,2024-02-04,269,17.94
07 AAA 009,Peugeot,Caddy,4,7.8,2024-02-05,283,29.87
07 AAA 009,Peugeot,Caddy,4,7.8,2024-02-06,102,9.9
07 AAA 009,Peugeot,Caddy,4,7.8,2024-02-07,136,15.16
07 AAA 009,Peugeot,Caddy,4,7.8,2024-02-08,178,19.75
07 AAA 009,Peugeot,Caddy,4,7.8,2024-02-09,290,24.12
07 AAA 009,Peugeot,Caddy,4,7.8,2024-02-10,47,5.35
07 AAA 009,Peugeot,Caddy,4,7.8,2024-02-11,176,19.04
07 AAA 009,Peugeot,Caddy,4,7.8,2024-02-12,201,13.12
07 AAA 009,Peugeot,Caddy,4,7.8,2024-02-13,262,27.26
07 AAA 009,Peugeot,Caddy,4,7.8,2024-02-14,118,11.15
07 AAA 009,Peugeot,Caddy,4,7.8,2024-02-15,217,24.22
07 AAA 009,Peugeot,Caddy,4,7.8,2024-02-16,299,34.94
07 AAA 009,Peugeot,Caddy,4,7.8,2024-02-17,214,17.22
07 AAA 009,Peugeot,Caddy,4,7.8,2024-02-18,156,16.03
07 AAA 009,Peugeot,Caddy,4,7.8,2024-02-19,268,16.8
07 AAA 009,Peugeot,Caddy,4,7.8,2024-02-20,292,22.84
07 AAA 009,Peugeot,Caddy,4,7.8,2024-02-21,233,21.02
07 AAA 009,Peugeot,Caddy,4,7.8,2024-02-22,273,17.39
07 AAA 009,Peugeot,Caddy,4,7.8,2024-02-23,165,16.71
07 AAA 009,Peugeot,Caddy,4,7.8,2024-02-24,51,4.4
07 AAA 009,Peugeot,Caddy,4,7.8,2024-02-25,230,23.63
07 AAA 009,Peugeot,Caddy,4,7.8,2024-02-26,165,13.8
07 AAA 009,Peugeot,Caddy,4,7.8,2024-02-27,147,14.61
07 AAA 009,Peugeot,Caddy,4,7.8,2024-02-28,189,21.9
07 AAA 009,Peugeot,Caddy,4,7.8,2024-02-29,197,15.24
07 AAA 009,Peugeot,Caddy,4,7.8,2024-03-01,98,7.09
07 AAA 009,Peugeot,Caddy,4,7.8,2024-03-02,78,7.92
07 AAA 009,Peugeot,Caddy,4,7.8,2024-03-03,115,9.98
07 AAA 009,Peugeot,Caddy,4,7.8,2024-03-04,128,9.06
07 AAA 009,Peugeot,Caddy,4,7.8,2024-03-05,75,6.44
07 AAA 009,Peugeot,Caddy,4,7.8,2024-03-06,229,18.1
07 AAA 009,Peugeot,Caddy,4,7.8,2024-03-07,200,15.57
07 AAA 009,Peugeot,Caddy,4,7.8,2024-03-08,152,10.48
07 AAA 009,Peugeot,Caddy,4,7.8,2024-03-09,252,23.18
07 AAA 009,Peugeot,Caddy,4,7.8,2024-03-10,64,4.59
07 AAA 009,Peugeot,Caddy,4,7.8,2024-03-11,105,6.96
07 AAA 009,Peugeot,Caddy,4,7.8,2024-03-12,56,6.44
07 AAA 009,Peugeot,Caddy,4,7.8,2024-03-13,238,21.3
07 AAA 009,Peugeot,Caddy,4,7.8,2024-03-14,160,16.37
07 AAA 009,Peugeot,Caddy,4,7.8,2024-03-15,242,20.2
07 AAA 009,Peugeot,Caddy,4,7.8,2024-03-16,219,15.22
07 AAA 009,Peugeot,Caddy,4,7.8,2024-03-17,283,22.75
07 AAA 009,Peugeot,Caddy,4,7.8,2024-03-18,53,4.2
07 AAA 009,Peugeot,Caddy,4,7.8,2024-03-19,123,14.16
07 AAA 009,Peugeot,Caddy,4,7.8,2024-03-20,172,17.11
07 AAA 009,Peugeot,Caddy,4,7.8,2024-03-21,245,19.53
07 AAA 009,Peugeot,Caddy,4,7.8,2024-03-22,101,10.97
07 AAA 009,Peugeot,Caddy,4,7.8,2024-03-23,238,16.3
07 AAA 009,Peugeot,Caddy,4,7.8,2024-03-24,124,9.04
07 AAA 009,Peugeot,Caddy,4,7.8,2024-03-25,90,5.98
07 AAA 009,Peugeot,Caddy,4,7.8,2024-03-26,292,29.81
07 AAA 009,Peugeot,Caddy,4,7.8,2024-03-27,105,9.47
07 AAA 009,Peugeot,Caddy,4,7.8,2024-03-28,243,16.4
07 AAA 009,Peugeot,Caddy,4,7.8,2024-03-29,54,5.83
07 AAA 009,Peugeot,Caddy,4,7.8,2024-03-30,136,15.19
07 AAA 009,Peugeot,Caddy,4,7.8,2024-03-31,198,17.61
07 AAA 009,Peugeot,Caddy,4,7.8,2024-04-01,123,11.21
07 AAA 009,Peugeot,Caddy,4,7.8,2024-04-02,41,4.37
07 AAA 009,Peugeot,Caddy,4,7.8,2024-04-03,261,16.53
07 AAA 009,Peugeot,Caddy,4,7.8,2024-04-04,78,6.22
07 AAA 009,Peugeot,Caddy,4,7.8,2024-04-05,189,14.75
07 AAA 009,Peugeot,Caddy,4,7.8,2024-04-06,110,7.11
07 AAA 009,Peugeot,Caddy,4,7.8,2024-04-07,162,11.13
07 AAA 009,Peugeot,Caddy,4,7.8,2024-04-08,266,23.48
07 AAA 009,Peugeot,Caddy,4,7.8,2024-04-09,150,10.7
07 AAA 009,Peugeot,Caddy,4,7.8,2024-04-10,204,19.89
07 AAA 009,Peugeot,Caddy,4,7.8,2024-04-11,109,6.82
07 AAA 009,Peugeot,Caddy,4,7.8,2024-04-12,190,17.79
07 AAA 009,Peugeot,Caddy,4,7.8,2024-04-13,86,9.92
07 AAA 009,Peugeot,Caddy,4,7.8,2024-04-14,205,17.83
07 AAA 009,Peugeot,Caddy,4,7.8,2024-04-15,124,11.71
07 AAA 009,Peugeot,Caddy,4,7.8,2024-04-16,224,17.33
07 AAA 009,Peugeot,Caddy,4,7.8,2024-04-17,179,15.47
07 AAA 009,Peugeot,Caddy,4,7.8,2024-04-18,228,19.75
07 AAA 009,Peugeot,Caddy,4,7.8,2024-04-19,134,13.47
07 AAA 009,Peugeot,Caddy,4,7.8,2024-04-20,240,24.98
07 AAA 009,Peugeot,Caddy,4,7.8,2024-04-21,240,19.15
07 AAA 009,Peugeot,Caddy,4,7.8,2024-04-22,118,7.88
07 AAA 009,Peugeot,Caddy,4,7.8,2024-04-23,222,15.58
07 AAA 009,Peugeot,Caddy,4,7.8,2024-04-24,226,21.98
07 AAA 009,Peugeot,Caddy,4,7.8,2024-04-25,40,4.22
07 AAA 009,Peugeot,Caddy,4,7.8,2024-04-26,259,18.32
07 AAA 009,Peugeot,Caddy,4,7.8,2024-04-27,274,26.82
07 AAA 009,Peugeot,Caddy,4,7.8,2024-04-28,90,8.24
07 AAA 009,Peugeot,Caddy,4,7.8,2024-04-29,139,13.72
07 AAA 010,Renault,Transit,2,9.91,2024-01-01,128,10.18
07 AAA 010,Renault,Transit,2,9.91,2024-01-02,258,25.36
07 AAA 010,Renault,Transit,2,9.91,2024-01-03,197,24.31
07 AAA 010,Renault,Transit,2,9.91,2024-01-04,54,5.2
07 AAA 010,Renault,Transit,2,9.91,2024-01-05,131,19.15
07 AAA 010,Renault,Transit,2,9.91,2024-01-06,112,15.05
07 AAA 010,Renault,Transit,2,9.91,2024-01-07,103,11.67
07 AAA 010,Renault,Transit,2,9.91,2024-01-08,251,23.91
07 AAA 010,Renault,Transit,2,9.91,2024-01-09,104,8.52
07 AAA 010,Renault,Transit,2,9.91,2024-01-10,71,8.96
07 AAA 010,Renault,Transit,2,9.91,2024-01-11,73,9.86
07 AAA 010,Renault,Transit,2,9.91,2024-01-12,223,19.23
07 AAA 010,Renault,Transit,2,9.91,2024-01-13,112,15.57
07 AAA 010,Renault,Transit,2,9.91,2024-01-14,189,18.59
07 AAA 010,Renault,Transit,2,9.91,2024-01-15,66,6.37
07 AAA 010,Renault,Transit,2,9.91,2024-01-16,278,26.64
07 AAA 010,Renault,Transit,2,9.91,2024-01-17,76,9.91
07 AAA 010,Renault,Transit,2,9.91,2024-01-18,116,9.88
07 AAA 010,Renault,Transit,2,9.91,2024-01-19,103,15.04
07 AAA 010,Renault,Transit,2,9.91,2024-01-20,240,25.29
07 AAA 010,Renault,Transit,2,9.91,2024-01-21,51,4.5
07 AAA 010,Renault,Transit,2,9.91,2024-01-22,259,30.79
07 AAA 010,Renault,Transit,2,9.91,2024-01-23,45,6.02
07 AAA 010,Renault,Transit,2,9.91,2024-01-24,252,31.01
07 AAA 010,Renault,Transit,2,9.91,2024-01-25,222,30.96
07 AAA 010,Renault,Transit,2,9.91,2024-01-26,105,15.32
07 AAA 010,Renault,Transit,2,9.91,2024-01-27,196,20.6
07 AAA 010,Renault,Transit,2,9.91,2024-01-28,175,17.99
07 AAA 010,Renault,Transit,2,9.91,2024-01-29,169,24.91
07 AAA 010,Renault,Transit,2,9.91,2024-01-30,261,31.32
07 AAA 010,Renault,Transit,2,9.91,2024-01-31,112,12.02
07 AAA 010,Renault,Transit,2,9.91,2024-02-01,109,10.73
07 AAA 010,Renault,Transit,2,9.91,2024-02-02,193,21.06
07 AAA 010,Renault,Transit,2,9.91,2024-02-03,135,14.04
07 AAA 010,Renault,Transit,2,9.91,2024-02-04,264,34.27
07 AAA 010,Renault,Transit,2,9.91,2024-02-05,224,30.47
07 AAA 010,Renault,Transit,2,9.91,2024-02-06,191,24.66
07 AAA 010,Renault,Transit,2,9.91,2024-02-07,70,10.29
07 AAA 010,Renault,Transit,2,9.91,2024-02-08,158,19.62
07 AAA 010,Renault,Transit,2,9.91,2024-02-09,299,34.65
07 AAA 010,Renault,Transit,2,9.91,2024-02-10,98,9.16
07 AAA 010,Renault,Transit,2,9.91,2024-02-11,97,12.83
07 AAA 010,Renault,Transit,2,9.91,2024-02-12,293,32.32
07 AAA 010,Renault,Transit,2,9.91,2024-02-13,137,12.17
07 AAA 010,Renault,Transit,2,9.91,2024-02-14,255,21.39
07 AAA 010,Renault,Transit,2,9.91,2024-02-15,163,18.77
07 AAA 010,Renault,Transit,2,9.91,2024-02-16,42,3.42
07 AAA 010,Renault,Transit,2,9.91,2024-02-17,269,24.1
07 AAA 010,Renault,Transit,2,9.91,2024-02-18,41,3.41
07 AAA 010,Renault,Transit,2,9.91,2024-02-19,288,30.16
07 AAA 010,Renault,Transit,2,9.91,2024-02-20,45,4.35
07 AAA 010,Renault,Transit,2,9.91,2024-02-21,66,6.91
07 AAA 010,Renault,Transit,2,9.91,2024-02-22,140,18.32
07 AAA 010,Renault,Transit,2,9.91,2024-02-23,251,21.68
07 AAA 010,Renault,Transit,2,9.91,2024-02-24,153,13.89
07 AAA 010,Renault,Transit,2,9.91,2024-02-25,106,13.65
07 AAA 010,Renault,Transit,2,9.91,2024-02-26,113,12.65
07 AAA 010,Renault,Transit,2,9.91,2024-02-27,201,29.87
07 AAA 010,Renault,Transit,2,9.91,2024-02-28,169,20.04
07 AAA 010,Renault,Transit,2,9.91,2024-02-29,130,18.38
07 AAA 010,Renault,Transit,2,9.91,2024-03-01,267,27.5
07 AAA 010,Renault,Transit,2,9.91,2024-03-02,91,11.46
07 AAA 010,Renault,Transit,2,9.91,2024-03-03,159,16.55
07 AAA 010,Renault,Transit,2,9.91,2024-03-04,196,22.85
07 AAA 010,Renault,Transit,2,9.91,2024-03-05,46,3.66
07 AAA 010,Renault,Transit,2,9.91,2024-03-06,204,27.71
07 AAA 010,Renault,Transit,2,9.91,2024-03-07,207,29.28
07 AAA 010,Renault,Transit,2,9.91,2024-03-08,77,8.17
07 AAA 010,Renault,Transit,2,9.91,2024-03-09,113,10.14
07 AAA 010,Renault,Transit,2,9.91,2024-03-10,248,20.73
07 AAA 010,Renault,Transit,2,9.91,2024-03-11,159,21.46
07 AAA 010,Renault,Transit,2,9.91,2024-03-12,214,19.14
07 AAA 010,Renault,Transit,2,9.91,2024-03-13,270,39.65
07 AAA 010,Renault,Transit,2,9.91,2024-03-14,182,18.15
07 AAA 010,Renault,Transit,2,9.91,2024-03-15,73,8.82
07 AAA 010,Renault,Transit,2,9.91,2024-03-16,266,24.87
07 AAA 010,Renault,Transit,2,9.91,2024-03-17,126,14.57
07 AAA 010,Renault,Transit,2,9.91,2024-03-18,113,16.41
07 AAA 010,Renault,Transit,2,9.91,2024-03-19,177,14.18
07 AAA 010,Renault,Transit,2,9.91,2024-03-20,205,22.1
07 AAA 010,Renault,Transit,2,9.91,2024-03-21,211,21.36
07 AAA 010,Renault,Transit,2,9.91,2024-03-22,106,15.07
07 AAA 010,Renault,Transit,2,9.91,2024-03-23,296,40.99
07 AAA 010,Renault,Transit,2,9.91,2024-03-24,55,5.49
07 AAA 010,Renault,Transit,2,9.91,2024-03-25,94,8.68
07 AAA 010,Renault,Transit,2,9.91,2024-03-26,198,16.75
07 AAA 010,Renault,Transit,2,9.91,2024-03-27,174,25.72
07 AAA 010,Renault,Transit,2,9.91,2024-03-28,94,11.07
07 AAA 010,Renault,Transit,2,9.91,2024-03-29,270,37.3
07 AAA 010,Renault,Transit,2,9.91,2024-03-30,271,26.28
07 AAA 010,Renault,Transit,2,9.91,2024-03-31,111,13.72
07 AAA 010,Renault,Transit,2,9.91,2024-04-01,69,10.17
07 AAA 010,Renault,Transit,2,9.91,2024-04-02,167,23.89
07 AAA 010,Renault,Transit,2,9.91,2024-04-03,138,14.35
07 AAA 010,Renault,Transit,2,9.91,2024-04-04,146,13.73
07 AAA 010,Renault,Transit,2,9.91,2024-04-05,169,14.95
07 AAA 010,Renault,Transit,2,9.91,2024-04-06,177,16.24
07 AAA 010,Renault,Transit,2,9.91,2024-04-07,90,11.31
07 AAA 010,Renault,Transit,2,9.91,2024-04-08,252,21.56
07 AAA 010,Renault,Transit,2,9.91,2024-04-09,61,5.94
07 AAA 010,Renault,Transit,2,9.91,2024-04-10,231,28.22
07 AAA 010,Renault,Transit,2,9.91,2024-04-11,216,17.39
07 AAA 010,Renault,Transit,2,9.91,2024-04-12,254,30.02
07 AAA 010,Renault,Transit,2,9.91,2024-04-13,180,17.9
07 AAA 010,Renault,Transit,2,9.91,2024-04-14,181,19.74
07 AAA 010,Renault,Transit,2,9.91,2024-04-15,175,19.17
07 AAA 010,Renault,Transit,2,9.91,2024-04-16,138,20.37
07 AAA 010,Renault,Transit,2,9.91,2024-04-17,216,22.91
07 AAA 010,Renault,Transit,2,9.91,2024-04-18,229,27.23
07 AAA 010,Renault,Transit,2,9.91,2024-04-19,136,14.48
07 AAA 010,Renault,Transit,2,9.91,2024-04-20,42,3.38
07 AAA 010,Renault,Transit,2,9.91,2024-04-21,180,20.97
07 AAA 010,Renault,Transit,2,9.91,2024-04-22,199,16.13
07 AAA 010,Renault,Transit,2,9.91,2024-04-23,272,37.89
07 AAA 010,Renault,Transit,2,9.91,2024-04-24,107,15.79
07 AAA 010,Renault,Transit,2,9.91,2024-04-25,103,12.14
07 AAA 010,Renault,Transit,2,9.91,2024-04-26,85,9.1
07 AAA 010,Renault,Transit,2,9.91,2024-04-27,223,25.12
07 AAA 010,Renault,Transit,2,9.91,2024-04-28,94,12.31
07 AAA 010,Renault,Transit,2,9.91,2024-04-29,121,15.23
07 AAA 011,Peugeot,Atego,2,9.26,2024-01-01,188,16.06
07 AAA 011,Peugeot,Atego,2,9.26,2024-01-02,111,14.21
07 AAA 011,Peugeot,Atego,2,9.26,2024-01-03,251,19.38
07 AAA 011,Peugeot,Atego,2,9.26,2024-01-04,53,4.89
07 AAA 011,Peugeot,Atego,2,9.26,2024-01-05,252,25.76
07 AAA 011,Peugeot,Atego,2,9.26,2024-01-06,108,10.15
07 AAA 011,Peugeot,Atego,2,9.26,2024-01-07,236,20.64
07 AAA 011,Peugeot,Atego,2,9.26,2024-01-08,248,32.3
07 AAA 011,Peugeot,Atego,2,9.26,2024-01-09,219,22.36
07 AAA 011,Peugeot,Atego,2,9.26,2024-01-10,43,4.65
07 AAA 011,Peugeot,Atego,2,9.26,2024-01-11,47,4.02
07 AAA 011,Peugeot,Atego,2,9.26,2024-01-12,269,20.4
07 AAA 011,Peugeot,Atego,2,9.26,2024-01-13,212,20.22
07 AAA 011,Peugeot,Atego,2,9.26,2024-01-14,114,12.29
07 AAA 011,Peugeot,Atego,2,9.26,2024-01-15,238,23.64
07 AAA 011,Peugeot,Atego,2,9.26,2024-01-16,178,23.24
07 AAA 011,Peugeot,Atego,2,9.26,2024-01-17,291,33.32
07 AAA 011,Peugeot,Atego,2,9.26,2024-01-18,151,12.61
07 AAA 011,Peugeot,Atego,2,9.26,2024-01-19,123,12.02
07 AAA 011,Peugeot,Atego,2,9.26,2024-01-20,91,8.03
07 AAA 011,Peugeot,Atego,2,9.26,2024-01-21,48,6.56
07 AAA 011,Peugeot,Atego,2,9.26,2024-01-22,249,30.83
07 AAA 011,Peugeot,Atego,2,9.26,2024-01-23,113,10.07
07 AAA 011,Peugeot,Atego,2,9.26,2024-01-24,300,27.9
07 AAA 011,Peugeot,Atego,2,9.26,2024-01-25,108,12.45
07 AAA 011,Peugeot,Atego,2,9.26,2024-01-26,240,32.96
07 AAA 011,Peugeot,Atego,2,9.26,2024-01-27,153,14.28
07 AAA 011,Peugeot,Atego,2,9.26,2024-01-28,166,22.71
07 AAA 011,Peugeot,Atego,2,9.26,2024-01-29,286,33.47
07 AAA 011,Peugeot,Atego,2,9.26,2024-01-30,123,15.85
07 AAA 011,Peugeot,Atego,2,9.26,2024-01-31,53,6.39
07 AAA 011,Peugeot,Atego,2,9.26,2024-02-01,91,10.27
07 AAA 011,Peugeot,Atego,2,9.26,2024-02-02,71,6.54
07 AAA 011,Peugeot,Atego,2,9.26,2024-02-03,202,17.41
07 AAA 011,Peugeot,Atego,2,9.26,2024-02-04,98,10.65
07 AAA 011,Peugeot,Atego,2,9.26,2024-02-05,62,7.97
07 AAA 011,Peugeot,Atego,2,9.26,2024-02-06,210,28.5
07 AAA 011,Peugeot,Atego,2,9.26,2024-02-07,286,36.25
07 AAA 011,Peugeot,Atego,2,9.26,2024-02-08,195,21.09
07 AAA 011,Peugeot,Atego,2,9.26,2024-02-09,52,6.89
07 AAA 011,Peugeot,Atego,2,9.26,2024-02-10,235,23.65
07 AAA 011,Peugeot,Atego,2,9.26,2024-02-11,270,31.59
07 AAA 011,Peugeot,Atego,2,9.26,2024-02-12,198,15.05
07 AAA 011,Peugeot,Atego,2,9.26,2024-02-13,80,6.27
07 AAA 011,Peugeot,Atego,2,9.26,2024-02-14,300,35.49
07 AAA 011,Peugeot,Atego,2,9.26,2024-02-15,238,31.93
07 AAA 011,Peugeot,Atego,2,9.26,2024-02-16,297,30.37
07 AAA 011,Peugeot,Atego,2,9.26,2024-02-17,292,26.63
07 AAA 011,Peugeot,Atego,2,9.26,2024-02-18,222,25.8
07 AAA 011,Peugeot,Atego,2,9.26,2024-02-19,260,25.79
07 AAA 011,Peugeot,Atego,2,9.26,2024-02-20,114,11.19
07 AAA 011,Peugeot,Atego,2,9.26,2024-02-21,228,18.31
07 AAA 011,Peugeot,Atego,2,9.26,2024-02-22,64,7.86
07 AAA 011,Peugeot,Atego,2,9.26,2024-02-23,166,16.14
07 AAA 011,Peugeot,Atego,2,9.26,2024-02-24,270,31.98
07 AAA 011,Peugeot,Atego,2,9.26,2024-02-25,163,22.22
07 AAA 011,Peugeot,Atego,2,9.26,2024-02-26,49,4.88
07 AAA 011,Peugeot,Atego,2,9.26,2024-02-27,219,18.34
07 AAA 011,Peugeot,Atego,2,9.26,2024-02-28,91,10.61
07 AAA 011,Peugeot,Atego,2,9.26,2024-02-29,105,11.87
07 AAA 011,Peugeot,Atego,2,9.26,2024-03-01,257,30.94
07 AAA 011,Peugeot,Atego,2,9.26,2024-03-02,85,9.94
07 AAA 011,Peugeot,Atego,2,9.26,2024-03-03,287,23.88
07 AAA 011,Peugeot,Atego,2,9.26,2024-03-04,170,21.76
07 AAA 011,Peugeot,Atego,2,9.26,2024-03-05,52,4.63
07 AAA 011,Peugeot,Atego,2,9.26,2024-03-06,288,35.82
07 AAA 011,Peugeot,Atego,2,9.26,2024-03-07,219,22.52
07 AAA 011,Peugeot,Atego,2,9.26,2024-03-08,130,10.19
07 AAA 011,Peugeot,Atego,2,9.26,2024-03-09,67,6.44
07 AAA 011,Peugeot,Atego,2,9.26,2024-03-10,184,23.53
07 AAA 011,Peugeot,Atego,2,9.26,2024-03-11,298,25.59
07 AAA 011,Peugeot,Atego,2,9.26,2024-03-12,223,23.1
07 AAA 011,Peugeot,Atego,2,9.26,2024-03-13,240,19.21
07 AAA 011,Peugeot,Atego,2,9.26,2024-03-14,221,30.33
07 AAA 011,Peugeot,Atego,2,9.26,2024-03-15,93,9.43
07 AAA 011,Peugeot,Atego,2,9.26,2024-03-16,298,33.34
07 AAA 011,Peugeot,Atego,2,9.26,2024-03-17,128,13.93
07 AAA 011,Peugeot,Atego,2,9.26,2024-03-18,204,15.54
07 AAA 011,Peugeot,Atego,2,9.26,2024-03-19,85,10.51
07 AAA 011,Peugeot,Atego,2,9.26,2024-03-20,109,15.09
07 AAA 011,Peugeot,Atego,2,9.26,2024-03-21,260,29.68
07 AAA 011,Peugeot,Atego,2,9.26,2024-03-22,212,24.07
07 AAA 011,Peugeot,Atego,2,9.26,2024-03-23,193,15.95
07 AAA 011,Peugeot,Atego,2,9.26,2024-03-24,204,25.96
07 AAA 011,Peugeot,Atego,2,9.26,2024-03-25,262,31.9
07 AAA 011,Peugeot,Atego,2,9.26,2024-03-26,134,11.32
07 AAA 011,Peugeot,Atego,2,9.26,2024-03-27,222,29.32
07 AAA 011,Peugeot,Atego,2,9.26,2024-03-28,280,38.5
07 AAA 011,Peugeot,Atego,2,9.26,2024-03-29,219,29.02
07 AAA 011,Peugeot,Atego,2,9.26,2024-03-30,77,9.54
07 AAA 011,Peugeot,Atego,2,9.26,2024-03-31,193,25.74
07 AAA 011,Peugeot,Atego,2,9.26,2024-04-01,265,35.22
07 AAA 011,Peugeot,Atego,2,9.26,2024-04-02,172,18.73
07 AAA 011,Peugeot,Atego,2,9.26,2024-04-03,59,6.46
07 AAA 011,Peugeot,Atego,2,9.26,2024-04-04,158,19.72
07 AAA 011,Peugeot,Atego,2,9.26,2024-04-05,250,22.36
07 AAA 011,Peugeot,Atego,2,9.26,2024-04-06,231,24.64
07 AAA 011,Peugeot,Atego,2,9.26,2024-04-07,55,6.16
07 AAA 011,Peugeot,Atego,2,9.26,2024-04-08,94,9.88
07 AAA 011,Peugeot,Atego,2,9.26,2024-04-09,199,16.11
07 AAA 011,Peugeot,Atego,2,9.26,2024-04-10,87,11.61
07 AAA 011,Peugeot,Atego,2,9.26,2024-04-11,113,14.38
07 AAA 011,Peugeot,Atego,2,9.26,2024-04-12,118,12.58
07 AAA 011,Peugeot,Atego,2,9.26,2024-04-13,219,20.11
07 AAA 011,Peugeot,Atego,2,9.26,2024-04-14,66,7.79
07 AAA 011,Peugeot,Atego,2,9.26,2024-04-15,145,12.16
07 AAA 011,Peugeot,Atego,2,9.26,2024-04-16,257,26.15
07 AAA 011,Peugeot,Atego,2,9.26,2024-04-17,125,14.2
07 AAA 011,Peugeot,Atego,2,9.26,2024-04-18,291,27.77
07 AAA 011,Peugeot,Atego,2,9.26,2024-04-19,146,19.39
07 AAA 011,Peugeot,Atego,2,9.26,2024-04-20,120,15.87
07 AAA 011,Peugeot,Atego,2,9.26,2024-04-21,42,5.42
07 AAA 011,Peugeot,Atego,2,9.26,2024-04-22,57,7.84
07 AAA 011,Peugeot,Atego,2,9.26,2024-04-23,265,32.35
07 AAA 011,Peugeot,Atego,2,9.26,2024-04-24,195,21.2
07 AAA 011,Peugeot,Atego,2,9.26,2024-04-25,141,14.47
07 AAA 011,Peugeot,Atego,2,9.26,2024-04-26,212,18.41
07 AAA 011,Peugeot,Atego,2,9.26,2024-04-27,202,15.36
07 AAA 011,Peugeot,Atego,2,9.26,2024-04-28,54,6.04
07 AAA 011,Peugeot,Atego,2,9.26,2024-04-29,74,6.8
07 AAA 012,Fiat,Doblo,4,7.43,2024-01-01,168,11.84
07 AAA 012,Fiat,Doblo,4,7.43,2024-01-02,276,26.08
07 AAA 012,Fiat,Doblo,4,7.43,2024-01-03,154,15.46
07 AAA 012,Fiat,Doblo,4,7.43,2024-01-04,295,28.33
07 AAA 012,Fiat,Doblo,4,7.43,2024-01-05,149,12.22
07 AAA 012,Fiat,Doblo,4,7.43,2024-01-06,272,27.87
07 AAA 012,Fiat,Doblo,4,7.43,2024-01-07,283,21.13
07 AAA 012,Fiat,Doblo,4,7.43,2024-01-08,49,3.3
07 AAA 012,Fiat,Doblo,4,7.43,2024-01-09,203,16.77
07 AAA 012,Fiat,Doblo,4,7.43,2024-01-10,83,8.03
07 AAA 012,Fiat,Doblo,4,7.43,2024-01-11,80,4.84
07 AAA 012,Fiat,Doblo,4,7.43,2024-01-12,165,12.35
07 AAA 012,Fiat,Doblo,4,7.43,2024-01-13,101,7.89
07 AAA 012,Fiat,Doblo,4,7.43,2024-01-14,126,12.94
07 AAA 012,Fiat,Doblo,4,7.43,2024-01-15,297,17.92
07 AAA 012,Fiat,Doblo,4,7.43,2024-01-16,90,5.46
07 AAA 012,Fiat,Doblo,4,7.43,2024-01-17,257,27.24
07 AAA 012,Fiat,Doblo,4,7.43,2024-01-18,262,19.69
07 AAA 012,Fiat,Doblo,4,7.43,2024-01-19,84,7.73
07 AAA 012,Fiat,Doblo,4,7.43,2024-01-20,174,13.91
07 AAA 012,Fiat,Doblo,4,7.43,2024-01-21,294,21.01
07 AAA 012,Fiat,Doblo,4,7.43,2024-01-22,208,22.99
07 AAA 012,Fiat,Doblo,4,7.43,2024-01-23,132,9.06
07 AAA 012,Fiat,Doblo,4,7.43,2024-01-24,113,10.24
07 AAA 012,Fiat,Doblo,4,7.43,2024-01-25,104,10.78
07 AAA 012,Fiat,Doblo,4,7.43,2024-01-26,252,23.01
07 AAA 012,Fiat,Doblo,4,7.43,2024-01-27,72,6.98
07 AAA 012,Fiat,Doblo,4,7.43,2024-01-28,77,8.24
07 AAA 012,Fiat,Doblo,4,7.43,2024-01-29,201,22.34
07 AAA 012,Fiat,Doblo,4,7.43,2024-01-30,57,3.78
07 AAA 012,Fiat,Doblo,4,7.43,2024-01-31,275,18.48
07 AAA 012,Fiat,Doblo,4,7.43,2024-02-01,94,10.0
07 AAA 012,Fiat,Doblo,4,7.43,2024-02-02,227,15.73
07 AAA 012,Fiat,Doblo,4,7.43,2024-02-03,49,4.11
07 AAA 012,Fiat,Doblo,4,7.43,2024-02-04,48,3.41
07 AAA 012,Fiat,Doblo,4,7.43,2024-02-05,62,3.99
07 AAA 012,Fiat,Doblo,4,7.43,2024-02-06,211,22.53
07 AAA 012,Fiat,Doblo,4,7.43,2024-02-07,204,17.88
07 AAA 012,Fiat,Doblo,4,7.43,2024-02-08,260,26.14
07 AAA 012,Fiat,Doblo,4,7.43,2024-02-09,70,5.47
07 AAA 012,Fiat,Doblo,4,7.43,2024-02-10,276,22.3
07 AAA 012,Fiat,Doblo,4,7.43,2024-02-11,172,13.31
07 AAA 012,Fiat,Doblo,4,7.43,2024-02-12,140,14.83
07 AAA 012,Fiat,Doblo,4,7.43,2024-02-13,255,20.85
07 AAA 012,Fiat,Doblo,4,7.43,2024-02-14,73,6.74
07 AAA 012,Fiat,Doblo,4,7.43,2024-02-15,254,25.63
07 AAA 012,Fiat,Doblo,4,7.43,2024-02-16,89,7.09
07 AAA 012,Fiat,Doblo,4,7.43,2024-02-17,92,5.64
07 AAA 012,Fiat,Doblo,4,7.43,2024-02-18,167,12.88
07 AAA 012,Fiat,Doblo,4,7.43,2024-02-19,65,4.89
07 AAA 012,Fiat,Doblo,4,7.43,2024-02-20,198,13.92
07 AAA 012,Fiat,Doblo,4,7.43,2024-02-21,76,7.07
07 AAA 012,Fiat,Doblo,4,7.43,2024-02-22,46,4.89
07 AAA 012,Fiat,Doblo,4,7.43,2024-02-23,167,11.43
07 AAA 012,Fiat,Doblo,4,7.43,2024-02-24,181,18.97
07 AAA 012,Fiat,Doblo,4,7.43,2024-02-25,287,23.02
07 AAA 012,Fiat,Doblo,4,7.43,2024-02-26,213,13.1
07 AAA 012,Fiat,Doblo,4,7.43,2024-02-27,138,10.73
07 AAA 012,Fiat,Doblo,4,7.43,2024-02-28,206,16.38
07 AAA 012,Fiat,Doblo,4,7.43,2024-02-29,44,3.43
07 AAA 012,Fiat,Doblo,4,7.43,2024-03-01,87,7.82
07 AAA 012,Fiat,Doblo,4,7.43,2024-03-02,272,26.51
07 AAA 012,Fiat,Doblo,4,7.43,2024-03-03,242,18.24
07 AAA 012,Fiat,Doblo,4,7.43,2024-03-04,40,3.29
07 AAA 012,Fiat,Doblo,4,7.43,2024-03-05,97,10.4
07 AAA 012,Fiat,Doblo,4,7.43,2024-03-06,245,25.58
07 AAA 012,Fiat,Doblo,4,7.43,2024-03-07,115,7.24
07 AAA 012,Fiat,Doblo,4,7.43,2024-03-08,129,13.41
07 AAA 012,Fiat,Doblo,4,7.43,2024-03-09,50,5.47
07 AAA 012,Fiat,Doblo,4,7.43,2024-03-10,261,16.72
07 AAA 012,Fiat,Doblo,4,7.43,2024-03-11,228,19.57
07 AAA 012,Fiat,Doblo,4,7.43,2024-03-12,144,15.04
07 AAA 012,Fiat,Doblo,4,7.43,2024-03-13,124,13.52
07 AAA 012,Fiat,Doblo,4,7.43,2024-03-14,144,13.4
07 AAA 012,Fiat,Doblo,4,7.43,2024-03-15,110,10.73
07 AAA 012,Fiat,Doblo,4,7.43,2024-03-16,300,30.36
07 AAA 012,Fiat,Doblo,4,7.43,2024-03-17,56,4.44
07 AAA 012,Fiat,Doblo,4,7.43,2024-03-18,205,18.72
07 AAA 012,Fiat,Doblo,4,7.43,2024-03-19,148,13.31
07 AAA 012,Fiat,Doblo,4,7.43,2024-03-20,168,15.76
07 AAA 012,Fiat,Doblo,4,7.43,2024-03-21,135,13.03
07 AAA 012,Fiat,Doblo,4,7.43,2024-03-22,264,17.14
07 AAA 012,Fiat,Doblo,4,7.43,2024-03-23,256,19.15
07 AAA 012,Fiat,Doblo,4,7.43,2024-03-24,188,19.96
07 AAA 012,Fiat,Doblo,4,7.43,2024-03-25,131,9.32
07 AAA 012,Fiat,Doblo,4,7.43,2024-03-26,72,6.65
07 AAA 012,Fiat,Doblo,4,7.43,2024-03-27,85,7.83
07 AAA 012,Fiat,Doblo,4,7.43,2024-03-28,135,14.54
07 AAA 012,Fiat,Doblo,4,7.43,2024-03-29,170,13.55
07 AAA 012,Fiat,Doblo,4,7.43,2024-03-30,188,12.24
07 AAA 012,Fiat,Doblo,4,7.43,2024-03-31,54,4.0
07 AAA 012,Fiat,Doblo,4,7.43,2024-04-01,268,20.73
07 AAA 012,Fiat,Doblo,4,7.43,2024-04-02,75,6.73
07 AAA 012,Fiat,Doblo,4,7.43,2024-04-03,276,30.7
07 AAA 012,Fiat,Doblo,4,7.43,2024-04-04,181,13.04
07 AAA 012,Fiat,Doblo,4,7.43,2024-04-05,277,22.46
07 AAA 012,Fiat,Doblo,4,7.43,2024-04-06,300,27.3
07 AAA 012,Fiat,Doblo,4,7.43,2024-04-07,136,13.66
07 AAA 012,Fiat,Doblo,4,7.43,2024-04-08,66,6.06
07 AAA 012,Fiat,Doblo,4,7.43,2024-04-09,204,19.13
07 AAA 012,Fiat,Doblo,4,7.43,2024-04-10,113,9.76
07 AAA 012,Fiat,Doblo,4,7.43,2024-04-11,211,18.53
07 AAA 012,Fiat,Doblo,4,7.43,2024-04-12,291,28.43
07 AAA 012,Fiat,Doblo,4,7.43,2024-04-13,283,29.72
07 AAA 012,Fiat,Doblo,4,7.43,2024-04-14,183,18.83
07 AAA 012,Fiat,Doblo,4,7.43,2024-04-15,288,22.93
07 AAA 012,Fiat,Doblo,4,7.43,2024-04-16,55,4.16
07 AAA 012,Fiat,Doblo,4,7.43,2024-04-17,73,5.44
07 AAA 012,Fiat,Doblo,4,7.43,2024-04-18,245,16.06
07 AAA 012,Fiat,Doblo,4,7.43,2024-04-19,227,20.37
07 AAA 012,Fiat,Doblo,4,7.43,2024-04-20,159,12.3
07 AAA 012,Fiat,Doblo,4,7.43,2024-04-21,53,5.3
07 AAA 012,Fiat,Doblo,4,7.43,2024-04-22,118,9.75
07 AAA 012,Fiat,Doblo,4,7.43,2024-04-23,127,10.87
07 AAA 012,Fiat,Doblo,4,7.43,2024-04-24,88,6.81
07 AAA 012,Fiat,Doblo,4,7.43,2024-04-25,52,5.14
07 AAA 012,Fiat,Doblo,4,7.43,2024-04-26,230,20.4
07 AAA 012,Fiat,Doblo,4,7.43,2024-04-27,256,18.27
07 AAA 012,Fiat,Doblo,4,7.43,2024-04-28,218,18.14
07 AAA 012,Fiat,Doblo,4,7.43,2024-04-29,266,29.0
07 AAA 013,Fiat,Boxer,2,10.86,2024-01-01,173,16.79
07 AAA 013,Fiat,Boxer,2,10.86,2024-01-02,174,24.46
07 AAA 013,Fiat,Boxer,2,10.86,2024-01-03,287,36.66
07 AAA 013,Fiat,Boxer,2,10.86,2024-01-04,298,45.13
07 AAA 013,Fiat,Boxer,2,10.86,2024-01-05,129,12.77
07 AAA 013,Fiat,Boxer,2,10.86,2024-01-06,160,22.94
07 AAA 013,Fiat,Boxer,2,10.86,2024-01-07,236,37.28
07 AAA 013,Fiat,Boxer,2,10.86,2024-01-08,157,20.88
07 AAA 013,Fiat,Boxer,2,10.86,2024-01-09,121,12.8
07 AAA 013,Fiat,Boxer,2,10.86,2024-01-10,160,16.13
07 AAA 013,Fiat,Boxer,2,10.86,2024-01-11,139,19.38
07 AAA 013,Fiat,Boxer,2,10.86,2024-01-12,289,44.78
07 AAA 013,Fiat,Boxer,2,10.86,2024-01-13,281,36.65
07 AAA 013,Fiat,Boxer,2,10.86,2024-01-14,297,36.98
07 AAA 013,Fiat,Boxer,2,10.86,2024-01-15,269,27.36
07 AAA 013,Fiat,Boxer,2,10.86,2024-01-16,246,32.7
07 AAA 013,Fiat,Boxer,2,10.86,2024-01-17,180,16.62
07 AAA 013,Fiat,Boxer,2,10.86,2024-01-18,177,17.17
07 AAA 013,Fiat,Boxer,2,10.86,2024-01-19,103,13.82
07 AAA 013,Fiat,Boxer,2,10.86,2024-01-20,113,16.36
07 AAA 013,Fiat,Boxer,2,10.86,2024-01-21,65,8.48
07 AAA 013,Fiat,Boxer,2,10.86,2024-01-22,122,17.08
07 AAA 013,Fiat,Boxer,2,10.86,2024-01-23,286,43.14
07 AAA 013,Fiat,Boxer,2,10.86,2024-01-24,190,25.99
07 AAA 013,Fiat,Boxer,2,10.86,2024-01-25,130,11.57
07 AAA 013,Fiat,Boxer,2,10.86,2024-01-26,177,26.44
07 AAA 013,Fiat,Boxer,2,10.86,2024-01-27,143,17.8
07 AAA 013,Fiat,Boxer,2,10.86,2024-01-28,207,30.43
07 AAA 013,Fiat,Boxer,2,10.86,2024-01-29,109,12.12
07 AAA 013,Fiat,Boxer,2,10.86,2024-01-30,206,28.34
07 AAA 013,Fiat,Boxer,2,10.86,2024-01-31,251,23.44
07 AAA 013,Fiat,Boxer,2,10.86,2024-02-01,299,31.75
07 AAA 013,Fiat,Boxer,2,10.86,2024-02-02,223,27.47
07 AAA 013,Fiat,Boxer,2,10.86,2024-02-03,176,23.08
07 AAA 013,Fiat,Boxer,2,10.86,2024-02-04,179,25.17
07 AAA 013,Fiat,Boxer,2,10.86,2024-02-05,122,10.6
07 AAA 013,Fiat,Boxer,2,10.86,2024-02-06,280,29.7
07 AAA 013,Fiat,Boxer,2,10.86,2024-02-07,81,11.02
07 AAA 013,Fiat,Boxer,2,10.86,2024-02-08,61,9.25
07 AAA 013,Fiat,Boxer,2,10.86,2024-02-09,265,31.29
07 AAA 013,Fiat,Boxer,2,10.86,2024-02-10,235,26.85
07 AAA 013,Fiat,Boxer,2,10.86,2024-02-11,193,17.36
07 AAA 013,Fiat,Boxer,2,10.86,2024-02-12,149,23.03
07 AAA 013,Fiat,Boxer,2,10.86,2024-02-13,129,19.56
07 AAA 013,Fiat,Boxer,2,10.86,2024-02-14,175,22.38
07 AAA 013,Fiat,Boxer,2,10.86,2024-02-15,162,14.11
07 AAA 013,Fiat,Boxer,2,10.86,2024-02-16,50,5.77
07 AAA 013,Fiat,Boxer,2,10.86,2024-02-17,238,33.48
07 AAA 013,Fiat,Boxer,2,10.86,2024-02-18,65,8.66
07 AAA 013,Fiat,Boxer,2,10.86,2024-02-19,156,19.76
07 AAA 013,Fiat,Boxer,2,10.86,2024-02-20,79,10.27
07 AAA 013,Fiat,Boxer,2,10.86,2024-02-21,194,20.88
07 AAA 013,Fiat,Boxer,2,10.86,2024-02-22,41,6.44
07 AAA 013,Fiat,Boxer,2,10.86,2024-02-23,125,20.36
07 AAA 013,Fiat,Boxer,2,10.86,2024-02-24,231,36.52
07 AAA 013,Fiat,Boxer,2,10.86,2024-02-25,226,25.34
07 AAA 013,Fiat,Boxer,2,10.86,2024-02-26,155,14.44
07 AAA 013,Fiat,Boxer,2,10.86,2024-02-27,78,12.71
07 AAA 013,Fiat,Boxer,2,10.86,2024-02-28,196,22.05
07 AAA 013,Fiat,Boxer,2,10.86,2024-02-29,86,7.73
07 AAA 013,Fiat,Boxer,2,10.86,2024-03-01,104,14.51
07 AAA 013,Fiat,Boxer,2,10.86,2024-03-02,181,21.77
07 AAA 013,Fiat,Boxer,2,10.86,2024-03-03,84,13.43
07 AAA 013,Fiat,Boxer,2,10.86,2024-03-04,246,28.22
07 AAA 013,Fiat,Boxer,2,10.86,2024-03-05,96,13.53
07 AAA 013,Fiat,Boxer,2,10.86,2024-03-06,239,21.58
07 AAA 013,Fiat,Boxer,2,10.86,2024-03-07,140,19.84
07 AAA 013,Fiat,Boxer,2,10.86,2024-03-08,108,16.09
07 AAA 013,Fiat,Boxer,2,10.86,2024-03-09,252,26.17
07 AAA 013,Fiat,Boxer,2,10.86,2024-03-10,222,28.28
07 AAA 013,Fiat,Boxer,2,10.86,2024-03-11,207,18.51
07 AAA 013,Fiat,Boxer,2,10.86,2024-03-12,191,20.61
07 AAA 013,Fiat,Boxer,2,10.86,2024-03-13,214,30.93
07 AAA 013,Fiat,Boxer,2,10.86,2024-03-14,114,10.95
07 AAA 013,Fiat,Boxer,2,10.86,2024-03-15,182,19.02
07 AAA 013,Fiat,Boxer,2,10.86,2024-03-16,100,11.55
07 AAA 013,Fiat,Boxer,2,10.86,2024-03-17,216,32.13
07 AAA 013,Fiat,Boxer,2,10.86,2024-03-18,93,11.63
07 AAA 013,Fiat,Boxer,2,10.86,2024-03-19,190,28.98
07 AAA 013,Fiat,Boxer,2,10.86,2024-03-20,183,24.08
07 AAA 013,Fiat,Boxer,2,10.86,2024-03-21,238,22.63
07 AAA 013,Fiat,Boxer,2,10.86,2024-03-22,110,16.13
07 AAA 013,Fiat,Boxer,2,10.86,2024-03-23,147,18.52
07 AAA 013,Fiat,Boxer,2,10.86,2024-03-24,79,10.92
07 AAA 013,Fiat,Boxer,2,10.86,2024-03-25,158,25.1
07 AAA 013,Fiat,Boxer,2,10.86,2024-03-26,49,7.7
07 AAA 013,Fiat,Boxer,2,10.86,2024-03-27,111,14.17
07 AAA 013,Fiat,Boxer,2,10.86,2024-03-28,102,11.31
07 AAA 013,Fiat,Boxer,2,10.86,2024-03-29,223,31.69
07 AAA 013,Fiat,Boxer,2,10.86,2024-03-30,157,22.35
07 AAA 013,Fiat,Boxer,2,10.86,2024-03-31,198,20.89
07 AAA 013,Fiat,Boxer,2,10.86,2024-04-01,228,28.47
07 AAA 013,Fiat,Boxer,2,10.86,2024-04-02,47,7.12
07 AAA 013,Fiat,Boxer,2,10.86,2024-04-03,101,15.76
07 AAA 013,Fiat,Boxer,2,10.86,2024-04-04,238,28.47
07 AAA 013,Fiat,Boxer,2,10.86,2024-04-05,112,10.38
07 AAA 013,Fiat,Boxer,2,10.86,2024-04-06,205,21.64
07 AAA 013,Fiat,Boxer,2,10.86,2024-04-07,129,18.09
07 AAA 013,Fiat,Boxer,2,10.86,2024-04-08,221,21.49
07 AAA 013,Fiat,Boxer,2,10.86,2024-04-09,108,13.49
07 AAA 013,Fiat,Boxer,2,10.86,2024-04-10,115,14.11
07 AAA 013,Fiat,Boxer,2,10.86,2024-04-11,59,9.29
07 AAA 013,Fiat,Boxer,2,10.86,2024-04-12,124,17.24
07 AAA 013,Fiat,Boxer,2,10.86,2024-04-13,239,30.45
07 AAA 013,Fiat,Boxer,2,10.86,2024-04-14,243,21.96
07 AAA 013,Fiat,Boxer,2,10.86,2024-04-15,240,27.77
07 AAA 013,Fiat,Boxer,2,10.86,2024-04-16,270,29.05
07 AAA 013,Fiat,Boxer,2,10.86,2024-04-17,77,11.86
07 AAA 013,Fiat,Boxer,2,10.86,2024-04-18,263,24.74
07 AAA 013,Fiat,Boxer,2,10.86,2024-04-19,42,5.31
07 AAA 013,Fiat,Boxer,2,10.86,2024-04-20,87,13.19
07 AAA 013,Fiat,Boxer,2,10.86,2024-04-21,48,5.54
07 AAA 013,Fiat,Boxer,2,10.86,2024-04-22,172,23.8
07 AAA 013,Fiat,Boxer,2,10.86,2024-04-23,147,19.64
07 AAA 013,Fiat,Boxer,2,10.86,2024-04-24,270,35.08
07 AAA 013,Fiat,Boxer,2,10.86,2024-04-25,191,24.94
07 AAA 013,Fiat,Boxer,2,10.86,2024-04-26,213,21.95
07 AAA 013,Fiat,Boxer,2,10.86,2024-04-27,203,22.91
07 AAA 013,Fiat,Boxer,2,10.86,2024-04-28,133,20.91
07 AAA 013,Fiat,Boxer,2,10.86,2024-04-29,122,12.66
07 AAA 014,Fiat,Atego,1,11.27,2024-01-01,209,29.37
07 AAA 014,Fiat,Atego,1,11.27,2024-01-02,75,8.74
07 AAA 014,Fiat,Atego,1,11.27,2024-01-03,119,15.9
07 AAA 014,Fiat,Atego,1,11.27,2024-01-04,210,19.03
07 AAA 014,Fiat,Atego,1,11.27,2024-01-05,103,12.81
07 AAA 014,Fiat,Atego,1,11.27,2024-01-06,187,22.81
07 AAA 014,Fiat,Atego,1,11.27,2024-01-07,120,11.43
07 AAA 014,Fiat,Atego,1,11.27,2024-01-08,134,17.37
07 AAA 014,Fiat,Atego,1,11.27,2024-01-09,88,8.03
07 AAA 014,Fiat,Atego,1,11.27,2024-01-10,170,23.24
07 AAA 014,Fiat,Atego,1,11.27,2024-01-11,171,24.19
07 AAA 014,Fiat,Atego,1,11.27,2024-01-12,121,13.12
07 AAA 014,Fiat,Atego,1,11.27,2024-01-13,66,8.63
07 AAA 014,Fiat,Atego,1,11.27,2024-01-14,128,12.47
07 AAA 014,Fiat,Atego,1,11.27,2024-01-15,96,12.7
07 AAA 014,Fiat,Atego,1,11.27,2024-01-16,287,34.83
07 AAA 014,Fiat,Atego,1,11.27,2024-01-17,244,40.98
07 AAA 014,Fiat,Atego,1,11.27,2024-01-18,175,22.94
07 AAA 014,Fiat,Atego,1,11.27,2024-01-19,175,24.05
07 AAA 014,Fiat,Atego,1,11.27,2024-01-20,179,17.77
07 AAA 014,Fiat,Atego,1,11.27,2024-01-21,55,6.95
07 AAA 014,Fiat,Atego,1,11.27,2024-01-22,255,43.04
07 AAA 014,Fiat,Atego,1,11.27,2024-01-23,285,42.72
07 AAA 014,Fiat,Atego,1,11.27,2024-01-24,284,46.76
07 AAA 014,Fiat,Atego,1,11.27,2024-01-25,203,19.04
07 AAA 014,Fiat,Atego,1,11.27,2024-01-26,68,7.06
07 AAA 014,Fiat,Atego,1,11.27,2024-01-27,84,7.99
07 AAA 014,Fiat,Atego,1,11.27,2024-01-28,180,25.97
07 AAA 014,Fiat,Atego,1,11.27,2024-01-29,148,20.03
07 AAA 014,Fiat,Atego,1,11.27,2024-01-30,175,16.09
07 AAA 014,Fiat,Atego,1,11.27,2024-01-31,230,26.3
07 AAA 014,Fiat,Atego,1,11.27,2024-02-01,154,21.38
07 AAA 014,Fiat,Atego,1,11.27,2024-02-02,266,25.5
07 AAA 014,Fiat,Atego,1,11.27,2024-02-03,220,29.26
07 AAA 014,Fiat,Atego,1,11.27,2024-02-04,292,31.28
07 AAA 014,Fiat,Atego,1,11.27,2024-02-05,126,16.04
07 AAA 014,Fiat,Atego,1,11.27,2024-02-06,139,14.53
07 AAA 014,Fiat,Atego,1,11.27,2024-02-07,83,9.09
07 AAA 014,Fiat,Atego,1,11.27,2024-02-08,156,14.12
07 AAA 014,Fiat,Atego,1,11.27,2024-02-09,165,25.76
07 AAA 014,Fiat,Atego,1,11.27,2024-02-10,90,14.79
07 AAA 014,Fiat,Atego,1,11.27,2024-02-11,141,16.84
07 AAA 014,Fiat,Atego,1,11.27,2024-02-12,275,27.96
07 AAA 014,Fiat,Atego,1,11.27,2024-02-13,156,22.44
07 AAA 014,Fiat,Atego,1,11.27,2024-02-14,202,31.58
07 AAA 014,Fiat,Atego,1,11.27,2024-02-15,199,31.16
07 AAA 014,Fiat,Atego,1,11.27,2024-02-16,169,19.39
07 AAA 014,Fiat,Atego,1,11.27,2024-02-17,131,18.61
07 AAA 014,Fiat,Atego,1,11.27,2024-02-18,137,13.28
07 AAA 014,Fiat,Atego,1,11.27,2024-02-19,68,9.02
07 AAA 014,Fiat,Atego,1,11.27,2024-02-20,90,15.15
07 AAA 014,Fiat,Atego,1,11.27,2024-02-21,112,13.36
07 AAA 014,Fiat,Atego,1,11.27,2024-02-22,164,16.59
07 AAA 014,Fiat,Atego,1,11.27,2024-02-23,285,30.18
07 AAA 014,Fiat,Atego,1,11.27,2024-02-24,124,18.77
07 AAA 014,Fiat,Atego,1,11.27,2024-02-25,291,32.07
07 AAA 014,Fiat,Atego,1,11.27,2024-02-26,173,26.99
07 AAA 014,Fiat,Atego,1,11.27,2024-02-27,159,22.46
07 AAA 014,Fiat,Atego,1,11.27,2024-02-28,127,21.19
07 AAA 014,Fiat,Atego,1,11.27,2024-02-29,72,7.74
07 AAA 014,Fiat,Atego,1,11.27,2024-03-01,126,13.53
07 AAA 014,Fiat,Atego,1,11.27,2024-03-02,276,29.14
07 AAA 014,Fiat,Atego,1,11.27,2024-03-03,158,22.85
07 AAA 014,Fiat,Atego,1,11.27,2024-03-04,242,36.3
07 AAA 014,Fiat,Atego,1,11.27,2024-03-05,295,33.94
07 AAA 014,Fiat,Atego,1,11.27,2024-03-06,135,17.54
07 AAA 014,Fiat,Atego,1,11.27,2024-03-07,82,11.85
07 AAA 014,Fiat,Atego,1,11.27,2024-03-08,174,28.41
07 AAA 014,Fiat,Atego,1,11.27,2024-03-09,271,31.34
07 AAA 014,Fiat,Atego,1,11.27,2024-03-10,50,7.15
07 AAA 014,Fiat,Atego,1,11.27,2024-03-11,296,30.92
07 AAA 014,Fiat,Atego,1,11.27,2024-03-12,92,12.29
07 AAA 014,Fiat,Atego,1,11.27,2024-03-13,282,31.69
07 AAA 014,Fiat,Atego,1,11.27,2024-03-14,157,20.93
07 AAA 014,Fiat,Atego,1,11.27,2024-03-15,42,4.49
07 AAA 014,Fiat,Atego,1,11.27,2024-03-16,114,14.93
07 AAA 014,Fiat,Atego,1,11.27,2024-03-17,63,6.11
07 AAA 014,Fiat,Atego,1,11.27,2024-03-18,175,20.49
07 AAA 014,Fiat,Atego,1,11.27,2024-03-19,198,25.84
07 AAA 014,Fiat,Atego,1,11.27,2024-03-20,110,12.45
07 AAA 014,Fiat,Atego,1,11.27,2024-03-21,40,4.26
07 AAA 014,Fiat,Atego,1,11.27,2024-03-22,74,10.78
07 AAA 014,Fiat,Atego,1,11.27,2024-03-23,48,5.24
07 AAA 014,Fiat,Atego,1,11.27,2024-03-24,291,48.69
07 AAA 014,Fiat,Atego,1,11.27,2024-03-25,86,10.45
07 AAA 014,Fiat,Atego,1,11.27,2024-03-26,59,7.7
07 AAA 014,Fiat,Atego,1,11.27,2024-03-27,231,31.28
07 AAA 014,Fiat,Atego,1,11.27,2024-03-28,203,18.34
07 AAA 014,Fiat,Atego,1,11.27,2024-03-29,249,25.99
07 AAA 014,Fiat,Atego,1,11.27,2024-03-30,270,42.47
07 AAA 014,Fiat,Atego,1,11.27,2024-03-31,170,15.43
07 AAA 014,Fiat,Atego,1,11.27,2024-04-01,293,30.42
07 AAA 014,Fiat,Atego,1,11.27,2024-04-02,100,9.5
07 AAA 014,Fiat,Atego,1,11.27,2024-04-03,251,24.18
07 AAA 014,Fiat,Atego,1,11.27,2024-04-04,202,24.0
07 AAA 014,Fiat,Atego,1,11.27,2024-04-05,67,6.6
07 AAA 014,Fiat,Atego,1,11.27,2024-04-06,91,9.05
07 AAA 014,Fiat,Atego,1,11.27,2024-04-07,52,8.79
07 AAA 014,Fiat,Atego,1,11.27,2024-04-08,125,18.64
07 AAA 014,Fiat,Atego,1,11.27,2024-04-09,250,24.87
07 AAA 014,Fiat,Atego,1,11.27,2024-04-10,264,28.81
07 AAA 014,Fiat,Atego,1,11.27,2024-04-11,251,41.81
07 AAA 014,Fiat,Atego,1,11.27,2024-04-12,127,18.14
07 AAA 014,Fiat,Atego,1,11.27,2024-04-13,80,10.45
07 AAA 014,Fiat,Atego,1,11.27,2024-04-14,115,11.54
07 AAA 014,Fiat,Atego,1,11.27,2024-04-15,163,18.99
07 AAA 014,Fiat,Atego,1,11.27,2024-04-16,182,26.14
07 AAA 014,Fiat,Atego,1,11.27,2024-04-17,185,18.09
07 AAA 014,Fiat,Atego,1,11.27,2024-04-18,198,25.96
07 AAA 014,Fiat,Atego,1,11.27,2024-04-19,55,8.0
07 AAA 014,Fiat,Atego,1,11.27,2024-04-20,58,6.8
07 AAA 014,Fiat,Atego,1,11.27,2024-04-21,225,24.3
07 AAA 014,Fiat,Atego,1,11.27,2024-04-22,128,18.48
07 AAA 014,Fiat,Atego,1,11.27,2024-04-23,156,20.37
07 AAA 014,Fiat,Atego,1,11.27,2024-04-24,174,20.33
07 AAA 014,Fiat,Atego,1,11.27,2024-04-25,186,18.39
07 AAA 014,Fiat,Atego,1,11.27,2024-04-26,178,26.2
07 AAA 014,Fiat,Atego,1,11.27,2024-04-27,260,35.22
07 AAA 014,Fiat,Atego,1,11.27,2024-04-28,218,36.77
07 AAA 014,Fiat,Atego,1,11.27,2024-04-29,200,27.35
07 AAA 015,Volkswagen,Fluence,2,10.86,2024-01-01,212,27.93
07 AAA 015,Volkswagen,Fluence,2,10.86,2024-01-02,264,37.97
07 AAA 015,Volkswagen,Fluence,2,10.86,2024-01-03,93,9.84
07 AAA 015,Volkswagen,Fluence,2,10.86,2024-01-04,73,10.56
07 AAA 015,Volkswagen,Fluence,2,10.86,2024-01-05,152,13.67
07 AAA 015,Volkswagen,Fluence,2,10.86,2024-01-06,178,19.24
07 AAA 015,Volkswagen,Fluence,2,10.86,2024-01-07,191,22.85
07 AAA 015,Volkswagen,Fluence,2,10.86,2024-01-08,207,19.15
07 AAA 015,Volkswagen,Fluence,2,10.86,2024-01-09,135,18.14
07 AAA 015,Volkswagen,Fluence,2,10.86,2024-01-10,266,34.43
07 AAA 015,Volkswagen,Fluence,2,10.86,2024-01-11,50,5.6
07 AAA 015,Volkswagen,Fluence,2,10.86,2024-01-12,61,6.88
07 AAA 015,Volkswagen,Fluence,2,10.86,2024-01-13,180,20.51
07 AAA 015,Volkswagen,Fluence,2,10.86,2024-01-14,220,21.82
07 AAA 015,Volkswagen,Fluence,2,10.86,2024-01-15,110,13.72
07 AAA 015,Volkswagen,Fluence,2,10.86,2024-01-16,283,32.86
07 AAA 015,Volkswagen,Fluence,2,10.86,2024-01-17,281,45.75
07 AAA 015,Volkswagen,Fluence,2,10.86,2024-01-18,280,26.43
07 AAA 015,Volkswagen,Fluence,2,10.86,2024-01-19,281,31.79
07 AAA 015,Volkswagen,Fluence,2,10.86,2024-01-20,121,16.71
07 AAA 015,Volkswagen,Fluence,2,10.86,2024-01-21,264,35.68
07 AAA 015,Volkswagen,Fluence,2,10.86,2024-01-22,231,28.29
07 AAA 015,Volkswagen,Fluence,2,10.86,2024-01-23,74,8.11
07 AAA 015,Volkswagen,Fluence,2,10.86,2024-01-24,168,15.02
07 AAA 015,Volkswagen,Fluence,2,10.86,2024-01-25,299,34.93
07 AAA 015,Volkswagen,Fluence,2,10.86,2024-01-26,94,12.12
07 AAA 015,Volkswagen,Fluence,2,10.86,2024-01-27,70,8.91
07 AAA 015,Volkswagen,Fluence,2,10.86,2024-01-28,245,39.17
07 AAA 015,Volkswagen,Fluence,2,10.86,2024-01-29,98,10.54
07 AAA 015,Volkswagen,Fluence,2,10.86,2024-01-30,78,7.02
07 AAA 015,Volkswagen,Fluence,2,10.86,2024-01-31,65,9.7
07 AAA 015,Volkswagen,Fluence,2,10.86,2024-02-01,298,43.2
07 AAA 015,Volkswagen,Fluence,2,10.86,2024-02-02,229,25.26
07 AAA 015,Volkswagen,Fluence,2,10.86,2024-02-03,290,44.13
07 AAA 015,Volkswagen,Fluence,2,10.86,2024-02-04,44,4.89
07 AAA 015,Volkswagen,Fluence,2,10.86,2024-02-05,64,8.52
07 AAA 015,Volkswagen,Fluence,2,10.86,2024-02-06,262,41.74
07 AAA 015,Volkswagen,Fluence,2,10.86,2024-02-07,274,32.66
07 AAA 015,Volkswagen,Fluence,2,10.86,2024-02-08,285,45.43
07 AAA 015,Volkswagen,Fluence,2,10.86,2024-02-09,57,5.57
07 AAA 015,Volkswagen,Fluence,2,10.86,2024-02-10,104,11.72
07 AAA 015,Volkswagen,Fluence,2,10.86,2024-02-11,75,11.55
07 AAA 015,Volkswagen,Fluence,2,10.86,2024-02-12,125,15.05
07 AAA 015,Volkswagen,Fluence,2,10.86,2024-02-13,121,14.85
07 AAA 015,Volkswagen,Fluence,2,10.86,2024-02-14,217,35.3
07 AAA 015,Volkswagen,Fluence,2,10.86,2024-02-15,42,6.64
07 AAA 015,Volkswagen,Fluence,2,10.86,2024-02-16,271,32.76
07 AAA 015,Volkswagen,Fluence,2,10.86,2024-02-17,140,21.9
07 AAA 015,Volkswagen,Fluence,2,10.86,2024-02-18,218,29.35
07 AAA 015,Volkswagen,Fluence,2,10.86,2024-02-19,293,35.55
07 AAA 015,Volkswagen,Fluence,2,10.86,2024-02-20,246,29.32
07 AAA 015,Volkswagen,Fluence,2,10.86,2024-02-21,288,45.06
07 AAA 015,Volkswagen,Fluence,2,10.86,2024-02-22,252,29.96
07 AAA 015,Volkswagen,Fluence,2,10.86,2024-02-23,61,8.1
07 AAA 015,Volkswagen,Fluence,2,10.86,2024-02-24,109,10.78
07 AAA 015,Volkswagen,Fluence,2,10.86,2024-02-25,189,21.29
07 AAA 015,Volkswagen,Fluence,2,10.86,2024-02-26,228,32.56
07 AAA 015,Volkswagen,Fluence,2,10.86,2024-02-27,117,16.66
07 AAA 015,Volkswagen,Fluence,2,10.86,2024-02-28,230,21.73
07 AAA 015,Volkswagen,Fluence,2,10.86,2024-02-29,51,7.14
07 AAA 015,Volkswagen,Fluence,2,10.86,2024-03-01,126,20.26
07 AAA 015,Volkswagen,Fluence,2,10.86,2024-03-02,130,19.54
07 AAA 015,Volkswagen,Fluence,2,10.86,2024-03-03,240,31.17
07 AAA 015,Volkswagen,Fluence,2,10.86,2024-03-04,256,31.03
07 AAA 015,Volkswagen,Fluence,2,10.86,2024-03-05,272,24.22
07 AAA 015,Volkswagen,Fluence,2,10.86,2024-03-06,109,16.81
07 AAA 015,Volkswagen,Fluence,2,10.86,2024-03-07,92,9.61
07 AAA 015,Volkswagen,Fluence,2,10.86,2024-03-08,203,22.8
07 AAA 015,Volkswagen,Fluence,2,10.86,2024-03-09,238,30.19
07 AAA 015,Volkswagen,Fluence,2,10.86,2024-03-10,217,34.68
07 AAA 015,Volkswagen,Fluence,2,10.86,2024-03-11,149,13.63
07 AAA 015,Volkswagen,Fluence,2,10.86,2024-03-12,217,19.29
07 AAA 015,Volkswagen,Fluence,2,10.86,2024-03-13,295,30.09
07 AAA 015,Volkswagen,Fluence,2,10.86,2024-03-14,70,11.22
07 AAA 015,Volkswagen,Fluence,2,10.86,2024-03-15,142,23.1
07 AAA 015,Volkswagen,Fluence,2,10.86,2024-03-16,283,29.26
07 AAA 015,Volkswagen,Fluence,2,10.86,2024-03-17,115,14.62
07 AAA 015,Volkswagen,Fluence,2,10.86,2024-03-18,256,35.5
07 AAA 015,Volkswagen,Fluence,2,10.86,2024-03-19,45,6.82
07 AAA 015,Volkswagen,Fluence,2,10.86,2024-03-20,104,9.86
07 AAA 015,Volkswagen,Fluence,2,10.86,2024-03-21,88,8.76
07 AAA 015,Volkswagen,Fluence,2,10.86,2024-03-22,171,19.01
07 AAA 015,Volkswagen,Fluence,2,10.86,2024-03-23,103,16.11
07 AAA 015,Volkswagen,Fluence,2,10.86,2024-03-24,154,24.99
07 AAA 015,Volkswagen,Fluence,2,10.86,2024-03-25,214,33.85
07 AAA 015,Volkswagen,Fluence,2,10.86,2024-03-26,189,25.28
07 AAA 015,Volkswagen,Fluence,2,10.86,2024-03-27,250,30.24
07 AAA 015,Volkswagen,Fluence,2,10.86,2024-03-28,297,34.17
07 AAA 015,Volkswagen,Fluence,2,10.86,2024-03-29,220,25.86
07 AAA 015,Volkswagen,Fluence,2,10.86,2024-03-30,167,15.44
07 AAA 015,Volkswagen,Fluence,2,10.86,2024-03-31,213,27.45
07 AAA 015,Volkswagen,Fluence,2,10.86,2024-04-01,204,17.8
07 AAA 015,Volkswagen,Fluence,2,10.86,2024-04-02,228,23.97
07 AAA 015,Volkswagen,Fluence,2,10.86,2024-04-03,63,8.41
07 AAA 015,Volkswagen,Fluence,2,10.86,2024-04-04,133,18.39
07 AAA 015,Volkswagen,Fluence,2,10.86,2024-04-05,148,13.49
07 AAA 015,Volkswagen,Fluence,2,10.86,2024-04-06,70,11.26
07 AAA 015,Volkswagen,Fluence,2,10.86,2024-04-07,174,16.42
07 AAA 015,Volkswagen,Fluence,2,10.86,2024-04-08,123,12.96
07 AAA 015,Volkswagen,Fluence,2,10.86,2024-04-09,78,8.06
07 AAA 015,Volkswagen,Fluence,2,10.86,2024-04-10,136,16.67
07 AAA 015,Volkswagen,Fluence,2,10.86,2024-04-11,69,6.5
07 AAA 015,Volkswagen,Fluence,2,10.86,2024-04-12,186,29.86
07 AAA 015,Volkswagen,Fluence,2,10.86,2024-04-13,46,5.14
07 AAA 015,Volkswagen,Fluence,2,10.86,2024-04-14,101,10.55
07 AAA 015,Volkswagen,Fluence,2,10.86,2024-04-15,262,31.51
07 AAA 015,Volkswagen,Fluence,2,10.86,2024-04-16,80,12.1
07 AAA 015,Volkswagen,Fluence,2,10.86,2024-04-17,147,21.01
07 AAA 015,Volkswagen,Fluence,2,10.86,2024-04-18,153,24.34
07 AAA 015,Volkswagen,Fluence,2,10.86,2024-04-19,234,21.26
07 AAA 015,Volkswagen,Fluence,2,10.86,2024-04-20,63,7.36
07 AAA 015,Volkswagen,Fluence,2,10.86,2024-04-21,157,15.05
07 AAA 015,Volkswagen,Fluence,2,10.86,2024-04-22,213,26.64
07 AAA 015,Volkswagen,Fluence,2,10.86,2024-04-23,220,29.06
07 AAA 015,Volkswagen,Fluence,2,10.86,2024-04-24,199,24.88
07 AAA 015,Volkswagen,Fluence,2,10.86,2024-04-25,214,32.78
07 AAA 015,Volkswagen,Fluence,2,10.86,2024-04-26,263,30.54
07 AAA 015,Volkswagen,Fluence,2,10.86,2024-04-27,78,12.35
07 AAA 015,Volkswagen,Fluence,2,10.86,2024-04-28,68,8.39
07 AAA 015,Volkswagen,Fluence,2,10.86,2024-04-29,279,25.96
07 AAA 016,Renault,Fluence,1,11.07,2024-01-01,300,46.47
07 AAA 016,Renault,Fluence,1,11.07,2024-01-02,60,5.5
07 AAA 016,Renault,Fluence,1,11.07,2024-01-03,240,36.36
07 AAA 016,Renault,Fluence,1,11.07,2024-01-04,273,43.9
07 AAA 016,Renault,Fluence,1,11.07,2024-01-05,255,36.19
07 AAA 016,Renault,Fluence,1,11.07,2024-01-06,190,27.05
07 AAA 016,Renault,Fluence,1,11.07,2024-01-07,105,12.46
07 AAA 016,Renault,Fluence,1,11.07,2024-01-08,109,12.33
07 AAA 016,Renault,Fluence,1,11.07,2024-01-09,256,40.14
07 AAA 016,Renault,Fluence,1,11.07,2024-01-10,180,20.58
07 AAA 016,Renault,Fluence,1,11.07,2024-01-11,295,37.07
07 AAA 016,Renault,Fluence,1,11.07,2024-01-12,271,29.47
07 AAA 016,Renault,Fluence,1,11.07,2024-01-13,271,27.14
07 AAA 016,Renault,Fluence,1,11.07,2024-01-14,139,13.67
07 AAA 016,Renault,Fluence,1,11.07,2024-01-15,83,12.62
07 AAA 016,Renault,Fluence,1,11.07,2024-01-16,125,11.41
07 AAA 016,Renault,Fluence,1,11.07,2024-01-17,217,26.39
07 AAA 016,Renault,Fluence,1,11.07,2024-01-18,61,9.53
07 AAA 016,Renault,Fluence,1,11.07,2024-01-19,83,10.31
07 AAA 016,Renault,Fluence,1,11.07,2024-01-20,145,23.23
07 AAA 016,Renault,Fluence,1,11.07,2024-01-21,253,30.42
07 AAA 016,Renault,Fluence,1,11.07,2024-01-22,269,34.54
07 AAA 016,Renault,Fluence,1,11.07,2024-01-23,94,15.13
07 AAA 016,Renault,Fluence,1,11.07,2024-01-24,44,4.51
07 AAA 016,Renault,Fluence,1,11.07,2024-01-25,193,24.34
07 AAA 016,Renault,Fluence,1,11.07,2024-01-26,219,23.54
07 AAA 016,Renault,Fluence,1,11.07,2024-01-27,255,26.25
07 AAA 016,Renault,Fluence,1,11.07,2024-01-28,292,35.97
07 AAA 016,Renault,Fluence,1,11.07,2024-01-29,284,27.38
07 AAA 016,Renault,Fluence,1,11.07,2024-01-30,52,5.49
07 AAA 016,Renault,Fluence,1,11.07,2024-01-31,113,13.49
07 AAA 016,Renault,Fluence,1,11.07,2024-02-01,215,30.88
07 AAA 016,Renault,Fluence,1,11.07,2024-02-02,284,31.65
07 AAA 016,Renault,Fluence,1,11.07,2024-02-03,123,18.67
07 AAA 016,Renault,Fluence,1,11.07,2024-02-04,175,19.3
07 AAA 016,Renault,Fluence,1,11.07,2024-02-05,170,20.99
07 AAA 016,Renault,Fluence,1,11.07,2024-02-06,284,43.86
07 AAA 016,Renault,Fluence,1,11.07,2024-02-07,179,26.45
07 AAA 016,Renault,Fluence,1,11.07,2024-02-08,43,5.07
07 AAA 016,Renault,Fluence,1,11.07,2024-02-09,226,20.27
07 AAA 016,Renault,Fluence,1,11.07,2024-02-10,104,15.75
07 AAA 016,Renault,Fluence,1,11.07,2024-02-11,186,17.51
07 AAA 016,Renault,Fluence,1,11.07,2024-02-12,248,25.68
07 AAA 016,Renault,Fluence,1,11.07,2024-02-13,169,22.91
07 AAA 016,Renault,Fluence,1,11.07,2024-02-14,173,24.94
07 AAA 016,Renault,Fluence,1,11.07,2024-02-15,45,4.92
07 AAA 016,Renault,Fluence,1,11.07,2024-02-16,198,23.3
07 AAA 016,Renault,Fluence,1,11.07,2024-02-17,293,43.49
07 AAA 016,Renault,Fluence,1,11.07,2024-02-18,114,18.0
07 AAA 016,Renault,Fluence,1,11.07,2024-02-19,173,17.93
07 AAA 016,Renault,Fluence,1,11.07,2024-02-20,190,27.76
07 AAA 016,Renault,Fluence,1,11.07,2024-02-21,229,22.83
07 AAA 016,Renault,Fluence,1,11.07,2024-02-22,282,37.52
07 AAA 016,Renault,Fluence,1,11.07,2024-02-23,69,10.15
07 AAA 016,Renault,Fluence,1,11.07,2024-02-24,114,10.16
07 AAA 016,Renault,Fluence,1,11.07,2024-02-25,207,29.67
07 AAA 016,Renault,Fluence,1,11.07,2024-02-26,58,5.92
07 AAA 016,Renault,Fluence,1,11.07,2024-02-27,291,41.03
07 AAA 016,Renault,Fluence,1,11.07,2024-02-28,150,23.39
07 AAA 016,Renault,Fluence,1,11.07,2024-02-29,76,8.93
07 AAA 016,Renault,Fluence,1,11.07,2024-03-01,188,19.48
07 AAA 016,Renault,Fluence,1,11.07,2024-03-02,235,35.85
07 AAA 016,Renault,Fluence,1,11.07,2024-03-03,246,37.42
07 AAA 016,Renault,Fluence,1,11.07,2024-03-04,270,34.56
07 AAA 016,Renault,Fluence,1,11.07,2024-03-05,87,13.32
07 AAA 016,Renault,Fluence,1,11.07,2024-03-06,69,7.56
07 AAA 016,Renault,Fluence,1,11.07,2024-03-07,198,24.77
07 AAA 016,Renault,Fluence,1,11.07,2024-03-08,229,26.45
07 AAA 016,Renault,Fluence,1,11.07,2024-03-09,83,10.35
07 AAA 016,Renault,Fluence,1,11.07,2024-03-10,191,18.21
07 AAA 016,Renault,Fluence,1,11.07,2024-03-11,288,29.39
07 AAA 016,Renault,Fluence,1,11.07,2024-03-12,286,36.96
07 AAA 016,Renault,Fluence,1,11.07,2024-03-13,281,28.54
07 AAA 016,Renault,Fluence,1,11.07,2024-03-14,207,25.51
07 AAA 016,Renault,Fluence,1,11.07,2024-03-15,120,17.68
07 AAA 016,Renault,Fluence,1,11.07,2024-03-16,68,8.2
07 AAA 016,Renault,Fluence,1,11.07,2024-03-17,53,5.28
07 AAA 016,Renault,Fluence,1,11.07,2024-03-18,251,31.5
07 AAA 016,Renault,Fluence,1,11.07,2024-03-19,102,11.08
07 AAA 016,Renault,Fluence,1,11.07,2024-03-20,126,16.27
07 AAA 016,Renault,Fluence,1,11.07,2024-03-21,267,43.81
07 AAA 016,Renault,Fluence,1,11.07,2024-03-22,220,27.42
07 AAA 016,Renault,Fluence,1,11.07,2024-03-23,233,32.38
07 AAA 016,Renault,Fluence,1,11.07,2024-03-24,269,37.66
07 AAA 016,Renault,Fluence,1,11.07,2024-03-25,225,22.82
07 AAA 016,Renault,Fluence,1,11.07,2024-03-26,129,14.5
07 AAA 016,Renault,Fluence,1,11.07,2024-03-27,111,14.69
07 AAA 016,Renault,Fluence,1,11.07,2024-03-28,193,21.49
07 AAA 016,Renault,Fluence,1,11.07,2024-03-29,125,18.32
07 AAA 016,Renault,Fluence,1,11.07,2024-03-30,246,30.24
07 AAA 016,Renault,Fluence,1,11.07,2024-03-31,155,18.27
07 AAA 016,Renault,Fluence,1,11.07,2024-04-01,215,29.9
07 AAA 016,Renault,Fluence,1,11.07,2024-04-02,209,31.69
07 AAA 016,Renault,Fluence,1,11.07,2024-04-03,114,12.02
07 AAA 016,Renault,Fluence,1,11.07,2024-04-04,214,26.54
07 AAA 016,Renault,Fluence,1,11.07,2024-04-05,236,25.6
07 AAA 016,Renault,Fluence,1,11.07,2024-04-06,144,15.17
07 AAA 016,Renault,Fluence,1,11.07,2024-04-07,145,14.74
07 AAA 016,Renault,Fluence,1,11.07,2024-04-08,86,14.06
07 AAA 016,Renault,Fluence,1,11.07,2024-04-09,134,14.73
07 AAA 016,Renault,Fluence,1,11.07,2024-04-10,254,30.96
07 AAA 016,Renault,Fluence,1,11.07,2024-04-11,212,34.8
07 AAA 016,Renault,Fluence,1,11.07,2024-04-12,175,21.46
07 AAA 016,Renault,Fluence,1,11.07,2024-04-13,243,30.93
07 AAA 016,Renault,Fluence,1,11.07,2024-04-14,59,9.77
07 AAA 016,Renault,Fluence,1,11.07,2024-04-15,157,16.49
07 AAA 016,Renault,Fluence,1,11.07,2024-04-16,61,9.27
07 AAA 016,Renault,Fluence,1,11.07,2024-04-17,72,7.99
07 AAA 016,Renault,Fluence,1,11.07,2024-04-18,293,45.77
07 AAA 016,Renault,Fluence,1,11.07,2024-04-19,144,16.87
07 AAA 016,Renault,Fluence,1,11.07,2024-04-20,173,28.63
07 AAA 016,Renault,Fluence,1,11.07,2024-04-21,267,23.84
07 AAA 016,Renault,Fluence,1,11.07,2024-04-22,84,8.81
07 AAA 016,Renault,Fluence,1,11.07,2024-04-23,164,21.82
07 AAA 016,Renault,Fluence,1,11.07,2024-04-24,225,19.94
07 AAA 016,Renault,Fluence,1,11.07,2024-04-25,189,26.18
07 AAA 016,Renault,Fluence,1,11.07,2024-04-26,243,29.8
07 AAA 016,Renault,Fluence,1,11.07,2024-04-27,91,14.29
07 AAA 016,Renault,Fluence,1,11.07,2024-04-28,252,29.22
07 AAA 016,Renault,Fluence,1,11.07,2024-04-29,113,17.41
07 AAA 017,Peugeot,Caddy,3,25.6,2024-01-01,41,9.29
07 AAA 017,Peugeot,Caddy,3,25.6,2024-01-02,43,11.76
07 AAA 017,Peugeot,Caddy,3,25.6,2024-01-03,226,64.17
07 AAA 017,Peugeot,Caddy,3,25.6,2024-01-04,223,74.89
07 AAA 017,Peugeot,Caddy,3,25.6,2024-01-05,193,60.12
07 AAA 017,Peugeot,Caddy,3,25.6,2024-01-06,185,38.56
07 AAA 017,Peugeot,Caddy,3,25.6,2024-01-07,55,12.14
07 AAA 017,Peugeot,Caddy,3,25.6,2024-01-08,197,54.26
07 AAA 017,Peugeot,Caddy,3,25.6,2024-01-09,98,37.4
07 AAA 017,Peugeot,Caddy,3,25.6,2024-01-10,145,36.76
07 AAA 017,Peugeot,Caddy,3,25.6,2024-01-11,270,82.22
07 AAA 017,Peugeot,Caddy,3,25.6,2024-01-12,272,98.12
07 AAA 017,Peugeot,Caddy,3,25.6,2024-01-13,113,31.59
07 AAA 017,Peugeot,Caddy,3,25.6,2024-01-14,279,81.35
07 AAA 017,Peugeot,Caddy,3,25.6,2024-01-15,226,56.53
07 AAA 017,Peugeot,Caddy,3,25.6,2024-01-16,247,93.69
07 AAA 017,Peugeot,Caddy,3,25.6,2024-01-17,293,97.62
07 AAA 017,Peugeot,Caddy,3,25.6,2024-01-18,149,55.21
07 AAA 017,Peugeot,Caddy,3,25.6,2024-01-19,193,62.52
07 AAA 017,Peugeot,Caddy,3,25.6,2024-01-20,62,15.89
07 AAA 017,Peugeot,Caddy,3,25.6,2024-01-21,285,68.61
07 AAA 017,Peugeot,Caddy,3,25.6,2024-01-22,202,57.69
07 AAA 017,Peugeot,Caddy,3,25.6,2024-01-23,57,13.7
07 AAA 017,Peugeot,Caddy,3,25.6,2024-01-24,141,31.97
07 AAA 017,Peugeot,Caddy,3,25.6,2024-01-25,91,28.21
07 AAA 017,Peugeot,Caddy,3,25.6,2024-01-26,112,35.85
07 AAA 017,Peugeot,Caddy,3,25.6,2024-01-27,146,31.52
07 AAA 017,Peugeot,Caddy,3,25.6,2024-01-28,173,55.01
07 AAA 017,Peugeot,Caddy,3,25.6,2024-01-29,92,30.69
07 AAA 017,Peugeot,Caddy,3,25.6,2024-01-30,214,80.75
07 AAA 017,Peugeot,Caddy,3,25.6,2024-01-31,151,47.51
07 AAA 017,Peugeot,Caddy,3,25.6,2024-02-01,247,72.64
07 AAA 017,Peugeot,Caddy,3,25.6,2024-02-02,113,39.46
07 AAA 017,Peugeot,Caddy,3,25.6,2024-02-03,278,80.32
07 AAA 017,Peugeot,Caddy,3,25.6,2024-02-04,280,85.5
07 AAA 017,Peugeot,Caddy,3,25.6,2024-02-05,288,94.75
07 AAA 017,Peugeot,Caddy,3,25.6,2024-02-06,223,66.3
07 AAA 017,Peugeot,Caddy,3,25.6,2024-02-07,247,73.59
07 AAA 017,Peugeot,Caddy,3,25.6,2024-02-08,112,36.1
07 AAA 017,Peugeot,Caddy,3,25.6,2024-02-09,255,69.13
07 AAA 017,Peugeot,Caddy,3,25.6,2024-02-10,48,18.12
07 AAA 017,Peugeot,Caddy,3,25.6,2024-02-11,245,72.04
07 AAA 017,Peugeot,Caddy,3,25.6,2024-02-12,100,29.83
07 AAA 017,Peugeot,Caddy,3,25.6,2024-02-13,261,86.05
07 AAA 017,Peugeot,Caddy,3,25.6,2024-02-14,164,60.75
07 AAA 017,Peugeot,Caddy,3,25.6,2024-02-15,46,16.16
07 AAA 017,Peugeot,Caddy,3,25.6,2024-02-16,161,56.28
07 AAA 017,Peugeot,Caddy,3,25.6,2024-02-17,87,26.86
07 AAA 017,Peugeot,Caddy,3,25.6,2024-02-18,141,41.33
07 AAA 017,Peugeot,Caddy,3,25.6,2024-02-19,260,62.15
07 AAA 017,Peugeot,Caddy,3,25.6,2024-02-20,116,32.69
07 AAA 017,Peugeot,Caddy,3,25.6,2024-02-21,176,49.68
07 AAA 017,Peugeot,Caddy,3,25.6,2024-02-22,210,51.2
07 AAA 017,Peugeot,Caddy,3,25.6,2024-02-23,115,37.26
07 AAA 017,Peugeot,Caddy,3,25.6,2024-02-24,234,61.46
07 AAA 017,Peugeot,Caddy,3,25.6,2024-02-25,199,53.02
07 AAA 017,Peugeot,Caddy,3,25.6,2024-02-26,232,51.82
07 AAA 017,Peugeot,Caddy,3,25.6,2024-02-27,156,42.21
07 AAA 017,Peugeot,Caddy,3,25.6,2024-02-28,105,29.63
07 AAA 017,Peugeot,Caddy,3,25.6,2024-02-29,71,23.68
07 AAA 017,Peugeot,Caddy,3,25.6,2024-03-01,151,40.55
07 AAA 017,Peugeot,Caddy,3,25.6,2024-03-02,49,11.05
07 AAA 017,Peugeot,Caddy,3,25.6,2024-03-03,137,30.55
07 AAA 017,Peugeot,Caddy,3,25.6,2024-03-04,201,44.01
07 AAA 017,Peugeot,Caddy,3,25.6,2024-03-05,198,57.43
07 AAA 017,Peugeot,Caddy,3,25.6,2024-03-06,75,24.04
07 AAA 017,Peugeot,Caddy,3,25.6,2024-03-07,227,49.14
07 AAA 017,Peugeot,Caddy,3,25.6,2024-03-08,183,69.07
07 AAA 017,Peugeot,Caddy,3,25.6,2024-03-09,222,45.93
07 AAA 017,Peugeot,Caddy,3,25.6,2024-03-10,269,59.73
07 AAA 017,Peugeot,Caddy,3,25.6,2024-03-11,165,42.29
07 AAA 017,Peugeot,Caddy,3,25.6,2024-03-12,75,23.95
07 AAA 017,Peugeot,Caddy,3,25.6,2024-03-13,296,72.94
07 AAA 017,Peugeot,Caddy,3,25.6,2024-03-14,73,24.75
07 AAA 017,Peugeot,Caddy,3,25.6,2024-03-15,129,35.26
07 AAA 017,Peugeot,Caddy,3,25.6,2024-03-16,96,30.42
07 AAA 017,Peugeot,Caddy,3,25.6,2024-03-17,186,71.04
07 AAA 017,Peugeot,Caddy,3,25.6,2024-03-18,51,10.93
07 AAA 017,Peugeot,Caddy,3,25.6,2024-03-19,281,70.07
07 AAA 017,Peugeot,Caddy,3,25.6,2024-03-20,126,33.55
07 AAA 017,Peugeot,Caddy,3,25.6,2024-03-21,240,79.71
07 AAA 017,Peugeot,Caddy,3,25.6,2024-03-22,80,19.48
07 AAA 017,Peugeot,Caddy,3,25.6,2024-03-23,135,31.44
07 AAA 017,Peugeot,Caddy,3,25.6,2024-03-24,153,43.17
07 AAA 017,Peugeot,Caddy,3,25.6,2024-03-25,232,66.21
07 AAA 017,Peugeot,Caddy,3,25.6,2024-03-26,264,83.91
07 AAA 017,Peugeot,Caddy,3,25.6,2024-03-27,138,40.74
07 AAA 017,Peugeot,Caddy,3,25.6,2024-03-28,207,48.0
07 AAA 017,Peugeot,Caddy,3,25.6,2024-03-29,49,11.88
07 AAA 017,Peugeot,Caddy,3,25.6,2024-03-30,133,40.72
07 AAA 017,Peugeot,Caddy,3,25.6,2024-03-31,74,25.76
07 AAA 017,Peugeot,Caddy,3,25.6,2024-04-01,95,34.21
07 AAA 017,Peugeot,Caddy,3,25.6,2024-04-02,215,44.44
07 AAA 017,Peugeot,Caddy,3,25.6,2024-04-03,183,47.93
07 AAA 017,Peugeot,Caddy,3,25.6,2024-04-04,82,20.32
07 AAA 017,Peugeot,Caddy,3,25.6,2024-04-05,208,78.81
07 AAA 017,Peugeot,Caddy,3,25.6,2024-04-06,244,63.43
07 AAA 017,Peugeot,Caddy,3,25.6,2024-04-07,148,42.31
07 AAA 017,Peugeot,Caddy,3,25.6,2024-04-08,262,57.06
07 AAA 017,Peugeot,Caddy,3,25.6,2024-04-09,42,11.5
07 AAA 017,Peugeot,Caddy,3,25.6,2024-04-10,94,30.24
07 AAA 017,Peugeot,Caddy,3,25.6,2024-04-11,66,22.59
07 AAA 017,Peugeot,Caddy,3,25.6,2024-04-12,218,60.49
07 AAA 017,Peugeot,Caddy,3,25.6,2024-04-13,158,50.2
07 AAA 017,Peugeot,Caddy,3,25.6,2024-04-14,250,75.6
07 AAA 017,Peugeot,Caddy,3,25.6,2024-04-15,212,61.84
07 AAA 017,Peugeot,Caddy,3,25.6,2024-04-16,176,48.23
07 AAA 017,Peugeot,Caddy,3,25.6,2024-04-17,299,112.49
07 AAA 017,Peugeot,Caddy,3,25.6,2024-04-18,254,72.88
07 AAA 017,Peugeot,Caddy,3,25.6,2024-04-19,125,29.61
07 AAA 017,Peugeot,Caddy,3,25.6,2024-04-20,195,61.91
07 AAA 017,Peugeot,Caddy,3,25.6,2024-04-21,255,96.36
07 AAA 017,Peugeot,Caddy,3,25.6,2024-04-22,270,94.9
07 AAA 017,Peugeot,Caddy,3,25.6,2024-04-23,70,20.7
07 AAA 017,Peugeot,Caddy,3,25.6,2024-04-24,60,19.05
07 AAA 017,Peugeot,Caddy,3,25.6,2024-04-25,70,21.29
07 AAA 017,Peugeot,Caddy,3,25.6,2024-04-26,56,20.23
07 AAA 017,Peugeot,Caddy,3,25.6,2024-04-27,99,36.64
07 AAA 017,Peugeot,Caddy,3,25.6,2024-04-28,104,29.89
07 AAA 017,Peugeot,Caddy,3,25.6,2024-04-29,270,56.88
07 AAA 018,Peugeot,Atego,1,12.72,2024-01-01,253,45.77
07 AAA 018,Peugeot,Atego,1,12.72,2024-01-02,69,9.21
07 AAA 018,Peugeot,Atego,1,12.72,2024-01-03,288,45.31
07 AAA 018,Peugeot,Atego,1,12.72,2024-01-04,240,41.17
07 AAA 018,Peugeot,Atego,1,12.72,2024-01-05,115,15.79
07 AAA 018,Peugeot,Atego,1,12.72,2024-01-06,145,23.72
07 AAA 018,Peugeot,Atego,1,12.72,2024-01-07,150,21.92
07 AAA 018,Peugeot,Atego,1,12.72,2024-01-08,52,7.99
07 AAA 018,Peugeot,Atego,1,12.72,2024-01-09,59,6.17
07 AAA 018,Peugeot,Atego,1,12.72,2024-01-10,130,22.16
07 AAA 018,Peugeot,Atego,1,12.72,2024-01-11,234,35.54
07 AAA 018,Peugeot,Atego,1,12.72,2024-01-12,191,32.37
07 AAA 018,Peugeot,Atego,1,12.72,2024-01-13,90,14.71
07 AAA 018,Peugeot,Atego,1,12.72,2024-01-14,71,11.16
07 AAA 018,Peugeot,Atego,1,12.72,2024-01-15,82,8.41
07 AAA 018,Peugeot,Atego,1,12.72,2024-01-16,139,14.6
07 AAA 018,Peugeot,Atego,1,12.72,2024-01-17,269,35.92
07 AAA 018,Peugeot,Atego,1,12.72,2024-01-18,201,26.05
07 AAA 018,Peugeot,Atego,1,12.72,2024-01-19,173,31.06
07 AAA 018,Peugeot,Atego,1,12.72,2024-01-20,84,9.75
07 AAA 018,Peugeot,Atego,1,12.72,2024-01-21,193,31.5
07 AAA 018,Peugeot,Atego,1,12.72,2024-01-22,220,32.69
07 AAA 018,Peugeot,Atego,1,12.72,2024-01-23,283,44.78
07 AAA 018,Peugeot,Atego,1,12.72,2024-01-24,280,36.97
07 AAA 018,Peugeot,Atego,1,12.72,2024-01-25,167,28.75
07 AAA 018,Peugeot,Atego,1,12.72,2024-01-26,104,12.17
07 AAA 018,Peugeot,Atego,1,12.72,2024-01-27,85,12.91
07 AAA 018,Peugeot,Atego,1,12.72,2024-01-28,176,25.39
07 AAA 018,Peugeot,Atego,1,12.72,2024-01-29,252,35.0
07 AAA 018,Peugeot,Atego,1,12.72,2024-01-30,52,5.64
07 AAA 018,Peugeot,Atego,1,12.72,2024-01-31,230,36.65
07 AAA 018,Peugeot,Atego,1,12.72,2024-02-01,166,27.42
07 AAA 018,Peugeot,Atego,1,12.72,2024-02-02,208,36.23
07 AAA 018,Peugeot,Atego,1,12.72,2024-02-03,76,9.73
07 AAA 018,Peugeot,Atego,1,12.72,2024-02-04,158,18.1
07 AAA 018,Peugeot,Atego,1,12.72,2024-02-05,170,24.09
07 AAA 018,Peugeot,Atego,1,12.72,2024-02-06,56,5.72
07 AAA 018,Peugeot,Atego,1,12.72,2024-02-07,251,30.09
07 AAA 018,Peugeot,Atego,1,12.72,2024-02-08,192,32.14
07 AAA 018,Peugeot,Atego,1,12.72,2024-02-09,225,33.54
07 AAA 018,Peugeot,Atego,1,12.72,2024-02-10,115,15.02
07 AAA 018,Peugeot,Atego,1,12.72,2024-02-11,73,13.41
07 AAA 018,Peugeot,Atego,1,12.72,2024-02-12,46,4.71
07 AAA 018,Peugeot,Atego,1,12.72,2024-02-13,163,19.98
07 AAA 018,Peugeot,Atego,1,12.72,2024-02-14,188,28.02
07 AAA 018,Peugeot,Atego,1,12.72,2024-02-15,237,27.31
07 AAA 018,Peugeot,Atego,1,12.72,2024-02-16,207,33.44
07 AAA 018,Peugeot,Atego,1,12.72,2024-02-17,105,13.86
07 AAA 018,Peugeot,Atego,1,12.72,2024-02-18,248,36.13
07 AAA 018,Peugeot,Atego,1,12.72,2024-02-19,40,5.07
07 AAA 018,Peugeot,Atego,1,12.72,2024-02-20,98,14.67
07 AAA 018,Peugeot,Atego,1,12.72,2024-02-21,262,39.63
07 AAA 018,Peugeot,Atego,1,12.72,2024-02-22,208,33.31
07 AAA 018,Peugeot,Atego,1,12.72,2024-02-23,49,5.96
07 AAA 018,Peugeot,Atego,1,12.72,2024-02-24,211,29.78
07 AAA 018,Peugeot,Atego,1,12.72,2024-02-25,209,35.18
07 AAA 018,Peugeot,Atego,1,12.72,2024-02-26,161,16.66
07 AAA 018,Peugeot,Atego,1,12.72,2024-02-27,172,23.21
07 AAA 018,Peugeot,Atego,1,12.72,2024-02-28,120,15.24
07 AAA 018,Peugeot,Atego,1,12.72,2024-02-29,265,32.08
07 AAA 018,Peugeot,Atego,1,12.72,2024-03-01,253,32.96
07 AAA 018,Peugeot,Atego,1,12.72,2024-03-02,197,21.4
07 AAA 018,Peugeot,Atego,1,12.72,2024-03-03,167,25.49
07 AAA 018,Peugeot,Atego,1,12.72,2024-03-04,157,22.59
07 AAA 018,Peugeot,Atego,1,12.72,2024-03-05,105,18.5
07 AAA 018,Peugeot,Atego,1,12.72,2024-03-06,89,10.5
07 AAA 018,Peugeot,Atego,1,12.72,2024-03-07,235,31.08
07 AAA 018,Peugeot,Atego,1,12.72,2024-03-08,74,12.93
07 AAA 018,Peugeot,Atego,1,12.72,2024-03-09,182,23.38
07 AAA 018,Peugeot,Atego,1,12.72,2024-03-10,65,10.17
07 AAA 018,Peugeot,Atego,1,12.72,2024-03-11,284,43.01
07 AAA 018,Peugeot,Atego,1,12.72,2024-03-12,152,19.8
07 AAA 018,Peugeot,Atego,1,12.72,2024-03-13,134,20.66
07 AAA 018,Peugeot,Atego,1,12.72,2024-03-14,183,31.54
07 AAA 018,Peugeot,Atego,1,12.72,2024-03-15,269,27.51
07 AAA 018,Peugeot,Atego,1,12.72,2024-03-16,58,9.13
07 AAA 018,Peugeot,Atego,1,12.72,2024-03-17,230,25.66
07 AAA 018,Peugeot,Atego,1,12.72,2024-03-18,269,35.01
07 AAA 018,Peugeot,Atego,1,12.72,2024-03-19,272,41.23
07 AAA 018,Peugeot,Atego,1,12.72,2024-03-20,58,6.55
07 AAA 018,Peugeot,Atego,1,12.72,2024-03-21,224,28.54
07 AAA 018,Peugeot,Atego,1,12.72,2024-03-22,140,20.69
07 AAA 018,Peugeot,Atego,1,12.72,2024-03-23,47,7.23
07 AAA 018,Peugeot,Atego,1,12.72,2024-03-24,84,8.82
07 AAA 018,Peugeot,Atego,1,12.72,2024-03-25,185,21.78
07 AAA 018,Peugeot,Atego,1,12.72,2024-03-26,291,48.14
07 AAA 018,Peugeot,Atego,1,12.72,2024-03-27,209,34.13
07 AAA 018,Peugeot,Atego,1,12.72,2024-03-28,149,19.0
07 AAA 018,Peugeot,Atego,1,12.72,2024-03-29,193,27.29
07 AAA 018,Peugeot,Atego,1,12.72,2024-03-30,201,33.54
07 AAA 018,Peugeot,Atego,1,12.72,2024-03-31,87,15.14
07 AAA 018,Peugeot,Atego,1,12.72,2024-04-01,72,10.73
07 AAA 018,Peugeot,Atego,1,12.72,2024-04-02,74,13.2
07 AAA 018,Peugeot,Atego,1,12.72,2024-04-03,90,16.28
07 AAA 018,Peugeot,Atego,1,12.72,2024-04-04,146,21.68
07 AAA 018,Peugeot,Atego,1,12.72,2024-04-05,267,28.47
07 AAA 018,Peugeot,Atego,1,12.72,2024-04-06,220,22.77
07 AAA 018,Peugeot,Atego,1,12.72,2024-04-07,63,7.19
07 AAA 018,Peugeot,Atego,1,12.72,2024-04-08,127,23.72
07 AAA 018,Peugeot,Atego,1,12.72,2024-04-09,205,28.06
07 AAA 018,Peugeot,Atego,1,12.72,2024-04-10,145,22.89
07 AAA 018,Peugeot,Atego,1,12.72,2024-04-11,107,18.23
07 AAA 018,Peugeot,Atego,1,12.72,2024-04-12,173,23.18
07 AAA 018,Peugeot,Atego,1,12.72,2024-04-13,253,46.9
07 AAA 018,Peugeot,Atego,1,12.72,2024-04-14,234,26.37
07 AAA 018,Peugeot,Atego,1,12.72,2024-04-15,67,7.68
07 AAA 018,Peugeot,Atego,1,12.72,2024-04-16,248,31.58
07 AAA 018,Peugeot,Atego,1,12.72,2024-04-17,185,19.76
07 AAA 018,Peugeot,Atego,1,12.72,2024-04-18,151,21.78
07 AAA 018,Peugeot,Atego,1,12.72,2024-04-19,239,40.55
07 AAA 018,Peugeot,Atego,1,12.72,2024-04-20,143,21.04
07 AAA 018,Peugeot,Atego,1,12.72,2024-04-21,55,6.13
07 AAA 018,Peugeot,Atego,1,12.72,2024-04-22,153,22.03
07 AAA 018,Peugeot,Atego,1,12.72,2024-04-23,235,41.11
07 AAA 018,Peugeot,Atego,1,12.72,2024-04-24,282,43.26
07 AAA 018,Peugeot,Atego,1,12.72,2024-04-25,49,5.8
07 AAA 018,Peugeot,Atego,1,12.72,2024-04-26,69,11.55
07 AAA 018,Peugeot,Atego,1,12.72,2024-04-27,283,52.3
07 AAA 018,Peugeot,Atego,1,12.72,2024-04-28,92,11.3
07 AAA 018,Peugeot,Atego,1,12.72,2024-04-29,40,6.66
07 AAA 019,Mercedes,Boxer,1,12.61,2024-01-01,204,36.81
07 AAA 019,Mercedes,Boxer,1,12.61,2024-01-02,229,23.31
07 AAA 019,Mercedes,Boxer,1,12.61,2024-01-03,214,25.54
07 AAA 019,Mercedes,Boxer,1,12.61,2024-01-04,46,5.36
07 AAA 019,Mercedes,Boxer,1,12.61,2024-01-05,235,36.84
07 AAA 019,Mercedes,Boxer,1,12.61,2024-01-06,52,6.49
07 AAA 019,Mercedes,Boxer,1,12.61,2024-01-07,221,36.2
07 AAA 019,Mercedes,Boxer,1,12.61,2024-01-08,227,34.68
07 AAA 019,Mercedes,Boxer,1,12.61,2024-01-09,87,13.43
07 AAA 019,Mercedes,Boxer,1,12.61,2024-01-10,114,19.01
07 AAA 019,Mercedes,Boxer,1,12.61,2024-01-11,214,26.09
07 AAA 019,Mercedes,Boxer,1,12.61,2024-01-12,62,10.38
07 AAA 019,Mercedes,Boxer,1,12.61,2024-01-13,220,40.29
07 AAA 019,Mercedes,Boxer,1,12.61,2024-01-14,106,13.61
07 AAA 019,Mercedes,Boxer,1,12.61,2024-01-15,132,24.14
07 AAA 019,Mercedes,Boxer,1,12.61,2024-01-16,223,22.68
07 AAA 019,Mercedes,Boxer,1,12.61,2024-01-17,169,19.32
07 AAA 019,Mercedes,Boxer,1,12.61,2024-01-18,46,6.49
07 AAA 019,Mercedes,Boxer,1,12.61,2024-01-19,80,12.31
07 AAA 019,Mercedes,Boxer,1,12.61,2024-01-20,102,14.98
07 AAA 019,Mercedes,Boxer,1,12.61,2024-01-21,196,21.29
07 AAA 019,Mercedes,Boxer,1,12.61,2024-01-22,156,26.34
07 AAA 019,Mercedes,Boxer,1,12.61,2024-01-23,248,25.59
07 AAA 019,Mercedes,Boxer,1,12.61,2024-01-24,249,35.58
07 AAA 019,Mercedes,Boxer,1,12.61,2024-01-25,226,42.57
07 AAA 019,Mercedes,Boxer,1,12.61,2024-01-26,250,30.09
07 AAA 019,Mercedes,Boxer,1,12.61,2024-01-27,255,32.33
07 AAA 019,Mercedes,Boxer,1,12.61,2024-01-28,208,32.32
07 AAA 019,Mercedes,Boxer,1,12.61,2024-01-29,187,33.08
07 AAA 019,Mercedes,Boxer,1,12.61,2024-01-30,227,41.49
07 AAA 019,Mercedes,Boxer,1,12.61,2024-01-31,264,31.91
07 AAA 019,Mercedes,Boxer,1,12.61,2024-02-01,123,16.49
07 AAA 019,Mercedes,Boxer,1,12.61,2024-02-02,162,18.02
07 AAA 019,Mercedes,Boxer,1,12.61,2024-02-03,116,14.14
07 AAA 019,Mercedes,Boxer,1,12.61,2024-02-04,163,28.23
07 AAA 019,Mercedes,Boxer,1,12.61,2024-02-05,175,18.92
07 AAA 019,Mercedes,Boxer,1,12.61,2024-02-06,136,21.73
07 AAA 019,Mercedes,Boxer,1,12.61,2024-02-07,231,31.37
07 AAA 019,Mercedes,Boxer,1,12.61,2024-02-08,120,15.95
07 AAA 019,Mercedes,Boxer,1,12.61,2024-02-09,168,22.32
07 AAA 019,Mercedes,Boxer,1,12.61,2024-02-10,86,13.89
07 AAA 019,Mercedes,Boxer,1,12.61,2024-02-11,179,31.48
07 AAA 019,Mercedes,Boxer,1,12.61,2024-02-12,273,47.74
07 AAA 019,Mercedes,Boxer,1,12.61,2024-02-13,297,37.66
07 AAA 019,Mercedes,Boxer,1,12.61,2024-02-14,206,33.89
07 AAA 019,Mercedes,Boxer,1,12.61,2024-02-15,210,37.68
07 AAA 019,Mercedes,Boxer,1,12.61,2024-02-16,206,36.93
07 AAA 019,Mercedes,Boxer,1,12.61,2024-02-17,147,25.38
07 AAA 019,Mercedes,Boxer,1,12.61,2024-02-18,81,12.85
07 AAA 019,Mercedes,Boxer,1,12.61,2024-02-19,294,45.62
07 AAA 019,Mercedes,Boxer,1,12.61,2024-02-20,215,39.19
07 AAA 019,Mercedes,Boxer,1,12.61,2024-02-21,87,13.64
07 AAA 019,Mercedes,Boxer,1,12.61,2024-02-22,211,31.82
07 AAA 019,Mercedes,Boxer,1,12.61,2024-02-23,290,54.57
07 AAA 019,Mercedes,Boxer,1,12.61,2024-02-24,259,30.43
07 AAA 019,Mercedes,Boxer,1,12.61,2024-02-25,183,29.71
07 AAA 019,Mercedes,Boxer,1,12.61,2024-02-26,283,37.18
07 AAA 019,Mercedes,Boxer,1,12.61,2024-02-27,138,21.01
07 AAA 019,Mercedes,Boxer,1,12.61,2024-02-28,222,36.76
07 AAA 019,Mercedes,Boxer,1,12.61,2024-02-29,177,28.0
07 AAA 019,Mercedes,Boxer,1,12.61,2024-03-01,240,24.97
07 AAA 019,Mercedes,Boxer,1,12.61,2024-03-02,277,30.91
07 AAA 019,Mercedes,Boxer,1,12.61,2024-03-03,40,4.11
07 AAA 019,Mercedes,Boxer,1,12.61,2024-03-04,219,30.94
07 AAA 019,Mercedes,Boxer,1,12.61,2024-03-05,200,31.4
07 AAA 019,Mercedes,Boxer,1,12.61,2024-03-06,164,21.51
07 AAA 019,Mercedes,Boxer,1,12.61,2024-03-07,298,48.08
07 AAA 019,Mercedes,Boxer,1,12.61,2024-03-08,228,35.57
07 AAA 019,Mercedes,Boxer,1,12.61,2024-03-09,235,42.68
07 AAA 019,Mercedes,Boxer,1,12.61,2024-03-10,215,31.68
07 AAA 019,Mercedes,Boxer,1,12.61,2024-03-11,250,44.86
07 AAA 019,Mercedes,Boxer,1,12.61,2024-03-12,213,35.35
07 AAA 019,Mercedes,Boxer,1,12.61,2024-03-13,179,31.92
07 AAA 019,Mercedes,Boxer,1,12.61,2024-03-14,248,29.9
07 AAA 019,Mercedes,Boxer,1,12.61,2024-03-15,221,40.94
07 AAA 019,Mercedes,Boxer,1,12.61,2024-03-16,213,29.98
07 AAA 019,Mercedes,Boxer,1,12.61,2024-03-17,255,27.4
07 AAA 019,Mercedes,Boxer,1,12.61,2024-03-18,281,47.39
07 AAA 019,Mercedes,Boxer,1,12.61,2024-03-19,162,20.94
07 AAA 019,Mercedes,Boxer,1,12.61,2024-03-20,110,19.58
07 AAA 019,Mercedes,Boxer,1,12.61,2024-03-21,217,25.75
07 AAA 019,Mercedes,Boxer,1,12.61,2024-03-22,176,29.2
07 AAA 019,Mercedes,Boxer,1,12.61,2024-03-23,115,17.94
07 AAA 019,Mercedes,Boxer,1,12.61,2024-03-24,180,28.22
07 AAA 019,Mercedes,Boxer,1,12.61,2024-03-25,82,9.39
07 AAA 019,Mercedes,Boxer,1,12.61,2024-03-26,211,38.15
07 AAA 019,Mercedes,Boxer,1,12.61,2024-03-27,263,43.03
07 AAA 019,Mercedes,Boxer,1,12.61,2024-03-28,223,27.62
07 AAA 019,Mercedes,Boxer,1,12.61,2024-03-29,119,12.89
07 AAA 019,Mercedes,Boxer,1,12.61,2024-03-30,256,42.2
07 AAA 019,Mercedes,Boxer,1,12.61,2024-03-31,243,32.34
07 AAA 019,Mercedes,Boxer,1,12.61,2024-04-01,180,20.18
07 AAA 019,Mercedes,Boxer,1,12.61,2024-04-02,111,13.2
07 AAA 019,Mercedes,Boxer,1,12.61,2024-04-03,161,18.8
07 AAA 019,Mercedes,Boxer,1,12.61,2024-04-04,251,38.32
07 AAA 019,Mercedes,Boxer,1,12.61,2024-04-05,124,18.94
07 AAA 019,Mercedes,Boxer,1,12.61,2024-04-06,170,30.68
07 AAA 019,Mercedes,Boxer,1,12.61,2024-04-07,119,12.78
07 AAA 019,Mercedes,Boxer,1,12.61,2024-04-08,139,19.27
07 AAA 019,Mercedes,Boxer,1,12.61,2024-04-09,87,15.97
07 AAA 019,Mercedes,Boxer,1,12.61,2024-04-10,148,20.38
07 AAA 019,Mercedes,Boxer,1,12.61,2024-04-11,124,15.42
07 AAA 019,Mercedes,Boxer,1,12.61,2024-04-12,68,10.19
07 AAA 019,Mercedes,Boxer,1,12.61,2024-04-13,174,26.55
07 AAA 019,Mercedes,Boxer,1,12.61,2024-04-14,137,14.09
07 AAA 019,Mercedes,Boxer,1,12.61,2024-04-15,265,40.4
07 AAA 019,Mercedes,Boxer,1,12.61,2024-04-16,167,20.97
07 AAA 019,Mercedes,Boxer,1,12.61,2024-04-17,277,29.84
07 AAA 019,Mercedes,Boxer,1,12.61,2024-04-18,67,11.48
07 AAA 019,Mercedes,Boxer,1,12.61,2024-04-19,143,24.42
07 AAA 019,Mercedes,Boxer,1,12.61,2024-04-20,169,19.96
07 AAA 019,Mercedes,Boxer,1,12.61,2024-04-21,234,39.26
07 AAA 019,Mercedes,Boxer,1,12.61,2024-04-22,280,31.05
07 AAA 019,Mercedes,Boxer,1,12.61,2024-04-23,119,15.28
07 AAA 019,Mercedes,Boxer,1,12.61,2024-04-24,216,39.49
07 AAA 019,Mercedes,Boxer,1,12.61,2024-04-25,295,35.84
07 AAA 019,Mercedes,Boxer,1,12.61,2024-04-26,247,25.58
07 AAA 019,Mercedes,Boxer,1,12.61,2024-04-27,75,11.11
07 AAA 019,Mercedes,Boxer,1,12.61,2024-04-28,56,8.87
07 AAA 019,Mercedes,Boxer,1,12.61,2024-04-29,77,14.41
07 AAA 020,Renault,Atego,4,7.27,2024-01-01,225,21.9
07 AAA 020,Renault,Atego,4,7.27,2024-01-02,72,6.61
07 AAA 020,Renault,Atego,4,7.27,2024-01-03,172,15.02
07 AAA 020,Renault,Atego,4,7.27,2024-01-04,173,17.41
07 AAA 020,Renault,Atego,4,7.27,2024-01-05,74,6.79
07 AAA 020,Renault,Atego,4,7.27,2024-01-06,223,24.01
07 AAA 020,Renault,Atego,4,7.27,2024-01-07,263,22.31
07 AAA 020,Renault,Atego,4,7.27,2024-01-08,225,21.46
07 AAA 020,Renault,Atego,4,7.27,2024-01-09,94,6.02
07 AAA 020,Renault,Atego,4,7.27,2024-01-10,235,16.53
07 AAA 020,Renault,Atego,4,7.27,2024-01-11,177,15.32
07 AAA 020,Renault,Atego,4,7.27,2024-01-12,281,21.95
07 AAA 020,Renault,Atego,4,7.27,2024-01-13,92,9.98
07 AAA 020,Renault,Atego,4,7.27,2024-01-14,269,18.28
07 AAA 020,Renault,Atego,4,7.27,2024-01-15,233,18.62
07 AAA 020,Renault,Atego,4,7.27,2024-01-16,269,22.34
07 AAA 020,Renault,Atego,4,7.27,2024-01-17,75,5.79
07 AAA 020,Renault,Atego,4,7.27,2024-01-18,252,17.31
07 AAA 020,Renault,Atego,4,7.27,2024-01-19,42,4.28
07 AAA 020,Renault,Atego,4,7.27,2024-01-20,80,8.16
07 AAA 020,Renault,Atego,4,7.27,2024-01-21,92,5.46
07 AAA 020,Renault,Atego,4,7.27,2024-01-22,90,5.69
07 AAA 020,Renault,Atego,4,7.27,2024-01-23,230,15.42
07 AAA 020,Renault,Atego,4,7.27,2024-01-24,167,17.1
07 AAA 020,Renault,Atego,4,7.27,2024-01-25,172,15.4
07 AAA 020,Renault,Atego,4,7.27,2024-01-26,292,24.65
07 AAA 020,Renault,Atego,4,7.27,2024-01-27,85,6.04
07 AAA 020,Renault,Atego,4,7.27,2024-01-28,93,7.75
07 AAA 020,Renault,Atego,4,7.27,2024-01-29,210,14.57
07 AAA 020,Renault,Atego,4,7.27,2024-01-30,100,10.7
07 AAA 020,Renault,Atego,4,7.27,2024-01-31,169,17.13
07 AAA 020,Renault,Atego,4,7.27,2024-02-01,257,24.51
07 AAA 020,Renault,Atego,4,7.27,2024-02-02,68,6.74
07 AAA 020,Renault,Atego,4,7.27,2024-02-03,274,17.29
07 AAA 020,Renault,Atego,4,7.27,2024-02-04,157,16.98
07 AAA 020,Renault,Atego,4,7.27,2024-02-05,67,4.72
07 AAA 020,Renault,Atego,4,7.27,2024-02-06,41,3.7
07 AAA 020,Renault,Atego,4,7.27,2024-02-07,77,7.21
07 AAA 020,Renault,Atego,4,7.27,2024-02-08,219,19.0
07 AAA 020,Renault,Atego,4,7.27,2024-02-09,211,17.47
07 AAA 020,Renault,Atego,4,7.27,2024-02-10,244,17.67
07 AAA 020,Renault,Atego,4,7.27,2024-02-11,139,11.98
07 AAA 020,Renault,Atego,4,7.27,2024-02-12,154,8.98
07 AAA 020,Renault,Atego,4,7.27,2024-02-13,93,6.33
07 AAA 020,Renault,Atego,4,7.27,2024-02-14,153,13.64
07 AAA 020,Renault,Atego,4,7.27,2024-02-15,136,9.34
07 AAA 020,Renault,Atego,4,7.27,2024-02-16,135,8.31
07 AAA 020,Renault,Atego,4,7.27,2024-02-17,91,7.41
07 AAA 020,Renault,Atego,4,7.27,2024-02-18,251,25.59
07 AAA 020,Renault,Atego,4,7.27,2024-02-19,251,22.68
07 AAA 020,Renault,Atego,4,7.27,2024-02-20,132,11.42
07 AAA 020,Renault,Atego,4,7.27,2024-02-21,45,3.27
07 AAA 020,Renault,Atego,4,7.27,2024-02-22,252,19.15
07 AAA 020,Renault,Atego,4,7.27,2024-02-23,169,15.09
07 AAA 020,Renault,Atego,4,7.27,2024-02-24,217,14.63
07 AAA 020,Renault,Atego,4,7.27,2024-02-25,89,5.61
07 AAA 020,Renault,Atego,4,7.27,2024-02-26,276,17.57
07 AAA 020,Renault,Atego,4,7.27,2024-02-27,240,19.99
07 AAA 020,Renault,Atego,4,7.27,2024-02-28,177,16.72
07 AAA 020,Renault,Atego,4,7.27,2024-02-29,258,19.2
07 AAA 020,Renault,Atego,4,7.27,2024-03-01,132,12.65
07 AAA 020,Renault,Atego,4,7.27,2024-03-02,259,16.45
07 AAA 020,Renault,Atego,4,7.27,2024-03-03,239,19.88
07 AAA 020,Renault,Atego,4,7.27,2024-03-04,81,5.79
07 AAA 020,Renault,Atego,4,7.27,2024-03-05,62,5.89
07 AAA 020,Renault,Atego,4,7.27,2024-03-06,263,24.62
07 AAA 020,Renault,Atego,4,7.27,2024-03-07,166,15.51
07 AAA 020,Renault,Atego,4,7.27,2024-03-08,159,14.04
07 AAA 020,Renault,Atego,4,7.27,2024-03-09,264,24.61
07 AAA 020,Renault,Atego,4,7.27,2024-03-10,197,15.89
07 AAA 020,Renault,Atego,4,7.27,2024-03-11,75,5.14
07 AAA 020,Renault,Atego,4,7.27,2024-03-12,88,8.37
07 AAA 020,Renault,Atego,4,7.27,2024-03-13,103,11.22
07 AAA 020,Renault,Atego,4,7.27,2024-03-14,256,18.15
07 AAA 020,Renault,Atego,4,7.27,2024-03-15,219,19.06
07 AAA 020,Renault,Atego,4,7.27,2024-03-16,203,18.05
07 AAA 020,Renault,Atego,4,7.27,2024-03-17,126,7.8
07 AAA 020,Renault,Atego,4,7.27,2024-03-18,221,18.22
07 AAA 020,Renault,Atego,4,7.27,2024-03-19,74,4.41
07 AAA 020,Renault,Atego,4,7.27,2024-03-20,295,24.05
07 AAA 020,Renault,Atego,4,7.27,2024-03-21,109,9.58
07 AAA 020,Renault,Atego,4,7.27,2024-03-22,234,17.34
07 AAA 020,Renault,Atego,4,7.27,2024-03-23,206,18.15
07 AAA 020,Renault,Atego,4,7.27,2024-03-24,108,9.85
07 AAA 020,Renault,Atego,4,7.27,2024-03-25,198,20.67
07 AAA 020,Renault,Atego,4,7.27,2024-03-26,137,13.17
07 AAA 020,Renault,Atego,4,7.27,2024-03-27,107,11.43
07 AAA 020,Renault,Atego,4,7.27,2024-03-28,50,3.69
07 AAA 020,Renault,Atego,4,7.27,2024-03-29,283,16.59
07 AAA 020,Renault,Atego,4,7.27,2024-03-30,177,19.26
07 AAA 020,Renault,Atego,4,7.27,2024-03-31,248,19.13
07 AAA 020,Renault,Atego,4,7.27,2024-04-01,200,19.47
07 AAA 020,Renault,Atego,4,7.27,2024-04-02,116,12.1
07 AAA 020,Renault,Atego,4,7.27,2024-04-03,253,25.12
07 AAA 020,Renault,Atego,4,7.27,2024-04-04,101,6.67
07 AAA 020,Renault,Atego,4,7.27,2024-04-05,299,20.02
07 AAA 020,Renault,Atego,4,7.27,2024-04-06,292,30.92
07 AAA 020,Renault,Atego,4,7.27,2024-04-07,293,20.43
07 AAA 020,Renault,Atego,4,7.27,2024-04-08,124,10.61
07 AAA 020,Renault,Atego,4,7.27,2024-04-09,84,7.02
07 AAA 020,Renault,Atego,4,7.27,2024-04-10,105,10.31
07 AAA 020,Renault,Atego,4,7.27,2024-04-11,231,22.37
07 AAA 020,Renault,Atego,4,7.27,2024-04-12,231,21.62
07 AAA 020,Renault,Atego,4,7.27,2024-04-13,177,13.79
07 AAA 020,Renault,Atego,4,7.27,2024-04-14,119,9.24
07 AAA 020,Renault,Atego,4,7.27,2024-04-15,217,19.21
07 AAA 020,Renault,Atego,4,7.27,2024-04-16,113,11.01
07 AAA 020,Renault,Atego,4,7.27,2024-04-17,219,23.64
07 AAA 020,Renault,Atego,4,7.27,2024-04-18,249,18.16
07 AAA 020,Renault,Atego,4,7.27,2024-04-19,253,22.46
07 AAA 020,Renault,Atego,4,7.27,2024-04-20,215,15.96
07 AAA 020,Renault,Atego,4,7.27,2024-04-21,64,5.24
07 AAA 020,Renault,Atego,4,7.27,2024-04-22,88,7.39
07 AAA 020,Renault,Atego,4,7.27,2024-04-23,282,20.7
07 AAA 020,Renault,Atego,4,7.27,2024-04-24,247,25.92
07 AAA 020,Renault,Atego,4,7.27,2024-04-25,160,16.83
07 AAA 020,Renault,Atego,4,7.27,2024-04-26,61,4.59
07 AAA 020,Renault,Atego,4,7.27,2024-04-27,139,8.71
07 AAA 020,Renault,Atego,4,7.27,2024-04-28,183,12.14
07 AAA 020,Renault,Atego,4,7.27,2024-04-29,233,22.68
07 AAA 021,Fiat,Boxer,2,9.37,2024-01-01,100,11.94
07 AAA 021,Fiat,Boxer,2,9.37,2024-01-02,136,18.27
07 AAA 021,Fiat,Boxer,2,9.37,2024-01-03,164,14.26
07 AAA 021,Fiat,Boxer,2,9.37,2024-01-04,124,15.65
07 AAA 021,Fiat,Boxer,2,9.37,2024-01-05,65,7.93
07 AAA 021,Fiat,Boxer,2,9.37,2024-01-06,121,14.84
07 AAA 021,Fiat,Boxer,2,9.37,2024-01-07,44,6.07
07 AAA 021,Fiat,Boxer,2,9.37,2024-01-08,74,8.88
07 AAA 021,Fiat,Boxer,2,9.37,2024-01-09,56,5.97
07 AAA 021,Fiat,Boxer,2,9.37,2024-01-10,236,20.8
07 AAA 021,Fiat,Boxer,2,9.37,2024-01-11,66,6.47
07 AAA 021,Fiat,Boxer,2,9.37,2024-01-12,214,26.6
07 AAA 021,Fiat,Boxer,2,9.37,2024-01-13,56,4.84
07 AAA 021,Fiat,Boxer,2,9.37,2024-01-14,82,9.8
07 AAA 021,Fiat,Boxer,2,9.37,2024-01-15,119,11.7
07 AAA 021,Fiat,Boxer,2,9.37,2024-01-16,87,8.13
07 AAA 021,Fiat,Boxer,2,9.37,2024-01-17,253,28.3
07 AAA 021,Fiat,Boxer,2,9.37,2024-01-18,263,23.83
07 AAA 021,Fiat,Boxer,2,9.37,2024-01-19,218,26.01
07 AAA 021,Fiat,Boxer,2,9.37,2024-01-20,126,14.16
07 AAA 021,Fiat,Boxer,2,9.37,2024-01-21,165,14.23
07 AAA 021,Fiat,Boxer,2,9.37,2024-01-22,110,10.65
07 AAA 021,Fiat,Boxer,2,9.37,2024-01-23,77,6.65
07 AAA 021,Fiat,Boxer,2,9.37,2024-01-24,189,15.12
07 AAA 021,Fiat,Boxer,2,9.37,2024-01-25,79,7.17
07 AAA 021,Fiat,Boxer,2,9.37,2024-01-26,51,5.25
07 AAA 021,Fiat,Boxer,2,9.37,2024-01-27,174,22.09
07 AAA 021,Fiat,Boxer,2,9.37,2024-01-28,237,21.71
07 AAA 021,Fiat,Boxer,2,9.37,2024-01-29,148,14.75
07 AAA 021,Fiat,Boxer,2,9.37,2024-01-30,87,9.34
07 AAA 021,Fiat,Boxer,2,9.37,2024-01-31,240,18.8
07 AAA 021,Fiat,Boxer,2,9.37,2024-02-01,96,11.59
07 AAA 021,Fiat,Boxer,2,9.37,2024-02-02,261,30.3
07 AAA 021,Fiat,Boxer,2,9.37,2024-02-03,253,35.16
07 AAA 021,Fiat,Boxer,2,9.37,2024-02-04,165,20.15
07 AAA 021,Fiat,Boxer,2,9.37,2024-02-05,176,20.1
07 AAA 021,Fiat,Boxer,2,9.37,2024-02-06,237,20.85
07 AAA 021,Fiat,Boxer,2,9.37,2024-02-07,250,22.78
07 AAA 021,Fiat,Boxer,2,9.37,2024-02-08,234,18.97
07 AAA 021,Fiat,Boxer,2,9.37,2024-02-09,117,9.85
07 AAA 021,Fiat,Boxer,2,9.37,2024-02-10,201,15.3
07 AAA 021,Fiat,Boxer,2,9.37,2024-02-11,124,16.53
07 AAA 021,Fiat,Boxer,2,9.37,2024-02-12,197,17.28
07 AAA 021,Fiat,Boxer,2,9.37,2024-02-13,43,4.23
07 AAA 021,Fiat,Boxer,2,9.37,2024-02-14,54,4.48
07 AAA 021,Fiat,Boxer,2,9.37,2024-02-15,69,9.43
07 AAA 021,Fiat,Boxer,2,9.37,2024-02-16,187,17.16
07 AAA 021,Fiat,Boxer,2,9.37,2024-02-17,221,23.61
07 AAA 021,Fiat,Boxer,2,9.37,2024-02-18,174,18.05
07 AAA 021,Fiat,Boxer,2,9.37,2024-02-19,67,8.01
07 AAA 021,Fiat,Boxer,2,9.37,2024-02-20,50,5.5
07 AAA 021,Fiat,Boxer,2,9.37,2024-02-21,117,11.0
07 AAA 021,Fiat,Boxer,2,9.37,2024-02-22,62,5.78
07 AAA 021,Fiat,Boxer,2,9.37,2024-02-23,169,14.73
07 AAA 021,Fiat,Boxer,2,9.37,2024-02-24,69,8.31
07 AAA 021,Fiat,Boxer,2,9.37,2024-02-25,283,23.33
07 AAA 021,Fiat,Boxer,2,9.37,2024-02-26,41,3.1
07 AAA 021,Fiat,Boxer,2,9.37,2024-02-27,183,15.55
07 AAA 021,Fiat,Boxer,2,9.37,2024-02-28,122,12.34
07 AAA 021,Fiat,Boxer,2,9.37,2024-02-29,83,6.61
07 AAA 021,Fiat,Boxer,2,9.37,2024-03-01,263,33.88
07 AAA 021,Fiat,Boxer,2,9.37,2024-03-02,101,13.63
07 AAA 021,Fiat,Boxer,2,9.37,2024-03-03,169,19.31
07 AAA 021,Fiat,Boxer,2,9.37,2024-03-04,46,6.35
07 AAA 021,Fiat,Boxer,2,9.37,2024-03-05,239,29.23
07 AAA 021,Fiat,Boxer,2,9.37,2024-03-06,246,27.46
07 AAA 021,Fiat,Boxer,2,9.37,2024-03-07,213,24.23
07 AAA 021,Fiat,Boxer,2,9.37,2024-03-08,257,22.67
07 AAA 021,Fiat,Boxer,2,9.37,2024-03-09,212,28.92
07 AAA 021,Fiat,Boxer,2,9.37,2024-03-10,44,4.58
07 AAA 021,Fiat,Boxer,2,9.37,2024-03-11,298,36.45
07 AAA 021,Fiat,Boxer,2,9.37,2024-03-12,274,30.05
07 AAA 021,Fiat,Boxer,2,9.37,2024-03-13,213,18.87
07 AAA 021,Fiat,Boxer,2,9.37,2024-03-14,149,15.89
07 AAA 021,Fiat,Boxer,2,9.37,2024-03-15,150,11.74
07 AAA 021,Fiat,Boxer,2,9.37,2024-03-16,155,16.53
07 AAA 021,Fiat,Boxer,2,9.37,2024-03-17,94,8.45
07 AAA 021,Fiat,Boxer,2,9.37,2024-03-18,232,20.53
07 AAA 021,Fiat,Boxer,2,9.37,2024-03-19,211,21.05
07 AAA 021,Fiat,Boxer,2,9.37,2024-03-20,131,12.13
07 AAA 021,Fiat,Boxer,2,9.37,2024-03-21,116,14.46
07 AAA 021,Fiat,Boxer,2,9.37,2024-03-22,147,17.65
07 AAA 021,Fiat,Boxer,2,9.37,2024-03-23,218,30.22
07 AAA 021,Fiat,Boxer,2,9.37,2024-03-24,291,27.69
07 AAA 021,Fiat,Boxer,2,9.37,2024-03-25,182,22.27
07 AAA 021,Fiat,Boxer,2,9.37,2024-03-26,54,6.29
07 AAA 021,Fiat,Boxer,2,9.37,2024-03-27,129,10.89
07 AAA 021,Fiat,Boxer,2,9.37,2024-03-28,215,23.42
07 AAA 021,Fiat,Boxer,2,9.37,2024-03-29,258,32.02
07 AAA 021,Fiat,Boxer,2,9.37,2024-03-30,135,13.63
07 AAA 021,Fiat,Boxer,2,9.37,2024-03-31,106,7.95
07 AAA 021,Fiat,Boxer,2,9.37,2024-04-01,140,12.1
07 AAA 021,Fiat,Boxer,2,9.37,2024-04-02,186,22.71
07 AAA 021,Fiat,Boxer,2,9.37,2024-04-03,224,23.55
07 AAA 021,Fiat,Boxer,2,9.37,2024-04-04,121,10.73
07 AAA 021,Fiat,Boxer,2,9.37,2024-04-05,155,16.73
07 AAA 021,Fiat,Boxer,2,9.37,2024-04-06,78,9.01
07 AAA 021,Fiat,Boxer,2,9.37,2024-04-07,150,21.08
07 AAA 021,Fiat,Boxer,2,9.37,2024-04-08,152,18.37
07 AAA 021,Fiat,Boxer,2,9.37,2024-04-09,281,32.26
07 AAA 021,Fiat,Boxer,2,9.37,2024-04-10,98,7.69
07 AAA 021,Fiat,Boxer,2,9.37,2024-04-11,197,17.97
07 AAA 021,Fiat,Boxer,2,9.37,2024-04-12,171,19.87
07 AAA 021,Fiat,Boxer,2,9.37,2024-04-13,98,8.04
07 AAA 021,Fiat,Boxer,2,9.37,2024-04-14,182,18.97
07 AAA 021,Fiat,Boxer,2,9.37,2024-04-15,186,22.35
07 AAA 021,Fiat,Boxer,2,9.37,2024-04-16,288,21.84
07 AAA 021,Fiat,Boxer,2,9.37,2024-04-17,103,7.74
07 AAA 021,Fiat,Boxer,2,9.37,2024-04-18,164,18.42
07 AAA 021,Fiat,Boxer,2,9.37,2024-04-19,297,28.14
07 AAA 021,Fiat,Boxer,2,9.37,2024-04-20,157,16.53
07 AAA 021,Fiat,Boxer,2,9.37,2024-04-21,278,33.11
07 AAA 021,Fiat,Boxer,2,9.37,2024-04-22,201,27.96
07 AAA 021,Fiat,Boxer,2,9.37,2024-04-23,151,19.71
07 AAA 021,Fiat,Boxer,2,9.37,2024-04-24,105,13.8
07 AAA 021,Fiat,Boxer,2,9.37,2024-04-25,147,19.43
07 AAA 021,Fiat,Boxer,2,9.37,2024-04-26,214,29.02
07 AAA 021,Fiat,Boxer,2,9.37,2024-04-27,222,22.99
07 AAA 021,Fiat,Boxer,2,9.37,2024-04-28,228,27.36
07 AAA 021,Fiat,Boxer,2,9.37,2024-04-29,240,24.76
07 AAA 022,Volkswagen,Boxer,1,12.91,2024-01-01,203,27.61
07 AAA 022,Volkswagen,Boxer,1,12.91,2024-01-02,267,39.3
07 AAA 022,Volkswagen,Boxer,1,12.91,2024-01-03,264,30.0
07 AAA 022,Volkswagen,Boxer,1,12.91,2024-01-04,202,27.61
07 AAA 022,Volkswagen,Boxer,1,12.91,2024-01-05,123,22.92
07 AAA 022,Volkswagen,Boxer,1,12.91,2024-01-06,185,26.69
07 AAA 022,Volkswagen,Boxer,1,12.91,2024-01-07,258,46.64
07 AAA 022,Volkswagen,Boxer,1,12.91,2024-01-08,175,20.3
07 AAA 022,Volkswagen,Boxer,1,12.91,2024-01-09,246,26.87
07 AAA 022,Volkswagen,Boxer,1,12.91,2024-01-10,112,18.97
07 AAA 022,Volkswagen,Boxer,1,12.91,2024-01-11,158,29.01
07 AAA 022,Volkswagen,Boxer,1,12.91,2024-01-12,168,23.56
07 AAA 022,Volkswagen,Boxer,1,12.91,2024-01-13,258,35.18
07 AAA 022,Volkswagen,Boxer,1,12.91,2024-01-14,106,14.45
07 AAA 022,Volkswagen,Boxer,1,12.91,2024-01-15,253,33.91
07 AAA 022,Volkswagen,Boxer,1,12.91,2024-01-16,172,28.23
07 AAA 022,Volkswagen,Boxer,1,12.91,2024-01-17,213,27.16
07 AAA 022,Volkswagen,Boxer,1,12.91,2024-01-18,217,32.15
07 AAA 022,Volkswagen,Boxer,1,12.91,2024-01-19,88,11.75
07 AAA 022,Volkswagen,Boxer,1,12.91,2024-01-20,181,29.05
07 AAA 022,Volkswagen,Boxer,1,12.91,2024-01-21,147,16.33
07 AAA 022,Volkswagen,Boxer,1,12.91,2024-01-22,223,32.01
07 AAA 022,Volkswagen,Boxer,1,12.91,2024-01-23,111,19.57
07 AAA 022,Volkswagen,Boxer,1,12.91,2024-01-24,113,15.24
07 AAA 022,Volkswagen,Boxer,1,12.91,2024-01-25,262,47.41
07 AAA 022,Volkswagen,Boxer,1,12.91,2024-01-26,197,37.75
07 AAA 022,Volkswagen,Boxer,1,12.91,2024-01-27,101,17.56
07 AAA 022,Volkswagen,Boxer,1,12.91,2024-01-28,215,23.45
07 AAA 022,Volkswagen,Boxer,1,12.91,2024-01-29,74,8.24
07 AAA 022,Volkswagen,Boxer,1,12.91,2024-01-30,205,25.67
07 AAA 022,Volkswagen,Boxer,1,12.91,2024-01-31,107,11.4
07 AAA 022,Volkswagen,Boxer,1,12.91,2024-02-01,82,15.4
07 AAA 022,Volkswagen,Boxer,1,12.91,2024-02-02,297,41.17
07 AAA 022,Volkswagen,Boxer,1,12.91,2024-02-03,109,20.21
07 AAA 022,Volkswagen,Boxer,1,12.91,2024-02-04,55,7.42
07 AAA 022,Volkswagen,Boxer,1,12.91,2024-02-05,156,20.28
07 AAA 022,Volkswagen,Boxer,1,12.91,2024-02-06,226,39.25
07 AAA 022,Volkswagen,Boxer,1,12.91,2024-02-07,241,35.7
07 AAA 022,Volkswagen,Boxer,1,12.91,2024-02-08,58,6.75
07 AAA 022,Volkswagen,Boxer,1,12.91,2024-02-09,176,24.5
07 AAA 022,Volkswagen,Boxer,1,12.91,2024-02-10,258,35.71
07 AAA 022,Volkswagen,Boxer,1,12.91,2024-02-11,109,13.47
07 AAA 022,Volkswagen,Boxer,1,12.91,2024-02-12,44,7.73
07 AAA 022,Volkswagen,Boxer,1,12.91,2024-02-13,169,24.7
07 AAA 022,Volkswagen,Boxer,1,12.91,2024-02-14,297,55.35
07 AAA 022,Volkswagen,Boxer,1,12.91,2024-02-15,231,38.82
07 AAA 022,Volkswagen,Boxer,1,12.91,2024-02-16,98,11.16
07 AAA 022,Volkswagen,Boxer,1,12.91,2024-02-17,50,9.08
07 AAA 022,Volkswagen,Boxer,1,12.91,2024-02-18,69,9.79
07 AAA 022,Volkswagen,Boxer,1,12.91,2024-02-19,175,18.92
07 AAA 022,Volkswagen,Boxer,1,12.91,2024-02-20,132,15.45
07 AAA 022,Volkswagen,Boxer,1,12.91,2024-02-21,131,24.01
07 AAA 022,Volkswagen,Boxer,1,12.91,2024-02-22,273,32.78
07 AAA 022,Volkswagen,Boxer,1,12.91,2024-02-23,187,28.08
07 AAA 022,Volkswagen,Boxer,1,12.91,2024-02-24,266,46.47
07 AAA 022,Volkswagen,Boxer,1,12.91,2024-02-25,158,29.74
07 AAA 022,Volkswagen,Boxer,1,12.91,2024-02-26,281,51.01
07 AAA 022,Volkswagen,Boxer,1,12.91,2024-02-27,248,26.28
07 AAA 022,Volkswagen,Boxer,1,12.91,2024-02-28,101,15.11
07 AAA 022,Volkswagen,Boxer,1,12.91,2024-02-29,236,31.12
07 AAA 022,Volkswagen,Boxer,1,12.91,2024-03-01,147,19.41
07 AAA 022,Volkswagen,Boxer,1,12.91,2024-03-02,252,41.03
07 AAA 022,Volkswagen,Boxer,1,12.91,2024-03-03,261,49.96
07 AAA 022,Volkswagen,Boxer,1,12.91,2024-03-04,43,7.76
07 AAA 022,Volkswagen,Boxer,1,12.91,2024-03-05,205,34.84
07 AAA 022,Volkswagen,Boxer,1,12.91,2024-03-06,64,7.62
07 AAA 022,Volkswagen,Boxer,1,12.91,2024-03-07,166,20.92
07 AAA 022,Volkswagen,Boxer,1,12.91,2024-03-08,219,37.58
07 AAA 022,Volkswagen,Boxer,1,12.91,2024-03-09,169,21.52
07 AAA 022,Volkswagen,Boxer,1,12.91,2024-03-10,118,12.77
07 AAA 022,Volkswagen,Boxer,1,12.91,2024-03-11,98,12.08
07 AAA 022,Volkswagen,Boxer,1,12.91,2024-03-12,226,33.66
07 AAA 022,Volkswagen,Boxer,1,12.91,2024-03-13,205,21.27
07 AAA 022,Volkswagen,Boxer,1,12.91,2024-03-14,283,42.94
07 AAA 022,Volkswagen,Boxer,1,12.91,2024-03-15,204,37.25
07 AAA 022,Volkswagen,Boxer,1,12.91,2024-03-16,215,28.2
07 AAA 022,Volkswagen,Boxer,1,12.91,2024-03-17,278,34.3
07 AAA 022,Volkswagen,Boxer,1,12.91,2024-03-18,236,32.77
07 AAA 022,Volkswagen,Boxer,1,12.91,2024-03-19,116,14.48
07 AAA 022,Volkswagen,Boxer,1,12.91,2024-03-20,42,5.09
07 AAA 022,Volkswagen,Boxer,1,12.91,2024-03-21,282,39.35
07 AAA 022,Volkswagen,Boxer,1,12.91,2024-03-22,192,21.74
07 AAA 022,Volkswagen,Boxer,1,12.91,2024-03-23,171,23.96
07 AAA 022,Volkswagen,Boxer,1,12.91,2024-03-24,256,34.74
07 AAA 022,Volkswagen,Boxer,1,12.91,2024-03-25,126,18.3
07 AAA 022,Volkswagen,Boxer,1,12.91,2024-03-26,190,30.27
07 AAA 022,Volkswagen,Boxer,1,12.91,2024-03-27,60,10.66
07 AAA 022,Volkswagen,Boxer,1,12.91,2024-03-28,267,50.82
07 AAA 022,Volkswagen,Boxer,1,12.91,2024-03-29,75,12.77
07 AAA 022,Volkswagen,Boxer,1,12.91,2024-03-30,70,7.87
07 AAA 022,Volkswagen,Boxer,1,12.91,2024-03-31,196,28.84
07 AAA 022,Volkswagen,Boxer,1,12.91,2024-04-01,78,10.1
07 AAA 022,Volkswagen,Boxer,1,12.91,2024-04-02,247,45.71
07 AAA 022,Volkswagen,Boxer,1,12.91,2024-04-03,58,6.2
07 AAA 022,Volkswagen,Boxer,1,12.91,2024-04-04,225,43.5
07 AAA 022,Volkswagen,Boxer,1,12.91,2024-04-05,126,22.52
07 AAA 022,Volkswagen,Boxer,1,12.91,2024-04-06,160,29.39
07 AAA 022,Volkswagen,Boxer,1,12.91,2024-04-07,224,30.62
07 AAA 022,Volkswagen,Boxer,1,12.91,2024-04-08,188,19.89
07 AAA 022,Volkswagen,Boxer,1,12.91,2024-04-09,255,35.12
07 AAA 022,Volkswagen,Boxer,1,12.91,2024-04-10,176,27.76
07 AAA 022,Volkswagen,Boxer,1,12.91,2024-04-11,229,30.27
07 AAA 022,Volkswagen,Boxer,1,12.91,2024-04-12,299,45.73
07 AAA 022,Volkswagen,Boxer,1,12.91,2024-04-13,190,33.84
07 AAA 022,Volkswagen,Boxer,1,12.91,2024-04-14,175,21.98
07 AAA 022,Volkswagen,Boxer,1,12.91,2024-04-15,113,19.24
07 AAA 022,Volkswagen,Boxer,1,12.91,2024-04-16,157,29.86
07 AAA 022,Volkswagen,Boxer,1,12.91,2024-04-17,162,19.71
07 AAA 022,Volkswagen,Boxer,1,12.91,2024-04-18,132,19.11
07 AAA 022,Volkswagen,Boxer,1,12.91,2024-04-19,165,23.3
07 AAA 022,Volkswagen,Boxer,1,12.91,2024-04-20,229,28.36
07 AAA 022,Volkswagen,Boxer,1,12.91,2024-04-21,249,40.84
07 AAA 022,Volkswagen,Boxer,1,12.91,2024-04-22,156,16.95
07 AAA 022,Volkswagen,Boxer,1,12.91,2024-04-23,136,14.13
07 AAA 022,Volkswagen,Boxer,1,12.91,2024-04-24,298,42.76
07 AAA 022,Volkswagen,Boxer,1,12.91,2024-04-25,211,37.14
07 AAA 022,Volkswagen,Boxer,1,12.91,2024-04-26,46,8.34
07 AAA 022,Volkswagen,Boxer,1,12.91,2024-04-27,77,14.7
07 AAA 022,Volkswagen,Boxer,1,12.91,2024-04-28,137,19.3
07 AAA 022,Volkswagen,Boxer,1,12.91,2024-04-29,101,16.14
07 AAA 023,Fiat,Fluence,2,10.04,2024-01-01,67,8.36
07 AAA 023,Fiat,Fluence,2,10.04,2024-01-02,216,23.4
07 AAA 023,Fiat,Fluence,2,10.04,2024-01-03,54,7.87
07 AAA 023,Fiat,Fluence,2,10.04,2024-01-04,272,26.29
07 AAA 023,Fiat,Fluence,2,10.04,2024-01-05,294,34.86
07 AAA 023,Fiat,Fluence,2,10.04,2024-01-06,49,4.63
07 AAA 023,Fiat,Fluence,2,10.04,2024-01-07,106,10.87
07 AAA 023,Fiat,Fluence,2,10.04,2024-01-08,239,19.55
07 AAA 023,Fiat,Fluence,2,10.04,2024-01-09,88,9.67
07 AAA 023,Fiat,Fluence,2,10.04,2024-01-10,57,4.79
07 AAA 023,Fiat,Fluence,2,10.04,2024-01-11,240,34.7
07 AAA 023,Fiat,Fluence,2,10.04,2024-01-12,234,24.04
07 AAA 023,Fiat,Fluence,2,10.04,2024-01-13,156,19.67
07 AAA 023,Fiat,Fluence,2,10.04,2024-01-14,230,27.99
07 AAA 023,Fiat,Fluence,2,10.04,2024-01-15,181,21.22
07 AAA 023,Fiat,Fluence,2,10.04,2024-01-16,242,31.59
07 AAA 023,Fiat,Fluence,2,10.04,2024-01-17,252,35.35
07 AAA 023,Fiat,Fluence,2,10.04,2024-01-18,89,11.17
07 AAA 023,Fiat,Fluence,2,10.04,2024-01-19,244,31.02
07 AAA 023,Fiat,Fluence,2,10.04,2024-01-20,230,28.62
07 AAA 023,Fiat,Fluence,2,10.04,2024-01-21,263,36.59
07 AAA 023,Fiat,Fluence,2,10.04,2024-01-22,46,5.18
07 AAA 023,Fiat,Fluence,2,10.04,2024-01-23,159,21.8
07 AAA 023,Fiat,Fluence,2,10.04,2024-01-24,194,19.55
07 AAA 023,Fiat,Fluence,2,10.04,2024-01-25,154,21.74
07 AAA 023,Fiat,Fluence,2,10.04,2024-01-26,176,21.76
07 AAA 023,Fiat,Fluence,2,10.04,2024-01-27,292,40.75
07 AAA 023,Fiat,Fluence,2,10.04,2024-01-28,88,9.73
07 AAA 023,Fiat,Fluence,2,10.04,2024-01-29,215,19.9
07 AAA 023,Fiat,Fluence,2,10.04,2024-01-30,147,17.81
07 AAA 023,Fiat,Fluence,2,10.04,2024-01-31,161,22.6
07 AAA 023,Fiat,Fluence,2,10.04,2024-02-01,48,6.93
07 AAA 023,Fiat,Fluence,2,10.04,2024-02-02,187,16.32
07 AAA 023,Fiat,Fluence,2,10.04,2024-02-03,159,17.21
07 AAA 023,Fiat,Fluence,2,10.04,2024-02-04,111,10.49
07 AAA 023,Fiat,Fluence,2,10.04,2024-02-05,203,16.6
07 AAA 023,Fiat,Fluence,2,10.04,2024-02-06,179,15.8
07 AAA 023,Fiat,Fluence,2,10.04,2024-02-07,68,9.59
07 AAA 023,Fiat,Fluence,2,10.04,2024-02-08,231,27.22
07 AAA 023,Fiat,Fluence,2,10.04,2024-02-09,47,6.53
07 AAA 023,Fiat,Fluence,2,10.04,2024-02-10,104,10.84
07 AAA 023,Fiat,Fluence,2,10.04,2024-02-11,173,13.97
07 AAA 023,Fiat,Fluence,2,10.04,2024-02-12,286,29.41
07 AAA 023,Fiat,Fluence,2,10.04,2024-02-13,64,7.15
07 AAA 023,Fiat,Fluence,2,10.04,2024-02-14,83,7.79
07 AAA 023,Fiat,Fluence,2,10.04,2024-02-15,254,24.57
07 AAA 023,Fiat,Fluence,2,10.04,2024-02-16,185,23.08
07 AAA 023,Fiat,Fluence,2,10.04,2024-02-17,99,8.25
07 AAA 023,Fiat,Fluence,2,10.04,2024-02-18,209,29.21
07 AAA 023,Fiat,Fluence,2,10.04,2024-02-19,195,19.13
07 AAA 023,Fiat,Fluence,2,10.04,2024-02-20,80,8.48
07 AAA 023,Fiat,Fluence,2,10.04,2024-02-21,52,7.61
07 AAA 023,Fiat,Fluence,2,10.04,2024-02-22,204,19.82
07 AAA 023,Fiat,Fluence,2,10.04,2024-02-23,209,18.6
07 AAA 023,Fiat,Fluence,2,10.04,2024-02-24,241,19.91
07 AAA 023,Fiat,Fluence,2,10.04,2024-02-25,116,11.23
07 AAA 023,Fiat,Fluence,2,10.04,2024-02-26,120,16.74
07 AAA 023,Fiat,Fluence,2,10.04,2024-02-27,222,21.62
07 AAA 023,Fiat,Fluence,2,10.04,2024-02-28,227,22.62
07 AAA 023,Fiat,Fluence,2,10.04,2024-02-29,50,5.35
07 AAA 023,Fiat,Fluence,2,10.04,2024-03-01,267,27.39
07 AAA 023,Fiat,Fluence,2,10.04,2024-03-02,128,11.74
07 AAA 023,Fiat,Fluence,2,10.04,2024-03-03,135,14.44
07 AAA 023,Fiat,Fluence,2,10.04,2024-03-04,250,34.6
07 AAA 023,Fiat,Fluence,2,10.04,2024-03-05,232,33.75
07 AAA 023,Fiat,Fluence,2,10.04,2024-03-06,216,17.36
07 AAA 023,Fiat,Fluence,2,10.04,2024-03-07,175,22.36
07 AAA 023,Fiat,Fluence,2,10.04,2024-03-08,132,15.41
07 AAA 023,Fiat,Fluence,2,10.04,2024-03-09,294,41.59
07 AAA 023,Fiat,Fluence,2,10.04,2024-03-10,230,23.83
07 AAA 023,Fiat,Fluence,2,10.04,2024-03-11,289,41.11
07 AAA 023,Fiat,Fluence,2,10.04,2024-03-12,222,23.71
07 AAA 023,Fiat,Fluence,2,10.04,2024-03-13,163,22.58
07 AAA 023,Fiat,Fluence,2,10.04,2024-03-14,130,15.83
07 AAA 023,Fiat,Fluence,2,10.04,2024-03-15,115,13.16
07 AAA 023,Fiat,Fluence,2,10.04,2024-03-16,294,36.96
07 AAA 023,Fiat,Fluence,2,10.04,2024-03-17,128,17.37
07 AAA 023,Fiat,Fluence,2,10.04,2024-03-18,262,34.49
07 AAA 023,Fiat,Fluence,2,10.04,2024-03-19,220,23.31
07 AAA 023,Fiat,Fluence,2,10.04,2024-03-20,251,30.54
07 AAA 023,Fiat,Fluence,2,10.04,2024-03-21,68,5.83
07 AAA 023,Fiat,Fluence,2,10.04,2024-03-22,146,14.3
07 AAA 023,Fiat,Fluence,2,10.04,2024-03-23,115,12.53
07 AAA 023,Fiat,Fluence,2,10.04,2024-03-24,123,15.13
07 AAA 023,Fiat,Fluence,2,10.04,2024-03-25,196,19.89
07 AAA 023,Fiat,Fluence,2,10.04,2024-03-26,237,35.29
07 AAA 023,Fiat,Fluence,2,10.04,2024-03-27,171,16.31
07 AAA 023,Fiat,Fluence,2,10.04,2024-03-28,191,19.2
07 AAA 023,Fiat,Fluence,2,10.04,2024-03-29,153,20.98
07 AAA 023,Fiat,Fluence,2,10.04,2024-03-30,127,11.85
07 AAA 023,Fiat,Fluence,2,10.04,2024-03-31,70,8.98
07 AAA 023,Fiat,Fluence,2,10.04,2024-04-01,165,24.12
07 AAA 023,Fiat,Fluence,2,10.04,2024-04-02,82,6.66
07 AAA 023,Fiat,Fluence,2,10.04,2024-04-03,101,10.84
07 AAA 023,Fiat,Fluence,2,10.04,2024-04-04,167,17.16
07 AAA 023,Fiat,Fluence,2,10.04,2024-04-05,159,20.75
07 AAA 023,Fiat,Fluence,2,10.04,2024-04-06,88,9.87
07 AAA 023,Fiat,Fluence,2,10.04,2024-04-07,200,29.32
07 AAA 023,Fiat,Fluence,2,10.04,2024-04-08,270,39.89
07 AAA 023,Fiat,Fluence,2,10.04,2024-04-09,267,39.41
07 AAA 023,Fiat,Fluence,2,10.04,2024-04-10,183,20.89
07 AAA 023,Fiat,Fluence,2,10.04,2024-04-11,164,24.19
07 AAA 023,Fiat,Fluence,2,10.04,2024-04-12,44,4.44
07 AAA 023,Fiat,Fluence,2,10.04,2024-04-13,177,17.51
07 AAA 023,Fiat,Fluence,2,10.04,2024-04-14,190,19.24
07 AAA 023,Fiat,Fluence,2,10.04,2024-04-15,196,22.52
07 AAA 023,Fiat,Fluence,2,10.04,2024-04-16,296,31.71
07 AAA 023,Fiat,Fluence,2,10.04,2024-04-17,233,31.87
07 AAA 023,Fiat,Fluence,2,10.04,2024-04-18,166,23.9
07 AAA 023,Fiat,Fluence,2,10.04,2024-04-19,89,8.82
07 AAA 023,Fiat,Fluence,2,10.04,2024-04-20,73,10.63
07 AAA 023,Fiat,Fluence,2,10.04,2024-04-21,169,24.87
07 AAA 023,Fiat,Fluence,2,10.04,2024-04-22,106,10.05
07 AAA 023,Fiat,Fluence,2,10.04,2024-04-23,226,31.02
07 AAA 023,Fiat,Fluence,2,10.04,2024-04-24,120,15.05
07 AAA 023,Fiat,Fluence,2,10.04,2024-04-25,41,6.11
07 AAA 023,Fiat,Fluence,2,10.04,2024-04-26,211,26.65
07 AAA 023,Fiat,Fluence,2,10.04,2024-04-27,181,14.93
07 AAA 023,Fiat,Fluence,2,10.04,2024-04-28,201,24.01
07 AAA 023,Fiat,Fluence,2,10.04,2024-04-29,201,25.26
07 AAA 024,Volkswagen,Boxer,2,9.54,2024-01-01,199,17.11
07 AAA 024,Volkswagen,Boxer,2,9.54,2024-01-02,185,23.71
07 AAA 024,Volkswagen,Boxer,2,9.54,2024-01-03,280,37.06
07 AAA 024,Volkswagen,Boxer,2,9.54,2024-01-04,264,34.31
07 AAA 024,Volkswagen,Boxer,2,9.54,2024-01-05,236,23.76
07 AAA 024,Volkswagen,Boxer,2,9.54,2024-01-06,254,35.26
07 AAA 024,Volkswagen,Boxer,2,9.54,2024-01-07,244,20.07
07 AAA 024,Volkswagen,Boxer,2,9.54,2024-01-08,293,26.08
07 AAA 024,Volkswagen,Boxer,2,9.54,2024-01-09,48,5.16
07 AAA 024,Volkswagen,Boxer,2,9.54,2024-01-10,289,22.99
07 AAA 024,Volkswagen,Boxer,2,9.54,2024-01-11,190,21.45
07 AAA 024,Volkswagen,Boxer,2,9.54,2024-01-12,82,7.06
07 AAA 024,Volkswagen,Boxer,2,9.54,2024-01-13,198,27.71
07 AAA 024,Volkswagen,Boxer,2,9.54,2024-01-14,298,25.5
07 AAA 024,Volkswagen,Boxer,2,9.54,2024-01-15,66,8.92
07 AAA 024,Volkswagen,Boxer,2,9.54,2024-01-16,184,24.3
07 AAA 024,Volkswagen,Boxer,2,9.54,2024-01-17,137,13.32
07 AAA 024,Volkswagen,Boxer,2,9.54,2024-01-18,94,12.29
07 AAA 024,Volkswagen,Boxer,2,9.54,2024-01-19,107,12.51
07 AAA 024,Volkswagen,Boxer,2,9.54,2024-01-20,196,26.3
07 AAA 024,Volkswagen,Boxer,2,9.54,2024-01-21,148,12.34
07 AAA 024,Volkswagen,Boxer,2,9.54,2024-01-22,175,22.26
07 AAA 024,Volkswagen,Boxer,2,9.54,2024-01-23,168,20.89
07 AAA 024,Volkswagen,Boxer,2,9.54,2024-01-24,167,17.97
07 AAA 024,Volkswagen,Boxer,2,9.54,2024-01-25,193,15.6
07 AAA 024,Volkswagen,Boxer,2,9.54,2024-01-26,164,12.68
07 AAA 024,Volkswagen,Boxer,2,9.54,2024-01-27,190,17.78
07 AAA 024,Volkswagen,Boxer,2,9.54,2024-01-28,232,27.81
07 AAA 024,Volkswagen,Boxer,2,9.54,2024-01-29,246,25.8
07 AAA 024,Volkswagen,Boxer,2,9.54,2024-01-30,99,13.2
07 AAA 024,Volkswagen,Boxer,2,9.54,2024-01-31,118,10.78
07 AAA 024,Volkswagen,Boxer,2,9.54,2024-02-01,52,7.44
07 AAA 024,Volkswagen,Boxer,2,9.54,2024-02-02,67,9.14
07 AAA 024,Volkswagen,Boxer,2,9.54,2024-02-03,110,8.51
07 AAA 024,Volkswagen,Boxer,2,9.54,2024-02-04,284,35.14
07 AAA 024,Volkswagen,Boxer,2,9.54,2024-02-05,131,11.1
07 AAA 024,Volkswagen,Boxer,2,9.54,2024-02-06,171,13.3
07 AAA 024,Volkswagen,Boxer,2,9.54,2024-02-07,226,29.09
07 AAA 024,Volkswagen,Boxer,2,9.54,2024-02-08,267,34.1
07 AAA 024,Volkswagen,Boxer,2,9.54,2024-02-09,254,20.86
07 AAA 024,Volkswagen,Boxer,2,9.54,2024-02-10,124,12.43
07 AAA 024,Volkswagen,Boxer,2,9.54,2024-02-11,173,19.87
07 AAA 024,Volkswagen,Boxer,2,9.54,2024-02-12,281,36.72
07 AAA 024,Volkswagen,Boxer,2,9.54,2024-02-13,297,37.09
07 AAA 024,Volkswagen,Boxer,2,9.54,2024-02-14,198,16.61
07 AAA 024,Volkswagen,Boxer,2,9.54,2024-02-15,284,38.66
07 AAA 024,Volkswagen,Boxer,2,9.54,2024-02-16,232,20.62
07 AAA 024,Volkswagen,Boxer,2,9.54,2024-02-17,146,16.39
07 AAA 024,Volkswagen,Boxer,2,9.54,2024-02-18,289,36.03
07 AAA 024,Volkswagen,Boxer,2,9.54,2024-02-19,129,13.99
07 AAA 024,Volkswagen,Boxer,2,9.54,2024-02-20,158,21.92
07 AAA 024,Volkswagen,Boxer,2,9.54,2024-02-21,300,40.38
07 AAA 024,Volkswagen,Boxer,2,9.54,2024-02-22,88,10.86
07 AAA 024,Volkswagen,Boxer,2,9.54,2024-02-23,214,26.93
07 AAA 024,Volkswagen,Boxer,2,9.54,2024-02-24,83,6.93
07 AAA 024,Volkswagen,Boxer,2,9.54,2024-02-25,115,14.17
07 AAA 024,Volkswagen,Boxer,2,9.54,2024-02-26,179,19.07
07 AAA 024,Volkswagen,Boxer,2,9.54,2024-02-27,106,14.38
07 AAA 024,Volkswagen,Boxer,2,9.54,2024-02-28,175,13.49
07 AAA 024,Volkswagen,Boxer,2,9.54,2024-02-29,55,5.93
07 AAA 024,Volkswagen,Boxer,2,9.54,2024-03-01,85,10.22
07 AAA 024,Volkswagen,Boxer,2,9.54,2024-03-02,183,14.97
07 AAA 024,Volkswagen,Boxer,2,9.54,2024-03-03,248,27.4
07 AAA 024,Volkswagen,Boxer,2,9.54,2024-03-04,142,11.1
07 AAA 024,Volkswagen,Boxer,2,9.54,2024-03-05,62,7.49
07 AAA 024,Volkswagen,Boxer,2,9.54,2024-03-06,168,21.18
07 AAA 024,Volkswagen,Boxer,2,9.54,2024-03-07,229,17.58
07 AAA 024,Volkswagen,Boxer,2,9.54,2024-03-08,225,24.71
07 AAA 024,Volkswagen,Boxer,2,9.54,2024-03-09,240,33.52
07 AAA 024,Volkswagen,Boxer,2,9.54,2024-03-10,264,22.68
07 AAA 024,Volkswagen,Boxer,2,9.54,2024-03-11,94,13.24
07 AAA 024,Volkswagen,Boxer,2,9.54,2024-03-12,282,38.2
07 AAA 024,Volkswagen,Boxer,2,9.54,2024-03-13,128,15.76
07 AAA 024,Volkswagen,Boxer,2,9.54,2024-03-14,274,38.44
07 AAA 024,Volkswagen,Boxer,2,9.54,2024-03-15,173,23.14
07 AAA 024,Volkswagen,Boxer,2,9.54,2024-03-16,151,15.73
07 AAA 024,Volkswagen,Boxer,2,9.54,2024-03-17,156,21.5
07 AAA 024,Volkswagen,Boxer,2,9.54,2024-03-18,141,19.55
07 AAA 024,Volkswagen,Boxer,2,9.54,2024-03-19,110,10.54
07 AAA 024,Volkswagen,Boxer,2,9.54,2024-03-20,151,17.05
07 AAA 024,Volkswagen,Boxer,2,9.54,2024-03-21,111,9.65
07 AAA 024,Volkswagen,Boxer,2,9.54,2024-03-22,71,8.64
07 AAA 024,Volkswagen,Boxer,2,9.54,2024-03-23,110,12.16
07 AAA 024,Volkswagen,Boxer,2,9.54,2024-03-24,113,8.72
07 AAA 024,Volkswagen,Boxer,2,9.54,2024-03-25,239,33.55
07 AAA 024,Volkswagen,Boxer,2,9.54,2024-03-26,100,8.11
07 AAA 024,Volkswagen,Boxer,2,9.54,2024-03-27,205,26.86
07 AAA 024,Volkswagen,Boxer,2,9.54,2024-03-28,95,9.08
07 AAA 024,Volkswagen,Boxer,2,9.54,2024-03-29,173,19.97
07 AAA 024,Volkswagen,Boxer,2,9.54,2024-03-30,291,36.65
07 AAA 024,Volkswagen,Boxer,2,9.54,2024-03-31,210,22.41
07 AAA 024,Volkswagen,Boxer,2,9.54,2024-04-01,95,7.53
07 AAA 024,Volkswagen,Boxer,2,9.54,2024-04-02,124,15.41
07 AAA 024,Volkswagen,Boxer,2,9.54,2024-04-03,283,25.18
07 AAA 024,Volkswagen,Boxer,2,9.54,2024-04-04,192,25.3
07 AAA 024,Volkswagen,Boxer,2,9.54,2024-04-05,214,26.87
07 AAA 024,Volkswagen,Boxer,2,9.54,2024-04-06,270,25.22
07 AAA 024,Volkswagen,Boxer,2,9.54,2024-04-07,74,6.59
07 AAA 024,Volkswagen,Boxer,2,9.54,2024-04-08,208,16.09
07 AAA 024,Volkswagen,Boxer,2,9.54,2024-04-09,284,32.36
07 AAA 024,Volkswagen,Boxer,2,9.54,2024-04-10,100,9.04
07 AAA 024,Volkswagen,Boxer,2,9.54,2024-04-11,282,31.07
07 AAA 024,Volkswagen,Boxer,2,9.54,2024-04-12,228,20.1
07 AAA 024,Volkswagen,Boxer,2,9.54,2024-04-13,258,24.83
07 AAA 024,Volkswagen,Boxer,2,9.54,2024-04-14,59,5.24
07 AAA 024,Volkswagen,Boxer,2,9.54,2024-04-15,270,29.7
07 AAA 024,Volkswagen,Boxer,2,9.54,2024-04-16,270,21.46
07 AAA 024,Volkswagen,Boxer,2,9.54,2024-04-17,241,21.43
07 AAA 024,Volkswagen,Boxer,2,9.54,2024-04-18,264,23.69
07 AAA 024,Volkswagen,Boxer,2,9.54,2024-04-19,96,9.47
07 AAA 024,Volkswagen,Boxer,2,9.54,2024-04-20,118,13.86
07 AAA 024,Volkswagen,Boxer,2,9.54,2024-04-21,56,6.04
07 AAA 024,Volkswagen,Boxer,2,9.54,2024-04-22,134,13.05
07 AAA 024,Volkswagen,Boxer,2,9.54,2024-04-23,299,24.6
07 AAA 024,Volkswagen,Boxer,2,9.54,2024-04-24,178,19.82
07 AAA 024,Volkswagen,Boxer,2,9.54,2024-04-25,177,21.64
07 AAA 024,Volkswagen,Boxer,2,9.54,2024-04-26,83,9.97
07 AAA 024,Volkswagen,Boxer,2,9.54,2024-04-27,99,9.11
07 AAA 024,Volkswagen,Boxer,2,9.54,2024-04-28,296,30.28
07 AAA 024,Volkswagen,Boxer,2,9.54,2024-04-29,169,18.84
07 AAA 025,Fiat,Transit,2,9.15,2024-01-01,195,18.12
07 AAA 025,Fiat,Transit,2,9.15,2024-01-02,100,7.8
07 AAA 025,Fiat,Transit,2,9.15,2024-01-03,249,21.12
07 AAA 025,Fiat,Transit,2,9.15,2024-01-04,174,19.81
07 AAA 025,Fiat,Transit,2,9.15,2024-01-05,195,25.94
07 AAA 025,Fiat,Transit,2,9.15,2024-01-06,296,27.21
07 AAA 025,Fiat,Transit,2,9.15,2024-01-07,62,7.9
07 AAA 025,Fiat,Transit,2,9.15,2024-01-08,41,4.16
07 AAA 025,Fiat,Transit,2,9.15,2024-01-09,80,6.42
07 AAA 025,Fiat,Transit,2,9.15,2024-01-10,217,26.11
07 AAA 025,Fiat,Transit,2,9.15,2024-01-11,70,5.15
07 AAA 025,Fiat,Transit,2,9.15,2024-01-12,111,11.98
07 AAA 025,Fiat,Transit,2,9.15,2024-01-13,44,3.25
07 AAA 025,Fiat,Transit,2,9.15,2024-01-14,169,18.1
07 AAA 025,Fiat,Transit,2,9.15,2024-01-15,180,20.0
07 AAA 025,Fiat,Transit,2,9.15,2024-01-16,166,22.51
07 AAA 025,Fiat,Transit,2,9.15,2024-01-17,268,29.27
07 AAA 025,Fiat,Transit,2,9.15,2024-01-18,245,20.25
07 AAA 025,Fiat,Transit,2,9.15,2024-01-19,121,14.74
07 AAA 025,Fiat,Transit,2,9.15,2024-01-20,91,10.47
07 AAA 025,Fiat,Transit,2,9.15,2024-01-21,162,12.92
07 AAA 025,Fiat,Transit,2,9.15,2024-01-22,65,8.1
07 AAA 025,Fiat,Transit,2,9.15,2024-01-23,52,3.98
07 AAA 025,Fiat,Transit,2,9.15,2024-01-24,190,25.51
07 AAA 025,Fiat,Transit,2,9.15,2024-01-25,116,12.3
07 AAA 025,Fiat,Transit,2,9.15,2024-01-26,67,5.81
07 AAA 025,Fiat,Transit,2,9.15,2024-01-27,82,8.31
07 AAA 025,Fiat,Transit,2,9.15,2024-01-28,211,23.92
07 AAA 025,Fiat,Transit,2,9.15,2024-01-29,51,6.97
07 AAA 025,Fiat,Transit,2,9.15,2024-01-30,154,11.95
07 AAA 025,Fiat,Transit,2,9.15,2024-01-31,124,10.99
07 AAA 025,Fiat,Transit,2,9.15,2024-02-01,170,22.78
07 AAA 025,Fiat,Transit,2,9.15,2024-02-02,74,7.71
07 AAA 025,Fiat,Transit,2,9.15,2024-02-03,188,21.27
07 AAA 025,Fiat,Transit,2,9.15,2024-02-04,171,19.9
07 AAA 025,Fiat,Transit,2,9.15,2024-02-05,143,13.47
07 AAA 025,Fiat,Transit,2,9.15,2024-02-06,220,22.39
07 AAA 025,Fiat,Transit,2,9.15,2024-02-07,108,10.23
07 AAA 025,Fiat,Transit,2,9.15,2024-02-08,108,12.56
07 AAA 025,Fiat,Transit,2,9.15,2024-02-09,156,18.33
07 AAA 025,Fiat,Transit,2,9.15,2024-02-10,174,18.51
07 AAA 025,Fiat,Transit,2,9.15,2024-02-11,279,34.73
07 AAA 025,Fiat,Transit,2,9.15,2024-02-12,100,9.83
07 AAA 025,Fiat,Transit,2,9.15,2024-02-13,141,15.2
07 AAA 025,Fiat,Transit,2,9.15,2024-02-14,253,18.74
07 AAA 025,Fiat,Transit,2,9.15,2024-02-15,264,30.62
07 AAA 025,Fiat,Transit,2,9.15,2024-02-16,270,32.84
07 AAA 025,Fiat,Transit,2,9.15,2024-02-17,279,23.41
07 AAA 025,Fiat,Transit,2,9.15,2024-02-18,73,6.69
07 AAA 025,Fiat,Transit,2,9.15,2024-02-19,153,11.21
07 AAA 025,Fiat,Transit,2,9.15,2024-02-20,151,20.42
07 AAA 025,Fiat,Transit,2,9.15,2024-02-21,207,19.93
07 AAA 025,Fiat,Transit,2,9.15,2024-02-22,283,26.2
07 AAA 025,Fiat,Transit,2,9.15,2024-02-23,273,25.04
07 AAA 025,Fiat,Transit,2,9.15,2024-02-24,287,23.73
07 AAA 025,Fiat,Transit,2,9.15,2024-02-25,174,14.6
07 AAA 025,Fiat,Transit,2,9.15,2024-02-26,130,11.51
07 AAA 025,Fiat,Transit,2,9.15,2024-02-27,239,27.36
07 AAA 025,Fiat,Transit,2,9.15,2024-02-28,77,10.48
07 AAA 025,Fiat,Transit,2,9.15,2024-02-29,193,25.14
07 AAA 025,Fiat,Transit,2,9.15,2024-03-01,72,5.33
07 AAA 025,Fiat,Transit,2,9.15,2024-03-02,189,22.06
07 AAA 025,Fiat,Transit,2,9.15,2024-03-03,74,9.56
07 AAA 025,Fiat,Transit,2,9.15,2024-03-04,167,14.33
07 AAA 025,Fiat,Transit,2,9.15,2024-03-05,105,13.63
07 AAA 025,Fiat,Transit,2,9.15,2024-03-06,146,17.63
07 AAA 025,Fiat,Transit,2,9.15,2024-03-07,164,13.75
07 AAA 025,Fiat,Transit,2,9.15,2024-03-08,130,13.71
07 AAA 025,Fiat,Transit,2,9.15,2024-03-09,232,29.34
07 AAA 025,Fiat,Transit,2,9.15,2024-03-10,121,14.14
07 AAA 025,Fiat,Transit,2,9.15,2024-03-11,299,39.59
07 AAA 025,Fiat,Transit,2,9.15,2024-03-12,208,15.38
07 AAA 025,Fiat,Transit,2,9.15,2024-03-13,58,7.78
07 AAA 025,Fiat,Transit,2,9.15,2024-03-14,251,32.97
07 AAA 025,Fiat,Transit,2,9.15,2024-03-15,232,31.6
07 AAA 025,Fiat,Transit,2,9.15,2024-03-16,235,25.83
07 AAA 025,Fiat,Transit,2,9.15,2024-03-17,273,22.22
07 AAA 025,Fiat,Transit,2,9.15,2024-03-18,96,12.05
07 AAA 025,Fiat,Transit,2,9.15,2024-03-19,79,8.74
07 AAA 025,Fiat,Transit,2,9.15,2024-03-20,50,5.84
07 AAA 025,Fiat,Transit,2,9.15,2024-03-21,163,14.84
07 AAA 025,Fiat,Transit,2,9.15,2024-03-22,128,12.55
07 AAA 025,Fiat,Transit,2,9.15,2024-03-23,176,21.08
07 AAA 025,Fiat,Transit,2,9.15,2024-03-24,271,26.49
07 AAA 025,Fiat,Transit,2,9.15,2024-03-25,192,21.48
07 AAA 025,Fiat,Transit,2,9.15,2024-03-26,53,5.03
07 AAA 025,Fiat,Transit,2,9.15,2024-03-27,197,23.6
07 AAA 025,Fiat,Transit,2,9.15,2024-03-28,115,9.83
07 AAA 025,Fiat,Transit,2,9.15,2024-03-29,251,26.98
07 AAA 025,Fiat,Transit,2,9.15,2024-03-30,148,10.95
07 AAA 025,Fiat,Transit,2,9.15,2024-03-31,119,12.49
07 AAA 025,Fiat,Transit,2,9.15,2024-04-01,204,17.31
07 AAA 025,Fiat,Transit,2,9.15,2024-04-02,120,15.1
07 AAA 025,Fiat,Transit,2,9.15,2024-04-03,285,27.77
07 AAA 025,Fiat,Transit,2,9.15,2024-04-04,65,7.75
07 AAA 025,Fiat,Transit,2,9.15,2024-04-05,109,11.28
07 AAA 025,Fiat,Transit,2,9.15,2024-04-06,241,19.63
07 AAA 025,Fiat,Transit,2,9.15,2024-04-07,266,28.82
07 AAA 025,Fiat,Transit,2,9.15,2024-04-08,128,16.02
07 AAA 025,Fiat,Transit,2,9.15,2024-04-09,57,5.87
07 AAA 025,Fiat,Transit,2,9.15,2024-04-10,257,33.0
07 AAA 025,Fiat,Transit,2,9.15,2024-04-11,155,17.61
07 AAA 025,Fiat,Transit,2,9.15,2024-04-12,116,13.72
07 AAA 025,Fiat,Transit,2,9.15,2024-04-13,170,22.42
07 AAA 025,Fiat,Transit,2,9.15,2024-04-14,209,17.41
07 AAA 025,Fiat,Transit,2,9.15,2024-04-15,213,20.53
07 AAA 025,Fiat,Transit,2,9.15,2024-04-16,195,23.37
07 AAA 025,Fiat,Transit,2,9.15,2024-04-17,89,9.54
07 AAA 025,Fiat,Transit,2,9.15,2024-04-18,80,10.6
07 AAA 025,Fiat,Transit,2,9.15,2024-04-19,110,13.27
07 AAA 025,Fiat,Transit,2,9.15,2024-04-20,101,9.34
07 AAA 025,Fiat,Transit,2,9.15,2024-04-21,223,23.1
07 AAA 025,Fiat,Transit,2,9.15,2024-04-22,173,19.73
07 AAA 025,Fiat,Transit,2,9.15,2024-04-23,158,19.54
07 AAA 025,Fiat,Transit,2,9.15,2024-04-24,92,7.98
07 AAA 025,Fiat,Transit,2,9.15,2024-04-25,251,28.76
07 AAA 025,Fiat,Transit,2,9.15,2024-04-26,145,17.07
07 AAA 025,Fiat,Transit,2,9.15,2024-04-27,164,14.9
07 AAA 025,Fiat,Transit,2,9.15,2024-04-28,70,6.42
07 AAA 025,Fiat,Transit,2,9.15,2024-04-29,277,21.56
07 AAA 026,Fiat,Doblo,3,25.38,2024-01-01,51,18.95
07 AAA 026,Fiat,Doblo,3,25.38,2024-01-02,235,87.19
07 AAA 026,Fiat,Doblo,3,25.38,2024-01-03,40,14.29
07 AAA 026,Fiat,Doblo,3,25.38,2024-01-04,125,32.86
07 AAA 026,Fiat,Doblo,3,25.38,2024-01-05,284,59.82
07 AAA 026,Fiat,Doblo,3,25.38,2024-01-06,231,75.91
07 AAA 026,Fiat,Doblo,3,25.38,2024-01-07,41,12.27
07 AAA 026,Fiat,Doblo,3,25.38,2024-01-08,63,14.25
07 AAA 026,Fiat,Doblo,3,25.38,2024-01-09,189,71.92
07 AAA 026,Fiat,Doblo,3,25.38,2024-01-10,134,27.84
07 AAA 026,Fiat,Doblo,3,25.38,2024-01-11,182,39.79
07 AAA 026,Fiat,Doblo,3,25.38,2024-01-12,277,103.7
07 AAA 026,Fiat,Doblo,3,25.38,2024-01-13,179,64.09
07 AAA 026,Fiat,Doblo,3,25.38,2024-01-14,248,55.39
07 AAA 026,Fiat,Doblo,3,25.38,2024-01-15,265,64.42
07 AAA 026,Fiat,Doblo,3,25.38,2024-01-16,153,57.23
07 AAA 026,Fiat,Doblo,3,25.38,2024-01-17,80,24.05
07 AAA 026,Fiat,Doblo,3,25.38,2024-01-18,201,53.33
07 AAA 026,Fiat,Doblo,3,25.38,2024-01-19,200,42.04
07 AAA 026,Fiat,Doblo,3,25.38,2024-01-20,108,38.83
07 AAA 026,Fiat,Doblo,3,25.38,2024-01-21,180,50.52
07 AAA 026,Fiat,Doblo,3,25.38,2024-01-22,292,77.75
07 AAA 026,Fiat,Doblo,3,25.38,2024-01-23,51,19.01
07 AAA 026,Fiat,Doblo,3,25.38,2024-01-24,216,69.82
07 AAA 026,Fiat,Doblo,3,25.38,2024-01-25,92,24.76
07 AAA 026,Fiat,Doblo,3,25.38,2024-01-26,92,20.09
07 AAA 026,Fiat,Doblo,3,25.38,2024-01-27,189,64.91
07 AAA 026,Fiat,Doblo,3,25.38,2024-01-28,291,98.41
07 AAA 026,Fiat,Doblo,3,25.38,2024-01-29,211,72.43
07 AAA 026,Fiat,Doblo,3,25.38,2024-01-30,179,37.05
07 AAA 026,Fiat,Doblo,3,25.38,2024-01-31,177,51.9
07 AAA 026,Fiat,Doblo,3,25.38,2024-02-01,116,43.27
07 AAA 026,Fiat,Doblo,3,25.38,2024-02-02,155,40.58
07 AAA 026,Fiat,Doblo,3,25.38,2024-02-03,292,60.49
07 AAA 026,Fiat,Doblo,3,25.38,2024-02-04,44,9.91
07 AAA 026,Fiat,Doblo,3,25.38,2024-02-05,48,9.9
07 AAA 026,Fiat,Doblo,3,25.38,2024-02-06,117,34.53
07 AAA 026,Fiat,Doblo,3,25.38,2024-02-07,74,25.11
07 AAA 026,Fiat,Doblo,3,25.38,2024-02-08,281,77.57
07 AAA 026,Fiat,Doblo,3,25.38,2024-02-09,276,104.48
07 AAA 026,Fiat,Doblo,3,25.38,2024-02-10,136,48.28
07 AAA 026,Fiat,Doblo,3,25.38,2024-02-11,244,72.03
07 AAA 026,Fiat,Doblo,3,25.38,2024-02-12,148,56.2
07 AAA 026,Fiat,Doblo,3,25.38,2024-02-13,60,16.47
07 AAA 026,Fiat,Doblo,3,25.38,2024-02-14,144,35.33
07 AAA 026,Fiat,Doblo,3,25.38,2024-02-15,66,19.0
07 AAA 026,Fiat,Doblo,3,25.38,2024-02-16,52,19.51
07 AAA 026,Fiat,Doblo,3,25.38,2024-02-17,108,26.37
07 AAA 026,Fiat,Doblo,3,25.38,2024-02-18,132,38.34
07 AAA 026,Fiat,Doblo,3,25.38,2024-02-19,68,19.0
07 AAA 026,Fiat,Doblo,3,25.38,2024-02-20,80,24.85
07 AAA 026,Fiat,Doblo,3,25.38,2024-02-21,129,33.86
07 AAA 026,Fiat,Doblo,3,25.38,2024-02-22,236,83.66
07 AAA 026,Fiat,Doblo,3,25.38,2024-02-23,121,45.77
07 AAA 026,Fiat,Doblo,3,25.38,2024-02-24,242,83.63
07 AAA 026,Fiat,Doblo,3,25.38,2024-02-25,256,63.45
07 AAA 026,Fiat,Doblo,3,25.38,2024-02-26,232,61.52
07 AAA 026,Fiat,Doblo,3,25.38,2024-02-27,294,100.92
07 AAA 026,Fiat,Doblo,3,25.38,2024-02-28,216,54.78
07 AAA 026,Fiat,Doblo,3,25.38,2024-02-29,278,90.01
07 AAA 026,Fiat,Doblo,3,25.38,2024-03-01,48,11.2
07 AAA 026,Fiat,Doblo,3,25.38,2024-03-02,194,47.34
07 AAA 026,Fiat,Doblo,3,25.38,2024-03-03,183,50.57
07 AAA 026,Fiat,Doblo,3,25.38,2024-03-04,40,13.22
07 AAA 026,Fiat,Doblo,3,25.38,2024-03-05,240,63.98
07 AAA 026,Fiat,Doblo,3,25.38,2024-03-06,163,46.44
07 AAA 026,Fiat,Doblo,3,25.38,2024-03-07,149,36.64
07 AAA 026,Fiat,Doblo,3,25.38,2024-03-08,291,87.54
07 AAA 026,Fiat,Doblo,3,25.38,2024-03-09,120,38.4
07 AAA 026,Fiat,Doblo,3,25.38,2024-03-10,123,27.11
07 AAA 026,Fiat,Doblo,3,25.38,2024-03-11,161,36.07
07 AAA 026,Fiat,Doblo,3,25.38,2024-03-12,132,49.78
07 AAA 026,Fiat,Doblo,3,25.38,2024-03-13,40,12.29
07 AAA 026,Fiat,Doblo,3,25.38,2024-03-14,74,21.22
07 AAA 026,Fiat,Doblo,3,25.38,2024-03-15,139,32.17
07 AAA 026,Fiat,Doblo,3,25.38,2024-03-16,129,39.81
07 AAA 026,Fiat,Doblo,3,25.38,2024-03-17,52,14.89
07 AAA 026,Fiat,Doblo,3,25.38,2024-03-18,142,37.61
07 AAA 026,Fiat,Doblo,3,25.38,2024-03-19,234,75.98
07 AAA 026,Fiat,Doblo,3,25.38,2024-03-20,71,20.8
07 AAA 026,Fiat,Doblo,3,25.38,2024-03-21,267,54.82
07 AAA 026,Fiat,Doblo,3,25.38,2024-03-22,40,9.24
07 AAA 026,Fiat,Doblo,3,25.38,2024-03-23,218,58.93
07 AAA 026,Fiat,Doblo,3,25.38,2024-03-24,81,26.95
07 AAA 026,Fiat,Doblo,3,25.38,2024-03-25,209,44.96
07 AAA 026,Fiat,Doblo,3,25.38,2024-03-26,109,39.43
07 AAA 026,Fiat,Doblo,3,25.38,2024-03-27,291,102.27
07 AAA 026,Fiat,Doblo,3,25.38,2024-03-28,265,85.88
07 AAA 026,Fiat,Doblo,3,25.38,2024-03-29,168,61.35
07 AAA 026,Fiat,Doblo,3,25.38,2024-03-30,243,91.96
07 AAA 026,Fiat,Doblo,3,25.38,2024-03-31,145,41.54
07 AAA 026,Fiat,Doblo,3,25.38,2024-04-01,268,74.83
07 AAA 026,Fiat,Doblo,3,25.38,2024-04-02,263,89.33
07 AAA 026,Fiat,Doblo,3,25.38,2024-04-03,247,81.65
07 AAA 026,Fiat,Doblo,3,25.38,2024-04-04,128,33.13
07 AAA 026,Fiat,Doblo,3,25.38,2024-04-05,158,39.78
07 AAA 026,Fiat,Doblo,3,25.38,2024-04-06,283,58.6
07 AAA 026,Fiat,Doblo,3,25.38,2024-04-07,145,53.87
07 AAA 026,Fiat,Doblo,3,25.38,2024-04-08,287,58.7
07 AAA 026,Fiat,Doblo,3,25.38,2024-04-09,230,47.85
07 AAA 026,Fiat,Doblo,3,25.38,2024-04-10,120,35.7
07 AAA 026,Fiat,Doblo,3,25.38,2024-04-11,100,22.37
07 AAA 026,Fiat,Doblo,3,25.38,2024-04-12,252,59.95
07 AAA 026,Fiat,Doblo,3,25.38,2024-04-13,146,46.02
07 AAA 026,Fiat,Doblo,3,25.38,2024-04-14,45,12.09
07 AAA 026,Fiat,Doblo,3,25.38,2024-04-15,48,14.04
07 AAA 026,Fiat,Doblo,3,25.38,2024-04-16,152,57.64
07 AAA 026,Fiat,Doblo,3,25.38,2024-04-17,214,71.61
07 AAA 026,Fiat,Doblo,3,25.38,2024-04-18,287,97.52
07 AAA 026,Fiat,Doblo,3,25.38,2024-04-19,166,61.89
07 AAA 026,Fiat,Doblo,3,25.38,2024-04-20,228,81.1
07 AAA 026,Fiat,Doblo,3,25.38,2024-04-21,211,57.07
07 AAA 026,Fiat,Doblo,3,25.38,2024-04-22,237,79.32
07 AAA 026,Fiat,Doblo,3,25.38,2024-04-23,159,36.72
07 AAA 026,Fiat,Doblo,3,25.38,2024-04-24,265,71.48
07 AAA 026,Fiat,Doblo,3,25.38,2024-04-25,219,81.78
07 AAA 026,Fiat,Doblo,3,25.38,2024-04-26,71,16.93
07 AAA 026,Fiat,Doblo,3,25.38,2024-04-27,93,34.41
07 AAA 026,Fiat,Doblo,3,25.38,2024-04-28,137,51.17
07 AAA 026,Fiat,Doblo,3,25.38,2024-04-29,244,54.38
07 AAA 027,Ford,Boxer,2,10.82,2024-01-01,44,5.27
07 AAA 027,Ford,Boxer,2,10.82,2024-01-02,271,42.8
07 AAA 027,Ford,Boxer,2,10.82,2024-01-03,73,11.45
07 AAA 027,Ford,Boxer,2,10.82,2024-01-04,125,16.35
07 AAA 027,Ford,Boxer,2,10.82,2024-01-05,161,16.71
07 AAA 027,Ford,Boxer,2,10.82,2024-01-06,225,24.16
07 AAA 027,Ford,Boxer,2,10.82,2024-01-07,196,21.68
07 AAA 027,Ford,Boxer,2,10.82,2024-01-08,229,25.35
07 AAA 027,Ford,Boxer,2,10.82,2024-01-09,206,27.52
07 AAA 027,Ford,Boxer,2,10.82,2024-01-10,203,18.72
07 AAA 027,Ford,Boxer,2,10.82,2024-01-11,195,21.99
07 AAA 027,Ford,Boxer,2,10.82,2024-01-12,230,25.73
07 AAA 027,Ford,Boxer,2,10.82,2024-01-13,233,20.67
07 AAA 027,Ford,Boxer,2,10.82,2024-01-14,122,17.13
07 AAA 027,Ford,Boxer,2,10.82,2024-01-15,129,12.53
07 AAA 027,Ford,Boxer,2,10.82,2024-01-16,72,9.64
07 AAA 027,Ford,Boxer,2,10.82,2024-01-17,152,22.44
07 AAA 027,Ford,Boxer,2,10.82,2024-01-18,137,14.25
07 AAA 027,Ford,Boxer,2,10.82,2024-01-19,294,33.47
07 AAA 027,Ford,Boxer,2,10.82,2024-01-20,63,7.42
07 AAA 027,Ford,Boxer,2,10.82,2024-01-21,265,26.21
07 AAA 027,Ford,Boxer,2,10.82,2024-01-22,78,12.48
07 AAA 027,Ford,Boxer,2,10.82,2024-01-23,234,24.48
07 AAA 027,Ford,Boxer,2,10.82,2024-01-24,205,32.13
07 AAA 027,Ford,Boxer,2,10.82,2024-01-25,298,45.69
07 AAA 027,Ford,Boxer,2,10.82,2024-01-26,241,31.02
07 AAA 027,Ford,Boxer,2,10.82,2024-01-27,238,24.99
07 AAA 027,Ford,Boxer,2,10.82,2024-01-28,248,31.51
07 AAA 027,Ford,Boxer,2,10.82,2024-01-29,226,19.79
07 AAA 027,Ford,Boxer,2,10.82,2024-01-30,147,13.97
07 AAA 027,Ford,Boxer,2,10.82,2024-01-31,191,18.92
07 AAA 027,Ford,Boxer,2,10.82,2024-02-01,128,16.49
07 AAA 027,Ford,Boxer,2,10.82,2024-02-02,193,20.93
07 AAA 027,Ford,Boxer,2,10.82,2024-02-03,100,9.04
07 AAA 027,Ford,Boxer,2,10.82,2024-02-04,68,8.68
07 AAA 027,Ford,Boxer,2,10.82,2024-02-05,148,19.87
07 AAA 027,Ford,Boxer,2,10.82,2024-02-06,46,6.71
07 AAA 027,Ford,Boxer,2,10.82,2024-02-07,44,4.72
07 AAA 027,Ford,Boxer,2,10.82,2024-02-08,174,18.75
07 AAA 027,Ford,Boxer,2,10.82,2024-02-09,99,9.22
07 AAA 027,Ford,Boxer,2,10.82,2024-02-10,213,29.85
07 AAA 027,Ford,Boxer,2,10.82,2024-02-11,285,36.49
07 AAA 027,Ford,Boxer,2,10.82,2024-02-12,276,32.18
07 AAA 027,Ford,Boxer,2,10.82,2024-02-13,58,9.17
07 AAA 027,Ford,Boxer,2,10.82,2024-02-14,269,27.02
07 AAA 027,Ford,Boxer,2,10.82,2024-02-15,285,31.13
07 AAA 027,Ford,Boxer,2,10.82,2024-02-16,267,27.51
07 AAA 027,Ford,Boxer,2,10.82,2024-02-17,271,31.34
07 AAA 027,Ford,Boxer,2,10.82,2024-02-18,265,32.41
07 AAA 027,Ford,Boxer,2,10.82,2024-02-19,256,25.71
07 AAA 027,Ford,Boxer,2,10.82,2024-02-20,112,14.14
07 AAA 027,Ford,Boxer,2,10.82,2024-02-21,146,17.56
07 AAA 027,Ford,Boxer,2,10.82,2024-02-22,72,10.98
07 AAA 027,Ford,Boxer,2,10.82,2024-02-23,297,41.66
07 AAA 027,Ford,Boxer,2,10.82,2024-02-24,282,45.69
07 AAA 027,Ford,Boxer,2,10.82,2024-02-25,260,37.52
07 AAA 027,Ford,Boxer,2,10.82,2024-02-26,99,13.14
07 AAA 027,Ford,Boxer,2,10.82,2024-02-27,142,19.11
07 AAA 027,Ford,Boxer,2,10.82,2024-02-28,228,32.09
07 AAA 027,Ford,Boxer,2,10.82,2024-02-29,140,21.99
07 AAA 027,Ford,Boxer,2,10.82,2024-03-01,139,13.78
07 AAA 027,Ford,Boxer,2,10.82,2024-03-02,104,12.71
07 AAA 027,Ford,Boxer,2,10.82,2024-03-03,144,17.45
07 AAA 027,Ford,Boxer,2,10.82,2024-03-04,235,25.0
07 AAA 027,Ford,Boxer,2,10.82,2024-03-05,60,9.42
07 AAA 027,Ford,Boxer,2,10.82,2024-03-06,129,15.32
07 AAA 027,Ford,Boxer,2,10.82,2024-03-07,57,5.32
07 AAA 027,Ford,Boxer,2,10.82,2024-03-08,219,28.23
07 AAA 027,Ford,Boxer,2,10.82,2024-03-09,191,25.93
07 AAA 027,Ford,Boxer,2,10.82,2024-03-10,186,25.82
07 AAA 027,Ford,Boxer,2,10.82,2024-03-11,282,27.79
07 AAA 027,Ford,Boxer,2,10.82,2024-03-12,212,27.49
07 AAA 027,Ford,Boxer,2,10.82,2024-03-13,169,17.46
07 AAA 027,Ford,Boxer,2,10.82,2024-03-14,294,34.76
07 AAA 027,Ford,Boxer,2,10.82,2024-03-15,294,34.29
07 AAA 027,Ford,Boxer,2,10.82,2024-03-16,131,20.44
07 AAA 027,Ford,Boxer,2,10.82,2024-03-17,131,20.7
07 AAA 027,Ford,Boxer,2,10.82,2024-03-18,248,21.8
07 AAA 027,Ford,Boxer,2,10.82,2024-03-19,203,31.56
07 AAA 027,Ford,Boxer,2,10.82,2024-03-20,175,17.68
07 AAA 027,Ford,Boxer,2,10.82,2024-03-21,189,25.98
07 AAA 027,Ford,Boxer,2,10.82,2024-03-22,47,4.45
07 AAA 027,Ford,Boxer,2,10.82,2024-03-23,231,26.56
07 AAA 027,Ford,Boxer,2,10.82,2024-03-24,184,25.75
07 AAA 027,Ford,Boxer,2,10.82,2024-03-25,225,25.93
07 AAA 027,Ford,Boxer,2,10.82,2024-03-26,132,13.57
07 AAA 027,Ford,Boxer,2,10.82,2024-03-27,271,39.48
07 AAA 027,Ford,Boxer,2,10.82,2024-03-28,133,11.52
07 AAA 027,Ford,Boxer,2,10.82,2024-03-29,263,24.07
07 AAA 027,Ford,Boxer,2,10.82,2024-03-30,175,15.61
07 AAA 027,Ford,Boxer,2,10.82,2024-03-31,242,29.86
07 AAA 027,Ford,Boxer,2,10.82,2024-04-01,162,25.35
07 AAA 027,Ford,Boxer,2,10.82,2024-04-02,140,13.88
07 AAA 027,Ford,Boxer,2,10.82,2024-04-03,136,20.01
07 AAA 027,Ford,Boxer,2,10.82,2024-04-04,165,16.32
07 AAA 027,Ford,Boxer,2,10.82,2024-04-05,120,11.04
07 AAA 027,Ford,Boxer,2,10.82,2024-04-06,46,7.05
07 AAA 027,Ford,Boxer,2,10.82,2024-04-07,107,15.8
07 AAA 027,Ford,Boxer,2,10.82,2024-04-08,223,34.78
07 AAA 027,Ford,Boxer,2,10.82,2024-04-09,233,30.62
07 AAA 027,Ford,Boxer,2,10.82,2024-04-10,100,9.23
07 AAA 027,Ford,Boxer,2,10.82,2024-04-11,187,25.82
07 AAA 027,Ford,Boxer,2,10.82,2024-04-12,86,9.6
07 AAA 027,Ford,Boxer,2,10.82,2024-04-13,159,22.66
07 AAA 027,Ford,Boxer,2,10.82,2024-04-14,84,8.79
07 AAA 027,Ford,Boxer,2,10.82,2024-04-15,79,12.1
07 AAA 027,Ford,Boxer,2,10.82,2024-04-16,291,41.49
07 AAA 027,Ford,Boxer,2,10.82,2024-04-17,155,22.09
07 AAA 027,Ford,Boxer,2,10.82,2024-04-18,54,8.3
07 AAA 027,Ford,Boxer,2,10.82,2024-04-19,66,7.06
07 AAA 027,Ford,Boxer,2,10.82,2024-04-20,190,22.81
07 AAA 027,Ford,Boxer,2,10.82,2024-04-21,185,23.94
07 AAA 027,Ford,Boxer,2,10.82,2024-04-22,109,13.15
07 AAA 027,Ford,Boxer,2,10.82,2024-04-23,225,23.66
07 AAA 027,Ford,Boxer,2,10.82,2024-04-24,188,18.92
07 AAA 027,Ford,Boxer,2,10.82,2024-04-25,280,33.24
07 AAA 027,Ford,Boxer,2,10.82,2024-04-26,221,26.19
07 AAA 027,Ford,Boxer,2,10.82,2024-04-27,231,20.08
07 AAA 027,Ford,Boxer,2,10.82,2024-04-28,126,14.47
07 AAA 027,Ford,Boxer,2,10.82,2024-04-29,160,19.23
07 AAA 028,Peugeot,Atego,4,7.16,2024-01-01,143,8.9
07 AAA 028,Peugeot,Atego,4,7.16,2024-01-02,142,10.38
07 AAA 028,Peugeot,Atego,4,7.16,2024-01-03,50,3.0
07 AAA 028,Peugeot,Atego,4,7.16,2024-01-04,50,3.86
07 AAA 028,Peugeot,Atego,4,7.16,2024-01-05,103,9.83
07 AAA 028,Peugeot,Atego,4,7.16,2024-01-06,108,9.72
07 AAA 028,Peugeot,Atego,4,7.16,2024-01-07,63,3.63
07 AAA 028,Peugeot,Atego,4,7.16,2024-01-08,148,11.22
07 AAA 028,Peugeot,Atego,4,7.16,2024-01-09,61,6.01
07 AAA 028,Peugeot,Atego,4,7.16,2024-01-10,201,14.41
07 AAA 028,Peugeot,Atego,4,7.16,2024-01-11,135,14.13
07 AAA 028,Peugeot,Atego,4,7.16,2024-01-12,84,6.48
07 AAA 028,Peugeot,Atego,4,7.16,2024-01-13,221,19.6
07 AAA 028,Peugeot,Atego,4,7.16,2024-01-14,66,5.05
07 AAA 028,Peugeot,Atego,4,7.16,2024-01-15,87,5.53
07 AAA 028,Peugeot,Atego,4,7.16,2024-01-16,149,11.4
07 AAA 028,Peugeot,Atego,4,7.16,2024-01-17,194,11.96
07 AAA 028,Peugeot,Atego,4,7.16,2024-01-18,67,6.05
07 AAA 028,Peugeot,Atego,4,7.16,2024-01-19,280,28.94
07 AAA 028,Peugeot,Atego,4,7.16,2024-01-20,199,21.0
07 AAA 028,Peugeot,Atego,4,7.16,2024-01-21,195,15.55
07 AAA 028,Peugeot,Atego,4,7.16,2024-01-22,155,16.45
07 AAA 028,Peugeot,Atego,4,7.16,2024-01-23,287,28.6
07 AAA 028,Peugeot,Atego,4,7.16,2024-01-24,70,4.32
07 AAA 028,Peugeot,Atego,4,7.16,2024-01-25,73,5.11
07 AAA 028,Peugeot,Atego,4,7.16,2024-01-26,192,19.6
07 AAA 028,Peugeot,Atego,4,7.16,2024-01-27,249,19.63
07 AAA 028,Peugeot,Atego,4,7.16,2024-01-28,118,9.7
07 AAA 028,Peugeot,Atego,4,7.16,2024-01-29,261,24.67
07 AAA 028,Peugeot,Atego,4,7.16,2024-01-30,293,22.55
07 AAA 028,Peugeot,Atego,4,7.16,2024-01-31,261,21.43
07 AAA 028,Peugeot,Atego,4,7.16,2024-02-01,164,9.46
07 AAA 028,Peugeot,Atego,4,7.16,2024-02-02,214,20.75
07 AAA 028,Peugeot,Atego,4,7.16,2024-02-03,89,6.02
07 AAA 028,Peugeot,Atego,4,7.16,2024-02-04,143,13.77
07 AAA 028,Peugeot,Atego,4,7.16,2024-02-05,86,8.61
07 AAA 028,Peugeot,Atego,4,7.16,2024-02-06,59,4.27
07 AAA 028,Peugeot,Atego,4,7.16,2024-02-07,103,10.53
07 AAA 028,Peugeot,Atego,4,7.16,2024-02-08,193,16.46
07 AAA 028,Peugeot,Atego,4,7.16,2024-02-09,138,9.72
07 AAA 028,Peugeot,Atego,4,7.16,2024-02-10,67,5.69
07 AAA 028,Peugeot,Atego,4,7.16,2024-02-11,104,9.41
07 AAA 028,Peugeot,Atego,4,7.16,2024-02-12,271,22.87
07 AAA 028,Peugeot,Atego,4,7.16,2024-02-13,268,25.42
07 AAA 028,Peugeot,Atego,4,7.16,2024-02-14,228,21.98
07 AAA 028,Peugeot,Atego,4,7.16,2024-02-15,166,13.62
07 AAA 028,Peugeot,Atego,4,7.16,2024-02-16,286,19.72
07 AAA 028,Peugeot,Atego,4,7.16,2024-02-17,275,18.62
07 AAA 028,Peugeot,Atego,4,7.16,2024-02-18,137,9.87
07 AAA 028,Peugeot,Atego,4,7.16,2024-02-19,180,17.27
07 AAA 028,Peugeot,Atego,4,7.16,2024-02-20,110,11.61
07 AAA 028,Peugeot,Atego,4,7.16,2024-02-21,151,13.71
07 AAA 028,Peugeot,Atego,4,7.16,2024-02-22,262,16.0
07 AAA 028,Peugeot,Atego,4,7.16,2024-02-23,80,7.52
07 AAA 028,Peugeot,Atego,4,7.16,2024-02-24,267,24.31
07 AAA 028,Peugeot,Atego,4,7.16,2024-02-25,86,5.9
07 AAA 028,Peugeot,Atego,4,7.16,2024-02-26,67,6.85
07 AAA 028,Peugeot,Atego,4,7.16,2024-02-27,196,18.55
07 AAA 028,Peugeot,Atego,4,7.16,2024-02-28,58,5.61
07 AAA 028,Peugeot,Atego,4,7.16,2024-02-29,246,24.83
07 AAA 028,Peugeot,Atego,4,7.16,2024-03-01,50,3.26
07 AAA 028,Peugeot,Atego,4,7.16,2024-03-02,170,14.97
07 AAA 028,Peugeot,Atego,4,7.16,2024-03-03,236,24.35
07 AAA 028,Peugeot,Atego,4,7.16,2024-03-04,296,30.35
07 AAA 028,Peugeot,Atego,4,7.16,2024-03-05,292,30.45
07 AAA 028,Peugeot,Atego,4,7.16,2024-03-06,151,12.92
07 AAA 028,Peugeot,Atego,4,7.16,2024-03-07,223,17.32
07 AAA 028,Peugeot,Atego,4,7.16,2024-03-08,47,4.4
07 AAA 028,Peugeot,Atego,4,7.16,2024-03-09,128,10.9
07 AAA 028,Peugeot,Atego,4,7.16,2024-03-10,232,15.12
07 AAA 028,Peugeot,Atego,4,7.16,2024-03-11,47,3.03
07 AAA 028,Peugeot,Atego,4,7.16,2024-03-12,176,12.02
07 AAA 028,Peugeot,Atego,4,7.16,2024-03-13,161,14.51
07 AAA 028,Peugeot,Atego,4,7.16,2024-03-14,274,25.6
07 AAA 028,Peugeot,Atego,4,7.16,2024-03-15,259,24.09
07 AAA 028,Peugeot,Atego,4,7.16,2024-03-16,109,6.67
07 AAA 028,Peugeot,Atego,4,7.16,2024-03-17,87,7.32
07 AAA 028,Peugeot,Atego,4,7.16,2024-03-18,140,8.17
07 AAA 028,Peugeot,Atego,4,7.16,2024-03-19,204,18.44
07 AAA 028,Peugeot,Atego,4,7.16,2024-03-20,134,11.48
07 AAA 028,Peugeot,Atego,4,7.16,2024-03-21,90,9.51
07 AAA 028,Peugeot,Atego,4,7.16,2024-03-22,253,16.34
07 AAA 028,Peugeot,Atego,4,7.16,2024-03-23,225,18.83
07 AAA 028,Peugeot,Atego,4,7.16,2024-03-24,254,22.09
07 AAA 028,Peugeot,Atego,4,7.16,2024-03-25,264,17.51
07 AAA 028,Peugeot,Atego,4,7.16,2024-03-26,158,14.55
07 AAA 028,Peugeot,Atego,4,7.16,2024-03-27,160,10.52
07 AAA 028,Peugeot,Atego,4,7.16,2024-03-28,224,14.86
07 AAA 028,Peugeot,Atego,4,7.16,2024-03-29,248,18.33
07 AAA 028,Peugeot,Atego,4,7.16,2024-03-30,222,21.99
07 AAA 028,Peugeot,Atego,4,7.16,2024-03-31,48,3.29
07 AAA 028,Peugeot,Atego,4,7.16,2024-04-01,169,9.71
07 AAA 028,Peugeot,Atego,4,7.16,2024-04-02,89,6.15
07 AAA 028,Peugeot,Atego,4,7.16,2024-04-03,256,17.35
07 AAA 028,Peugeot,Atego,4,7.16,2024-04-04,294,28.57
07 AAA 028,Peugeot,Atego,4,7.16,2024-04-05,145,9.95
07 AAA 028,Peugeot,Atego,4,7.16,2024-04-06,282,25.16
07 AAA 028,Peugeot,Atego,4,7.16,2024-04-07,116,7.67
07 AAA 028,Peugeot,Atego,4,7.16,2024-04-08,283,16.63
07 AAA 028,Peugeot,Atego,4,7.16,2024-04-09,219,21.58
07 AAA 028,Peugeot,Atego,4,7.16,2024-04-10,118,10.75
07 AAA 028,Peugeot,Atego,4,7.16,2024-04-11,50,4.28
07 AAA 028,Peugeot,Atego,4,7.16,2024-04-12,268,17.22
07 AAA 028,Peugeot,Atego,4,7.16,2024-04-13,186,15.67
07 AAA 028,Peugeot,Atego,4,7.16,2024-04-14,267,18.86
07 AAA 028,Peugeot,Atego,4,7.16,2024-04-15,270,17.49
07 AAA 028,Peugeot,Atego,4,7.16,2024-04-16,288,25.08
07 AAA 028,Peugeot,Atego,4,7.16,2024-04-17,102,10.84
07 AAA 028,Peugeot,Atego,4,7.16,2024-04-18,120,8.31
07 AAA 028,Peugeot,Atego,4,7.16,2024-04-19,203,15.14
07 AAA 028,Peugeot,Atego,4,7.16,2024-04-20,58,3.64
07 AAA 028,Peugeot,Atego,4,7.16,2024-04-21,42,3.12
07 AAA 028,Peugeot,Atego,4,7.16,2024-04-22,69,4.09
07 AAA 028,Peugeot,Atego,4,7.16,2024-04-23,180,16.3
07 AAA 028,Peugeot,Atego,4,7.16,2024-04-24,242,22.68
07 AAA 028,Peugeot,Atego,4,7.16,2024-04-25,100,8.65
07 AAA 028,Peugeot,Atego,4,7.16,2024-04-26,189,13.76
07 AAA 028,Peugeot,Atego,4,7.16,2024-04-27,202,15.7
07 AAA 028,Peugeot,Atego,4,7.16,2024-04-28,296,31.2
07 AAA 028,Peugeot,Atego,4,7.16,2024-04-29,140,10.97
07 AAA 029,Fiat,Fluence,3,25.98,2024-01-01,82,20.15
07 AAA 029,Fiat,Fluence,3,25.98,2024-01-02,237,74.47
07 AAA 029,Fiat,Fluence,3,25.98,2024-01-03,252,61.97
07 AAA 029,Fiat,Fluence,3,25.98,2024-01-04,152,52.21
07 AAA 029,Fiat,Fluence,3,25.98,2024-01-05,149,51.32
07 AAA 029,Fiat,Fluence,3,25.98,2024-01-06,196,70.43
07 AAA 029,Fiat,Fluence,3,25.98,2024-01-07,287,110.34
07 AAA 029,Fiat,Fluence,3,25.98,2024-01-08,98,31.62
07 AAA 029,Fiat,Fluence,3,25.98,2024-01-09,104,24.98
07 AAA 029,Fiat,Fluence,3,25.98,2024-01-10,284,97.42
07 AAA 029,Fiat,Fluence,3,25.98,2024-01-11,153,36.71
07 AAA 029,Fiat,Fluence,3,25.98,2024-01-12,80,27.84
07 AAA 029,Fiat,Fluence,3,25.98,2024-01-13,116,34.73
07 AAA 029,Fiat,Fluence,3,25.98,2024-01-14,236,91.83
07 AAA 029,Fiat,Fluence,3,25.98,2024-01-15,261,67.51
07 AAA 029,Fiat,Fluence,3,25.98,2024-01-16,230,54.34
07 AAA 029,Fiat,Fluence,3,25.98,2024-01-17,68,20.0
07 AAA 029,Fiat,Fluence,3,25.98,2024-01-18,295,101.9
07 AAA 029,Fiat,Fluence,3,25.98,2024-01-19,48,16.12
07 AAA 029,Fiat,Fluence,3,25.98,2024-01-20,90,20.86
07 AAA 029,Fiat,Fluence,3,25.98,2024-01-21,149,38.91
07 AAA 029,Fiat,Fluence,3,25.98,2024-01-22,207,54.85
07 AAA 029,Fiat,Fluence,3,25.98,2024-01-23,182,67.87
07 AAA 029,Fiat,Fluence,3,25.98,2024-01-24,150,39.73
07 AAA 029,Fiat,Fluence,3,25.98,2024-01-25,172,55.73
07 AAA 029,Fiat,Fluence,3,25.98,2024-01-26,103,31.71
07 AAA 029,Fiat,Fluence,3,25.98,2024-01-27,60,19.34
07 AAA 029,Fiat,Fluence,3,25.98,2024-01-28,66,18.33
07 AAA 029,Fiat,Fluence,3,25.98,2024-01-29,167,44.24
07 AAA 029,Fiat,Fluence,3,25.98,2024-01-30,247,78.49
07 AAA 029,Fiat,Fluence,3,25.98,2024-01-31,256,96.39
07 AAA 029,Fiat,Fluence,3,25.98,2024-02-01,241,78.78
07 AAA 029,Fiat,Fluence,3,25.98,2024-02-02,185,61.48
07 AAA 029,Fiat,Fluence,3,25.98,2024-02-03,174,45.75
07 AAA 029,Fiat,Fluence,3,25.98,2024-02-04,53,20.3
07 AAA 029,Fiat,Fluence,3,25.98,2024-02-05,110,28.16
07 AAA 029,Fiat,Fluence,3,25.98,2024-02-06,257,82.06
07 AAA 029,Fiat,Fluence,3,25.98,2024-02-07,194,43.05
07 AAA 029,Fiat,Fluence,3,25.98,2024-02-08,270,80.13
07 AAA 029,Fiat,Fluence,3,25.98,2024-02-09,286,67.79
07 AAA 029,Fiat,Fluence,3,25.98,2024-02-10,140,34.23
07 AAA 029,Fiat,Fluence,3,25.98,2024-02-11,173,55.21
07 AAA 029,Fiat,Fluence,3,25.98,2024-02-12,88,32.48
07 AAA 029,Fiat,Fluence,3,25.98,2024-02-13,245,92.5
07 AAA 029,Fiat,Fluence,3,25.98,2024-02-14,92,23.58
07 AAA 029,Fiat,Fluence,3,25.98,2024-02-15,234,59.27
07 AAA 029,Fiat,Fluence,3,25.98,2024-02-16,99,35.56
07 AAA 029,Fiat,Fluence,3,25.98,2024-02-17,222,71.0
07 AAA 029,Fiat,Fluence,3,25.98,2024-02-18,165,35.37
07 AAA 029,Fiat,Fluence,3,25.98,2024-02-19,80,19.27
07 AAA 029,Fiat,Fluence,3,25.98,2024-02-20,159,50.98
07 AAA 029,Fiat,Fluence,3,25.98,2024-02-21,64,18.79
07 AAA 029,Fiat,Fluence,3,25.98,2024-02-22,165,53.36
07 AAA 029,Fiat,Fluence,3,25.98,2024-02-23,209,70.69
07 AAA 029,Fiat,Fluence,3,25.98,2024-02-24,153,47.66
07 AAA 029,Fiat,Fluence,3,25.98,2024-02-25,91,23.03
07 AAA 029,Fiat,Fluence,3,25.98,2024-02-26,230,66.36
07 AAA 029,Fiat,Fluence,3,25.98,2024-02-27,61,13.05
07 AAA 029,Fiat,Fluence,3,25.98,2024-02-28,127,29.96
07 AAA 029,Fiat,Fluence,3,25.98,2024-02-29,216,62.64
07 AAA 029,Fiat,Fluence,3,25.98,2024-03-01,47,10.97
07 AAA 029,Fiat,Fluence,3,25.98,2024-03-02,114,29.92
07 AAA 029,Fiat,Fluence,3,25.98,2024-03-03,144,45.63
07 AAA 029,Fiat,Fluence,3,25.98,2024-03-04,110,36.29
07 AAA 029,Fiat,Fluence,3,25.98,2024-03-05,295,65.74
07 AAA 029,Fiat,Fluence,3,25.98,2024-03-06,86,30.49
07 AAA 029,Fiat,Fluence,3,25.98,2024-03-07,265,58.8
07 AAA 029,Fiat,Fluence,3,25.98,2024-03-08,292,87.44
07 AAA 029,Fiat,Fluence,3,25.98,2024-03-09,184,50.85
07 AAA 029,Fiat,Fluence,3,25.98,2024-03-10,44,14.6
07 AAA 029,Fiat,Fluence,3,25.98,2024-03-11,271,72.34
07 AAA 029,Fiat,Fluence,3,25.98,2024-03-12,168,52.46
07 AAA 029,Fiat,Fluence,3,25.98,2024-03-13,223,66.82
07 AAA 029,Fiat,Fluence,3,25.98,2024-03-14,131,29.52
07 AAA 029,Fiat,Fluence,3,25.98,2024-03-15,104,38.1
07 AAA 029,Fiat,Fluence,3,25.98,2024-03-16,207,68.27
07 AAA 029,Fiat,Fluence,3,25.98,2024-03-17,143,51.17
07 AAA 029,Fiat,Fluence,3,25.98,2024-03-18,143,40.35
07 AAA 029,Fiat,Fluence,3,25.98,2024-03-19,202,59.41
07 AAA 029,Fiat,Fluence,3,25.98,2024-03-20,200,74.52
07 AAA 029,Fiat,Fluence,3,25.98,2024-03-21,200,62.66
07 AAA 029,Fiat,Fluence,3,25.98,2024-03-22,275,57.88
07 AAA 029,Fiat,Fluence,3,25.98,2024-03-23,40,14.41
07 AAA 029,Fiat,Fluence,3,25.98,2024-03-24,203,67.54
07 AAA 029,Fiat,Fluence,3,25.98,2024-03-25,224,49.42
07 AAA 029,Fiat,Fluence,3,25.98,2024-03-26,128,36.26
07 AAA 029,Fiat,Fluence,3,25.98,2024-03-27,169,64.22
07 AAA 029,Fiat,Fluence,3,25.98,2024-03-28,47,11.27
07 AAA 029,Fiat,Fluence,3,25.98,2024-03-29,71,23.29
07 AAA 029,Fiat,Fluence,3,25.98,2024-03-30,131,34.97
07 AAA 029,Fiat,Fluence,3,25.98,2024-03-31,158,61.24
07 AAA 029,Fiat,Fluence,3,25.98,2024-04-01,297,114.64
07 AAA 029,Fiat,Fluence,3,25.98,2024-04-02,131,36.33
07 AAA 029,Fiat,Fluence,3,25.98,2024-04-03,133,33.35
07 AAA 029,Fiat,Fluence,3,25.98,2024-04-04,40,14.67
07 AAA 029,Fiat,Fluence,3,25.98,2024-04-05,47,15.41
07 AAA 029,Fiat,Fluence,3,25.98,2024-04-06,261,62.52
07 AAA 029,Fiat,Fluence,3,25.98,2024-04-07,239,87.77
07 AAA 029,Fiat,Fluence,3,25.98,2024-04-08,76,28.5
07 AAA 029,Fiat,Fluence,3,25.98,2024-04-09,179,48.84
07 AAA 029,Fiat,Fluence,3,25.98,2024-04-10,137,32.34
07 AAA 029,Fiat,Fluence,3,25.98,2024-04-11,59,19.5
07 AAA 029,Fiat,Fluence,3,25.98,2024-04-12,211,60.55
07 AAA 029,Fiat,Fluence,3,25.98,2024-04-13,165,60.51
07 AAA 029,Fiat,Fluence,3,25.98,2024-04-14,242,57.17
07 AAA 029,Fiat,Fluence,3,25.98,2024-04-15,144,43.58
07 AAA 029,Fiat,Fluence,3,25.98,2024-04-16,115,31.57
07 AAA 029,Fiat,Fluence,3,25.98,2024-04-17,73,21.25
07 AAA 029,Fiat,Fluence,3,25.98,2024-04-18,128,41.59
07 AAA 029,Fiat,Fluence,3,25.98,2024-04-19,196,45.64
07 AAA 029,Fiat,Fluence,3,25.98,2024-04-20,151,33.06
07 AAA 029,Fiat,Fluence,3,25.98,2024-04-21,248,75.62
07 AAA 029,Fiat,Fluence,3,25.98,2024-04-22,192,53.04
07 AAA 029,Fiat,Fluence,3,25.98,2024-04-23,276,58.0
07 AAA 029,Fiat,Fluence,3,25.98,2024-04-24,77,21.43
07 AAA 029,Fiat,Fluence,3,25.98,2024-04-25,201,45.45
07 AAA 029,Fiat,Fluence,3,25.98,2024-04-26,133,27.74
07 AAA 029,Fiat,Fluence,3,25.98,2024-04-27,160,39.66
07 AAA 029,Fiat,Fluence,3,25.98,2024-04-28,65,24.36
07 AAA 029,Fiat,Fluence,3,25.98,2024-04-29,155,38.36
07 AAA 030,Ford,Fluence,1,12.03,2024-01-01,238,32.09
07 AAA 030,Ford,Fluence,1,12.03,2024-01-02,218,31.16
07 AAA 030,Ford,Fluence,1,12.03,2024-01-03,243,41.61
07 AAA 030,Ford,Fluence,1,12.03,2024-01-04,224,33.65
07 AAA 030,Ford,Fluence,1,12.03,2024-01-05,206,32.75
07 AAA 030,Ford,Fluence,1,12.03,2024-01-06,193,28.48
07 AAA 030,Ford,Fluence,1,12.03,2024-01-07,205,27.69
07 AAA 030,Ford,Fluence,1,12.03,2024-01-08,277,49.53
07 AAA 030,Ford,Fluence,1,12.03,2024-01-09,125,18.86
07 AAA 030,Ford,Fluence,1,12.03,2024-01-10,236,24.1
07 AAA 030,Ford,Fluence,1,12.03,2024-01-11,109,17.19
07 AAA 030,Ford,Fluence,1,12.03,2024-01-12,145,17.18
07 AAA 030,Ford,Fluence,1,12.03,2024-01-13,151,20.23
07 AAA 030,Ford,Fluence,1,12.03,2024-01-14,174,27.91
07 AAA 030,Ford,Fluence,1,12.03,2024-01-15,237,42.01
07 AAA 030,Ford,Fluence,1,12.03,2024-01-16,114,19.33
07 AAA 030,Ford,Fluence,1,12.03,2024-01-17,126,21.83
07 AAA 030,Ford,Fluence,1,12.03,2024-01-18,129,22.54
07 AAA 030,Ford,Fluence,1,12.03,2024-01-19,126,13.24
07 AAA 030,Ford,Fluence,1,12.03,2024-01-20,241,24.04
07 AAA 030,Ford,Fluence,1,12.03,2024-01-21,173,29.78
07 AAA 030,Ford,Fluence,1,12.03,2024-01-22,154,19.8
07 AAA 030,Ford,Fluence,1,12.03,2024-01-23,47,7.45
07 AAA 030,Ford,Fluence,1,12.03,2024-01-24,83,11.04
07 AAA 030,Ford,Fluence,1,12.03,2024-01-25,258,40.8
07 AAA 030,Ford,Fluence,1,12.03,2024-01-26,77,8.84
07 AAA 030,Ford,Fluence,1,12.03,2024-01-27,124,17.31
07 AAA 030,Ford,Fluence,1,12.03,2024-01-28,251,41.28
07 AAA 030,Ford,Fluence,1,12.03,2024-01-29,49,7.98
07 AAA 030,Ford,Fluence,1,12.03,2024-01-30,105,14.49
07 AAA 030,Ford,Fluence,1,12.03,2024-01-31,44,5.94
07 AAA 030,Ford,Fluence,1,12.03,2024-02-01,86,15.19
07 AAA 030,Ford,Fluence,1,12.03,2024-02-02,104,11.52
07 AAA 030,Ford,Fluence,1,12.03,2024-02-03,192,29.1
07 AAA 030,Ford,Fluence,1,12.03,2024-02-04,95,9.23
07 AAA 030,Ford,Fluence,1,12.03,2024-02-05,62,11.17
07 AAA 030,Ford,Fluence,1,12.03,2024-02-06,80,12.03
07 AAA 030,Ford,Fluence,1,12.03,2024-02-07,300,33.03
07 AAA 030,Ford,Fluence,1,12.03,2024-02-08,114,11.71
07 AAA 030,Ford,Fluence,1,12.03,2024-02-09,137,16.6
07 AAA 030,Ford,Fluence,1,12.03,2024-02-10,294,45.07
07 AAA 030,Ford,Fluence,1,12.03,2024-02-11,150,20.01
07 AAA 030,Ford,Fluence,1,12.03,2024-02-12,68,11.17
07 AAA 030,Ford,Fluence,1,12.03,2024-02-13,50,8.92
07 AAA 030,Ford,Fluence,1,12.03,2024-02-14,149,22.47
07 AAA 030,Ford,Fluence,1,12.03,2024-02-15,55,8.88
07 AAA 030,Ford,Fluence,1,12.03,2024-02-16,290,52.06
07 AAA 030,Ford,Fluence,1,12.03,2024-02-17,208,21.13
07 AAA 030,Ford,Fluence,1,12.03,2024-02-18,89,10.87
07 AAA 030,Ford,Fluence,1,12.03,2024-02-19,186,23.53
07 AAA 030,Ford,Fluence,1,12.03,2024-02-20,142,15.9
07 AAA 030,Ford,Fluence,1,12.03,2024-02-21,88,12.78
07 AAA 030,Ford,Fluence,1,12.03,2024-02-22,131,14.97
07 AAA 030,Ford,Fluence,1,12.03,2024-02-23,49,4.98
07 AAA 030,Ford,Fluence,1,12.03,2024-02-24,51,5.08
07 AAA 030,Ford,Fluence,1,12.03,2024-02-25,228,30.75
07 AAA 030,Ford,Fluence,1,12.03,2024-02-26,59,7.47
07 AAA 030,Ford,Fluence,1,12.03,2024-02-27,217,22.67
07 AAA 030,Ford,Fluence,1,12.03,2024-02-28,68,7.39
07 AAA 030,Ford,Fluence,1,12.03,2024-02-29,270,36.56
07 AAA 030,Ford,Fluence,1,12.03,2024-03-01,221,39.0
07 AAA 030,Ford,Fluence,1,12.03,2024-03-02,222,32.13
07 AAA 030,Ford,Fluence,1,12.03,2024-03-03,80,13.98
07 AAA 030,Ford,Fluence,1,12.03,2024-03-04,244,33.73
07 AAA 030,Ford,Fluence,1,12.03,2024-03-05,113,19.25
07 AAA 030,Ford,Fluence,1,12.03,2024-03-06,98,12.82
07 AAA 030,Ford,Fluence,1,12.03,2024-03-07,56,7.16
07 AAA 030,Ford,Fluence,1,12.03,2024-03-08,215,33.37
07 AAA 030,Ford,Fluence,1,12.03,2024-03-09,41,5.33
07 AAA 030,Ford,Fluence,1,12.03,2024-03-10,209,30.37
07 AAA 030,Ford,Fluence,1,12.03,2024-03-11,166,26.96
07 AAA 030,Ford,Fluence,1,12.03,2024-03-12,55,7.51
07 AAA 030,Ford,Fluence,1,12.03,2024-03-13,267,33.81
07 AAA 030,Ford,Fluence,1,12.03,2024-03-14,105,11.69
07 AAA 030,Ford,Fluence,1,12.03,2024-03-15,234,23.07
07 AAA 030,Ford,Fluence,1,12.03,2024-03-16,57,9.09
07 AAA 030,Ford,Fluence,1,12.03,2024-03-17,241,43.11
07 AAA 030,Ford,Fluence,1,12.03,2024-03-18,72,10.17
07 AAA 030,Ford,Fluence,1,12.03,2024-03-19,140,13.6
07 AAA 030,Ford,Fluence,1,12.03,2024-03-20,158,28.33
07 AAA 030,Ford,Fluence,1,12.03,2024-03-21,267,38.57
07 AAA 030,Ford,Fluence,1,12.03,2024-03-22,142,18.15
07 AAA 030,Ford,Fluence,1,12.03,2024-03-23,272,29.94
07 AAA 030,Ford,Fluence,1,12.03,2024-03-24,131,23.26
07 AAA 030,Ford,Fluence,1,12.03,2024-03-25,153,16.58
07 AAA 030,Ford,Fluence,1,12.03,2024-03-26,252,28.29
07 AAA 030,Ford,Fluence,1,12.03,2024-03-27,161,19.66
07 AAA 030,Ford,Fluence,1,12.03,2024-03-28,264,28.58
07 AAA 030,Ford,Fluence,1,12.03,2024-03-29,201,31.58
07 AAA 030,Ford,Fluence,1,12.03,2024-03-30,60,9.0
07 AAA 030,Ford,Fluence,1,12.03,2024-03-31,239,33.58
07 AAA 030,Ford,Fluence,1,12.03,2024-04-01,70,12.25
07 AAA 030,Ford,Fluence,1,12.03,2024-04-02,173,20.54
07 AAA 030,Ford,Fluence,1,12.03,2024-04-03,216,35.06
07 AAA 030,Ford,Fluence,1,12.03,2024-04-04,228,25.34
07 AAA 030,Ford,Fluence,1,12.03,2024-04-05,248,24.72
07 AAA 030,Ford,Fluence,1,12.03,2024-04-06,69,9.85
07 AAA 030,Ford,Fluence,1,12.03,2024-04-07,253,30.29
07 AAA 030,Ford,Fluence,1,12.03,2024-04-08,52,6.8
07 AAA 030,Ford,Fluence,1,12.03,2024-04-09,268,43.32
07 AAA 030,Ford,Fluence,1,12.03,2024-04-10,70,10.77
07 AAA 030,Ford,Fluence,1,12.03,2024-04-11,74,8.32
07 AAA 030,Ford,Fluence,1,12.03,2024-04-12,223,25.39
07 AAA 030,Ford,Fluence,1,12.03,2024-04-13,150,26.93
07 AAA 030,Ford,Fluence,1,12.03,2024-04-14,297,45.79
07 AAA 030,Ford,Fluence,1,12.03,2024-04-15,97,17.25
07 AAA 030,Ford,Fluence,1,12.03,2024-04-16,137,21.23
07 AAA 030,Ford,Fluence,1,12.03,2024-04-17,144,16.93
07 AAA 030,Ford,Fluence,1,12.03,2024-04-18,175,29.39
07 AAA 030,Ford,Fluence,1,12.03,2024-04-19,134,16.97
07 AAA 030,Ford,Fluence,1,12.03,2024-04-20,294,37.94
07 AAA 030,Ford,Fluence,1,12.03,2024-04-21,198,26.22
07 AAA 030,Ford,Fluence,1,12.03,2024-04-22,153,17.64
07 AAA 030,Ford,Fluence,1,12.03,2024-04-23,126,22.53
07 AAA 030,Ford,Fluence,1,12.03,2024-04-24,252,30.26
07 AAA 030,Ford,Fluence,1,12.03,2024-04-25,266,32.1
07 AAA 030,Ford,Fluence,1,12.03,2024-04-26,201,22.75
07 AAA 030,Ford,Fluence,1,12.03,2024-04-27,213,20.79
07 AAA 030,Ford,Fluence,1,12.03,2024-04-28,229,38.06
07 AAA 030,Ford,Fluence,1,12.03,2024-04-29,111,18.35
07 AAA 031,Peugeot,Doblo,2,10.5,2024-01-01,167,21.85
07 AAA 031,Peugeot,Doblo,2,10.5,2024-01-02,220,22.39
07 AAA 031,Peugeot,Doblo,2,10.5,2024-01-03,282,43.43
07 AAA 031,Peugeot,Doblo,2,10.5,2024-01-04,201,17.46
07 AAA 031,Peugeot,Doblo,2,10.5,2024-01-05,51,7.89
07 AAA 031,Peugeot,Doblo,2,10.5,2024-01-06,243,27.76
07 AAA 031,Peugeot,Doblo,2,10.5,2024-01-07,182,20.0
07 AAA 031,Peugeot,Doblo,2,10.5,2024-01-08,201,29.96
07 AAA 031,Peugeot,Doblo,2,10.5,2024-01-09,79,6.71
07 AAA 031,Peugeot,Doblo,2,10.5,2024-01-10,90,10.0
07 AAA 031,Peugeot,Doblo,2,10.5,2024-01-11,157,23.39
07 AAA 031,Peugeot,Doblo,2,10.5,2024-01-12,208,25.99
07 AAA 031,Peugeot,Doblo,2,10.5,2024-01-13,136,17.12
07 AAA 031,Peugeot,Doblo,2,10.5,2024-01-14,50,6.41
07 AAA 031,Peugeot,Doblo,2,10.5,2024-01-15,174,15.05
07 AAA 031,Peugeot,Doblo,2,10.5,2024-01-16,155,17.17
07 AAA 031,Peugeot,Doblo,2,10.5,2024-01-17,160,21.2
07 AAA 031,Peugeot,Doblo,2,10.5,2024-01-18,140,11.91
07 AAA 031,Peugeot,Doblo,2,10.5,2024-01-19,56,5.64
07 AAA 031,Peugeot,Doblo,2,10.5,2024-01-20,139,16.59
07 AAA 031,Peugeot,Doblo,2,10.5,2024-01-21,68,9.7
07 AAA 031,Peugeot,Doblo,2,10.5,2024-01-22,191,18.48
07 AAA 031,Peugeot,Doblo,2,10.5,2024-01-23,125,18.5
07 AAA 031,Peugeot,Doblo,2,10.5,2024-01-24,131,16.01
07 AAA 031,Peugeot,Doblo,2,10.5,2024-01-25,106,13.84
07 AAA 031,Peugeot,Doblo,2,10.5,2024-01-26,263,25.41
07 AAA 031,Peugeot,Doblo,2,10.5,2024-01-27,124,14.07
07 AAA 031,Peugeot,Doblo,2,10.5,2024-01-28,105,8.86
07 AAA 031,Peugeot,Doblo,2,10.5,2024-01-29,259,34.89
07 AAA 031,Peugeot,Doblo,2,10.5,2024-01-30,269,29.05
07 AAA 031,Peugeot,Doblo,2,10.5,2024-01-31,235,27.43
07 AAA 031,Peugeot,Doblo,2,10.5,2024-02-01,295,36.15
07 AAA 031,Peugeot,Doblo,2,10.5,2024-02-02,110,13.57
07 AAA 031,Peugeot,Doblo,2,10.5,2024-02-03,185,19.67
07 AAA 031,Peugeot,Doblo,2,10.5,2024-02-04,282,38.86
07 AAA 031,Peugeot,Doblo,2,10.5,2024-02-05,127,17.36
07 AAA 031,Peugeot,Doblo,2,10.5,2024-02-06,179,15.55
07 AAA 031,Peugeot,Doblo,2,10.5,2024-02-07,68,9.39
07 AAA 031,Peugeot,Doblo,2,10.5,2024-02-08,66,7.89
07 AAA 031,Peugeot,Doblo,2,10.5,2024-02-09,292,35.45
07 AAA 031,Peugeot,Doblo,2,10.5,2024-02-10,40,4.69
07 AAA 031,Peugeot,Doblo,2,10.5,2024-02-11,298,30.2
07 AAA 031,Peugeot,Doblo,2,10.5,2024-02-12,224,24.3
07 AAA 031,Peugeot,Doblo,2,10.5,2024-02-13,132,14.79
07 AAA 031,Peugeot,Doblo,2,10.5,2024-02-14,188,16.38
07 AAA 031,Peugeot,Doblo,2,10.5,2024-02-15,40,5.62
07 AAA 031,Peugeot,Doblo,2,10.5,2024-02-16,159,21.12
07 AAA 031,Peugeot,Doblo,2,10.5,2024-02-17,148,19.02
07 AAA 031,Peugeot,Doblo,2,10.5,2024-02-18,237,23.08
07 AAA 031,Peugeot,Doblo,2,10.5,2024-02-19,153,23.93
07 AAA 031,Peugeot,Doblo,2,10.5,2024-02-20,117,10.35
07 AAA 031,Peugeot,Doblo,2,10.5,2024-02-21,96,10.0
07 AAA 031,Peugeot,Doblo,2,10.5,2024-02-22,250,26.64
07 AAA 031,Peugeot,Doblo,2,10.5,2024-02-23,114,16.21
07 AAA 031,Peugeot,Doblo,2,10.5,2024-02-24,234,28.92
07 AAA 031,Peugeot,Doblo,2,10.5,2024-02-25,146,14.77
07 AAA 031,Peugeot,Doblo,2,10.5,2024-02-26,267,32.71
07 AAA 031,Peugeot,Doblo,2,10.5,2024-02-27,229,34.91
07 AAA 031,Peugeot,Doblo,2,10.5,2024-02-28,141,12.75
07 AAA 031,Peugeot,Doblo,2,10.5,2024-02-29,172,26.3
07 AAA 031,Peugeot,Doblo,2,10.5,2024-03-01,75,6.83
07 AAA 031,Peugeot,Doblo,2,10.5,2024-03-02,261,37.09
07 AAA 031,Peugeot,Doblo,2,10.5,2024-03-03,297,44.33
07 AAA 031,Peugeot,Doblo,2,10.5,2024-03-04,225,22.63
07 AAA 031,Peugeot,Doblo,2,10.5,2024-03-05,66,8.76
07 AAA 031,Peugeot,Doblo,2,10.5,2024-03-06,201,21.82
07 AAA 031,Peugeot,Doblo,2,10.5,2024-03-07,143,16.55
07 AAA 031,Peugeot,Doblo,2,10.5,2024-03-08,247,29.0
07 AAA 031,Peugeot,Doblo,2,10.5,2024-03-09,256,28.9
07 AAA 031,Peugeot,Doblo,2,10.5,2024-03-10,111,11.38
07 AAA 031,Peugeot,Doblo,2,10.5,2024-03-11,51,4.31
07 AAA 031,Peugeot,Doblo,2,10.5,2024-03-12,63,5.69
07 AAA 031,Peugeot,Doblo,2,10.5,2024-03-13,210,17.93
07 AAA 031,Peugeot,Doblo,2,10.5,2024-03-14,130,18.11
07 AAA 031,Peugeot,Doblo,2,10.5,2024-03-15,117,10.02
07 AAA 031,Peugeot,Doblo,2,10.5,2024-03-16,141,12.29
07 AAA 031,Peugeot,Doblo,2,10.5,2024-03-17,133,17.08
07 AAA 031,Peugeot,Doblo,2,10.5,2024-03-18,290,45.01
07 AAA 031,Peugeot,Doblo,2,10.5,2024-03-19,65,9.84
07 AAA 031,Peugeot,Doblo,2,10.5,2024-03-20,231,28.78
07 AAA 031,Peugeot,Doblo,2,10.5,2024-03-21,243,34.73
07 AAA 031,Peugeot,Doblo,2,10.5,2024-03-22,131,19.23
07 AAA 031,Peugeot,Doblo,2,10.5,2024-03-23,227,22.88
07 AAA 031,Peugeot,Doblo,2,10.5,2024-03-24,160,20.01
07 AAA 031,Peugeot,Doblo,2,10.5,2024-03-25,94,8.3
07 AAA 031,Peugeot,Doblo,2,10.5,2024-03-26,97,14.38
07 AAA 031,Peugeot,Doblo,2,10.5,2024-03-27,154,21.43
07 AAA 031,Peugeot,Doblo,2,10.5,2024-03-28,207,19.77
07 AAA 031,Peugeot,Doblo,2,10.5,2024-03-29,152,21.82
07 AAA 031,Peugeot,Doblo,2,10.5,2024-03-30,133,12.16
07 AAA 031,Peugeot,Doblo,2,10.5,2024-03-31,242,25.97
07 AAA 031,Peugeot,Doblo,2,10.5,2024-04-01,137,14.82
07 AAA 031,Peugeot,Doblo,2,10.5,2024-04-02,211,18.98
07 AAA 031,Peugeot,Doblo,2,10.5,2024-04-03,127,14.27
07 AAA 031,Peugeot,Doblo,2,10.5,2024-04-04,83,7.38
07 AAA 031,Peugeot,Doblo,2,10.5,2024-04-05,154,18.07
07 AAA 031,Peugeot,Doblo,2,10.5,2024-04-06,138,18.41
07 AAA 031,Peugeot,Doblo,2,10.5,2024-04-07,133,14.99
07 AAA 031,Peugeot,Doblo,2,10.5,2024-04-08,152,20.22
07 AAA 031,Peugeot,Doblo,2,10.5,2024-04-09,67,10.17
07 AAA 031,Peugeot,Doblo,2,10.5,2024-04-10,214,32.73
07 AAA 031,Peugeot,Doblo,2,10.5,2024-04-11,221,27.82
07 AAA 031,Peugeot,Doblo,2,10.5,2024-04-12,101,12.31
07 AAA 031,Peugeot,Doblo,2,10.5,2024-04-13,272,36.68
07 AAA 031,Peugeot,Doblo,2,10.5,2024-04-14,198,28.55
07 AAA 031,Peugeot,Doblo,2,10.5,2024-04-15,115,13.75
07 AAA 031,Peugeot,Doblo,2,10.5,2024-04-16,77,8.03
07 AAA 031,Peugeot,Doblo,2,10.5,2024-04-17,59,6.89
07 AAA 031,Peugeot,Doblo,2,10.5,2024-04-18,167,17.89
07 AAA 031,Peugeot,Doblo,2,10.5,2024-04-19,278,24.62
07 AAA 031,Peugeot,Doblo,2,10.5,2024-04-20,190,29.12
07 AAA 031,Peugeot,Doblo,2,10.5,2024-04-21,124,15.67
07 AAA 031,Peugeot,Doblo,2,10.5,2024-04-22,47,4.3
07 AAA 031,Peugeot,Doblo,2,10.5,2024-04-23,135,18.93
07 AAA 031,Peugeot,Doblo,2,10.5,2024-04-24,60,6.04
07 AAA 031,Peugeot,Doblo,2,10.5,2024-04-25,47,4.41
07 AAA 031,Peugeot,Doblo,2,10.5,2024-04-26,269,29.25
07 AAA 031,Peugeot,Doblo,2,10.5,2024-04-27,113,10.27
07 AAA 031,Peugeot,Doblo,2,10.5,2024-04-28,121,18.74
07 AAA 031,Peugeot,Doblo,2,10.5,2024-04-29,159,19.75
07 AAA 032,Ford,Fluence,4,7.51,2024-01-01,197,13.71
07 AAA 032,Ford,Fluence,4,7.51,2024-01-02,68,4.94
07 AAA 032,Ford,Fluence,4,7.51,2024-01-03,123,13.16
07 AAA 032,Ford,Fluence,4,7.51,2024-01-04,176,12.09
07 AAA 032,Ford,Fluence,4,7.51,2024-01-05,51,4.56
07 AAA 032,Ford,Fluence,4,7.51,2024-01-06,231,16.47
07 AAA 032,Ford,Fluence,4,7.51,2024-01-07,61,5.0
07 AAA 032,Ford,Fluence,4,7.51,2024-01-08,271,20.25
07 AAA 032,Ford,Fluence,4,7.51,2024-01-09,164,10.84
07 AAA 032,Ford,Fluence,4,7.51,2024-01-10,207,13.39
07 AAA 032,Ford,Fluence,4,7.51,2024-01-11,265,29.02
07 AAA 032,Ford,Fluence,4,7.51,2024-01-12,271,26.4
07 AAA 032,Ford,Fluence,4,7.51,2024-01-13,183,16.3
07 AAA 032,Ford,Fluence,4,7.51,2024-01-14,167,18.02
07 AAA 032,Ford,Fluence,4,7.51,2024-01-15,112,10.74
07 AAA 032,Ford,Fluence,4,7.51,2024-01-16,60,3.77
07 AAA 032,Ford,Fluence,4,7.51,2024-01-17,122,9.09
07 AAA 032,Ford,Fluence,4,7.51,2024-01-18,94,8.86
07 AAA 032,Ford,Fluence,4,7.51,2024-01-19,107,10.1
07 AAA 032,Ford,Fluence,4,7.51,2024-01-20,103,9.79
07 AAA 032,Ford,Fluence,4,7.51,2024-01-21,105,6.41
07 AAA 032,Ford,Fluence,4,7.51,2024-01-22,253,21.05
07 AAA 032,Ford,Fluence,4,7.51,2024-01-23,291,18.55
07 AAA 032,Ford,Fluence,4,7.51,2024-01-24,156,11.47
07 AAA 032,Ford,Fluence,4,7.51,2024-01-25,176,15.76
07 AAA 032,Ford,Fluence,4,7.51,2024-01-26,290,27.96
07 AAA 032,Ford,Fluence,4,7.51,2024-01-27,196,16.44
07 AAA 032,Ford,Fluence,4,7.51,2024-01-28,176,19.73
07 AAA 032,Ford,Fluence,4,7.51,2024-01-29,171,12.71
07 AAA 032,Ford,Fluence,4,7.51,2024-01-30,187,15.22
07 AAA 032,Ford,Fluence,4,7.51,2024-01-31,266,21.24
07 AAA 032,Ford,Fluence,4,7.51,2024-02-01,105,7.41
07 AAA 032,Ford,Fluence,4,7.51,2024-02-02,185,18.27
07 AAA 032,Ford,Fluence,4,7.51,2024-02-03,194,14.29
07 AAA 032,Ford,Fluence,4,7.51,2024-02-04,167,10.58
07 AAA 032,Ford,Fluence,4,7.51,2024-02-05,250,19.2
07 AAA 032,Ford,Fluence,4,7.51,2024-02-06,205,20.29
07 AAA 032,Ford,Fluence,4,7.51,2024-02-07,256,17.43
07 AAA 032,Ford,Fluence,4,7.51,2024-02-08,294,19.53
07 AAA 032,Ford,Fluence,4,7.51,2024-02-09,186,18.87
07 AAA 032,Ford,Fluence,4,7.51,2024-02-10,183,14.94
07 AAA 032,Ford,Fluence,4,7.51,2024-02-11,225,15.9
07 AAA 032,Ford,Fluence,4,7.51,2024-02-12,269,27.7
07 AAA 032,Ford,Fluence,4,7.51,2024-02-13,63,4.52
07 AAA 032,Ford,Fluence,4,7.51,2024-02-14,202,14.27
07 AAA 032,Ford,Fluence,4,7.51,2024-02-15,243,23.73
07 AAA 032,Ford,Fluence,4,7.51,2024-02-16,258,22.75
07 AAA 032,Ford,Fluence,4,7.51,2024-02-17,178,15.19
07 AAA 032,Ford,Fluence,4,7.51,2024-02-18,253,16.52
07 AAA 032,Ford,Fluence,4,7.51,2024-02-19,70,6.19
07 AAA 032,Ford,Fluence,4,7.51,2024-02-20,243,24.83
07 AAA 032,Ford,Fluence,4,7.51,2024-02-21,262,28.73
07 AAA 032,Ford,Fluence,4,7.51,2024-02-22,136,14.99
07 AAA 032,Ford,Fluence,4,7.51,2024-02-23,150,9.07
07 AAA 032,Ford,Fluence,4,7.51,2024-02-24,40,3.32
07 AAA 032,Ford,Fluence,4,7.51,2024-02-25,278,30.19
07 AAA 032,Ford,Fluence,4,7.51,2024-02-26,177,16.86
07 AAA 032,Ford,Fluence,4,7.51,2024-02-27,197,16.6
07 AAA 032,Ford,Fluence,4,7.51,2024-02-28,55,4.77
07 AAA 032,Ford,Fluence,4,7.51,2024-02-29,61,4.48
07 AAA 032,Ford,Fluence,4,7.51,2024-03-01,212,19.33
07 AAA 032,Ford,Fluence,4,7.51,2024-03-02,180,13.46
07 AAA 032,Ford,Fluence,4,7.51,2024-03-03,193,11.8
07 AAA 032,Ford,Fluence,4,7.51,2024-03-04,291,28.54
07 AAA 032,Ford,Fluence,4,7.51,2024-03-05,58,4.04
07 AAA 032,Ford,Fluence,4,7.51,2024-03-06,229,19.61
07 AAA 032,Ford,Fluence,4,7.51,2024-03-07,175,11.09
07 AAA 032,Ford,Fluence,4,7.51,2024-03-08,47,3.28
07 AAA 032,Ford,Fluence,4,7.51,2024-03-09,203,18.39
07 AAA 032,Ford,Fluence,4,7.51,2024-03-10,257,24.18
07 AAA 032,Ford,Fluence,4,7.51,2024-03-11,54,3.7
07 AAA 032,Ford,Fluence,4,7.51,2024-03-12,115,8.39
07 AAA 032,Ford,Fluence,4,7.51,2024-03-13,59,3.57
07 AAA 032,Ford,Fluence,4,7.51,2024-03-14,69,6.08
07 AAA 032,Ford,Fluence,4,7.51,2024-03-15,144,12.78
07 AAA 032,Ford,Fluence,4,7.51,2024-03-16,184,12.4
07 AAA 032,Ford,Fluence,4,7.51,2024-03-17,75,8.06
07 AAA 032,Ford,Fluence,4,7.51,2024-03-18,278,26.56
07 AAA 032,Ford,Fluence,4,7.51,2024-03-19,59,5.03
07 AAA 032,Ford,Fluence,4,7.51,2024-03-20,248,18.17
07 AAA 032,Ford,Fluence,4,7.51,2024-03-21,112,7.64
07 AAA 032,Ford,Fluence,4,7.51,2024-03-22,157,14.1
07 AAA 032,Ford,Fluence,4,7.51,2024-03-23,162,16.55
07 AAA 032,Ford,Fluence,4,7.51,2024-03-24,198,15.7
07 AAA 032,Ford,Fluence,4,7.51,2024-03-25,250,17.8
07 AAA 032,Ford,Fluence,4,7.51,2024-03-26,86,5.87
07 AAA 032,Ford,Fluence,4,7.51,2024-03-27,168,16.96
07 AAA 032,Ford,Fluence,4,7.51,2024-03-28,144,13.71
07 AAA 032,Ford,Fluence,4,7.51,2024-03-29,217,19.76
07 AAA 032,Ford,Fluence,4,7.51,2024-03-30,195,20.94
07 AAA 032,Ford,Fluence,4,7.51,2024-03-31,202,15.68
07 AAA 032,Ford,Fluence,4,7.51,2024-04-01,108,11.51
07 AAA 032,Ford,Fluence,4,7.51,2024-04-02,151,16.08
07 AAA 032,Ford,Fluence,4,7.51,2024-04-03,245,23.31
07 AAA 032,Ford,Fluence,4,7.51,2024-04-04,177,16.49
07 AAA 032,Ford,Fluence,4,7.51,2024-04-05,230,18.06
07 AAA 032,Ford,Fluence,4,7.51,2024-04-06,48,3.87
07 AAA 032,Ford,Fluence,4,7.51,2024-04-07,205,18.3
07 AAA 032,Ford,Fluence,4,7.51,2024-04-08,121,12.5
07 AAA 032,Ford,Fluence,4,7.51,2024-04-09,219,15.02
07 AAA 032,Ford,Fluence,4,7.51,2024-04-10,272,25.58
07 AAA 032,Ford,Fluence,4,7.51,2024-04-11,60,4.14
07 AAA 032,Ford,Fluence,4,7.51,2024-04-12,235,24.24
07 AAA 032,Ford,Fluence,4,7.51,2024-04-13,296,31.25
07 AAA 032,Ford,Fluence,4,7.51,2024-04-14,149,16.53
07 AAA 032,Ford,Fluence,4,7.51,2024-04-15,174,16.46
07 AAA 032,Ford,Fluence,4,7.51,2024-04-16,161,16.27
07 AAA 032,Ford,Fluence,4,7.51,2024-04-17,248,15.46
07 AAA 032,Ford,Fluence,4,7.51,2024-04-18,148,8.97
07 AAA 032,Ford,Fluence,4,7.51,2024-04-19,70,7.16
07 AAA 032,Ford,Fluence,4,7.51,2024-04-20,82,7.37
07 AAA 032,Ford,Fluence,4,7.51,2024-04-21,299,22.61
07 AAA 032,Ford,Fluence,4,7.51,2024-04-22,155,10.84
07 AAA 032,Ford,Fluence,4,7.51,2024-04-23,249,23.22
07 AAA 032,Ford,Fluence,4,7.51,2024-04-24,51,5.53
07 AAA 032,Ford,Fluence,4,7.51,2024-04-25,133,9.9
07 AAA 032,Ford,Fluence,4,7.51,2024-04-26,112,10.58
07 AAA 032,Ford,Fluence,4,7.51,2024-04-27,167,18.17
07 AAA 032,Ford,Fluence,4,7.51,2024-04-28,92,8.32
07 AAA 032,Ford,Fluence,4,7.51,2024-04-29,142,11.72
07 AAA 033,Volkswagen,Transit,4,8.12,2024-01-01,264,25.9
07 AAA 033,Volkswagen,Transit,4,8.12,2024-01-02,45,5.43
07 AAA 033,Volkswagen,Transit,4,8.12,2024-01-03,231,20.74
07 AAA 033,Volkswagen,Transit,4,8.12,2024-01-04,277,32.87
07 AAA 033,Volkswagen,Transit,4,8.12,2024-01-05,291,32.01
07 AAA 033,Volkswagen,Transit,4,8.12,2024-01-06,217,20.47
07 AAA 033,Volkswagen,Transit,4,8.12,2024-01-07,118,8.05
07 AAA 033,Volkswagen,Transit,4,8.12,2024-01-08,192,14.47
07 AAA 033,Volkswagen,Transit,4,8.12,2024-01-09,300,21.84
07 AAA 033,Volkswagen,Transit,4,8.12,2024-01-10,224,25.75
07 AAA 033,Volkswagen,Transit,4,8.12,2024-01-11,281,24.85
07 AAA 033,Volkswagen,Transit,4,8.12,2024-01-12,143,12.65
07 AAA 033,Volkswagen,Transit,4,8.12,2024-01-13,159,18.91
07 AAA 033,Volkswagen,Transit,4,8.12,2024-01-14,97,10.09
07 AAA 033,Volkswagen,Transit,4,8.12,2024-01-15,130,14.61
07 AAA 033,Volkswagen,Transit,4,8.12,2024-01-16,94,9.63
07 AAA 033,Volkswagen,Transit,4,8.12,2024-01-17,219,22.8
07 AAA 033,Volkswagen,Transit,4,8.12,2024-01-18,152,15.52
07 AAA 033,Volkswagen,Transit,4,8.12,2024-01-19,119,11.54
07 AAA 033,Volkswagen,Transit,4,8.12,2024-01-20,65,5.73
07 AAA 033,Volkswagen,Transit,4,8.12,2024-01-21,143,14.17
07 AAA 033,Volkswagen,Transit,4,8.12,2024-01-22,218,16.94
07 AAA 033,Volkswagen,Transit,4,8.12,2024-01-23,167,13.62
07 AAA 033,Volkswagen,Transit,4,8.12,2024-01-24,41,3.04
07 AAA 033,Volkswagen,Transit,4,8.12,2024-01-25,114,7.91
07 AAA 033,Volkswagen,Transit,4,8.12,2024-01-26,156,14.43
07 AAA 033,Volkswagen,Transit,4,8.12,2024-01-27,41,4.29
07 AAA 033,Volkswagen,Transit,4,8.12,2024-01-28,67,6.03
07 AAA 033,Volkswagen,Transit,4,8.12,2024-01-29,158,17.52
07 AAA 033,Volkswagen,Transit,4,8.12,2024-01-30,79,5.55
07 AAA 033,Volkswagen,Transit,4,8.12,2024-01-31,163,18.5
07 AAA 033,Volkswagen,Transit,4,8.12,2024-02-01,198,21.79
07 AAA 033,Volkswagen,Transit,4,8.12,2024-02-02,118,13.07
07 AAA 033,Volkswagen,Transit,4,8.12,2024-02-03,207,18.23
07 AAA 033,Volkswagen,Transit,4,8.12,2024-02-04,78,8.81
07 AAA 033,Volkswagen,Transit,4,8.12,2024-02-05,116,7.96
07 AAA 033,Volkswagen,Transit,4,8.12,2024-02-06,271,26.09
07 AAA 033,Volkswagen,Transit,4,8.12,2024-02-07,93,8.98
07 AAA 033,Volkswagen,Transit,4,8.12,2024-02-08,293,20.37
07 AAA 033,Volkswagen,Transit,4,8.12,2024-02-09,232,19.25
07 AAA 033,Volkswagen,Transit,4,8.12,2024-02-10,126,13.46
07 AAA 033,Volkswagen,Transit,4,8.12,2024-02-11,273,22.22
07 AAA 033,Volkswagen,Transit,4,8.12,2024-02-12,252,25.63
07 AAA 033,Volkswagen,Transit,4,8.12,2024-02-13,96,6.32
07 AAA 033,Volkswagen,Transit,4,8.12,2024-02-14,101,9.21
07 AAA 033,Volkswagen,Transit,4,8.12,2024-02-15,289,20.95
07 AAA 033,Volkswagen,Transit,4,8.12,2024-02-16,69,7.86
07 AAA 033,Volkswagen,Transit,4,8.12,2024-02-17,135,13.47
07 AAA 033,Volkswagen,Transit,4,8.12,2024-02-18,122,8.12
07 AAA 033,Volkswagen,Transit,4,8.12,2024-02-19,282,26.11
07 AAA 033,Volkswagen,Transit,4,8.12,2024-02-20,187,14.99
07 AAA 033,Volkswagen,Transit,4,8.12,2024-02-21,200,13.51
07 AAA 033,Volkswagen,Transit,4,8.12,2024-02-22,281,32.35
07 AAA 033,Volkswagen,Transit,4,8.12,2024-02-23,50,5.39
07 AAA 033,Volkswagen,Transit,4,8.12,2024-02-24,202,22.36
07 AAA 033,Volkswagen,Transit,4,8.12,2024-02-25,150,14.61
07 AAA 033,Volkswagen,Transit,4,8.12,2024-02-26,149,18.02
07 AAA 033,Volkswagen,Transit,4,8.12,2024-02-27,61,4.82
07 AAA 033,Volkswagen,Transit,4,8.12,2024-02-28,248,28.13
07 AAA 033,Volkswagen,Transit,4,8.12,2024-02-29,103,11.66
07 AAA 033,Volkswagen,Transit,4,8.12,2024-03-01,266,31.24
07 AAA 033,Volkswagen,Transit,4,8.12,2024-03-02,293,35.65
07 AAA 033,Volkswagen,Transit,4,8.12,2024-03-03,217,22.27
07 AAA 033,Volkswagen,Transit,4,8.12,2024-03-04,180,17.87
07 AAA 033,Volkswagen,Transit,4,8.12,2024-03-05,179,18.9
07 AAA 033,Volkswagen,Transit,4,8.12,2024-03-06,124,8.89
07 AAA 033,Volkswagen,Transit,4,8.12,2024-03-07,63,6.53
07 AAA 033,Volkswagen,Transit,4,8.12,2024-03-08,119,11.82
07 AAA 033,Volkswagen,Transit,4,8.12,2024-03-09,203,20.67
07 AAA 033,Volkswagen,Transit,4,8.12,2024-03-10,237,22.36
07 AAA 033,Volkswagen,Transit,4,8.12,2024-03-11,291,28.81
07 AAA 033,Volkswagen,Transit,4,8.12,2024-03-12,70,5.04
07 AAA 033,Volkswagen,Transit,4,8.12,2024-03-13,239,17.43
07 AAA 033,Volkswagen,Transit,4,8.12,2024-03-14,73,7.9
07 AAA 033,Volkswagen,Transit,4,8.12,2024-03-15,127,8.26
07 AAA 033,Volkswagen,Transit,4,8.12,2024-03-16,237,19.4
07 AAA 033,Volkswagen,Transit,4,8.12,2024-03-17,143,13.39
07 AAA 033,Volkswagen,Transit,4,8.12,2024-03-18,176,16.38
07 AAA 033,Volkswagen,Transit,4,8.12,2024-03-19,257,22.18
07 AAA 033,Volkswagen,Transit,4,8.12,2024-03-20,75,7.53
07 AAA 033,Volkswagen,Transit,4,8.12,2024-03-21,101,8.27
07 AAA 033,Volkswagen,Transit,4,8.12,2024-03-22,248,27.93
07 AAA 033,Volkswagen,Transit,4,8.12,2024-03-23,110,9.87
07 AAA 033,Volkswagen,Transit,4,8.12,2024-03-24,107,12.96
07 AAA 033,Volkswagen,Transit,4,8.12,2024-03-25,109,7.37
07 AAA 033,Volkswagen,Transit,4,8.12,2024-03-26,295,33.2
07 AAA 033,Volkswagen,Transit,4,8.12,2024-03-27,270,21.93
07 AAA 033,Volkswagen,Transit,4,8.12,2024-03-28,153,11.93
07 AAA 033,Volkswagen,Transit,4,8.12,2024-03-29,130,9.83
07 AAA 033,Volkswagen,Transit,4,8.12,2024-03-30,294,31.71
07 AAA 033,Volkswagen,Transit,4,8.12,2024-03-31,110,8.91
07 AAA 033,Volkswagen,Transit,4,8.12,2024-04-01,292,25.19
07 AAA 033,Volkswagen,Transit,4,8.12,2024-04-02,257,21.96
07 AAA 033,Volkswagen,Transit,4,8.12,2024-04-03,43,5.03
07 AAA 033,Volkswagen,Transit,4,8.12,2024-04-04,142,15.11
07 AAA 033,Volkswagen,Transit,4,8.12,2024-04-05,117,13.96
07 AAA 033,Volkswagen,Transit,4,8.12,2024-04-06,163,14.63
07 AAA 033,Volkswagen,Transit,4,8.12,2024-04-07,215,20.96
07 AAA 033,Volkswagen,Transit,4,8.12,2024-04-08,249,24.58
07 AAA 033,Volkswagen,Transit,4,8.12,2024-04-09,281,18.67
07 AAA 033,Volkswagen,Transit,4,8.12,2024-04-10,190,18.31
07 AAA 033,Volkswagen,Transit,4,8.12,2024-04-11,219,19.95
07 AAA 033,Volkswagen,Transit,4,8.12,2024-04-12,150,13.81
07 AAA 033,Volkswagen,Transit,4,8.12,2024-04-13,40,3.85
07 AAA 033,Volkswagen,Transit,4,8.12,2024-04-14,205,14.1
07 AAA 033,Volkswagen,Transit,4,8.12,2024-04-15,261,29.45
07 AAA 033,Volkswagen,Transit,4,8.12,2024-04-16,218,22.65
07 AAA 033,Volkswagen,Transit,4,8.12,2024-04-17,183,15.72
07 AAA 033,Volkswagen,Transit,4,8.12,2024-04-18,40,3.93
07 AAA 033,Volkswagen,Transit,4,8.12,2024-04-19,250,19.71
07 AAA 033,Volkswagen,Transit,4,8.12,2024-04-20,123,11.03
07 AAA 033,Volkswagen,Transit,4,8.12,2024-04-21,151,15.14
07 AAA 033,Volkswagen,Transit,4,8.12,2024-04-22,179,16.13
07 AAA 033,Volkswagen,Transit,4,8.12,2024-04-23,245,17.4
07 AAA 033,Volkswagen,Transit,4,8.12,2024-04-24,280,18.37
07 AAA 033,Volkswagen,Transit,4,8.12,2024-04-25,172,13.97
07 AAA 033,Volkswagen,Transit,4,8.12,2024-04-26,145,11.64
07 AAA 033,Volkswagen,Transit,4,8.12,2024-04-27,100,6.52
07 AAA 033,Volkswagen,Transit,4,8.12,2024-04-28,257,19.28
07 AAA 033,Volkswagen,Transit,4,8.12,2024-04-29,295,29.17
07 AAA 034,Peugeot,Doblo,2,9.25,2024-01-01,59,6.69
07 AAA 034,Peugeot,Doblo,2,9.25,2024-01-02,50,3.91
07 AAA 034,Peugeot,Doblo,2,9.25,2024-01-03,222,27.79
07 AAA 034,Peugeot,Doblo,2,9.25,2024-01-04,115,13.32
07 AAA 034,Peugeot,Doblo,2,9.25,2024-01-05,155,15.87
07 AAA 034,Peugeot,Doblo,2,9.25,2024-01-06,230,27.28
07 AAA 034,Peugeot,Doblo,2,9.25,2024-01-07,200,14.87
07 AAA 034,Peugeot,Doblo,2,9.25,2024-01-08,204,20.84
07 AAA 034,Peugeot,Doblo,2,9.25,2024-01-09,74,7.98
07 AAA 034,Peugeot,Doblo,2,9.25,2024-01-10,88,8.56
07 AAA 034,Peugeot,Doblo,2,9.25,2024-01-11,258,32.48
07 AAA 034,Peugeot,Doblo,2,9.25,2024-01-12,143,13.31
07 AAA 034,Peugeot,Doblo,2,9.25,2024-01-13,284,24.9
07 AAA 034,Peugeot,Doblo,2,9.25,2024-01-14,133,17.77
07 AAA 034,Peugeot,Doblo,2,9.25,2024-01-15,202,17.77
07 AAA 034,Peugeot,Doblo,2,9.25,2024-01-16,291,29.16
07 AAA 034,Peugeot,Doblo,2,9.25,2024-01-17,227,22.69
07 AAA 034,Peugeot,Doblo,2,9.25,2024-01-18,245,27.14
07 AAA 034,Peugeot,Doblo,2,9.25,2024-01-19,129,14.9
07 AAA 034,Peugeot,Doblo,2,9.25,2024-01-20,92,7.77
07 AAA 034,Peugeot,Doblo,2,9.25,2024-01-21,275,29.56
07 AAA 034,Peugeot,Doblo,2,9.25,2024-01-22,170,14.34
07 AAA 034,Peugeot,Doblo,2,9.25,2024-01-23,225,18.19
07 AAA 034,Peugeot,Doblo,2,9.25,2024-01-24,67,6.47
07 AAA 034,Peugeot,Doblo,2,9.25,2024-01-25,76,9.27
07 AAA 034,Peugeot,Doblo,2,9.25,2024-01-26,97,10.96
07 AAA 034,Peugeot,Doblo,2,9.25,2024-01-27,101,11.57
07 AAA 034,Peugeot,Doblo,2,9.25,2024-01-28,201,16.77
07 AAA 034,Peugeot,Doblo,2,9.25,2024-01-29,147,11.25
07 AAA 034,Peugeot,Doblo,2,9.25,2024-01-30,266,32.37
07 AAA 034,Peugeot,Doblo,2,9.25,2024-01-31,135,10.96
07 AAA 034,Peugeot,Doblo,2,9.25,2024-02-01,200,26.46
07 AAA 034,Peugeot,Doblo,2,9.25,2024-02-02,209,26.57
07 AAA 034,Peugeot,Doblo,2,9.25,2024-02-03,291,28.02
07 AAA 034,Peugeot,Doblo,2,9.25,2024-02-04,116,15.44
07 AAA 034,Peugeot,Doblo,2,9.25,2024-02-05,154,14.56
07 AAA 034,Peugeot,Doblo,2,9.25,2024-02-06,296,38.68
07 AAA 034,Peugeot,Doblo,2,9.25,2024-02-07,138,17.37
07 AAA 034,Peugeot,Doblo,2,9.25,2024-02-08,260,34.3
07 AAA 034,Peugeot,Doblo,2,9.25,2024-02-09,214,16.2
07 AAA 034,Peugeot,Doblo,2,9.25,2024-02-10,217,28.79
07 AAA 034,Peugeot,Doblo,2,9.25,2024-02-11,100,8.86
07 AAA 034,Peugeot,Doblo,2,9.25,2024-02-12,297,26.16
07 AAA 034,Peugeot,Doblo,2,9.25,2024-02-13,124,13.86
07 AAA 034,Peugeot,Doblo,2,9.25,2024-02-14,75,9.46
07 AAA 034,Peugeot,Doblo,2,9.25,2024-02-15,290,36.82
07 AAA 034,Peugeot,Doblo,2,9.25,2024-02-16,136,15.81
07 AAA 034,Peugeot,Doblo,2,9.25,2024-02-17,159,22.03
07 AAA 034,Peugeot,Doblo,2,9.25,2024-02-18,277,31.03
07 AAA 034,Peugeot,Doblo,2,9.25,2024-02-19,160,19.79
07 AAA 034,Peugeot,Doblo,2,9.25,2024-02-20,220,24.75
07 AAA 034,Peugeot,Doblo,2,9.25,2024-02-21,163,13.49
07 AAA 034,Peugeot,Doblo,2,9.25,2024-02-22,192,14.46
07 AAA 034,Peugeot,Doblo,2,9.25,2024-02-23,285,28.1
07 AAA 034,Peugeot,Doblo,2,9.25,2024-02-24,53,5.49
07 AAA 034,Peugeot,Doblo,2,9.25,2024-02-25,198,20.86
07 AAA 034,Peugeot,Doblo,2,9.25,2024-02-26,99,12.46
07 AAA 034,Peugeot,Doblo,2,9.25,2024-02-27,58,6.15
07 AAA 034,Peugeot,Doblo,2,9.25,2024-02-28,44,3.92
07 AAA 034,Peugeot,Doblo,2,9.25,2024-02-29,52,5.44
07 AAA 034,Peugeot,Doblo,2,9.25,2024-03-01,200,25.87
07 AAA 034,Peugeot,Doblo,2,9.25,2024-03-02,243,29.97
07 AAA 034,Peugeot,Doblo,2,9.25,2024-03-03,252,22.4
07 AAA 034,Peugeot,Doblo,2,9.25,2024-03-04,198,18.91
07 AAA 034,Peugeot,Doblo,2,9.25,2024-03-05,167,23.09
07 AAA 034,Peugeot,Doblo,2,9.25,2024-03-06,42,4.76
07 AAA 034,Peugeot,Doblo,2,9.25,2024-03-07,184,23.8
07 AAA 034,Peugeot,Doblo,2,9.25,2024-03-08,219,25.26
07 AAA 034,Peugeot,Doblo,2,9.25,2024-03-09,67,6.61
07 AAA 034,Peugeot,Doblo,2,9.25,2024-03-10,287,26.15
07 AAA 034,Peugeot,Doblo,2,9.25,2024-03-11,61,5.54
07 AAA 034,Peugeot,Doblo,2,9.25,2024-03-12,182,19.11
07 AAA 034,Peugeot,Doblo,2,9.25,2024-03-13,195,24.56
07 AAA 034,Peugeot,Doblo,2,9.25,2024-03-14,267,35.64
07 AAA 034,Peugeot,Doblo,2,9.25,2024-03-15,154,12.18
07 AAA 034,Peugeot,Doblo,2,9.25,2024-03-16,257,28.85
07 AAA 034,Peugeot,Doblo,2,9.25,2024-03-17,40,3.14
07 AAA 034,Peugeot,Doblo,2,9.25,2024-03-18,242,23.0
07 AAA 034,Peugeot,Doblo,2,9.25,2024-03-19,153,12.64
07 AAA 034,Peugeot,Doblo,2,9.25,2024-03-20,184,19.45
07 AAA 034,Peugeot,Doblo,2,9.25,2024-03-21,134,12.92
07 AAA 034,Peugeot,Doblo,2,9.25,2024-03-22,42,3.98
07 AAA 034,Peugeot,Doblo,2,9.25,2024-03-23,164,13.61
07 AAA 034,Peugeot,Doblo,2,9.25,2024-03-24,128,14.32
07 AAA 034,Peugeot,Doblo,2,9.25,2024-03-25,259,26.6
07 AAA 034,Peugeot,Doblo,2,9.25,2024-03-26,154,19.7
07 AAA 034,Peugeot,Doblo,2,9.25,2024-03-27,252,18.72
07 AAA 034,Peugeot,Doblo,2,9.25,2024-03-28,239,22.33
07 AAA 034,Peugeot,Doblo,2,9.25,2024-03-29,205,15.6
07 AAA 034,Peugeot,Doblo,2,9.25,2024-03-30,41,5.18
07 AAA 034,Peugeot,Doblo,2,9.25,2024-03-31,294,37.72
07 AAA 034,Peugeot,Doblo,2,9.25,2024-04-01,260,34.11
07 AAA 034,Peugeot,Doblo,2,9.25,2024-04-02,195,23.25
07 AAA 034,Peugeot,Doblo,2,9.25,2024-04-03,277,24.44
07 AAA 034,Peugeot,Doblo,2,9.25,2024-04-04,174,18.86
07 AAA 034,Peugeot,Doblo,2,9.25,2024-04-05,174,19.95
07 AAA 034,Peugeot,Doblo,2,9.25,2024-04-06,148,12.87
07 AAA 034,Peugeot,Doblo,2,9.25,2024-04-07,191,22.36
07 AAA 034,Peugeot,Doblo,2,9.25,2024-04-08,272,29.0
07 AAA 034,Peugeot,Doblo,2,9.25,2024-04-09,234,27.08
07 AAA 034,Peugeot,Doblo,2,9.25,2024-04-10,50,5.89
07 AAA 034,Peugeot,Doblo,2,9.25,2024-04-11,202,19.59
07 AAA 034,Peugeot,Doblo,2,9.25,2024-04-12,47,5.78
07 AAA 034,Peugeot,Doblo,2,9.25,2024-04-13,259,27.56
07 AAA 034,Peugeot,Doblo,2,9.25,2024-04-14,298,39.42
07 AAA 034,Peugeot,Doblo,2,9.25,2024-04-15,263,29.25
07 AAA 034,Peugeot,Doblo,2,9.25,2024-04-16,247,18.57
07 AAA 034,Peugeot,Doblo,2,9.25,2024-04-17,217,29.78
07 AAA 034,Peugeot,Doblo,2,9.25,2024-04-18,220,21.32
07 AAA 034,Peugeot,Doblo,2,9.25,2024-04-19,284,31.43
07 AAA 034,Peugeot,Doblo,2,9.25,2024-04-20,111,11.94
07 AAA 034,Peugeot,Doblo,2,9.25,2024-04-21,219,18.01
07 AAA 034,Peugeot,Doblo,2,9.25,2024-04-22,95,8.44
07 AAA 034,Peugeot,Doblo,2,9.25,2024-04-23,179,13.72
07 AAA 034,Peugeot,Doblo,2,9.25,2024-04-24,137,12.64
07 AAA 034,Peugeot,Doblo,2,9.25,2024-04-25,70,9.62
07 AAA 034,Peugeot,Doblo,2,9.25,2024-04-26,81,8.82
07 AAA 034,Peugeot,Doblo,2,9.25,2024-04-27,73,6.02
07 AAA 034,Peugeot,Doblo,2,9.25,2024-04-28,183,15.24
07 AAA 034,Peugeot,Doblo,2,9.25,2024-04-29,122,9.34
07 AAA 035,Ford,Fluence,4,7.73,2024-01-01,268,20.84
07 AAA 035,Ford,Fluence,4,7.73,2024-01-02,89,8.95
07 AAA 035,Ford,Fluence,4,7.73,2024-01-03,129,12.06
07 AAA 035,Ford,Fluence,4,7.73,2024-01-04,66,5.13
07 AAA 035,Ford,Fluence,4,7.73,2024-01-05,138,14.94
07 AAA 035,Ford,Fluence,4,7.73,2024-01-06,134,9.94
07 AAA 035,Ford,Fluence,4,7.73,2024-01-07,272,22.67
07 AAA 035,Ford,Fluence,4,7.73,2024-01-08,131,8.16
07 AAA 035,Ford,Fluence,4,7.73,2024-01-09,252,21.15
07 AAA 035,Ford,Fluence,4,7.73,2024-01-10,221,23.42
07 AAA 035,Ford,Fluence,4,7.73,2024-01-11,173,11.69
07 AAA 035,Ford,Fluence,4,7.73,2024-01-12,51,4.58
07 AAA 035,Ford,Fluence,4,7.73,2024-01-13,272,21.33
07 AAA 035,Ford,Fluence,4,7.73,2024-01-14,167,12.15
07 AAA 035,Ford,Fluence,4,7.73,2024-01-15,91,8.1
07 AAA 035,Ford,Fluence,4,7.73,2024-01-16,75,5.69
07 AAA 035,Ford,Fluence,4,7.73,2024-01-17,237,23.07
07 AAA 035,Ford,Fluence,4,7.73,2024-01-18,190,21.28
07 AAA 035,Ford,Fluence,4,7.73,2024-01-19,55,3.62
07 AAA 035,Ford,Fluence,4,7.73,2024-01-20,97,8.84
07 AAA 035,Ford,Fluence,4,7.73,2024-01-21,234,18.73
07 AAA 035,Ford,Fluence,4,7.73,2024-01-22,233,15.04
07 AAA 035,Ford,Fluence,4,7.73,2024-01-23,220,22.29
07 AAA 035,Ford,Fluence,4,7.73,2024-01-24,140,11.49
07 AAA 035,Ford,Fluence,4,7.73,2024-01-25,42,4.51
07 AAA 035,Ford,Fluence,4,7.73,2024-01-26,101,7.96
07 AAA 035,Ford,Fluence,4,7.73,2024-01-27,219,20.66
07 AAA 035,Ford,Fluence,4,7.73,2024-01-28,113,9.65
07 AAA 035,Ford,Fluence,4,7.73,2024-01-29,149,16.73
07 AAA 035,Ford,Fluence,4,7.73,2024-01-30,163,15.76
07 AAA 035,Ford,Fluence,4,7.73,2024-01-31,48,3.6
07 AAA 035,Ford,Fluence,4,7.73,2024-02-01,151,14.25
07 AAA 035,Ford,Fluence,4,7.73,2024-02-02,73,7.22
07 AAA 035,Ford,Fluence,4,7.73,2024-02-03,107,8.71
07 AAA 035,Ford,Fluence,4,7.73,2024-02-04,200,22.83
07 AAA 035,Ford,Fluence,4,7.73,2024-02-05,268,17.65
07 AAA 035,Ford,Fluence,4,7.73,2024-02-06,113,12.59
07 AAA 035,Ford,Fluence,4,7.73,2024-02-07,257,20.5
07 AAA 035,Ford,Fluence,4,7.73,2024-02-08,114,11.12
07 AAA 035,Ford,Fluence,4,7.73,2024-02-09,246,26.63
07 AAA 035,Ford,Fluence,4,7.73,2024-02-10,71,6.61
07 AAA 035,Ford,Fluence,4,7.73,2024-02-11,142,14.1
07 AAA 035,Ford,Fluence,4,7.73,2024-02-12,176,20.38
07 AAA 035,Ford,Fluence,4,7.73,2024-02-13,174,15.95
07 AAA 035,Ford,Fluence,4,7.73,2024-02-14,119,7.87
07 AAA 035,Ford,Fluence,4,7.73,2024-02-15,288,24.3
07 AAA 035,Ford,Fluence,4,7.73,2024-02-16,143,13.83
07 AAA 035,Ford,Fluence,4,7.73,2024-02-17,277,30.97
07 AAA 035,Ford,Fluence,4,7.73,2024-02-18,86,7.33
07 AAA 035,Ford,Fluence,4,7.73,2024-02-19,243,15.28
07 AAA 035,Ford,Fluence,4,7.73,2024-02-20,228,20.34
07 AAA 035,Ford,Fluence,4,7.73,2024-02-21,266,25.62
07 AAA 035,Ford,Fluence,4,7.73,2024-02-22,116,12.02
07 AAA 035,Ford,Fluence,4,7.73,2024-02-23,56,3.49
07 AAA 035,Ford,Fluence,4,7.73,2024-02-24,291,28.73
07 AAA 035,Ford,Fluence,4,7.73,2024-02-25,281,26.24
07 AAA 035,Ford,Fluence,4,7.73,2024-02-26,152,10.71
07 AAA 035,Ford,Fluence,4,7.73,2024-02-27,157,15.78
07 AAA 035,Ford,Fluence,4,7.73,2024-02-28,194,19.14
07 AAA 035,Ford,Fluence,4,7.73,2024-02-29,98,10.51
07 AAA 035,Ford,Fluence,4,7.73,2024-03-01,133,9.23
07 AAA 035,Ford,Fluence,4,7.73,2024-03-02,265,29.83
07 AAA 035,Ford,Fluence,4,7.73,2024-03-03,51,4.35
07 AAA 035,Ford,Fluence,4,7.73,2024-03-04,146,10.17
07 AAA 035,Ford,Fluence,4,7.73,2024-03-05,272,30.12
07 AAA 035,Ford,Fluence,4,7.73,2024-03-06,129,10.04
07 AAA 035,Ford,Fluence,4,7.73,2024-03-07,44,2.81
07 AAA 035,Ford,Fluence,4,7.73,2024-03-08,278,31.87
07 AAA 035,Ford,Fluence,4,7.73,2024-03-09,273,21.9
07 AAA 035,Ford,Fluence,4,7.73,2024-03-10,121,11.09
07 AAA 035,Ford,Fluence,4,7.73,2024-03-11,149,11.45
07 AAA 035,Ford,Fluence,4,7.73,2024-03-12,79,5.99
07 AAA 035,Ford,Fluence,4,7.73,2024-03-13,135,8.72
07 AAA 035,Ford,Fluence,4,7.73,2024-03-14,114,7.67
07 AAA 035,Ford,Fluence,4,7.73,2024-03-15,237,15.99
07 AAA 035,Ford,Fluence,4,7.73,2024-03-16,207,14.4
07 AAA 035,Ford,Fluence,4,7.73,2024-03-17,123,12.27
07 AAA 035,Ford,Fluence,4,7.73,2024-03-18,111,7.67
07 AAA 035,Ford,Fluence,4,7.73,2024-03-19,125,8.21
07 AAA 035,Ford,Fluence,4,7.73,2024-03-20,84,6.97
07 AAA 035,Ford,Fluence,4,7.73,2024-03-21,246,21.49
07 AAA 035,Ford,Fluence,4,7.73,2024-03-22,143,15.39
07 AAA 035,Ford,Fluence,4,7.73,2024-03-23,192,19.5
07 AAA 035,Ford,Fluence,4,7.73,2024-03-24,167,14.5
07 AAA 035,Ford,Fluence,4,7.73,2024-03-25,228,20.93
07 AAA 035,Ford,Fluence,4,7.73,2024-03-26,150,16.36
07 AAA 035,Ford,Fluence,4,7.73,2024-03-27,122,12.21
07 AAA 035,Ford,Fluence,4,7.73,2024-03-28,131,8.98
07 AAA 035,Ford,Fluence,4,7.73,2024-03-29,212,14.39
07 AAA 035,Ford,Fluence,4,7.73,2024-03-30,179,13.7
07 AAA 035,Ford,Fluence,4,7.73,2024-03-31,64,4.88
07 AAA 035,Ford,Fluence,4,7.73,2024-04-01,46,3.35
07 AAA 035,Ford,Fluence,4,7.73,2024-04-02,196,12.22
07 AAA 035,Ford,Fluence,4,7.73,2024-04-03,293,32.09
07 AAA 035,Ford,Fluence,4,7.73,2024-04-04,278,29.48
07 AAA 035,Ford,Fluence,4,7.73,2024-04-05,245,21.01
07 AAA 035,Ford,Fluence,4,7.73,2024-04-06,264,23.45
07 AAA 035,Ford,Fluence,4,7.73,2024-04-07,191,14.06
07 AAA 035,Ford,Fluence,4,7.73,2024-04-08,121,9.86
07 AAA 035,Ford,Fluence,4,7.73,2024-04-09,197,20.2
07 AAA 035,Ford,Fluence,4,7.73,2024-04-10,271,21.42
07 AAA 035,Ford,Fluence,4,7.73,2024-04-11,198,13.51
07 AAA 035,Ford,Fluence,4,7.73,2024-04-12,287,21.51
07 AAA 035,Ford,Fluence,4,7.73,2024-04-13,246,21.61
07 AAA 035,Ford,Fluence,4,7.73,2024-04-14,203,20.22
07 AAA 035,Ford,Fluence,4,7.73,2024-04-15,205,13.18
07 AAA 035,Ford,Fluence,4,7.73,2024-04-16,185,16.33
07 AAA 035,Ford,Fluence,4,7.73,2024-04-17,103,8.98
07 AAA 035,Ford,Fluence,4,7.73,2024-04-18,160,13.68
07 AAA 035,Ford,Fluence,4,7.73,2024-04-19,169,17.39
07 AAA 035,Ford,Fluence,4,7.73,2024-04-20,176,19.15
07 AAA 035,Ford,Fluence,4,7.73,2024-04-21,42,3.94
07 AAA 035,Ford,Fluence,4,7.73,2024-04-22,278,28.39
07 AAA 035,Ford,Fluence,4,7.73,2024-04-23,107,8.17
07 AAA 035,Ford,Fluence,4,7.73,2024-04-24,241,22.82
07 AAA 035,Ford,Fluence,4,7.73,2024-04-25,147,14.68
07 AAA 035,Ford,Fluence,4,7.73,2024-04-26,272,23.98
07 AAA 035,Ford,Fluence,4,7.73,2024-04-27,61,5.51
07 AAA 035,Ford,Fluence,4,7.73,2024-04-28,239,22.64
07 AAA 035,Ford,Fluence,4,7.73,2024-04-29,139,9.98
07 AAA 036,Peugeot,Fluence,2,9.52,2024-01-01,271,23.18
07 AAA 036,Peugeot,Fluence,2,9.52,2024-01-02,152,14.66
07 AAA 036,Peugeot,Fluence,2,9.52,2024-01-03,291,26.09
07 AAA 036,Peugeot,Fluence,2,9.52,2024-01-04,250,33.08
07 AAA 036,Peugeot,Fluence,2,9.52,2024-01-05,150,12.2
07 AAA 036,Peugeot,Fluence,2,9.52,2024-01-06,57,5.38
07 AAA 036,Peugeot,Fluence,2,9.52,2024-01-07,232,24.14
07 AAA 036,Peugeot,Fluence,2,9.52,2024-01-08,284,32.03
07 AAA 036,Peugeot,Fluence,2,9.52,2024-01-09,152,19.81
07 AAA 036,Peugeot,Fluence,2,9.52,2024-01-10,223,25.69
07 AAA 036,Peugeot,Fluence,2,9.52,2024-01-11,166,22.67
07 AAA 036,Peugeot,Fluence,2,9.52,2024-01-12,89,9.97
07 AAA 036,Peugeot,Fluence,2,9.52,2024-01-13,43,4.1
07 AAA 036,Peugeot,Fluence,2,9.52,2024-01-14,121,9.79
07 AAA 036,Peugeot,Fluence,2,9.52,2024-01-15,273,28.37
07 AAA 036,Peugeot,Fluence,2,9.52,2024-01-16,80,7.92
07 AAA 036,Peugeot,Fluence,2,9.52,2024-01-17,189,20.45
07 AAA 036,Peugeot,Fluence,2,9.52,2024-01-18,198,21.54
07 AAA 036,Peugeot,Fluence,2,9.52,2024-01-19,180,19.68
07 AAA 036,Peugeot,Fluence,2,9.52,2024-01-20,116,15.01
07 AAA 036,Peugeot,Fluence,2,9.52,2024-01-21,109,13.69
07 AAA 036,Peugeot,Fluence,2,9.52,2024-01-22,83,8.87
07 AAA 036,Peugeot,Fluence,2,9.52,2024-01-23,263,32.45
07 AAA 036,Peugeot,Fluence,2,9.52,2024-01-24,97,13.34
07 AAA 036,Peugeot,Fluence,2,9.52,2024-01-25,244,21.1
07 AAA 036,Peugeot,Fluence,2,9.52,2024-01-26,147,13.17
07 AAA 036,Peugeot,Fluence,2,9.52,2024-01-27,95,11.6
07 AAA 036,Peugeot,Fluence,2,9.52,2024-01-28,168,13.19
07 AAA 036,Peugeot,Fluence,2,9.52,2024-01-29,280,34.42
07 AAA 036,Peugeot,Fluence,2,9.52,2024-01-30,203,23.38
07 AAA 036,Peugeot,Fluence,2,9.52,2024-01-31,229,24.47
07 AAA 036,Peugeot,Fluence,2,9.52,2024-02-01,74,7.5
07 AAA 036,Peugeot,Fluence,2,9.52,2024-02-02,187,16.45
07 AAA 036,Peugeot,Fluence,2,9.52,2024-02-03,119,11.26
07 AAA 036,Peugeot,Fluence,2,9.52,2024-02-04,300,31.77
07 AAA 036,Peugeot,Fluence,2,9.52,2024-02-05,261,33.12
07 AAA 036,Peugeot,Fluence,2,9.52,2024-02-06,295,29.09
07 AAA 036,Peugeot,Fluence,2,9.52,2024-02-07,69,5.38
07 AAA 036,Peugeot,Fluence,2,9.52,2024-02-08,172,13.22
07 AAA 036,Peugeot,Fluence,2,9.52,2024-02-09,282,23.47
07 AAA 036,Peugeot,Fluence,2,9.52,2024-02-10,188,23.85
07 AAA 036,Peugeot,Fluence,2,9.52,2024-02-11,145,13.17
07 AAA 036,Peugeot,Fluence,2,9.52,2024-02-12,120,13.88
07 AAA 036,Peugeot,Fluence,2,9.52,2024-02-13,274,24.27
07 AAA 036,Peugeot,Fluence,2,9.52,2024-02-14,63,6.02
07 AAA 036,Peugeot,Fluence,2,9.52,2024-02-15,263,36.4
07 AAA 036,Peugeot,Fluence,2,9.52,2024-02-16,107,10.18
07 AAA 036,Peugeot,Fluence,2,9.52,2024-02-17,296,38.4
07 AAA 036,Peugeot,Fluence,2,9.52,2024-02-18,164,21.68
07 AAA 036,Peugeot,Fluence,2,9.52,2024-02-19,292,26.2
07 AAA 036,Peugeot,Fluence,2,9.52,2024-02-20,114,9.47
07 AAA 036,Peugeot,Fluence,2,9.52,2024-02-21,226,21.46
07 AAA 036,Peugeot,Fluence,2,9.52,2024-02-22,59,5.16
07 AAA 036,Peugeot,Fluence,2,9.52,2024-02-23,255,24.88
07 AAA 036,Peugeot,Fluence,2,9.52,2024-02-24,127,13.63
07 AAA 036,Peugeot,Fluence,2,9.52,2024-02-25,270,24.19
07 AAA 036,Peugeot,Fluence,2,9.52,2024-02-26,88,6.79
07 AAA 036,Peugeot,Fluence,2,9.52,2024-02-27,112,11.41
07 AAA 036,Peugeot,Fluence,2,9.52,2024-02-28,120,12.8
07 AAA 036,Peugeot,Fluence,2,9.52,2024-02-29,126,12.4
07 AAA 036,Peugeot,Fluence,2,9.52,2024-03-01,285,39.1
07 AAA 036,Peugeot,Fluence,2,9.52,2024-03-02,77,9.02
07 AAA 036,Peugeot,Fluence,2,9.52,2024-03-03,59,6.39
07 AAA 036,Peugeot,Fluence,2,9.52,2024-03-04,225,22.28
07 AAA 036,Peugeot,Fluence,2,9.52,2024-03-05,255,31.85
07 AAA 036,Peugeot,Fluence,2,9.52,2024-03-06,216,20.04
07 AAA 036,Peugeot,Fluence,2,9.52,2024-03-07,271,25.78
07 AAA 036,Peugeot,Fluence,2,9.52,2024-03-08,112,9.69
07 AAA 036,Peugeot,Fluence,2,9.52,2024-03-09,205,21.63
07 AAA 036,Peugeot,Fluence,2,9.52,2024-03-10,280,27.28
07 AAA 036,Peugeot,Fluence,2,9.52,2024-03-11,186,22.9
07 AAA 036,Peugeot,Fluence,2,9.52,2024-03-12,126,17.18
07 AAA 036,Peugeot,Fluence,2,9.52,2024-03-13,246,32.91
07 AAA 036,Peugeot,Fluence,2,9.52,2024-03-14,133,18.64
07 AAA 036,Peugeot,Fluence,2,9.52,2024-03-15,213,23.27
07 AAA 036,Peugeot,Fluence,2,9.52,2024-03-16,239,32.23
07 AAA 036,Peugeot,Fluence,2,9.52,2024-03-17,186,21.82
07 AAA 036,Peugeot,Fluence,2,9.52,2024-03-18,284,38.61
07 AAA 036,Peugeot,Fluence,2,9.52,2024-03-19,103,7.9
07 AAA 036,Peugeot,Fluence,2,9.52,2024-03-20,170,24.21
07 AAA 036,Peugeot,Fluence,2,9.52,2024-03-21,214,26.76
07 AAA 036,Peugeot,Fluence,2,9.52,2024-03-22,180,17.95
07 AAA 036,Peugeot,Fluence,2,9.52,2024-03-23,279,35.69
07 AAA 036,Peugeot,Fluence,2,9.52,2024-03-24,164,13.65
07 AAA 036,Peugeot,Fluence,2,9.52,2024-03-25,101,9.31
07 AAA 036,Peugeot,Fluence,2,9.52,2024-03-26,183,17.04
07 AAA 036,Peugeot,Fluence,2,9.52,2024-03-27,40,3.94
07 AAA 036,Peugeot,Fluence,2,9.52,2024-03-28,225,24.44
07 AAA 036,Peugeot,Fluence,2,9.52,2024-03-29,200,20.61
07 AAA 036,Peugeot,Fluence,2,9.52,2024-03-30,77,6.31
07 AAA 036,Peugeot,Fluence,2,9.52,2024-03-31,187,21.77
07 AAA 036,Peugeot,Fluence,2,9.52,2024-04-01,52,6.76
07 AAA 036,Peugeot,Fluence,2,9.52,2024-04-02,282,37.73
07 AAA 036,Peugeot,Fluence,2,9.52,2024-04-03,138,15.79
07 AAA 036,Peugeot,Fluence,2,9.52,2024-04-04,140,19.79
07 AAA 036,Peugeot,Fluence,2,9.52,2024-04-05,122,17.28
07 AAA 036,Peugeot,Fluence,2,9.52,2024-04-06,187,21.43
07 AAA 036,Peugeot,Fluence,2,9.52,2024-04-07,297,28.16
07 AAA 036,Peugeot,Fluence,2,9.52,2024-04-08,59,5.86
07 AAA 036,Peugeot,Fluence,2,9.52,2024-04-09,290,22.31
07 AAA 036,Peugeot,Fluence,2,9.52,2024-04-10,81,9.67
07 AAA 036,Peugeot,Fluence,2,9.52,2024-04-11,155,17.27
07 AAA 036,Peugeot,Fluence,2,9.52,2024-04-12,50,6.44
07 AAA 036,Peugeot,Fluence,2,9.52,2024-04-13,202,21.1
07 AAA 036,Peugeot,Fluence,2,9.52,2024-04-14,194,17.22
07 AAA 036,Peugeot,Fluence,2,9.52,2024-04-15,143,20.05
07 AAA 036,Peugeot,Fluence,2,9.52,2024-04-16,193,24.85
07 AAA 036,Peugeot,Fluence,2,9.52,2024-04-17,186,23.27
07 AAA 036,Peugeot,Fluence,2,9.52,2024-04-18,168,17.15
07 AAA 036,Peugeot,Fluence,2,9.52,2024-04-19,113,14.07
07 AAA 036,Peugeot,Fluence,2,9.52,2024-04-20,183,17.47
07 AAA 036,Peugeot,Fluence,2,9.52,2024-04-21,249,20.37
07 AAA 036,Peugeot,Fluence,2,9.52,2024-04-22,281,25.96
07 AAA 036,Peugeot,Fluence,2,9.52,2024-04-23,105,8.25
07 AAA 036,Peugeot,Fluence,2,9.52,2024-04-24,158,15.85
07 AAA 036,Peugeot,Fluence,2,9.52,2024-04-25,244,26.53
07 AAA 036,Peugeot,Fluence,2,9.52,2024-04-26,190,24.66
07 AAA 036,Peugeot,Fluence,2,9.52,2024-04-27,169,14.43
07 AAA 036,Peugeot,Fluence,2,9.52,2024-04-28,131,17.56
07 AAA 036,Peugeot,Fluence,2,9.52,2024-04-29,123,9.84
07 AAA 037,Peugeot,Transit,2,9.85,2024-01-01,260,24.32
07 AAA 037,Peugeot,Transit,2,9.85,2024-01-02,287,23.46
07 AAA 037,Peugeot,Transit,2,9.85,2024-01-03,74,8.2
07 AAA 037,Peugeot,Transit,2,9.85,2024-01-04,204,16.81
07 AAA 037,Peugeot,Transit,2,9.85,2024-01-05,83,11.53
07 AAA 037,Peugeot,Transit,2,9.85,2024-01-06,242,22.85
07 AAA 037,Peugeot,Transit,2,9.85,2024-01-07,88,11.45
07 AAA 037,Peugeot,Transit,2,9.85,2024-01-08,248,26.2
07 AAA 037,Peugeot,Transit,2,9.85,2024-01-09,117,16.79
07 AAA 037,Peugeot,Transit,2,9.85,2024-01-10,189,17.02
07 AAA 037,Peugeot,Transit,2,9.85,2024-01-11,293,25.46
07 AAA 037,Peugeot,Transit,2,9.85,2024-01-12,185,24.66
07 AAA 037,Peugeot,Transit,2,9.85,2024-01-13,131,14.87
07 AAA 037,Peugeot,Transit,2,9.85,2024-01-14,281,41.07
07 AAA 037,Peugeot,Transit,2,9.85,2024-01-15,256,36.65
07 AAA 037,Peugeot,Transit,2,9.85,2024-01-16,210,20.18
07 AAA 037,Peugeot,Transit,2,9.85,2024-01-17,131,15.09
07 AAA 037,Peugeot,Transit,2,9.85,2024-01-18,186,15.13
07 AAA 037,Peugeot,Transit,2,9.85,2024-01-19,147,16.41
07 AAA 037,Peugeot,Transit,2,9.85,2024-01-20,71,6.48
07 AAA 037,Peugeot,Transit,2,9.85,2024-01-21,120,11.26
07 AAA 037,Peugeot,Transit,2,9.85,2024-01-22,285,34.06
07 AAA 037,Peugeot,Transit,2,9.85,2024-01-23,129,16.59
07 AAA 037,Peugeot,Transit,2,9.85,2024-01-24,233,28.65
07 AAA 037,Peugeot,Transit,2,9.85,2024-01-25,214,31.61
07 AAA 037,Peugeot,Transit,2,9.85,2024-01-26,268,36.8
07 AAA 037,Peugeot,Transit,2,9.85,2024-01-27,173,18.03
07 AAA 037,Peugeot,Transit,2,9.85,2024-01-28,237,20.42
07 AAA 037,Peugeot,Transit,2,9.85,2024-01-29,82,7.5
07 AAA 037,Peugeot,Transit,2,9.85,2024-01-30,91,7.87
07 AAA 037,Peugeot,Transit,2,9.85,2024-01-31,54,6.31
07 AAA 037,Peugeot,Transit,2,9.85,2024-02-01,170,22.89
07 AAA 037,Peugeot,Transit,2,9.85,2024-02-02,231,30.16
07 AAA 037,Peugeot,Transit,2,9.85,2024-02-03,242,31.87
07 AAA 037,Peugeot,Transit,2,9.85,2024-02-04,169,16.73
07 AAA 037,Peugeot,Transit,2,9.85,2024-02-05,85,9.1
07 AAA 037,Peugeot,Transit,2,9.85,2024-02-06,147,15.22
07 AAA 037,Peugeot,Transit,2,9.85,2024-02-07,196,18.06
07 AAA 037,Peugeot,Transit,2,9.85,2024-02-08,115,16.05
07 AAA 037,Peugeot,Transit,2,9.85,2024-02-09,255,28.6
07 AAA 037,Peugeot,Transit,2,9.85,2024-02-10,219,27.08
07 AAA 037,Peugeot,Transit,2,9.85,2024-02-11,138,15.01
07 AAA 037,Peugeot,Transit,2,9.85,2024-02-12,148,18.41
07 AAA 037,Peugeot,Transit,2,9.85,2024-02-13,223,26.43
07 AAA 037,Peugeot,Transit,2,9.85,2024-02-14,110,12.97
07 AAA 037,Peugeot,Transit,2,9.85,2024-02-15,159,16.28
07 AAA 037,Peugeot,Transit,2,9.85,2024-02-16,211,24.27
07 AAA 037,Peugeot,Transit,2,9.85,2024-02-17,282,41.44
07 AAA 037,Peugeot,Transit,2,9.85,2024-02-18,229,18.15
07 AAA 037,Peugeot,Transit,2,9.85,2024-02-19,292,41.9
07 AAA 037,Peugeot,Transit,2,9.85,2024-02-20,97,9.46
07 AAA 037,Peugeot,Transit,2,9.85,2024-02-21,155,16.21
07 AAA 037,Peugeot,Transit,2,9.85,2024-02-22,229,28.6
07 AAA 037,Peugeot,Transit,2,9.85,2024-02-23,276,35.27
07 AAA 037,Peugeot,Transit,2,9.85,2024-02-24,112,16.19
07 AAA 037,Peugeot,Transit,2,9.85,2024-02-25,138,13.47
07 AAA 037,Peugeot,Transit,2,9.85,2024-02-26,170,15.81
07 AAA 037,Peugeot,Transit,2,9.85,2024-02-27,71,7.68
07 AAA 037,Peugeot,Transit,2,9.85,2024-02-28,160,17.33
07 AAA 037,Peugeot,Transit,2,9.85,2024-02-29,83,11.77
07 AAA 037,Peugeot,Transit,2,9.85,2024-03-01,81,7.14
07 AAA 037,Peugeot,Transit,2,9.85,2024-03-02,238,27.62
07 AAA 037,Peugeot,Transit,2,9.85,2024-03-03,80,7.06
07 AAA 037,Peugeot,Transit,2,9.85,2024-03-04,53,5.58
07 AAA 037,Peugeot,Transit,2,9.85,2024-03-05,229,25.84
07 AAA 037,Peugeot,Transit,2,9.85,2024-03-06,232,24.93
07 AAA 037,Peugeot,Transit,2,9.85,2024-03-07,160,20.74
07 AAA 037,Peugeot,Transit,2,9.85,2024-03-08,176,15.01
07 AAA 037,Peugeot,Transit,2,9.85,2024-03-09,263,29.78
07 AAA 037,Peugeot,Transit,2,9.85,2024-03-10,58,5.16
07 AAA 037,Peugeot,Transit,2,9.85,2024-03-11,278,36.0
07 AAA 037,Peugeot,Transit,2,9.85,2024-03-12,294,23.38
07 AAA 037,Peugeot,Transit,2,9.85,2024-03-13,150,19.24
07 AAA 037,Peugeot,Transit,2,9.85,2024-03-14,156,13.95
07 AAA 037,Peugeot,Transit,2,9.85,2024-03-15,186,16.58
07 AAA 037,Peugeot,Transit,2,9.85,2024-03-16,89,7.18
07 AAA 037,Peugeot,Transit,2,9.85,2024-03-17,158,21.67
07 AAA 037,Peugeot,Transit,2,9.85,2024-03-18,262,27.07
07 AAA 037,Peugeot,Transit,2,9.85,2024-03-19,104,11.13
07 AAA 037,Peugeot,Transit,2,9.85,2024-03-20,232,19.68
07 AAA 037,Peugeot,Transit,2,9.85,2024-03-21,211,22.05
07 AAA 037,Peugeot,Transit,2,9.85,2024-03-22,279,38.69
07 AAA 037,Peugeot,Transit,2,9.85,2024-03-23,67,6.38
07 AAA 037,Peugeot,Transit,2,9.85,2024-03-24,205,27.09
07 AAA 037,Peugeot,Transit,2,9.85,2024-03-25,199,23.52
07 AAA 037,Peugeot,Transit,2,9.85,2024-03-26,51,6.91
07 AAA 037,Peugeot,Transit,2,9.85,2024-03-27,45,4.93
07 AAA 037,Peugeot,Transit,2,9.85,2024-03-28,201,23.26
07 AAA 037,Peugeot,Transit,2,9.85,2024-03-29,62,8.39
07 AAA 037,Peugeot,Transit,2,9.85,2024-03-30,142,16.32
07 AAA 037,Peugeot,Transit,2,9.85,2024-03-31,182,19.28
07 AAA 037,Peugeot,Transit,2,9.85,2024-04-01,174,24.88
07 AAA 037,Peugeot,Transit,2,9.85,2024-04-02,229,24.81
07 AAA 037,Peugeot,Transit,2,9.85,2024-04-03,169,15.6
07 AAA 037,Peugeot,Transit,2,9.85,2024-04-04,44,5.66
07 AAA 037,Peugeot,Transit,2,9.85,2024-04-05,53,4.56
07 AAA 037,Peugeot,Transit,2,9.85,2024-04-06,50,6.09
07 AAA 037,Peugeot,Transit,2,9.85,2024-04-07,105,11.12
07 AAA 037,Peugeot,Transit,2,9.85,2024-04-08,192,19.51
07 AAA 037,Peugeot,Transit,2,9.85,2024-04-09,133,16.14
07 AAA 037,Peugeot,Transit,2,9.85,2024-04-10,268,36.52
07 AAA 037,Peugeot,Transit,2,9.85,2024-04-11,282,22.98
07 AAA 037,Peugeot,Transit,2,9.85,2024-04-12,59,7.49
07 AAA 037,Peugeot,Transit,2,9.85,2024-04-13,98,9.38
07 AAA 037,Peugeot,Transit,2,9.85,2024-04-14,55,6.51
07 AAA 037,Peugeot,Transit,2,9.85,2024-04-15,113,15.2
07 AAA 037,Peugeot,Transit,2,9.85,2024-04-16,237,26.27
07 AAA 037,Peugeot,Transit,2,9.85,2024-04-17,67,9.13
07 AAA 037,Peugeot,Transit,2,9.85,2024-04-18,65,9.56
07 AAA 037,Peugeot,Transit,2,9.85,2024-04-19,273,34.43
07 AAA 037,Peugeot,Transit,2,9.85,2024-04-20,182,17.1
07 AAA 037,Peugeot,Transit,2,9.85,2024-04-21,279,39.09
07 AAA 037,Peugeot,Transit,2,9.85,2024-04-22,68,6.49
07 AAA 037,Peugeot,Transit,2,9.85,2024-04-23,295,32.06
07 AAA 037,Peugeot,Transit,2,9.85,2024-04-24,274,26.78
07 AAA 037,Peugeot,Transit,2,9.85,2024-04-25,110,10.05
07 AAA 037,Peugeot,Transit,2,9.85,2024-04-26,64,8.59
07 AAA 037,Peugeot,Transit,2,9.85,2024-04-27,167,22.23
07 AAA 037,Peugeot,Transit,2,9.85,2024-04-28,95,13.37
07 AAA 037,Peugeot,Transit,2,9.85,2024-04-29,149,17.17
07 AAA 038,Fiat,Fluence,4,8.31,2024-01-01,148,10.77
07 AAA 038,Fiat,Fluence,4,8.31,2024-01-02,51,4.85
07 AAA 038,Fiat,Fluence,4,8.31,2024-01-03,196,20.69
07 AAA 038,Fiat,Fluence,4,8.31,2024-01-04,53,6.12
07 AAA 038,Fiat,Fluence,4,8.31,2024-01-05,143,10.33
07 AAA 038,Fiat,Fluence,4,8.31,2024-01-06,225,24.83
07 AAA 038,Fiat,Fluence,4,8.31,2024-01-07,215,18.67
07 AAA 038,Fiat,Fluence,4,8.31,2024-01-08,291,33.73
07 AAA 038,Fiat,Fluence,4,8.31,2024-01-09,219,19.33
07 AAA 038,Fiat,Fluence,4,8.31,2024-01-10,261,19.08
07 AAA 038,Fiat,Fluence,4,8.31,2024-01-11,135,14.19
07 AAA 038,Fiat,Fluence,4,8.31,2024-01-12,151,16.52
07 AAA 038,Fiat,Fluence,4,8.31,2024-01-13,279,20.0
07 AAA 038,Fiat,Fluence,4,8.31,2024-01-14,294,31.4
07 AAA 038,Fiat,Fluence,4,8.31,2024-01-15,92,9.92
07 AAA 038,Fiat,Fluence,4,8.31,2024-01-16,101,10.35
07 AAA 038,Fiat,Fluence,4,8.31,2024-01-17,111,9.26
07 AAA 038,Fiat,Fluence,4,8.31,2024-01-18,59,5.88
07 AAA 038,Fiat,Fluence,4,8.31,2024-01-19,96,11.77
07 AAA 038,Fiat,Fluence,4,8.31,2024-01-20,52,4.75
07 AAA 038,Fiat,Fluence,4,8.31,2024-01-21,113,11.04
07 AAA 038,Fiat,Fluence,4,8.31,2024-01-22,108,11.86
07 AAA 038,Fiat,Fluence,4,8.31,2024-01-23,104,9.02
07 AAA 038,Fiat,Fluence,4,8.31,2024-01-24,183,19.85
07 AAA 038,Fiat,Fluence,4,8.31,2024-01-25,44,3.66
07 AAA 038,Fiat,Fluence,4,8.31,2024-01-26,187,13.11
07 AAA 038,Fiat,Fluence,4,8.31,2024-01-27,283,34.46
07 AAA 038,Fiat,Fluence,4,8.31,2024-01-28,267,21.75
07 AAA 038,Fiat,Fluence,4,8.31,2024-01-29,47,5.2
07 AAA 038,Fiat,Fluence,4,8.31,2024-01-30,254,30.65
07 AAA 038,Fiat,Fluence,4,8.31,2024-01-31,47,4.67
07 AAA 038,Fiat,Fluence,4,8.31,2024-02-01,111,7.46
07 AAA 038,Fiat,Fluence,4,8.31,2024-02-02,101,8.09
07 AAA 038,Fiat,Fluence,4,8.31,2024-02-03,58,4.3
07 AAA 038,Fiat,Fluence,4,8.31,2024-02-04,227,18.34
07 AAA 038,Fiat,Fluence,4,8.31,2024-02-05,41,4.07
07 AAA 038,Fiat,Fluence,4,8.31,2024-02-06,103,10.14
07 AAA 038,Fiat,Fluence,4,8.31,2024-02-07,75,8.37
07 AAA 038,Fiat,Fluence,4,8.31,2024-02-08,78,5.33
07 AAA 038,Fiat,Fluence,4,8.31,2024-02-09,133,15.07
07 AAA 038,Fiat,Fluence,4,8.31,2024-02-10,245,25.59
07 AAA 038,Fiat,Fluence,4,8.31,2024-02-11,192,16.69
07 AAA 038,Fiat,Fluence,4,8.31,2024-02-12,129,12.92
07 AAA 038,Fiat,Fluence,4,8.31,2024-02-13,89,7.77
07 AAA 038,Fiat,Fluence,4,8.31,2024-02-14,242,17.41
07 AAA 038,Fiat,Fluence,4,8.31,2024-02-15,255,30.19
07 AAA 038,Fiat,Fluence,4,8.31,2024-02-16,124,14.06
07 AAA 038,Fiat,Fluence,4,8.31,2024-02-17,188,23.36
07 AAA 038,Fiat,Fluence,4,8.31,2024-02-18,201,15.22
07 AAA 038,Fiat,Fluence,4,8.31,2024-02-19,106,7.51
07 AAA 038,Fiat,Fluence,4,8.31,2024-02-20,267,19.83
07 AAA 038,Fiat,Fluence,4,8.31,2024-02-21,132,15.2
07 AAA 038,Fiat,Fluence,4,8.31,2024-02-22,71,5.66
07 AAA 038,Fiat,Fluence,4,8.31,2024-02-23,203,20.46
07 AAA 038,Fiat,Fluence,4,8.31,2024-02-24,263,19.6
07 AAA 038,Fiat,Fluence,4,8.31,2024-02-25,173,16.3
07 AAA 038,Fiat,Fluence,4,8.31,2024-02-26,290,31.32
07 AAA 038,Fiat,Fluence,4,8.31,2024-02-27,87,8.33
07 AAA 038,Fiat,Fluence,4,8.31,2024-02-28,152,10.17
07 AAA 038,Fiat,Fluence,4,8.31,2024-02-29,213,17.26
07 AAA 038,Fiat,Fluence,4,8.31,2024-03-01,258,27.04
07 AAA 038,Fiat,Fluence,4,8.31,2024-03-02,60,5.39
07 AAA 038,Fiat,Fluence,4,8.31,2024-03-03,230,16.75
07 AAA 038,Fiat,Fluence,4,8.31,2024-03-04,290,26.51
07 AAA 038,Fiat,Fluence,4,8.31,2024-03-05,151,18.42
07 AAA 038,Fiat,Fluence,4,8.31,2024-03-06,231,15.4
07 AAA 038,Fiat,Fluence,4,8.31,2024-03-07,124,12.69
07 AAA 038,Fiat,Fluence,4,8.31,2024-03-08,208,24.35
07 AAA 038,Fiat,Fluence,4,8.31,2024-03-09,131,9.18
07 AAA 038,Fiat,Fluence,4,8.31,2024-03-10,77,8.44
07 AAA 038,Fiat,Fluence,4,8.31,2024-03-11,86,6.18
07 AAA 038,Fiat,Fluence,4,8.31,2024-03-12,272,26.99
07 AAA 038,Fiat,Fluence,4,8.31,2024-03-13,177,19.19
07 AAA 038,Fiat,Fluence,4,8.31,2024-03-14,77,8.05
07 AAA 038,Fiat,Fluence,4,8.31,2024-03-15,274,18.31
07 AAA 038,Fiat,Fluence,4,8.31,2024-03-16,216,17.13
07 AAA 038,Fiat,Fluence,4,8.31,2024-03-17,178,14.34
07 AAA 038,Fiat,Fluence,4,8.31,2024-03-18,167,15.7
07 AAA 038,Fiat,Fluence,4,8.31,2024-03-19,271,32.65
07 AAA 038,Fiat,Fluence,4,8.31,2024-03-20,159,14.07
07 AAA 038,Fiat,Fluence,4,8.31,2024-03-21,152,16.34
07 AAA 038,Fiat,Fluence,4,8.31,2024-03-22,128,8.84
07 AAA 038,Fiat,Fluence,4,8.31,2024-03-23,248,17.88
07 AAA 038,Fiat,Fluence,4,8.31,2024-03-24,234,17.48
07 AAA 038,Fiat,Fluence,4,8.31,2024-03-25,73,5.71
07 AAA 038,Fiat,Fluence,4,8.31,2024-03-26,270,22.89
07 AAA 038,Fiat,Fluence,4,8.31,2024-03-27,254,22.64
07 AAA 038,Fiat,Fluence,4,8.31,2024-03-28,86,7.76
07 AAA 038,Fiat,Fluence,4,8.31,2024-03-29,297,27.26
07 AAA 038,Fiat,Fluence,4,8.31,2024-03-30,110,9.96
07 AAA 038,Fiat,Fluence,4,8.31,2024-03-31,84,5.6
07 AAA 038,Fiat,Fluence,4,8.31,2024-04-01,110,9.32
07 AAA 038,Fiat,Fluence,4,8.31,2024-04-02,166,13.01
07 AAA 038,Fiat,Fluence,4,8.31,2024-04-03,126,10.59
07 AAA 038,Fiat,Fluence,4,8.31,2024-04-04,133,11.9
07 AAA 038,Fiat,Fluence,4,8.31,2024-04-05,267,23.56
07 AAA 038,Fiat,Fluence,4,8.31,2024-04-06,57,3.95
07 AAA 038,Fiat,Fluence,4,8.31,2024-04-07,77,7.47
07 AAA 038,Fiat,Fluence,4,8.31,2024-04-08,69,6.39
07 AAA 038,Fiat,Fluence,4,8.31,2024-04-09,299,23.52
07 AAA 038,Fiat,Fluence,4,8.31,2024-04-10,149,12.58
07 AAA 038,Fiat,Fluence,4,8.31,2024-04-11,213,24.2
07 AAA 038,Fiat,Fluence,4,8.31,2024-04-12,165,20.1
07 AAA 038,Fiat,Fluence,4,8.31,2024-04-13,113,11.31
07 AAA 038,Fiat,Fluence,4,8.31,2024-04-14,240,24.43
07 AAA 038,Fiat,Fluence,4,8.31,2024-04-15,91,9.22
07 AAA 038,Fiat,Fluence,4,8.31,2024-04-16,244,24.21
07 AAA 038,Fiat,Fluence,4,8.31,2024-04-17,207,19.87
07 AAA 038,Fiat,Fluence,4,8.31,2024-04-18,234,15.62
07 AAA 038,Fiat,Fluence,4,8.31,2024-04-19,272,22.37
07 AAA 038,Fiat,Fluence,4,8.31,2024-04-20,138,13.36
07 AAA 038,Fiat,Fluence,4,8.31,2024-04-21,224,19.06
07 AAA 038,Fiat,Fluence,4,8.31,2024-04-22,110,8.72
07 AAA 038,Fiat,Fluence,4,8.31,2024-04-23,240,17.33
07 AAA 038,Fiat,Fluence,4,8.31,2024-04-24,269,24.94
07 AAA 038,Fiat,Fluence,4,8.31,2024-04-25,207,24.07
07 AAA 038,Fiat,Fluence,4,8.31,2024-04-26,271,24.43
07 AAA 038,Fiat,Fluence,4,8.31,2024-04-27,85,7.88
07 AAA 038,Fiat,Fluence,4,8.31,2024-04-28,234,23.33
07 AAA 038,Fiat,Fluence,4,8.31,2024-04-29,81,5.57
07 AAA 039,Ford,Boxer,2,9.17,2024-01-01,286,36.41
07 AAA 039,Ford,Boxer,2,9.17,2024-01-02,95,10.07
07 AAA 039,Ford,Boxer,2,9.17,2024-01-03,290,27.41
07 AAA 039,Ford,Boxer,2,9.17,2024-01-04,292,39.03
07 AAA 039,Ford,Boxer,2,9.17,2024-01-05,271,32.66
07 AAA 039,Ford,Boxer,2,9.17,2024-01-06,93,11.04
07 AAA 039,Ford,Boxer,2,9.17,2024-01-07,215,20.22
07 AAA 039,Ford,Boxer,2,9.17,2024-01-08,244,22.78
07 AAA 039,Ford,Boxer,2,9.17,2024-01-09,186,14.42
07 AAA 039,Ford,Boxer,2,9.17,2024-01-10,297,27.55
07 AAA 039,Ford,Boxer,2,9.17,2024-01-11,130,14.94
07 AAA 039,Ford,Boxer,2,9.17,2024-01-12,244,21.23
07 AAA 039,Ford,Boxer,2,9.17,2024-01-13,143,10.62
07 AAA 039,Ford,Boxer,2,9.17,2024-01-14,131,10.31
07 AAA 039,Ford,Boxer,2,9.17,2024-01-15,151,17.91
07 AAA 039,Ford,Boxer,2,9.17,2024-01-16,205,22.1
07 AAA 039,Ford,Boxer,2,9.17,2024-01-17,66,5.37
07 AAA 039,Ford,Boxer,2,9.17,2024-01-18,285,28.8
07 AAA 039,Ford,Boxer,2,9.17,2024-01-19,61,8.34
07 AAA 039,Ford,Boxer,2,9.17,2024-01-20,215,23.97
07 AAA 039,Ford,Boxer,2,9.17,2024-01-21,178,14.18
07 AAA 039,Ford,Boxer,2,9.17,2024-01-22,208,15.76
07 AAA 039,Ford,Boxer,2,9.17,2024-01-23,260,26.56
07 AAA 039,Ford,Boxer,2,9.17,2024-01-24,196,25.58
07 AAA 039,Ford,Boxer,2,9.17,2024-01-25,105,8.56
07 AAA 039,Ford,Boxer,2,9.17,2024-01-26,199,14.99
07 AAA 039,Ford,Boxer,2,9.17,2024-01-27,201,18.89
07 AAA 039,Ford,Boxer,2,9.17,2024-01-28,187,15.08
07 AAA 039,Ford,Boxer,2,9.17,2024-01-29,281,26.73
07 AAA 039,Ford,Boxer,2,9.17,2024-01-30,73,8.67
07 AAA 039,Ford,Boxer,2,9.17,2024-01-31,44,5.03
07 AAA 039,Ford,Boxer,2,9.17,2024-02-01,298,26.65
07 AAA 039,Ford,Boxer,2,9.17,2024-02-02,293,24.23
07 AAA 039,Ford,Boxer,2,9.17,2024-02-03,151,12.48
07 AAA 039,Ford,Boxer,2,9.17,2024-02-04,107,7.99
07 AAA 039,Ford,Boxer,2,9.17,2024-02-05,172,16.82
07 AAA 039,Ford,Boxer,2,9.17,2024-02-06,109,12.35
07 AAA 039,Ford,Boxer,2,9.17,2024-02-07,40,3.88
07 AAA 039,Ford,Boxer,2,9.17,2024-02-08,284,34.97
07 AAA 039,Ford,Boxer,2,9.17,2024-02-09,76,7.61
07 AAA 039,Ford,Boxer,2,9.17,2024-02-10,86,7.37
07 AAA 039,Ford,Boxer,2,9.17,2024-02-11,294,37.43
07 AAA 039,Ford,Boxer,2,9.17,2024-02-12,77,8.19
07 AAA 039,Ford,Boxer,2,9.17,2024-02-13,64,6.57
07 AAA 039,Ford,Boxer,2,9.17,2024-02-14,291,38.85
07 AAA 039,Ford,Boxer,2,9.17,2024-02-15,79,9.35
07 AAA 039,Ford,Boxer,2,9.17,2024-02-16,96,9.1
07 AAA 039,Ford,Boxer,2,9.17,2024-02-17,121,15.11
07 AAA 039,Ford,Boxer,2,9.17,2024-02-18,277,23.93
07 AAA 039,Ford,Boxer,2,9.17,2024-02-19,178,16.13
07 AAA 039,Ford,Boxer,2,9.17,2024-02-20,120,11.56
07 AAA 039,Ford,Boxer,2,9.17,2024-02-21,296,22.83
07 AAA 039,Ford,Boxer,2,9.17,2024-02-22,84,7.25
07 AAA 039,Ford,Boxer,2,9.17,2024-02-23,249,24.93
07 AAA 039,Ford,Boxer,2,9.17,2024-02-24,286,22.4
07 AAA 039,Ford,Boxer,2,9.17,2024-02-25,197,16.97
07 AAA 039,Ford,Boxer,2,9.17,2024-02-26,177,21.61
07 AAA 039,Ford,Boxer,2,9.17,2024-02-27,130,16.99
07 AAA 039,Ford,Boxer,2,9.17,2024-02-28,96,10.15
07 AAA 039,Ford,Boxer,2,9.17,2024-02-29,76,10.29
07 AAA 039,Ford,Boxer,2,9.17,2024-03-01,238,23.46
07 AAA 039,Ford,Boxer,2,9.17,2024-03-02,258,31.2
07 AAA 039,Ford,Boxer,2,9.17,2024-03-03,142,15.64
07 AAA 039,Ford,Boxer,2,9.17,2024-03-04,107,13.0
07 AAA 039,Ford,Boxer,2,9.17,2024-03-05,156,20.2
07 AAA 039,Ford,Boxer,2,9.17,2024-03-06,271,20.51
07 AAA 039,Ford,Boxer,2,9.17,2024-03-07,151,17.15
07 AAA 039,Ford,Boxer,2,9.17,2024-03-08,280,22.83
07 AAA 039,Ford,Boxer,2,9.17,2024-03-09,290,23.86
07 AAA 039,Ford,Boxer,2,9.17,2024-03-10,107,8.35
07 AAA 039,Ford,Boxer,2,9.17,2024-03-11,225,27.24
07 AAA 039,Ford,Boxer,2,9.17,2024-03-12,143,17.02
07 AAA 039,Ford,Boxer,2,9.17,2024-03-13,183,15.9
07 AAA 039,Ford,Boxer,2,9.17,2024-03-14,110,11.15
07 AAA 039,Ford,Boxer,2,9.17,2024-03-15,81,8.83
07 AAA 039,Ford,Boxer,2,9.17,2024-03-16,76,9.77
07 AAA 039,Ford,Boxer,2,9.17,2024-03-17,85,7.5
07 AAA 039,Ford,Boxer,2,9.17,2024-03-18,270,34.02
07 AAA 039,Ford,Boxer,2,9.17,2024-03-19,254,33.82
07 AAA 039,Ford,Boxer,2,9.17,2024-03-20,206,21.9
07 AAA 039,Ford,Boxer,2,9.17,2024-03-21,217,25.27
07 AAA 039,Ford,Boxer,2,9.17,2024-03-22,52,4.5
07 AAA 039,Ford,Boxer,2,9.17,2024-03-23,85,11.47
07 AAA 039,Ford,Boxer,2,9.17,2024-03-24,137,13.8
07 AAA 039,Ford,Boxer,2,9.17,2024-03-25,45,5.89
07 AAA 039,Ford,Boxer,2,9.17,2024-03-26,169,13.62
07 AAA 039,Ford,Boxer,2,9.17,2024-03-27,278,24.87
07 AAA 039,Ford,Boxer,2,9.17,2024-03-28,131,13.24
07 AAA 039,Ford,Boxer,2,9.17,2024-03-29,125,14.19
07 AAA 039,Ford,Boxer,2,9.17,2024-03-30,218,27.89
07 AAA 039,Ford,Boxer,2,9.17,2024-03-31,287,39.24
07 AAA 039,Ford,Boxer,2,9.17,2024-04-01,284,29.37
07 AAA 039,Ford,Boxer,2,9.17,2024-04-02,219,18.19
07 AAA 039,Ford,Boxer,2,9.17,2024-04-03,78,5.99
07 AAA 039,Ford,Boxer,2,9.17,2024-04-04,154,17.38
07 AAA 039,Ford,Boxer,2,9.17,2024-04-05,129,11.28
07 AAA 039,Ford,Boxer,2,9.17,2024-04-06,138,17.21
07 AAA 039,Ford,Boxer,2,9.17,2024-04-07,167,15.88
07 AAA 039,Ford,Boxer,2,9.17,2024-04-08,243,23.18
07 AAA 039,Ford,Boxer,2,9.17,2024-04-09,203,27.45
07 AAA 039,Ford,Boxer,2,9.17,2024-04-10,70,9.05
07 AAA 039,Ford,Boxer,2,9.17,2024-04-11,231,31.0
07 AAA 039,Ford,Boxer,2,9.17,2024-04-12,206,21.11
07 AAA 039,Ford,Boxer,2,9.17,2024-04-13,247,25.4
07 AAA 039,Ford,Boxer,2,9.17,2024-04-14,187,21.05
07 AAA 039,Ford,Boxer,2,9.17,2024-04-15,92,7.98
07 AAA 039,Ford,Boxer,2,9.17,2024-04-16,74,7.91
07 AAA 039,Ford,Boxer,2,9.17,2024-04-17,63,4.77
07 AAA 039,Ford,Boxer,2,9.17,2024-04-18,97,10.73
07 AAA 039,Ford,Boxer,2,9.17,2024-04-19,176,21.82
07 AAA 039,Ford,Boxer,2,9.17,2024-04-20,114,10.58
07 AAA 039,Ford,Boxer,2,9.17,2024-04-21,106,10.86
07 AAA 039,Ford,Boxer,2,9.17,2024-04-22,205,17.1
07 AAA 039,Ford,Boxer,2,9.17,2024-04-23,136,11.52
07 AAA 039,Ford,Boxer,2,9.17,2024-04-24,156,16.36
07 AAA 039,Ford,Boxer,2,9.17,2024-04-25,245,32.49
07 AAA 039,Ford,Boxer,2,9.17,2024-04-26,219,28.0
07 AAA 039,Ford,Boxer,2,9.17,2024-04-27,270,34.24
07 AAA 039,Ford,Boxer,2,9.17,2024-04-28,123,11.09
07 AAA 039,Ford,Boxer,2,9.17,2024-04-29,279,22.33
07 AAA 040,Mercedes,Boxer,3,25.8,2024-01-01,129,29.59
07 AAA 040,Mercedes,Boxer,3,25.8,2024-01-02,77,18.01
07 AAA 040,Mercedes,Boxer,3,25.8,2024-01-03,215,82.27
07 AAA 040,Mercedes,Boxer,3,25.8,2024-01-04,61,14.8
07 AAA 040,Mercedes,Boxer,3,25.8,2024-01-05,272,78.41
07 AAA 040,Mercedes,Boxer,3,25.8,2024-01-06,176,39.61
07 AAA 040,Mercedes,Boxer,3,25.8,2024-01-07,189,42.45
07 AAA 040,Mercedes,Boxer,3,25.8,2024-01-08,215,45.22
07 AAA 040,Mercedes,Boxer,3,25.8,2024-01-09,151,35.12
07 AAA 040,Mercedes,Boxer,3,25.8,2024-01-10,198,68.3
07 AAA 040,Mercedes,Boxer,3,25.8,2024-01-11,291,81.45
07 AAA 040,Mercedes,Boxer,3,25.8,2024-01-12,91,35.13
07 AAA 040,Mercedes,Boxer,3,25.8,2024-01-13,272,98.62
07 AAA 040,Mercedes,Boxer,3,25.8,2024-01-14,102,21.24
07 AAA 040,Mercedes,Boxer,3,25.8,2024-01-15,132,34.28
07 AAA 040,Mercedes,Boxer,3,25.8,2024-01-16,80,17.94
07 AAA 040,Mercedes,Boxer,3,25.8,2024-01-17,256,68.7
07 AAA 040,Mercedes,Boxer,3,25.8,2024-01-18,154,54.99
07 AAA 040,Mercedes,Boxer,3,25.8,2024-01-19,131,29.67
07 AAA 040,Mercedes,Boxer,3,25.8,2024-01-20,234,60.87
07 AAA 040,Mercedes,Boxer,3,25.8,2024-01-21,295,114.15
07 AAA 040,Mercedes,Boxer,3,25.8,2024-01-22,255,94.19
07 AAA 040,Mercedes,Boxer,3,25.8,2024-01-23,186,51.14
07 AAA 040,Mercedes,Boxer,3,25.8,2024-01-24,84,18.87
07 AAA 040,Mercedes,Boxer,3,25.8,2024-01-25,268,93.02
07 AAA 040,Mercedes,Boxer,3,25.8,2024-01-26,162,61.13
07 AAA 040,Mercedes,Boxer,3,25.8,2024-01-27,110,42.14
07 AAA 040,Mercedes,Boxer,3,25.8,2024-01-28,246,60.09
07 AAA 040,Mercedes,Boxer,3,25.8,2024-01-29,104,35.7
07 AAA 040,Mercedes,Boxer,3,25.8,2024-01-30,230,49.24
07 AAA 040,Mercedes,Boxer,3,25.8,2024-01-31,202,65.64
07 AAA 040,Mercedes,Boxer,3,25.8,2024-02-01,152,38.5
07 AAA 040,Mercedes,Boxer,3,25.8,2024-02-02,149,52.43
07 AAA 040,Mercedes,Boxer,3,25.8,2024-02-03,179,63.34
07 AAA 040,Mercedes,Boxer,3,25.8,2024-02-04,65,15.2
07 AAA 040,Mercedes,Boxer,3,25.8,2024-02-05,257,79.25
07 AAA 040,Mercedes,Boxer,3,25.8,2024-02-06,162,38.82
07 AAA 040,Mercedes,Boxer,3,25.8,2024-02-07,138,45.5
07 AAA 040,Mercedes,Boxer,3,25.8,2024-02-08,54,11.7
07 AAA 040,Mercedes,Boxer,3,25.8,2024-02-09,226,52.82
07 AAA 040,Mercedes,Boxer,3,25.8,2024-02-10,175,41.09
07 AAA 040,Mercedes,Boxer,3,25.8,2024-02-11,240,53.26
07 AAA 040,Mercedes,Boxer,3,25.8,2024-02-12,73,21.02
07 AAA 040,Mercedes,Boxer,3,25.8,2024-02-13,217,47.6
07 AAA 040,Mercedes,Boxer,3,25.8,2024-02-14,248,59.15
07 AAA 040,Mercedes,Boxer,3,25.8,2024-02-15,269,84.13
07 AAA 040,Mercedes,Boxer,3,25.8,2024-02-16,125,26.05
07 AAA 040,Mercedes,Boxer,3,25.8,2024-02-17,246,93.95
07 AAA 040,Mercedes,Boxer,3,25.8,2024-02-18,137,49.41
07 AAA 040,Mercedes,Boxer,3,25.8,2024-02-19,189,46.1
07 AAA 040,Mercedes,Boxer,3,25.8,2024-02-20,168,53.84
07 AAA 040,Mercedes,Boxer,3,25.8,2024-02-21,284,92.62
07 AAA 040,Mercedes,Boxer,3,25.8,2024-02-22,171,61.89
07 AAA 040,Mercedes,Boxer,3,25.8,2024-02-23,137,38.57
07 AAA 040,Mercedes,Boxer,3,25.8,2024-02-24,161,49.14
07 AAA 040,Mercedes,Boxer,3,25.8,2024-02-25,168,46.07
07 AAA 040,Mercedes,Boxer,3,25.8,2024-02-26,64,17.96
07 AAA 040,Mercedes,Boxer,3,25.8,2024-02-27,300,87.66
07 AAA 040,Mercedes,Boxer,3,25.8,2024-02-28,48,10.68
07 AAA 040,Mercedes,Boxer,3,25.8,2024-02-29,141,37.4
07 AAA 040,Mercedes,Boxer,3,25.8,2024-03-01,217,65.43
07 AAA 040,Mercedes,Boxer,3,25.8,2024-03-02,222,55.7
07 AAA 040,Mercedes,Boxer,3,25.8,2024-03-03,86,26.87
07 AAA 040,Mercedes,Boxer,3,25.8,2024-03-04,278,74.71
07 AAA 040,Mercedes,Boxer,3,25.8,2024-03-05,220,63.71
07 AAA 040,Mercedes,Boxer,3,25.8,2024-03-06,133,39.42
07 AAA 040,Mercedes,Boxer,3,25.8,2024-03-07,240,79.59
07 AAA 040,Mercedes,Boxer,3,25.8,2024-03-08,145,51.67
07 AAA 040,Mercedes,Boxer,3,25.8,2024-03-09,144,41.08
07 AAA 040,Mercedes,Boxer,3,25.8,2024-03-10,110,41.29
07 AAA 040,Mercedes,Boxer,3,25.8,2024-03-11,218,61.4
07 AAA 040,Mercedes,Boxer,3,25.8,2024-03-12,181,47.19
07 AAA 040,Mercedes,Boxer,3,25.8,2024-03-13,111,36.92
07 AAA 040,Mercedes,Boxer,3,25.8,2024-03-14,123,46.92
07 AAA 040,Mercedes,Boxer,3,25.8,2024-03-15,300,89.37
07 AAA 040,Mercedes,Boxer,3,25.8,2024-03-16,76,20.21
07 AAA 040,Mercedes,Boxer,3,25.8,2024-03-17,80,18.69
07 AAA 040,Mercedes,Boxer,3,25.8,2024-03-18,233,54.56
07 AAA 040,Mercedes,Boxer,3,25.8,2024-03-19,132,39.85
07 AAA 040,Mercedes,Boxer,3,25.8,2024-03-20,297,81.47
07 AAA 040,Mercedes,Boxer,3,25.8,2024-03-21,268,95.91
07 AAA 040,Mercedes,Boxer,3,25.8,2024-03-22,123,30.65
07 AAA 040,Mercedes,Boxer,3,25.8,2024-03-23,279,78.73
07 AAA 040,Mercedes,Boxer,3,25.8,2024-03-24,246,69.47
07 AAA 040,Mercedes,Boxer,3,25.8,2024-03-25,40,14.21
07 AAA 040,Mercedes,Boxer,3,25.8,2024-03-26,168,55.98
07 AAA 040,Mercedes,Boxer,3,25.8,2024-03-27,197,66.97
07 AAA 040,Mercedes,Boxer,3,25.8,2024-03-28,97,30.44
07 AAA 040,Mercedes,Boxer,3,25.8,2024-03-29,83,21.89
07 AAA 040,Mercedes,Boxer,3,25.8,2024-03-30,286,75.5
07 AAA 040,Mercedes,Boxer,3,25.8,2024-03-31,151,31.97
07 AAA 040,Mercedes,Boxer,3,25.8,2024-04-01,55,15.96
07 AAA 040,Mercedes,Boxer,3,25.8,2024-04-02,276,92.4
07 AAA 040,Mercedes,Boxer,3,25.8,2024-04-03,229,59.62
07 AAA 040,Mercedes,Boxer,3,25.8,2024-04-04,295,73.15
07 AAA 040,Mercedes,Boxer,3,25.8,2024-04-05,233,63.59
07 AAA 040,Mercedes,Boxer,3,25.8,2024-04-06,254,52.51
07 AAA 040,Mercedes,Boxer,3,25.8,2024-04-07,78,28.28
07 AAA 040,Mercedes,Boxer,3,25.8,2024-04-08,236,79.54
07 AAA 040,Mercedes,Boxer,3,25.8,2024-04-09,94,26.88
07 AAA 040,Mercedes,Boxer,3,25.8,2024-04-10,143,50.02
07 AAA 040,Mercedes,Boxer,3,25.8,2024-04-11,98,30.56
07 AAA 040,Mercedes,Boxer,3,25.8,2024-04-12,67,18.27
07 AAA 040,Mercedes,Boxer,3,25.8,2024-04-13,252,89.16
07 AAA 040,Mercedes,Boxer,3,25.8,2024-04-14,294,84.96
07 AAA 040,Mercedes,Boxer,3,25.8,2024-04-15,80,30.13
07 AAA 040,Mercedes,Boxer,3,25.8,2024-04-16,256,76.1
07 AAA 040,Mercedes,Boxer,3,25.8,2024-04-17,52,14.41
07 AAA 040,Mercedes,Boxer,3,25.8,2024-04-18,166,38.53
07 AAA 040,Mercedes,Boxer,3,25.8,2024-04-19,145,34.42
07 AAA 040,Mercedes,Boxer,3,25.8,2024-04-20,230,55.15
07 AAA 040,Mercedes,Boxer,3,25.8,2024-04-21,231,65.43
07 AAA 040,Mercedes,Boxer,3,25.8,2024-04-22,134,29.18
07 AAA 040,Mercedes,Boxer,3,25.8,2024-04-23,243,83.59
07 AAA 040,Mercedes,Boxer,3,25.8,2024-04-24,158,48.79
07 AAA 040,Mercedes,Boxer,3,25.8,2024-04-25,177,63.3
07 AAA 040,Mercedes,Boxer,3,25.8,2024-04-26,291,75.99
07 AAA 040,Mercedes,Boxer,3,25.8,2024-04-27,260,82.93
07 AAA 040,Mercedes,Boxer,3,25.8,2024-04-28,244,89.0
07 AAA 040,Mercedes,Boxer,3,25.8,2024-04-29,264,75.41
07 AAA 041,Mercedes,Transit,4,8.55,2024-01-01,147,14.19
07 AAA 041,Mercedes,Transit,4,8.55,2024-01-02,153,11.51
07 AAA 041,Mercedes,Transit,4,8.55,2024-01-03,173,18.15
07 AAA 041,Mercedes,Transit,4,8.55,2024-01-04,73,5.56
07 AAA 041,Mercedes,Transit,4,8.55,2024-01-05,256,20.51
07 AAA 041,Mercedes,Transit,4,8.55,2024-01-06,295,34.19
07 AAA 041,Mercedes,Transit,4,8.55,2024-01-07,157,19.69
07 AAA 041,Mercedes,Transit,4,8.55,2024-01-08,276,29.95
07 AAA 041,Mercedes,Transit,4,8.55,2024-01-09,222,15.52
07 AAA 041,Mercedes,Transit,4,8.55,2024-01-10,170,19.24
07 AAA 041,Mercedes,Transit,4,8.55,2024-01-11,91,8.43
07 AAA 041,Mercedes,Transit,4,8.55,2024-01-12,110,13.28
07 AAA 041,Mercedes,Transit,4,8.55,2024-01-13,295,27.6
07 AAA 041,Mercedes,Transit,4,8.55,2024-01-14,42,3.16
07 AAA 041,Mercedes,Transit,4,8.55,2024-01-15,119,12.04
07 AAA 041,Mercedes,Transit,4,8.55,2024-01-16,171,19.8
07 AAA 041,Mercedes,Transit,4,8.55,2024-01-17,171,19.87
07 AAA 041,Mercedes,Transit,4,8.55,2024-01-18,289,27.86
07 AAA 041,Mercedes,Transit,4,8.55,2024-01-19,139,12.96
07 AAA 041,Mercedes,Transit,4,8.55,2024-01-20,102,7.41
07 AAA 041,Mercedes,Transit,4,8.55,2024-01-21,56,5.03
07 AAA 041,Mercedes,Transit,4,8.55,2024-01-22,240,27.31
07 AAA 041,Mercedes,Transit,4,8.55,2024-01-23,175,13.15
07 AAA 041,Mercedes,Transit,4,8.55,2024-01-24,191,21.16
07 AAA 041,Mercedes,Transit,4,8.55,2024-01-25,155,10.85
07 AAA 041,Mercedes,Transit,4,8.55,2024-01-26,211,18.24
07 AAA 041,Mercedes,Transit,4,8.55,2024-01-27,235,17.17
07 AAA 041,Mercedes,Transit,4,8.55,2024-01-28,189,21.38
07 AAA 041,Mercedes,Transit,4,8.55,2024-01-29,170,15.36
07 AAA 041,Mercedes,Transit,4,8.55,2024-01-30,253,26.96
07 AAA 041,Mercedes,Transit,4,8.55,2024-01-31,232,18.72
07 AAA 041,Mercedes,Transit,4,8.55,2024-02-01,294,23.35
07 AAA 041,Mercedes,Transit,4,8.55,2024-02-02,291,31.5
07 AAA 041,Mercedes,Transit,4,8.55,2024-02-03,44,4.08
07 AAA 041,Mercedes,Transit,4,8.55,2024-02-04,145,15.63
07 AAA 041,Mercedes,Transit,4,8.55,2024-02-05,85,7.72
07 AAA 041,Mercedes,Transit,4,8.55,2024-02-06,74,9.05
07 AAA 041,Mercedes,Transit,4,8.55,2024-02-07,146,16.35
07 AAA 041,Mercedes,Transit,4,8.55,2024-02-08,157,16.78
07 AAA 041,Mercedes,Transit,4,8.55,2024-02-09,165,19.99
07 AAA 041,Mercedes,Transit,4,8.55,2024-02-10,106,8.62
07 AAA 041,Mercedes,Transit,4,8.55,2024-02-11,77,7.07
07 AAA 041,Mercedes,Transit,4,8.55,2024-02-12,40,2.83
07 AAA 041,Mercedes,Transit,4,8.55,2024-02-13,64,5.46
07 AAA 041,Mercedes,Transit,4,8.55,2024-02-14,65,6.85
07 AAA 041,Mercedes,Transit,4,8.55,2024-02-15,255,31.14
07 AAA 041,Mercedes,Transit,4,8.55,2024-02-16,94,8.22
07 AAA 041,Mercedes,Transit,4,8.55,2024-02-17,121,12.72
07 AAA 041,Mercedes,Transit,4,8.55,2024-02-18,72,6.1
07 AAA 041,Mercedes,Transit,4,8.55,2024-02-19,159,13.1
07 AAA 041,Mercedes,Transit,4,8.55,2024-02-20,136,15.08
07 AAA 041,Mercedes,Transit,4,8.55,2024-02-21,94,11.75
07 AAA 041,Mercedes,Transit,4,8.55,2024-02-22,134,9.95
07 AAA 041,Mercedes,Transit,4,8.55,2024-02-23,190,21.37
07 AAA 041,Mercedes,Transit,4,8.55,2024-02-24,204,19.33
07 AAA 041,Mercedes,Transit,4,8.55,2024-02-25,156,15.66
07 AAA 041,Mercedes,Transit,4,8.55,2024-02-26,132,13.93
07 AAA 041,Mercedes,Transit,4,8.55,2024-02-27,283,25.35
07 AAA 041,Mercedes,Transit,4,8.55,2024-02-28,52,5.46
07 AAA 041,Mercedes,Transit,4,8.55,2024-02-29,159,14.45
07 AAA 041,Mercedes,Transit,4,8.55,2024-03-01,206,22.63
07 AAA 041,Mercedes,Transit,4,8.55,2024-03-02,51,6.48
07 AAA 041,Mercedes,Transit,4,8.55,2024-03-03,51,5.98
07 AAA 041,Mercedes,Transit,4,8.55,2024-03-04,124,10.33
07 AAA 041,Mercedes,Transit,4,8.55,2024-03-05,282,23.75
07 AAA 041,Mercedes,Transit,4,8.55,2024-03-06,155,17.17
07 AAA 041,Mercedes,Transit,4,8.55,2024-03-07,289,36.89
07 AAA 041,Mercedes,Transit,4,8.55,2024-03-08,272,23.86
07 AAA 041,Mercedes,Transit,4,8.55,2024-03-09,130,10.87
07 AAA 041,Mercedes,Transit,4,8.55,2024-03-10,40,2.86
07 AAA 041,Mercedes,Transit,4,8.55,2024-03-11,166,15.46
07 AAA 041,Mercedes,Transit,4,8.55,2024-03-12,101,9.8
07 AAA 041,Mercedes,Transit,4,8.55,2024-03-13,182,15.91
07 AAA 041,Mercedes,Transit,4,8.55,2024-03-14,93,7.93
07 AAA 041,Mercedes,Transit,4,8.55,2024-03-15,178,18.83
07 AAA 041,Mercedes,Transit,4,8.55,2024-03-16,58,4.83
07 AAA 041,Mercedes,Transit,4,8.55,2024-03-17,185,23.45
07 AAA 041,Mercedes,Transit,4,8.55,2024-03-18,197,19.25
07 AAA 041,Mercedes,Transit,4,8.55,2024-03-19,248,25.34
07 AAA 041,Mercedes,Transit,4,8.55,2024-03-20,110,8.42
07 AAA 041,Mercedes,Transit,4,8.55,2024-03-21,268,22.28
07 AAA 041,Mercedes,Transit,4,8.55,2024-03-22,79,9.26
07 AAA 041,Mercedes,Transit,4,8.55,2024-03-23,177,19.82
07 AAA 041,Mercedes,Transit,4,8.55,2024-03-24,281,32.46
07 AAA 041,Mercedes,Transit,4,8.55,2024-03-25,244,22.18
07 AAA 041,Mercedes,Transit,4,8.55,2024-03-26,280,24.33
07 AAA 041,Mercedes,Transit,4,8.55,2024-03-27,201,23.59
07 AAA 041,Mercedes,Transit,4,8.55,2024-03-28,152,17.11
07 AAA 041,Mercedes,Transit,4,8.55,2024-03-29,263,29.02
07 AAA 041,Mercedes,Transit,4,8.55,2024-03-30,245,18.35
07 AAA 041,Mercedes,Transit,4,8.55,2024-03-31,210,17.21
07 AAA 041,Mercedes,Transit,4,8.55,2024-04-01,155,12.94
07 AAA 041,Mercedes,Transit,4,8.55,2024-04-02,218,15.65
07 AAA 041,Mercedes,Transit,4,8.55,2024-04-03,199,13.62
07 AAA 041,Mercedes,Transit,4,8.55,2024-04-04,294,33.62
07 AAA 041,Mercedes,Transit,4,8.55,2024-04-05,180,14.46
07 AAA 041,Mercedes,Transit,4,8.55,2024-04-06,117,12.96
07 AAA 041,Mercedes,Transit,4,8.55,2024-04-07,63,7.94
07 AAA 041,Mercedes,Transit,4,8.55,2024-04-08,175,15.09
07 AAA 041,Mercedes,Transit,4,8.55,2024-04-09,240,20.16
07 AAA 041,Mercedes,Transit,4,8.55,2024-04-10,149,17.89
07 AAA 041,Mercedes,Transit,4,8.55,2024-04-11,94,8.37
07 AAA 041,Mercedes,Transit,4,8.55,2024-04-12,87,10.81
07 AAA 041,Mercedes,Transit,4,8.55,2024-04-13,272,20.07
07 AAA 041,Mercedes,Transit,4,8.55,2024-04-14,176,20.7
07 AAA 041,Mercedes,Transit,4,8.55,2024-04-15,296,34.16
07 AAA 041,Mercedes,Transit,4,8.55,2024-04-16,192,15.85
07 AAA 041,Mercedes,Transit,4,8.55,2024-04-17,221,22.7
07 AAA 041,Mercedes,Transit,4,8.55,2024-04-18,158,11.58
07 AAA 041,Mercedes,Transit,4,8.55,2024-04-19,121,15.23
07 AAA 041,Mercedes,Transit,4,8.55,2024-04-20,268,24.48
07 AAA 041,Mercedes,Transit,4,8.55,2024-04-21,44,4.63
07 AAA 041,Mercedes,Transit,4,8.55,2024-04-22,63,4.52
07 AAA 041,Mercedes,Transit,4,8.55,2024-04-23,65,6.15
07 AAA 041,Mercedes,Transit,4,8.55,2024-04-24,98,7.28
07 AAA 041,Mercedes,Transit,4,8.55,2024-04-25,46,4.22
07 AAA 041,Mercedes,Transit,4,8.55,2024-04-26,49,5.05
07 AAA 041,Mercedes,Transit,4,8.55,2024-04-27,198,21.04
07 AAA 041,Mercedes,Transit,4,8.55,2024-04-28,244,21.97
07 AAA 041,Mercedes,Transit,4,8.55,2024-04-29,245,23.52
07 AAA 042,Ford,Fluence,3,24.53,2024-01-01,250,65.63
07 AAA 042,Ford,Fluence,3,24.53,2024-01-02,275,92.26
07 AAA 042,Ford,Fluence,3,24.53,2024-01-03,199,40.13
07 AAA 042,Ford,Fluence,3,24.53,2024-01-04,297,101.04
07 AAA 042,Ford,Fluence,3,24.53,2024-01-05,82,28.07
07 AAA 042,Ford,Fluence,3,24.53,2024-01-06,78,19.41
07 AAA 042,Ford,Fluence,3,24.53,2024-01-07,245,82.01
07 AAA 042,Ford,Fluence,3,24.53,2024-01-08,41,9.87
07 AAA 042,Ford,Fluence,3,24.53,2024-01-09,92,26.07
07 AAA 042,Ford,Fluence,3,24.53,2024-01-10,264,66.34
07 AAA 042,Ford,Fluence,3,24.53,2024-01-11,119,39.28
07 AAA 042,Ford,Fluence,3,24.53,2024-01-12,43,14.14
07 AAA 042,Ford,Fluence,3,24.53,2024-01-13,218,48.72
07 AAA 042,Ford,Fluence,3,24.53,2024-01-14,287,65.53
07 AAA 042,Ford,Fluence,3,24.53,2024-01-15,138,35.77
07 AAA 042,Ford,Fluence,3,24.53,2024-01-16,168,41.59
07 AAA 042,Ford,Fluence,3,24.53,2024-01-17,181,47.15
07 AAA 042,Ford,Fluence,3,24.53,2024-01-18,176,45.75
07 AAA 042,Ford,Fluence,3,24.53,2024-01-19,157,51.51
07 AAA 042,Ford,Fluence,3,24.53,2024-01-20,218,48.77
07 AAA 042,Ford,Fluence,3,24.53,2024-01-21,110,35.85
07 AAA 042,Ford,Fluence,3,24.53,2024-01-22,296,100.37
07 AAA 042,Ford,Fluence,3,24.53,2024-01-23,210,62.6
07 AAA 042,Ford,Fluence,3,24.53,2024-01-24,157,37.75
07 AAA 042,Ford,Fluence,3,24.53,2024-01-25,95,20.3
07 AAA 042,Ford,Fluence,3,24.53,2024-01-26,187,60.4
07 AAA 042,Ford,Fluence,3,24.53,2024-01-27,186,59.43
07 AAA 042,Ford,Fluence,3,24.53,2024-01-28,58,18.91
07 AAA 042,Ford,Fluence,3,24.53,2024-01-29,172,62.53
07 AAA 042,Ford,Fluence,3,24.53,2024-01-30,289,96.38
07 AAA 042,Ford,Fluence,3,24.53,2024-01-31,56,13.0
07 AAA 042,Ford,Fluence,3,24.53,2024-02-01,59,19.06
07 AAA 042,Ford,Fluence,3,24.53,2024-02-02,250,85.82
07 AAA 042,Ford,Fluence,3,24.53,2024-02-03,53,17.83
07 AAA 042,Ford,Fluence,3,24.53,2024-02-04,292,74.54
07 AAA 042,Ford,Fluence,3,24.53,2024-02-05,98,27.62
07 AAA 042,Ford,Fluence,3,24.53,2024-02-06,288,77.6
07 AAA 042,Ford,Fluence,3,24.53,2024-02-07,193,42.84
07 AAA 042,Ford,Fluence,3,24.53,2024-02-08,122,44.33
07 AAA 042,Ford,Fluence,3,24.53,2024-02-09,119,25.49
07 AAA 042,Ford,Fluence,3,24.53,2024-02-10,265,73.13
07 AAA 042,Ford,Fluence,3,24.53,2024-02-11,101,32.78
07 AAA 042,Ford,Fluence,3,24.53,2024-02-12,223,71.6
07 AAA 042,Ford,Fluence,3,24.53,2024-02-13,204,66.3
07 AAA 042,Ford,Fluence,3,24.53,2024-02-14,258,60.02
07 AAA 042,Ford,Fluence,3,24.53,2024-02-15,142,48.89
07 AAA 042,Ford,Fluence,3,24.53,2024-02-16,135,39.8
07 AAA 042,Ford,Fluence,3,24.53,2024-02-17,137,43.3
07 AAA 042,Ford,Fluence,3,24.53,2024-02-18,168,36.16
07 AAA 042,Ford,Fluence,3,24.53,2024-02-19,68,22.04
07 AAA 042,Ford,Fluence,3,24.53,2024-02-20,167,39.41
07 AAA 042,Ford,Fluence,3,24.53,2024-02-21,117,34.8
07 AAA 042,Ford,Fluence,3,24.53,2024-02-22,69,21.77
07 AAA 042,Ford,Fluence,3,24.53,2024-02-23,83,28.42
07 AAA 042,Ford,Fluence,3,24.53,2024-02-24,185,41.71
07 AAA 042,Ford,Fluence,3,24.53,2024-02-25,86,23.37
07 AAA 042,Ford,Fluence,3,24.53,2024-02-26,64,14.92
07 AAA 042,Ford,Fluence,3,24.53,2024-02-27,129,40.91
07 AAA 042,Ford,Fluence,3,24.53,2024-02-28,228,69.68
07 AAA 042,Ford,Fluence,3,24.53,2024-02-29,194,67.94
07 AAA 042,Ford,Fluence,3,24.53,2024-03-01,193,43.56
07 AAA 042,Ford,Fluence,3,24.53,2024-03-02,132,41.64
07 AAA 042,Ford,Fluence,3,24.53,2024-03-03,266,87.83
07 AAA 042,Ford,Fluence,3,24.53,2024-03-04,206,44.92
07 AAA 042,Ford,Fluence,3,24.53,2024-03-05,226,56.3
07 AAA 042,Ford,Fluence,3,24.53,2024-03-06,283,77.79
07 AAA 042,Ford,Fluence,3,24.53,2024-03-07,192,50.95
07 AAA 042,Ford,Fluence,3,24.53,2024-03-08,64,14.27
07 AAA 042,Ford,Fluence,3,24.53,2024-03-09,144,36.76
07 AAA 042,Ford,Fluence,3,24.53,2024-03-10,151,38.82
07 AAA 042,Ford,Fluence,3,24.53,2024-03-11,82,18.89
07 AAA 042,Ford,Fluence,3,24.53,2024-03-12,166,55.54
07 AAA 042,Ford,Fluence,3,24.53,2024-03-13,289,93.71
07 AAA 042,Ford,Fluence,3,24.53,2024-03-14,97,22.68
07 AAA 042,Ford,Fluence,3,24.53,2024-03-15,273,57.81
07 AAA 042,Ford,Fluence,3,24.53,2024-03-16,232,66.72
07 AAA 042,Ford,Fluence,3,24.53,2024-03-17,285,57.88
07 AAA 042,Ford,Fluence,3,24.53,2024-03-18,180,38.31
07 AAA 042,Ford,Fluence,3,24.53,2024-03-19,237,77.43
07 AAA 042,Ford,Fluence,3,24.53,2024-03-20,93,28.6
07 AAA 042,Ford,Fluence,3,24.53,2024-03-21,218,70.79
07 AAA 042,Ford,Fluence,3,24.53,2024-03-22,49,17.96
07 AAA 042,Ford,Fluence,3,24.53,2024-03-23,217,72.19
07 AAA 042,Ford,Fluence,3,24.53,2024-03-24,239,67.47
07 AAA 042,Ford,Fluence,3,24.53,2024-03-25,288,102.06
07 AAA 042,Ford,Fluence,3,24.53,2024-03-26,144,50.35
07 AAA 042,Ford,Fluence,3,24.53,2024-03-27,246,86.94
07 AAA 042,Ford,Fluence,3,24.53,2024-03-28,40,13.5
07 AAA 042,Ford,Fluence,3,24.53,2024-03-29,147,30.35
07 AAA 042,Ford,Fluence,3,24.53,2024-03-30,281,90.03
07 AAA 042,Ford,Fluence,3,24.53,2024-03-31,286,73.81
07 AAA 042,Ford,Fluence,3,24.53,2024-04-01,94,34.59
07 AAA 042,Ford,Fluence,3,24.53,2024-04-02,191,41.42
07 AAA 042,Ford,Fluence,3,24.53,2024-04-03,300,75.62
07 AAA 042,Ford,Fluence,3,24.53,2024-04-04,137,30.41
07 AAA 042,Ford,Fluence,3,24.53,2024-04-05,132,47.4
07 AAA 042,Ford,Fluence,3,24.53,2024-04-06,152,40.77
07 AAA 042,Ford,Fluence,3,24.53,2024-04-07,162,55.52
07 AAA 042,Ford,Fluence,3,24.53,2024-04-08,280,94.97
07 AAA 042,Ford,Fluence,3,24.53,2024-04-09,49,18.0
07 AAA 042,Ford,Fluence,3,24.53,2024-04-10,98,26.1
07 AAA 042,Ford,Fluence,3,24.53,2024-04-11,221,71.24
07 AAA 042,Ford,Fluence,3,24.53,2024-04-12,190,63.55
07 AAA 042,Ford,Fluence,3,24.53,2024-04-13,185,49.3
07 AAA 042,Ford,Fluence,3,24.53,2024-04-14,209,62.71
07 AAA 042,Ford,Fluence,3,24.53,2024-04-15,205,60.75
07 AAA 042,Ford,Fluence,3,24.53,2024-04-16,110,36.74
07 AAA 042,Ford,Fluence,3,24.53,2024-04-17,283,98.86
07 AAA 042,Ford,Fluence,3,24.53,2024-04-18,272,64.28
07 AAA 042,Ford,Fluence,3,24.53,2024-04-19,216,44.26
07 AAA 042,Ford,Fluence,3,24.53,2024-04-20,132,40.51
07 AAA 042,Ford,Fluence,3,24.53,2024-04-21,212,67.21
07 AAA 042,Ford,Fluence,3,24.53,2024-04-22,294,69.25
07 AAA 042,Ford,Fluence,3,24.53,2024-04-23,178,55.94
07 AAA 042,Ford,Fluence,3,24.53,2024-04-24,190,48.56
07 AAA 042,Ford,Fluence,3,24.53,2024-04-25,180,51.48
07 AAA 042,Ford,Fluence,3,24.53,2024-04-26,141,44.34
07 AAA 042,Ford,Fluence,3,24.53,2024-04-27,146,29.66
07 AAA 042,Ford,Fluence,3,24.53,2024-04-28,71,17.64
07 AAA 042,Ford,Fluence,3,24.53,2024-04-29,45,15.59
07 AAA 043,Renault,Boxer,3,24.79,2024-01-01,175,44.3
07 AAA 043,Renault,Boxer,3,24.79,2024-01-02,165,53.39
07 AAA 043,Renault,Boxer,3,24.79,2024-01-03,53,11.28
07 AAA 043,Renault,Boxer,3,24.79,2024-01-04,193,53.86
07 AAA 043,Renault,Boxer,3,24.79,2024-01-05,213,62.75
07 AAA 043,Renault,Boxer,3,24.79,2024-01-06,249,49.7
07 AAA 043,Renault,Boxer,3,24.79,2024-01-07,189,43.62
07 AAA 043,Renault,Boxer,3,24.79,2024-01-08,233,47.9
07 AAA 043,Renault,Boxer,3,24.79,2024-01-09,50,13.3
07 AAA 043,Renault,Boxer,3,24.79,2024-01-10,56,17.06
07 AAA 043,Renault,Boxer,3,24.79,2024-01-11,216,66.16
07 AAA 043,Renault,Boxer,3,24.79,2024-01-12,218,78.71
07 AAA 043,Renault,Boxer,3,24.79,2024-01-13,186,65.88
07 AAA 043,Renault,Boxer,3,24.79,2024-01-14,94,34.37
07 AAA 043,Renault,Boxer,3,24.79,2024-01-15,132,34.29
07 AAA 043,Renault,Boxer,3,24.79,2024-01-16,255,93.33
07 AAA 043,Renault,Boxer,3,24.79,2024-01-17,112,30.23
07 AAA 043,Renault,Boxer,3,24.79,2024-01-18,151,51.02
07 AAA 043,Renault,Boxer,3,24.79,2024-01-19,120,26.01
07 AAA 043,Renault,Boxer,3,24.79,2024-01-20,258,91.91
07 AAA 043,Renault,Boxer,3,24.79,2024-01-21,267,54.03
07 AAA 043,Renault,Boxer,3,24.79,2024-01-22,82,24.12
07 AAA 043,Renault,Boxer,3,24.79,2024-01-23,270,64.69
07 AAA 043,Renault,Boxer,3,24.79,2024-01-24,77,23.37
07 AAA 043,Renault,Boxer,3,24.79,2024-01-25,67,24.7
07 AAA 043,Renault,Boxer,3,24.79,2024-01-26,259,60.11
07 AAA 043,Renault,Boxer,3,24.79,2024-01-27,61,12.82
07 AAA 043,Renault,Boxer,3,24.79,2024-01-28,258,78.99
07 AAA 043,Renault,Boxer,3,24.79,2024-01-29,254,69.03
07 AAA 043,Renault,Boxer,3,24.79,2024-01-30,156,49.56
07 AAA 043,Renault,Boxer,3,24.79,2024-01-31,175,46.44
07 AAA 043,Renault,Boxer,3,24.79,2024-02-01,216,45.89
07 AAA 043,Renault,Boxer,3,24.79,2024-02-02,202,67.48
07 AAA 043,Renault,Boxer,3,24.79,2024-02-03,92,32.25
07 AAA 043,Renault,Boxer,3,24.79,2024-02-04,220,77.79
07 AAA 043,Renault,Boxer,3,24.79,2024-02-05,199,62.49
07 AAA 043,Renault,Boxer,3,24.79,2024-02-06,161,37.26
07 AAA 043,Renault,Boxer,3,24.79,2024-02-07,111,28.92
07 AAA 043,Renault,Boxer,3,24.79,2024-02-08,70,14.24
07 AAA 043,Renault,Boxer,3,24.79,2024-02-09,224,71.5
07 AAA 043,Renault,Boxer,3,24.79,2024-02-10,118,36.79
07 AAA 043,Renault,Boxer,3,24.79,2024-02-11,49,10.72
07 AAA 043,Renault,Boxer,3,24.79,2024-02-12,297,87.67
07 AAA 043,Renault,Boxer,3,24.79,2024-02-13,44,12.19
07 AAA 043,Renault,Boxer,3,24.79,2024-02-14,245,70.05
07 AAA 043,Renault,Boxer,3,24.79,2024-02-15,73,19.17
07 AAA 043,Renault,Boxer,3,24.79,2024-02-16,102,35.8
07 AAA 043,Renault,Boxer,3,24.79,2024-02-17,55,12.78
07 AAA 043,Renault,Boxer,3,24.79,2024-02-18,198,63.54
07 AAA 043,Renault,Boxer,3,24.79,2024-02-19,298,93.78
07 AAA 043,Renault,Boxer,3,24.79,2024-02-20,146,34.4
07 AAA 043,Renault,Boxer,3,24.79,2024-02-21,288,78.24
07 AAA 043,Renault,Boxer,3,24.79,2024-02-22,298,91.31
07 AAA 043,Renault,Boxer,3,24.79,2024-02-23,148,54.33
07 AAA 043,Renault,Boxer,3,24.79,2024-02-24,186,52.82
07 AAA 043,Renault,Boxer,3,24.79,2024-02-25,290,92.89
07 AAA 043,Renault,Boxer,3,24.79,2024-02-26,107,25.28
07 AAA 043,Renault,Boxer,3,24.79,2024-02-27,162,57.67
07 AAA 043,Renault,Boxer,3,24.79,2024-02-28,271,74.2
07 AAA 043,Renault,Boxer,3,24.79,2024-02-29,60,15.86
07 AAA 043,Renault,Boxer,3,24.79,2024-03-01,108,33.61
07 AAA 043,Renault,Boxer,3,24.79,2024-03-02,284,73.55
07 AAA 043,Renault,Boxer,3,24.79,2024-03-03,56,16.45
07 AAA 043,Renault,Boxer,3,24.79,2024-03-04,296,100.9
07 AAA 043,Renault,Boxer,3,24.79,2024-03-05,128,30.47
07 AAA 043,Renault,Boxer,3,24.79,2024-03-06,69,13.89
07 AAA 043,Renault,Boxer,3,24.79,2024-03-07,229,73.89
07 AAA 043,Renault,Boxer,3,24.79,2024-03-08,111,32.96
07 AAA 043,Renault,Boxer,3,24.79,2024-03-09,172,51.79
07 AAA 043,Renault,Boxer,3,24.79,2024-03-10,138,51.32
07 AAA 043,Renault,Boxer,3,24.79,2024-03-11,164,42.89
07 AAA 043,Renault,Boxer,3,24.79,2024-03-12,205,42.91
07 AAA 043,Renault,Boxer,3,24.79,2024-03-13,51,15.48
07 AAA 043,Renault,Boxer,3,24.79,2024-03-14,196,50.94
07 AAA 043,Renault,Boxer,3,24.79,2024-03-15,90,32.4
07 AAA 043,Renault,Boxer,3,24.79,2024-03-16,184,45.24
07 AAA 043,Renault,Boxer,3,24.79,2024-03-17,264,68.09
07 AAA 043,Renault,Boxer,3,24.79,2024-03-18,241,83.66
07 AAA 043,Renault,Boxer,3,24.79,2024-03-19,113,24.55
07 AAA 043,Renault,Boxer,3,24.79,2024-03-20,68,18.27
07 AAA 043,Renault,Boxer,3,24.79,2024-03-21,272,55.09
07 AAA 043,Renault,Boxer,3,24.79,2024-03-22,66,13.27
07 AAA 043,Renault,Boxer,3,24.79,2024-03-23,109,24.28
07 AAA 043,Renault,Boxer,3,24.79,2024-03-24,78,24.25
07 AAA 043,Renault,Boxer,3,24.79,2024-03-25,295,79.73
07 AAA 043,Renault,Boxer,3,24.79,2024-03-26,130,31.8
07 AAA 043,Renault,Boxer,3,24.79,2024-03-27,268,82.88
07 AAA 043,Renault,Boxer,3,24.79,2024-03-28,128,38.04
07 AAA 043,Renault,Boxer,3,24.79,2024-03-29,122,31.43
07 AAA 043,Renault,Boxer,3,24.79,2024-03-30,167,44.31
07 AAA 043,Renault,Boxer,3,24.79,2024-03-31,219,44.07
07 AAA 043,Renault,Boxer,3,24.79,2024-04-01,245,52.91
07 AAA 043,Renault,Boxer,3,24.79,2024-04-02,156,38.44
07 AAA 043,Renault,Boxer,3,24.79,2024-04-03,91,18.99
07 AAA 043,Renault,Boxer,3,24.79,2024-04-04,98,30.05
07 AAA 043,Renault,Boxer,3,24.79,2024-04-05,115,38.17
07 AAA 043,Renault,Boxer,3,24.79,2024-04-06,255,92.85
07 AAA 043,Renault,Boxer,3,24.79,2024-04-07,136,44.56
07 AAA 043,Renault,Boxer,3,24.79,2024-04-08,58,11.96
07 AAA 043,Renault,Boxer,3,24.79,2024-04-09,184,66.13
07 AAA 043,Renault,Boxer,3,24.79,2024-04-10,78,24.56
07 AAA 043,Renault,Boxer,3,24.79,2024-04-11,299,60.17
07 AAA 043,Renault,Boxer,3,24.79,2024-04-12,194,49.48
07 AAA 043,Renault,Boxer,3,24.79,2024-04-13,136,39.67
07 AAA 043,Renault,Boxer,3,24.79,2024-04-14,177,52.17
07 AAA 043,Renault,Boxer,3,24.79,2024-04-15,226,65.27
07 AAA 043,Renault,Boxer,3,24.79,2024-04-16,297,90.61
07 AAA 043,Renault,Boxer,3,24.79,2024-04-17,154,47.67
07 AAA 043,Renault,Boxer,3,24.79,2024-04-18,110,22.09
07 AAA 043,Renault,Boxer,3,24.79,2024-04-19,133,42.11
07 AAA 043,Renault,Boxer,3,24.79,2024-04-20,143,39.57
07 AAA 043,Renault,Boxer,3,24.79,2024-04-21,287,72.11
07 AAA 043,Renault,Boxer,3,24.79,2024-04-22,220,71.4
07 AAA 043,Renault,Boxer,3,24.79,2024-04-23,184,67.31
07 AAA 043,Renault,Boxer,3,24.79,2024-04-24,190,58.05
07 AAA 043,Renault,Boxer,3,24.79,2024-04-25,59,14.06
07 AAA 043,Renault,Boxer,3,24.79,2024-04-26,270,92.36
07 AAA 043,Renault,Boxer,3,24.79,2024-04-27,126,25.33
07 AAA 043,Renault,Boxer,3,24.79,2024-04-28,140,43.14
07 AAA 043,Renault,Boxer,3,24.79,2024-04-29,210,49.28
07 AAA 044,Peugeot,Doblo,1,11.17,2024-01-01,172,18.1
07 AAA 044,Peugeot,Doblo,1,11.17,2024-01-02,44,4.66
07 AAA 044,Peugeot,Doblo,1,11.17,2024-01-03,123,19.12
07 AAA 044,Peugeot,Doblo,1,11.17,2024-01-04,41,4.48
07 AAA 044,Peugeot,Doblo,1,11.17,2024-01-05,259,28.88
07 AAA 044,Peugeot,Doblo,1,11.17,2024-01-06,122,18.1
07 AAA 044,Peugeot,Doblo,1,11.17,2024-01-07,216,20.39
07 AAA 044,Peugeot,Doblo,1,11.17,2024-01-08,164,23.61
07 AAA 044,Peugeot,Doblo,1,11.17,2024-01-09,77,10.46
07 AAA 044,Peugeot,Doblo,1,11.17,2024-01-10,110,11.46
07 AAA 044,Peugeot,Doblo,1,11.17,2024-01-11,79,8.45
07 AAA 044,Peugeot,Doblo,1,11.17,2024-01-12,66,10.83
07 AAA 044,Peugeot,Doblo,1,11.17,2024-01-13,274,41.76
07 AAA 044,Peugeot,Doblo,1,11.17,2024-01-14,205,28.73
07 AAA 044,Peugeot,Doblo,1,11.17,2024-01-15,206,20.22
07 AAA 044,Peugeot,Doblo,1,11.17,2024-01-16,267,31.7
07 AAA 044,Peugeot,Doblo,1,11.17,2024-01-17,95,11.16
07 AAA 044,Peugeot,Doblo,1,11.17,2024-01-18,264,41.43
07 AAA 044,Peugeot,Doblo,1,11.17,2024-01-19,44,5.77
07 AAA 044,Peugeot,Doblo,1,11.17,2024-01-20,140,15.96
07 AAA 044,Peugeot,Doblo,1,11.17,2024-01-21,129,16.57
07 AAA 044,Peugeot,Doblo,1,11.17,2024-01-22,210,32.74
07 AAA 044,Peugeot,Doblo,1,11.17,2024-01-23,228,35.31
07 AAA 044,Peugeot,Doblo,1,11.17,2024-01-24,191,28.5
07 AAA 044,Peugeot,Doblo,1,11.17,2024-01-25,142,21.77
07 AAA 044,Peugeot,Doblo,1,11.17,2024-01-26,106,10.12
07 AAA 044,Peugeot,Doblo,1,11.17,2024-01-27,189,24.58
07 AAA 044,Peugeot,Doblo,1,11.17,2024-01-28,282,30.94
07 AAA 044,Peugeot,Doblo,1,11.17,2024-01-29,147,16.04
07 AAA 044,Peugeot,Doblo,1,11.17,2024-01-30,250,22.91
07 AAA 044,Peugeot,Doblo,1,11.17,2024-01-31,117,13.88
07 AAA 044,Peugeot,Doblo,1,11.17,2024-02-01,73,11.7
07 AAA 044,Peugeot,Doblo,1,11.17,2024-02-02,242,33.22
07 AAA 044,Peugeot,Doblo,1,11.17,2024-02-03,111,14.27
07 AAA 044,Peugeot,Doblo,1,11.17,2024-02-04,126,20.45
07 AAA 044,Peugeot,Doblo,1,11.17,2024-02-05,216,35.72
07 AAA 044,Peugeot,Doblo,1,11.17,2024-02-06,65,10.25
07 AAA 044,Peugeot,Doblo,1,11.17,2024-02-07,58,8.18
07 AAA 044,Peugeot,Doblo,1,11.17,2024-02-08,261,28.68
07 AAA 044,Peugeot,Doblo,1,11.17,2024-02-09,237,35.21
07 AAA 044,Peugeot,Doblo,1,11.17,2024-02-10,226,28.39
07 AAA 044,Peugeot,Doblo,1,11.17,2024-02-11,179,24.96
07 AAA 044,Peugeot,Doblo,1,11.17,2024-02-12,268,37.66
07 AAA 044,Peugeot,Doblo,1,11.17,2024-02-13,296,49.38
07 AAA 044,Peugeot,Doblo,1,11.17,2024-02-14,195,31.65
07 AAA 044,Peugeot,Doblo,1,11.17,2024-02-15,210,34.93
07 AAA 044,Peugeot,Doblo,1,11.17,2024-02-16,206,28.9
07 AAA 044,Peugeot,Doblo,1,11.17,2024-02-17,262,42.67
07 AAA 044,Peugeot,Doblo,1,11.17,2024-02-18,124,18.33
07 AAA 044,Peugeot,Doblo,1,11.17,2024-02-19,202,26.37
07 AAA 044,Peugeot,Doblo,1,11.17,2024-02-20,295,28.57
07 AAA 044,Peugeot,Doblo,1,11.17,2024-02-21,228,21.03
07 AAA 044,Peugeot,Doblo,1,11.17,2024-02-22,287,41.87
07 AAA 044,Peugeot,Doblo,1,11.17,2024-02-23,92,10.68
07 AAA 044,Peugeot,Doblo,1,11.17,2024-02-24,147,19.53
07 AAA 044,Peugeot,Doblo,1,11.17,2024-02-25,140,16.89
07 AAA 044,Peugeot,Doblo,1,11.17,2024-02-26,229,24.72
07 AAA 044,Peugeot,Doblo,1,11.17,2024-02-27,109,10.29
07 AAA 044,Peugeot,Doblo,1,11.17,2024-02-28,97,13.35
07 AAA 044,Peugeot,Doblo,1,11.17,2024-02-29,211,18.99
07 AAA 044,Peugeot,Doblo,1,11.17,2024-03-01,293,33.22
07 AAA 044,Peugeot,Doblo,1,11.17,2024-03-02,282,37.94
07 AAA 044,Peugeot,Doblo,1,11.17,2024-03-03,135,15.62
07 AAA 044,Peugeot,Doblo,1,11.17,2024-03-04,239,22.61
07 AAA 044,Peugeot,Doblo,1,11.17,2024-03-05,285,29.11
07 AAA 044,Peugeot,Doblo,1,11.17,2024-03-06,51,7.42
07 AAA 044,Peugeot,Doblo,1,11.17,2024-03-07,150,21.39
07 AAA 044,Peugeot,Doblo,1,11.17,2024-03-08,54,7.88
07 AAA 044,Peugeot,Doblo,1,11.17,2024-03-09,192,27.03
07 AAA 044,Peugeot,Doblo,1,11.17,2024-03-10,173,21.24
07 AAA 044,Peugeot,Doblo,1,11.17,2024-03-11,258,35.27
07 AAA 044,Peugeot,Doblo,1,11.17,2024-03-12,55,6.58
07 AAA 044,Peugeot,Doblo,1,11.17,2024-03-13,147,14.99
07 AAA 044,Peugeot,Doblo,1,11.17,2024-03-14,186,23.72
07 AAA 044,Peugeot,Doblo,1,11.17,2024-03-15,60,7.48
07 AAA 044,Peugeot,Doblo,1,11.17,2024-03-16,144,20.59
07 AAA 044,Peugeot,Doblo,1,11.17,2024-03-17,132,14.32
07 AAA 044,Peugeot,Doblo,1,11.17,2024-03-18,55,6.19
07 AAA 044,Peugeot,Doblo,1,11.17,2024-03-19,250,25.17
07 AAA 044,Peugeot,Doblo,1,11.17,2024-03-20,56,6.34
07 AAA 044,Peugeot,Doblo,1,11.17,2024-03-21,136,17.89
07 AAA 044,Peugeot,Doblo,1,11.17,2024-03-22,259,42.59
07 AAA 044,Peugeot,Doblo,1,11.17,2024-03-23,274,33.5
07 AAA 044,Peugeot,Doblo,1,11.17,2024-03-24,274,27.01
07 AAA 044,Peugeot,Doblo,1,11.17,2024-03-25,45,6.68
07 AAA 044,Peugeot,Doblo,1,11.17,2024-03-26,46,6.16
07 AAA 044,Peugeot,Doblo,1,11.17,2024-03-27,200,23.22
07 AAA 044,Peugeot,Doblo,1,11.17,2024-03-28,279,35.46
07 AAA 044,Peugeot,Doblo,1,11.17,2024-03-29,165,20.76
07 AAA 044,Peugeot,Doblo,1,11.17,2024-03-30,273,41.14
07 AAA 044,Peugeot,Doblo,1,11.17,2024-03-31,62,8.91
07 AAA 044,Peugeot,Doblo,1,11.17,2024-04-01,42,6.04
07 AAA 044,Peugeot,Doblo,1,11.17,2024-04-02,55,8.45
07 AAA 044,Peugeot,Doblo,1,11.17,2024-04-03,44,5.36
07 AAA 044,Peugeot,Doblo,1,11.17,2024-04-04,62,6.47
07 AAA 044,Peugeot,Doblo,1,11.17,2024-04-05,268,37.79
07 AAA 044,Peugeot,Doblo,1,11.17,2024-04-06,106,15.56
07 AAA 044,Peugeot,Doblo,1,11.17,2024-04-07,243,24.88
07 AAA 044,Peugeot,Doblo,1,11.17,2024-04-08,147,23.89
07 AAA 044,Peugeot,Doblo,1,11.17,2024-04-09,46,4.55
07 AAA 044,Peugeot,Doblo,1,11.17,2024-04-10,96,15.55
07 AAA 044,Peugeot,Doblo,1,11.17,2024-04-11,47,6.73
07 AAA 044,Peugeot,Doblo,1,11.17,2024-04-12,271,41.81
07 AAA 044,Peugeot,Doblo,1,11.17,2024-04-13,203,21.27
07 AAA 044,Peugeot,Doblo,1,11.17,2024-04-14,213,21.16
07 AAA 044,Peugeot,Doblo,1,11.17,2024-04-15,115,10.4
07 AAA 044,Peugeot,Doblo,1,11.17,2024-04-16,73,8.61
07 AAA 044,Peugeot,Doblo,1,11.17,2024-04-17,61,9.18
07 AAA 044,Peugeot,Doblo,1,11.17,2024-04-18,274,44.69
07 AAA 044,Peugeot,Doblo,1,11.17,2024-04-19,289,26.52
07 AAA 044,Peugeot,Doblo,1,11.17,2024-04-20,133,18.72
07 AAA 044,Peugeot,Doblo,1,11.17,2024-04-21,235,27.46
07 AAA 044,Peugeot,Doblo,1,11.17,2024-04-22,131,13.38
07 AAA 044,Peugeot,Doblo,1,11.17,2024-04-23,292,32.46
07 AAA 044,Peugeot,Doblo,1,11.17,2024-04-24,139,20.2
07 AAA 044,Peugeot,Doblo,1,11.17,2024-04-25,278,31.75
07 AAA 044,Peugeot,Doblo,1,11.17,2024-04-26,230,23.44
07 AAA 044,Peugeot,Doblo,1,11.17,2024-04-27,232,36.26
07 AAA 044,Peugeot,Doblo,1,11.17,2024-04-28,62,7.09
07 AAA 044,Peugeot,Doblo,1,11.17,2024-04-29,90,8.09
07 AAA 045,Renault,Atego,1,11.04,2024-01-01,192,25.47
07 AAA 045,Renault,Atego,1,11.04,2024-01-02,137,21.05
07 AAA 045,Renault,Atego,1,11.04,2024-01-03,129,16.25
07 AAA 045,Renault,Atego,1,11.04,2024-01-04,81,12.04
07 AAA 045,Renault,Atego,1,11.04,2024-01-05,230,37.48
07 AAA 045,Renault,Atego,1,11.04,2024-01-06,126,14.01
07 AAA 045,Renault,Atego,1,11.04,2024-01-07,176,27.56
07 AAA 045,Renault,Atego,1,11.04,2024-01-08,123,19.05
07 AAA 045,Renault,Atego,1,11.04,2024-01-09,140,17.63
07 AAA 045,Renault,Atego,1,11.04,2024-01-10,234,29.79
07 AAA 045,Renault,Atego,1,11.04,2024-01-11,146,18.59
07 AAA 045,Renault,Atego,1,11.04,2024-01-12,292,32.4
07 AAA 045,Renault,Atego,1,11.04,2024-01-13,291,43.47
07 AAA 045,Renault,Atego,1,11.04,2024-01-14,271,29.68
07 AAA 045,Renault,Atego,1,11.04,2024-01-15,82,12.12
07 AAA 045,Renault,Atego,1,11.04,2024-01-16,80,12.81
07 AAA 045,Renault,Atego,1,11.04,2024-01-17,113,16.23
07 AAA 045,Renault,Atego,1,11.04,2024-01-18,208,25.74
07 AAA 045,Renault,Atego,1,11.04,2024-01-19,98,9.32
07 AAA 045,Renault,Atego,1,11.04,2024-01-20,253,34.29
07 AAA 045,Renault,Atego,1,11.04,2024-01-21,271,42.07
07 AAA 045,Renault,Atego,1,11.04,2024-01-22,143,20.44
07 AAA 045,Renault,Atego,1,11.04,2024-01-23,181,28.28
07 AAA 045,Renault,Atego,1,11.04,2024-01-24,62,5.85
07 AAA 045,Renault,Atego,1,11.04,2024-01-25,217,34.74
07 AAA 045,Renault,Atego,1,11.04,2024-01-26,243,35.64
07 AAA 045,Renault,Atego,1,11.04,2024-01-27,171,19.45
07 AAA 045,Renault,Atego,1,11.04,2024-01-28,171,18.65
07 AAA 045,Renault,Atego,1,11.04,2024-01-29,94,8.59
07 AAA 045,Renault,Atego,1,11.04,2024-01-30,153,16.01
07 AAA 045,Renault,Atego,1,11.04,2024-01-31,259,28.94
07 AAA 045,Renault,Atego,1,11.04,2024-02-01,275,30.04
07 AAA 045,Renault,Atego,1,11.04,2024-02-02,130,15.38
07 AAA 045,Renault,Atego,1,11.04,2024-02-03,147,24.28
07 AAA 045,Renault,Atego,1,11.04,2024-02-04,121,11.33
07 AAA 045,Renault,Atego,1,11.04,2024-02-05,178,19.33
07 AAA 045,Renault,Atego,1,11.04,2024-02-06,48,4.86
07 AAA 045,Renault,Atego,1,11.04,2024-02-07,234,21.91
07 AAA 045,Renault,Atego,1,11.04,2024-02-08,211,20.21
07 AAA 045,Renault,Atego,1,11.04,2024-02-09,184,17.88
07 AAA 045,Renault,Atego,1,11.04,2024-02-10,103,14.53
07 AAA 045,Renault,Atego,1,11.04,2024-02-11,271,29.35
07 AAA 045,Renault,Atego,1,11.04,2024-02-12,163,14.86
07 AAA 045,Renault,Atego,1,11.04,2024-02-13,112,14.27
07 AAA 045,Renault,Atego,1,11.04,2024-02-14,266,33.15
07 AAA 045,Renault,Atego,1,11.04,2024-02-15,140,17.91
07 AAA 045,Renault,Atego,1,11.04,2024-02-16,276,29.64
07 AAA 045,Renault,Atego,1,11.04,2024-02-17,275,40.17
07 AAA 045,Renault,Atego,1,11.04,2024-02-18,134,14.94
07 AAA 045,Renault,Atego,1,11.04,2024-02-19,73,8.22
07 AAA 045,Renault,Atego,1,11.04,2024-02-20,64,10.15
07 AAA 045,Renault,Atego,1,11.04,2024-02-21,256,23.51
07 AAA 045,Renault,Atego,1,11.04,2024-02-22,274,37.54
07 AAA 045,Renault,Atego,1,11.04,2024-02-23,74,12.2
07 AAA 045,Renault,Atego,1,11.04,2024-02-24,43,6.2
07 AAA 045,Renault,Atego,1,11.04,2024-02-25,56,5.86
07 AAA 045,Renault,Atego,1,11.04,2024-02-26,200,24.7
07 AAA 045,Renault,Atego,1,11.04,2024-02-27,296,26.94
07 AAA 045,Renault,Atego,1,11.04,2024-02-28,294,43.42
07 AAA 045,Renault,Atego,1,11.04,2024-02-29,300,45.88
07 AAA 045,Renault,Atego,1,11.04,2024-03-01,164,27.11
07 AAA 045,Renault,Atego,1,11.04,2024-03-02,134,17.86
07 AAA 045,Renault,Atego,1,11.04,2024-03-03,40,3.77
07 AAA 045,Renault,Atego,1,11.04,2024-03-04,154,14.16
07 AAA 045,Renault,Atego,1,11.04,2024-03-05,103,14.85
07 AAA 045,Renault,Atego,1,11.04,2024-03-06,119,13.78
07 AAA 045,Renault,Atego,1,11.04,2024-03-07,50,6.13
07 AAA 045,Renault,Atego,1,11.04,2024-03-08,123,19.87
07 AAA 045,Renault,Atego,1,11.04,2024-03-09,110,10.58
07 AAA 045,Renault,Atego,1,11.04,2024-03-10,255,31.78
07 AAA 045,Renault,Atego,1,11.04,2024-03-11,92,14.39
07 AAA 045,Renault,Atego,1,11.04,2024-03-12,76,9.83
07 AAA 045,Renault,Atego,1,11.04,2024-03-13,289,33.15
07 AAA 045,Renault,Atego,1,11.04,2024-03-14,186,27.56
07 AAA 045,Renault,Atego,1,11.04,2024-03-15,284,41.95
07 AAA 045,Renault,Atego,1,11.04,2024-03-16,201,31.53
07 AAA 045,Renault,Atego,1,11.04,2024-03-17,150,17.22
07 AAA 045,Renault,Atego,1,11.04,2024-03-18,290,34.1
07 AAA 045,Renault,Atego,1,11.04,2024-03-19,168,16.57
07 AAA 045,Renault,Atego,1,11.04,2024-03-20,187,22.46
07 AAA 045,Renault,Atego,1,11.04,2024-03-21,49,6.02
07 AAA 045,Renault,Atego,1,11.04,2024-03-22,71,8.94
07 AAA 045,Renault,Atego,1,11.04,2024-03-23,147,19.61
07 AAA 045,Renault,Atego,1,11.04,2024-03-24,256,34.55
07 AAA 045,Renault,Atego,1,11.04,2024-03-25,258,26.49
07 AAA 045,Renault,Atego,1,11.04,2024-03-26,147,13.97
07 AAA 045,Renault,Atego,1,11.04,2024-03-27,228,21.32
07 AAA 045,Renault,Atego,1,11.04,2024-03-28,271,37.29
07 AAA 045,Renault,Atego,1,11.04,2024-03-29,225,34.93
07 AAA 045,Renault,Atego,1,11.04,2024-03-30,159,24.9
07 AAA 045,Renault,Atego,1,11.04,2024-03-31,152,21.45
07 AAA 045,Renault,Atego,1,11.04,2024-04-01,40,6.22
07 AAA 045,Renault,Atego,1,11.04,2024-04-02,145,16.06
07 AAA 045,Renault,Atego,1,11.04,2024-04-03,278,35.01
07 AAA 045,Renault,Atego,1,11.04,2024-04-04,159,15.43
07 AAA 045,Renault,Atego,1,11.04,2024-04-05,297,40.04
07 AAA 045,Renault,Atego,1,11.04,2024-04-06,44,6.56
07 AAA 045,Renault,Atego,1,11.04,2024-04-07,50,5.26
07 AAA 045,Renault,Atego,1,11.04,2024-04-08,219,29.26
07 AAA 045,Renault,Atego,1,11.04,2024-04-09,81,11.48
07 AAA 045,Renault,Atego,1,11.04,2024-04-10,286,26.62
07 AAA 045,Renault,Atego,1,11.04,2024-04-11,206,25.2
07 AAA 045,Renault,Atego,1,11.04,2024-04-12,161,15.4
07 AAA 045,Renault,Atego,1,11.04,2024-04-13,43,6.88
07 AAA 045,Renault,Atego,1,11.04,2024-04-14,48,6.74
07 AAA 045,Renault,Atego,1,11.04,2024-04-15,280,38.03
07 AAA 045,Renault,Atego,1,11.04,2024-04-16,276,36.44
07 AAA 045,Renault,Atego,1,11.04,2024-04-17,247,37.43
07 AAA 045,Renault,Atego,1,11.04,2024-04-18,242,34.43
07 AAA 045,Renault,Atego,1,11.04,2024-04-19,219,30.51
07 AAA 045,Renault,Atego,1,11.04,2024-04-20,47,5.31
07 AAA 045,Renault,Atego,1,11.04,2024-04-21,77,10.85
07 AAA 045,Renault,Atego,1,11.04,2024-04-22,104,11.46
07 AAA 045,Renault,Atego,1,11.04,2024-04-23,68,6.78
07 AAA 045,Renault,Atego,1,11.04,2024-04-24,145,22.96
07 AAA 045,Renault,Atego,1,11.04,2024-04-25,260,42.78
07 AAA 045,Renault,Atego,1,11.04,2024-04-26,162,22.61
07 AAA 045,Renault,Atego,1,11.04,2024-04-27,44,3.96
07 AAA 045,Renault,Atego,1,11.04,2024-04-28,152,18.06
07 AAA 045,Renault,Atego,1,11.04,2024-04-29,67,6.14
07 AAA 046,Renault,Caddy,3,25.35,2024-01-01,198,46.48
07 AAA 046,Renault,Caddy,3,25.35,2024-01-02,283,105.44
07 AAA 046,Renault,Caddy,3,25.35,2024-01-03,50,11.09
07 AAA 046,Renault,Caddy,3,25.35,2024-01-04,207,65.03
07 AAA 046,Renault,Caddy,3,25.35,2024-01-05,79,20.54
07 AAA 046,Renault,Caddy,3,25.35,2024-01-06,44,11.65
07 AAA 046,Renault,Caddy,3,25.35,2024-01-07,86,31.21
07 AAA 046,Renault,Caddy,3,25.35,2024-01-08,90,34.06
07 AAA 046,Renault,Caddy,3,25.35,2024-01-09,96,26.63
07 AAA 046,Renault,Caddy,3,25.35,2024-01-10,150,47.88
07 AAA 046,Renault,Caddy,3,25.35,2024-01-11,98,21.99
07 AAA 046,Renault,Caddy,3,25.35,2024-01-12,248,81.01
07 AAA 046,Renault,Caddy,3,25.35,2024-01-13,55,15.98
07 AAA 046,Renault,Caddy,3,25.35,2024-01-14,204,54.03
07 AAA 046,Renault,Caddy,3,25.35,2024-01-15,148,44.72
07 AAA 046,Renault,Caddy,3,25.35,2024-01-16,81,20.53
07 AAA 046,Renault,Caddy,3,25.35,2024-01-17,189,69.61
07 AAA 046,Renault,Caddy,3,25.35,2024-01-18,109,30.93
07 AAA 046,Renault,Caddy,3,25.35,2024-01-19,247,81.23
07 AAA 046,Renault,Caddy,3,25.35,2024-01-20,92,33.2
07 AAA 046,Renault,Caddy,3,25.35,2024-01-21,127,36.63
07 AAA 046,Renault,Caddy,3,25.35,2024-01-22,238,70.56
07 AAA 046,Renault,Caddy,3,25.35,2024-01-23,84,17.39
07 AAA 046,Renault,Caddy,3,25.35,2024-01-24,157,35.52
07 AAA 046,Renault,Caddy,3,25.35,2024-01-25,282,90.48
07 AAA 046,Renault,Caddy,3,25.35,2024-01-26,142,33.38
07 AAA 046,Renault,Caddy,3,25.35,2024-01-27,74,27.98
07 AAA 046,Renault,Caddy,3,25.35,2024-01-28,109,33.8
07 AAA 046,Renault,Caddy,3,25.35,2024-01-29,109,30.49
07 AAA 046,Renault,Caddy,3,25.35,2024-01-30,209,43.7
07 AAA 046,Renault,Caddy,3,25.35,2024-01-31,284,86.79
07 AAA 046,Renault,Caddy,3,25.35,2024-02-01,249,92.85
07 AAA 046,Renault,Caddy,3,25.35,2024-02-02,238,77.24
07 AAA 046,Renault,Caddy,3,25.35,2024-02-03,141,41.45
07 AAA 046,Renault,Caddy,3,25.35,2024-02-04,247,90.14
07 AAA 046,Renault,Caddy,3,25.35,2024-02-05,155,44.79
07 AAA 046,Renault,Caddy,3,25.35,2024-02-06,153,34.68
07 AAA 046,Renault,Caddy,3,25.35,2024-02-07,170,57.15
07 AAA 046,Renault,Caddy,3,25.35,2024-02-08,90,23.85
07 AAA 046,Renault,Caddy,3,25.35,2024-02-09,242,59.64
07 AAA 046,Renault,Caddy,3,25.35,2024-02-10,73,16.42
07 AAA 046,Renault,Caddy,3,25.35,2024-02-11,277,79.82
07 AAA 046,Renault,Caddy,3,25.35,2024-02-12,203,63.46
07 AAA 046,Renault,Caddy,3,25.35,2024-02-13,65,21.06
07 AAA 046,Renault,Caddy,3,25.35,2024-02-14,204,56.83
07 AAA 046,Renault,Caddy,3,25.35,2024-02-15,118,43.74
07 AAA 046,Renault,Caddy,3,25.35,2024-02-16,281,94.56
07 AAA 046,Renault,Caddy,3,25.35,2024-02-17,171,39.57
07 AAA 046,Renault,Caddy,3,25.35,2024-02-18,189,60.26
07 AAA 046,Renault,Caddy,3,25.35,2024-02-19,167,43.29
07 AAA 046,Renault,Caddy,3,25.35,2024-02-20,180,49.56
07 AAA 046,Renault,Caddy,3,25.35,2024-02-21,254,53.0
07 AAA 046,Renault,Caddy,3,25.35,2024-02-22,275,103.31
07 AAA 046,Renault,Caddy,3,25.35,2024-02-23,247,54.68
07 AAA 046,Renault,Caddy,3,25.35,2024-02-24,101,32.25
07 AAA 046,Renault,Caddy,3,25.35,2024-02-25,174,61.76
07 AAA 046,Renault,Caddy,3,25.35,2024-02-26,235,82.04
07 AAA 046,Renault,Caddy,3,25.35,2024-02-27,248,63.39
07 AAA 046,Renault,Caddy,3,25.35,2024-02-28,215,80.43
07 AAA 046,Renault,Caddy,3,25.35,2024-02-29,90,28.21
07 AAA 046,Renault,Caddy,3,25.35,2024-03-01,79,25.19
07 AAA 046,Renault,Caddy,3,25.35,2024-03-02,121,45.08
07 AAA 046,Renault,Caddy,3,25.35,2024-03-03,156,41.58
07 AAA 046,Renault,Caddy,3,25.35,2024-03-04,114,26.26
07 AAA 046,Renault,Caddy,3,25.35,2024-03-05,51,10.79
07 AAA 046,Renault,Caddy,3,25.35,2024-03-06,193,41.81
07 AAA 046,Renault,Caddy,3,25.35,2024-03-07,197,52.82
07 AAA 046,Renault,Caddy,3,25.35,2024-03-08,217,78.73
07 AAA 046,Renault,Caddy,3,25.35,2024-03-09,215,70.55
07 AAA 046,Renault,Caddy,3,25.35,2024-03-10,230,78.56
07 AAA 046,Renault,Caddy,3,25.35,2024-03-11,96,34.04
07 AAA 046,Renault,Caddy,3,25.35,2024-03-12,126,43.23
07 AAA 046,Renault,Caddy,3,25.35,2024-03-13,194,40.99
07 AAA 046,Renault,Caddy,3,25.35,2024-03-14,213,61.43
07 AAA 046,Renault,Caddy,3,25.35,2024-03-15,71,15.44
07 AAA 046,Renault,Caddy,3,25.35,2024-03-16,67,22.8
07 AAA 046,Renault,Caddy,3,25.35,2024-03-17,73,16.02
07 AAA 046,Renault,Caddy,3,25.35,2024-03-18,218,72.03
07 AAA 046,Renault,Caddy,3,25.35,2024-03-19,223,74.28
07 AAA 046,Renault,Caddy,3,25.35,2024-03-20,206,74.82
07 AAA 046,Renault,Caddy,3,25.35,2024-03-21,69,19.17
07 AAA 046,Renault,Caddy,3,25.35,2024-03-22,90,31.8
07 AAA 046,Renault,Caddy,3,25.35,2024-03-23,109,36.26
07 AAA 046,Renault,Caddy,3,25.35,2024-03-24,65,23.48
07 AAA 046,Renault,Caddy,3,25.35,2024-03-25,128,35.94
07 AAA 046,Renault,Caddy,3,25.35,2024-03-26,111,34.44
07 AAA 046,Renault,Caddy,3,25.35,2024-03-27,113,39.25
07 AAA 046,Renault,Caddy,3,25.35,2024-03-28,78,18.12
07 AAA 046,Renault,Caddy,3,25.35,2024-03-29,294,72.12
07 AAA 046,Renault,Caddy,3,25.35,2024-03-30,237,74.45
07 AAA 046,Renault,Caddy,3,25.35,2024-03-31,190,41.91
07 AAA 046,Renault,Caddy,3,25.35,2024-04-01,234,58.98
07 AAA 046,Renault,Caddy,3,25.35,2024-04-02,120,29.71
07 AAA 046,Renault,Caddy,3,25.35,2024-04-03,47,11.29
07 AAA 046,Renault,Caddy,3,25.35,2024-04-04,232,77.28
07 AAA 046,Renault,Caddy,3,25.35,2024-04-05,108,35.94
07 AAA 046,Renault,Caddy,3,25.35,2024-04-06,84,19.59
07 AAA 046,Renault,Caddy,3,25.35,2024-04-07,203,70.98
07 AAA 046,Renault,Caddy,3,25.35,2024-04-08,90,24.88
07 AAA 046,Renault,Caddy,3,25.35,2024-04-09,231,80.48
07 AAA 046,Renault,Caddy,3,25.35,2024-04-10,103,27.25
07 AAA 046,Renault,Caddy,3,25.35,2024-04-11,211,63.28
07 AAA 046,Renault,Caddy,3,25.35,2024-04-12,117,30.74
07 AAA 046,Renault,Caddy,3,25.35,2024-04-13,183,42.77
07 AAA 046,Renault,Caddy,3,25.35,2024-04-14,63,15.87
07 AAA 046,Renault,Caddy,3,25.35,2024-04-15,279,75.5
07 AAA 046,Renault,Caddy,3,25.35,2024-04-16,208,52.73
07 AAA 046,Renault,Caddy,3,25.35,2024-04-17,139,47.73
07 AAA 046,Renault,Caddy,3,25.35,2024-04-18,234,61.78
07 AAA 046,Renault,Caddy,3,25.35,2024-04-19,113,32.09
07 AAA 046,Renault,Caddy,3,25.35,2024-04-20,146,53.73
07 AAA 046,Renault,Caddy,3,25.35,2024-04-21,197,41.16
07 AAA 046,Renault,Caddy,3,25.35,2024-04-22,53,14.47
07 AAA 046,Renault,Caddy,3,25.35,2024-04-23,93,34.99
07 AAA 046,Renault,Caddy,3,25.35,2024-04-24,241,72.77
07 AAA 046,Renault,Caddy,3,25.35,2024-04-25,272,59.02
07 AAA 046,Renault,Caddy,3,25.35,2024-04-26,270,98.67
07 AAA 046,Renault,Caddy,3,25.35,2024-04-27,171,38.12
07 AAA 046,Renault,Caddy,3,25.35,2024-04-28,291,91.17
07 AAA 046,Renault,Caddy,3,25.35,2024-04-29,76,28.46
07 AAA 047,Peugeot,Boxer,2,9.06,2024-01-01,296,36.7
07 AAA 047,Peugeot,Boxer,2,9.06,2024-01-02,119,14.17
07 AAA 047,Peugeot,Boxer,2,9.06,2024-01-03,236,24.07
07 AAA 047,Peugeot,Boxer,2,9.06,2024-01-04,248,22.01
07 AAA 047,Peugeot,Boxer,2,9.06,2024-01-05,103,12.35
07 AAA 047,Peugeot,Boxer,2,9.06,2024-01-06,80,9.36
07 AAA 047,Peugeot,Boxer,2,9.06,2024-01-07,89,7.36
07 AAA 047,Peugeot,Boxer,2,9.06,2024-01-08,196,19.19
07 AAA 047,Peugeot,Boxer,2,9.06,2024-01-09,79,9.02
07 AAA 047,Peugeot,Boxer,2,9.06,2024-01-10,252,33.67
07 AAA 047,Peugeot,Boxer,2,9.06,2024-01-11,286,28.77
07 AAA 047,Peugeot,Boxer,2,9.06,2024-01-12,104,12.27
07 AAA 047,Peugeot,Boxer,2,9.06,2024-01-13,118,12.62
07 AAA 047,Peugeot,Boxer,2,9.06,2024-01-14,254,24.33
07 AAA 047,Peugeot,Boxer,2,9.06,2024-01-15,54,4.52
07 AAA 047,Peugeot,Boxer,2,9.06,2024-01-16,286,34.55
07 AAA 047,Peugeot,Boxer,2,9.06,2024-01-17,213,20.58
07 AAA 047,Peugeot,Boxer,2,9.06,2024-01-18,224,19.61
07 AAA 047,Peugeot,Boxer,2,9.06,2024-01-19,183,17.3
07 AAA 047,Peugeot,Boxer,2,9.06,2024-01-20,95,9.53
07 AAA 047,Peugeot,Boxer,2,9.06,2024-01-21,156,15.1
07 AAA 047,Peugeot,Boxer,2,9.06,2024-01-22,139,10.14
07 AAA 047,Peugeot,Boxer,2,9.06,2024-01-23,229,18.67
07 AAA 047,Peugeot,Boxer,2,9.06,2024-01-24,191,18.53
07 AAA 047,Peugeot,Boxer,2,9.06,2024-01-25,262,32.45
07 AAA 047,Peugeot,Boxer,2,9.06,2024-01-26,111,9.22
07 AAA 047,Peugeot,Boxer,2,9.06,2024-01-27,192,15.5
07 AAA 047,Peugeot,Boxer,2,9.06,2024-01-28,155,12.09
07 AAA 047,Peugeot,Boxer,2,9.06,2024-01-29,161,18.93
07 AAA 047,Peugeot,Boxer,2,9.06,2024-01-30,223,28.06
07 AAA 047,Peugeot,Boxer,2,9.06,2024-01-31,246,19.31
07 AAA 047,Peugeot,Boxer,2,9.06,2024-02-01,127,14.42
07 AAA 047,Peugeot,Boxer,2,9.06,2024-02-02,249,23.15
07 AAA 047,Peugeot,Boxer,2,9.06,2024-02-03,101,13.22
07 AAA 047,Peugeot,Boxer,2,9.06,2024-02-04,87,11.71
07 AAA 047,Peugeot,Boxer,2,9.06,2024-02-05,251,21.3
07 AAA 047,Peugeot,Boxer,2,9.06,2024-02-06,163,15.67
07 AAA 047,Peugeot,Boxer,2,9.06,2024-02-07,189,25.11
07 AAA 047,Peugeot,Boxer,2,9.06,2024-02-08,66,5.59
07 AAA 047,Peugeot,Boxer,2,9.06,2024-02-09,228,29.7
07 AAA 047,Peugeot,Boxer,2,9.06,2024-02-10,212,15.87
07 AAA 047,Peugeot,Boxer,2,9.06,2024-02-11,94,10.11
07 AAA 047,Peugeot,Boxer,2,9.06,2024-02-12,73,7.55
07 AAA 047,Peugeot,Boxer,2,9.06,2024-02-13,231,30.45
07 AAA 047,Peugeot,Boxer,2,9.06,2024-02-14,210,16.01
07 AAA 047,Peugeot,Boxer,2,9.06,2024-02-15,104,10.01
07 AAA 047,Peugeot,Boxer,2,9.06,2024-02-16,42,5.03
07 AAA 047,Peugeot,Boxer,2,9.06,2024-02-17,75,7.35
07 AAA 047,Peugeot,Boxer,2,9.06,2024-02-18,105,13.66
07 AAA 047,Peugeot,Boxer,2,9.06,2024-02-19,57,5.1
07 AAA 047,Peugeot,Boxer,2,9.06,2024-02-20,114,8.47
07 AAA 047,Peugeot,Boxer,2,9.06,2024-02-21,190,18.63
07 AAA 047,Peugeot,Boxer,2,9.06,2024-02-22,64,6.52
07 AAA 047,Peugeot,Boxer,2,9.06,2024-02-23,242,30.9
07 AAA 047,Peugeot,Boxer,2,9.06,2024-02-24,112,10.07
07 AAA 047,Peugeot,Boxer,2,9.06,2024-02-25,107,7.87
07 AAA 047,Peugeot,Boxer,2,9.06,2024-02-26,84,10.74
07 AAA 047,Peugeot,Boxer,2,9.06,2024-02-27,155,15.74
07 AAA 047,Peugeot,Boxer,2,9.06,2024-02-28,228,30.89
07 AAA 047,Peugeot,Boxer,2,9.06,2024-02-29,137,15.24
07 AAA 047,Peugeot,Boxer,2,9.06,2024-03-01,105,12.69
07 AAA 047,Peugeot,Boxer,2,9.06,2024-03-02,48,5.19
07 AAA 047,Peugeot,Boxer,2,9.06,2024-03-03,79,10.7
07 AAA 047,Peugeot,Boxer,2,9.06,2024-03-04,275,29.07
07 AAA 047,Peugeot,Boxer,2,9.06,2024-03-05,79,7.17
07 AAA 047,Peugeot,Boxer,2,9.06,2024-03-06,170,18.63
07 AAA 047,Peugeot,Boxer,2,9.06,2024-03-07,146,18.49
07 AAA 047,Peugeot,Boxer,2,9.06,2024-03-08,94,7.31
07 AAA 047,Peugeot,Boxer,2,9.06,2024-03-09,86,8.62
07 AAA 047,Peugeot,Boxer,2,9.06,2024-03-10,206,17.61
07 AAA 047,Peugeot,Boxer,2,9.06,2024-03-11,109,11.75
07 AAA 047,Peugeot,Boxer,2,9.06,2024-03-12,167,21.46
07 AAA 047,Peugeot,Boxer,2,9.06,2024-03-13,223,22.92
07 AAA 047,Peugeot,Boxer,2,9.06,2024-03-14,260,24.42
07 AAA 047,Peugeot,Boxer,2,9.06,2024-03-15,90,10.33
07 AAA 047,Peugeot,Boxer,2,9.06,2024-03-16,251,26.42
07 AAA 047,Peugeot,Boxer,2,9.06,2024-03-17,240,30.75
07 AAA 047,Peugeot,Boxer,2,9.06,2024-03-18,96,8.8
07 AAA 047,Peugeot,Boxer,2,9.06,2024-03-19,107,10.89
07 AAA 047,Peugeot,Boxer,2,9.06,2024-03-20,113,9.71
07 AAA 047,Peugeot,Boxer,2,9.06,2024-03-21,146,17.38
07 AAA 047,Peugeot,Boxer,2,9.06,2024-03-22,59,6.57
07 AAA 047,Peugeot,Boxer,2,9.06,2024-03-23,102,8.37
07 AAA 047,Peugeot,Boxer,2,9.06,2024-03-24,51,3.7
07 AAA 047,Peugeot,Boxer,2,9.06,2024-03-25,158,12.06
07 AAA 047,Peugeot,Boxer,2,9.06,2024-03-26,144,18.01
07 AAA 047,Peugeot,Boxer,2,9.06,2024-03-27,150,16.91
07 AAA 047,Peugeot,Boxer,2,9.06,2024-03-28,108,11.5
07 AAA 047,Peugeot,Boxer,2,9.06,2024-03-29,183,17.79
07 AAA 047,Peugeot,Boxer,2,9.06,2024-03-30,75,6.58
07 AAA 047,Peugeot,Boxer,2,9.06,2024-03-31,71,6.63
07 AAA 047,Peugeot,Boxer,2,9.06,2024-04-01,63,5.4
07 AAA 047,Peugeot,Boxer,2,9.06,2024-04-02,62,5.31
07 AAA 047,Peugeot,Boxer,2,9.06,2024-04-03,94,8.78
07 AAA 047,Peugeot,Boxer,2,9.06,2024-04-04,123,8.93
07 AAA 047,Peugeot,Boxer,2,9.06,2024-04-05,61,7.09
07 AAA 047,Peugeot,Boxer,2,9.06,2024-04-06,62,5.12
07 AAA 047,Peugeot,Boxer,2,9.06,2024-04-07,144,15.57
07 AAA 047,Peugeot,Boxer,2,9.06,2024-04-08,161,20.88
07 AAA 047,Peugeot,Boxer,2,9.06,2024-04-09,248,24.39
07 AAA 047,Peugeot,Boxer,2,9.06,2024-04-10,213,26.8
07 AAA 047,Peugeot,Boxer,2,9.06,2024-04-11,125,14.02
07 AAA 047,Peugeot,Boxer,2,9.06,2024-04-12,206,20.24
07 AAA 047,Peugeot,Boxer,2,9.06,2024-04-13,235,31.78
07 AAA 047,Peugeot,Boxer,2,9.06,2024-04-14,128,10.3
07 AAA 047,Peugeot,Boxer,2,9.06,2024-04-15,100,10.6
07 AAA 047,Peugeot,Boxer,2,9.06,2024-04-16,234,25.45
07 AAA 047,Peugeot,Boxer,2,9.06,2024-04-17,299,22.74
07 AAA 047,Peugeot,Boxer,2,9.06,2024-04-18,226,18.15
07 AAA 047,Peugeot,Boxer,2,9.06,2024-04-19,84,10.03
07 AAA 047,Peugeot,Boxer,2,9.06,2024-04-20,203,23.02
07 AAA 047,Peugeot,Boxer,2,9.06,2024-04-21,275,32.45
07 AAA 047,Peugeot,Boxer,2,9.06,2024-04-22,125,13.4
07 AAA 047,Peugeot,Boxer,2,9.06,2024-04-23,126,11.11
07 AAA 047,Peugeot,Boxer,2,9.06,2024-04-24,289,36.06
07 AAA 047,Peugeot,Boxer,2,9.06,2024-04-25,121,11.81
07 AAA 047,Peugeot,Boxer,2,9.06,2024-04-26,200,16.98
07 AAA 047,Peugeot,Boxer,2,9.06,2024-04-27,224,19.84
07 AAA 047,Peugeot,Boxer,2,9.06,2024-04-28,77,9.33
07 AAA 047,Peugeot,Boxer,2,9.06,2024-04-29,66,8.11
07 AAA 048,Ford,Caddy,3,25.63,2024-01-01,101,36.03
07 AAA 048,Ford,Caddy,3,25.63,2024-01-02,177,37.88
07 AAA 048,Ford,Caddy,3,25.63,2024-01-03,212,62.06
07 AAA 048,Ford,Caddy,3,25.63,2024-01-04,94,31.23
07 AAA 048,Ford,Caddy,3,25.63,2024-01-05,94,26.01
07 AAA 048,Ford,Caddy,3,25.63,2024-01-06,123,26.59
07 AAA 048,Ford,Caddy,3,25.63,2024-01-07,65,22.97
07 AAA 048,Ford,Caddy,3,25.63,2024-01-08,76,27.74
07 AAA 048,Ford,Caddy,3,25.63,2024-01-09,186,59.25
07 AAA 048,Ford,Caddy,3,25.63,2024-01-10,163,60.28
07 AAA 048,Ford,Caddy,3,25.63,2024-01-11,235,61.77
07 AAA 048,Ford,Caddy,3,25.63,2024-01-12,159,46.05
07 AAA 048,Ford,Caddy,3,25.63,2024-01-13,85,20.34
07 AAA 048,Ford,Caddy,3,25.63,2024-01-14,80,24.66
07 AAA 048,Ford,Caddy,3,25.63,2024-01-15,58,16.03
07 AAA 048,Ford,Caddy,3,25.63,2024-01-16,49,10.98
07 AAA 048,Ford,Caddy,3,25.63,2024-01-17,221,53.65
07 AAA 048,Ford,Caddy,3,25.63,2024-01-18,60,14.25
07 AAA 048,Ford,Caddy,3,25.63,2024-01-19,48,11.14
07 AAA 048,Ford,Caddy,3,25.63,2024-01-20,218,55.79
07 AAA 048,Ford,Caddy,3,25.63,2024-01-21,49,11.31
07 AAA 048,Ford,Caddy,3,25.63,2024-01-22,173,61.68
07 AAA 048,Ford,Caddy,3,25.63,2024-01-23,75,15.41
07 AAA 048,Ford,Caddy,3,25.63,2024-01-24,235,89.24
07 AAA 048,Ford,Caddy,3,25.63,2024-01-25,277,87.14
07 AAA 048,Ford,Caddy,3,25.63,2024-01-26,289,98.64
07 AAA 048,Ford,Caddy,3,25.63,2024-01-27,198,73.05
07 AAA 048,Ford,Caddy,3,25.63,2024-01-28,66,21.92
07 AAA 048,Ford,Caddy,3,25.63,2024-01-29,218,58.78
07 AAA 048,Ford,Caddy,3,25.63,2024-01-30,152,51.67
07 AAA 048,Ford,Caddy,3,25.63,2024-01-31,234,59.59
07 AAA 048,Ford,Caddy,3,25.63,2024-02-01,84,26.37
07 AAA 048,Ford,Caddy,3,25.63,2024-02-02,258,78.2
07 AAA 048,Ford,Caddy,3,25.63,2024-02-03,94,33.76
07 AAA 048,Ford,Caddy,3,25.63,2024-02-04,225,60.73
07 AAA 048,Ford,Caddy,3,25.63,2024-02-05,91,22.76
07 AAA 048,Ford,Caddy,3,25.63,2024-02-06,66,21.7
07 AAA 048,Ford,Caddy,3,25.63,2024-02-07,237,88.43
07 AAA 048,Ford,Caddy,3,25.63,2024-02-08,55,20.99
07 AAA 048,Ford,Caddy,3,25.63,2024-02-09,229,73.25
07 AAA 048,Ford,Caddy,3,25.63,2024-02-10,175,38.92
07 AAA 048,Ford,Caddy,3,25.63,2024-02-11,244,55.81
07 AAA 048,Ford,Caddy,3,25.63,2024-02-12,196,62.85
07 AAA 048,Ford,Caddy,3,25.63,2024-02-13,233,52.38
07 AAA 048,Ford,Caddy,3,25.63,2024-02-14,77,24.25
07 AAA 048,Ford,Caddy,3,25.63,2024-02-15,120,31.32
07 AAA 048,Ford,Caddy,3,25.63,2024-02-16,91,21.67
07 AAA 048,Ford,Caddy,3,25.63,2024-02-17,105,36.7
07 AAA 048,Ford,Caddy,3,25.63,2024-02-18,162,44.68
07 AAA 048,Ford,Caddy,3,25.63,2024-02-19,261,79.41
07 AAA 048,Ford,Caddy,3,25.63,2024-02-20,56,21.26
07 AAA 048,Ford,Caddy,3,25.63,2024-02-21,177,45.5
07 AAA 048,Ford,Caddy,3,25.63,2024-02-22,104,39.56
07 AAA 048,Ford,Caddy,3,25.63,2024-02-23,238,86.16
07 AAA 048,Ford,Caddy,3,25.63,2024-02-24,210,53.53
07 AAA 048,Ford,Caddy,3,25.63,2024-02-25,103,21.74
07 AAA 048,Ford,Caddy,3,25.63,2024-02-26,41,9.57
07 AAA 048,Ford,Caddy,3,25.63,2024-02-27,44,14.98
07 AAA 048,Ford,Caddy,3,25.63,2024-02-28,210,52.45
07 AAA 048,Ford,Caddy,3,25.63,2024-02-29,163,58.46
07 AAA 048,Ford,Caddy,3,25.63,2024-03-01,192,62.29
07 AAA 048,Ford,Caddy,3,25.63,2024-03-02,61,14.98
07 AAA 048,Ford,Caddy,3,25.63,2024-03-03,277,100.36
07 AAA 048,Ford,Caddy,3,25.63,2024-03-04,52,17.08
07 AAA 048,Ford,Caddy,3,25.63,2024-03-05,146,31.01
07 AAA 048,Ford,Caddy,3,25.63,2024-03-06,147,55.32
07 AAA 048,Ford,Caddy,3,25.63,2024-03-07,153,54.46
07 AAA 048,Ford,Caddy,3,25.63,2024-03-08,70,20.54
07 AAA 048,Ford,Caddy,3,25.63,2024-03-09,182,43.63
07 AAA 048,Ford,Caddy,3,25.63,2024-03-10,57,17.17
07 AAA 048,Ford,Caddy,3,25.63,2024-03-11,111,41.99
07 AAA 048,Ford,Caddy,3,25.63,2024-03-12,185,70.07
07 AAA 048,Ford,Caddy,3,25.63,2024-03-13,176,63.16
07 AAA 048,Ford,Caddy,3,25.63,2024-03-14,107,23.5
07 AAA 048,Ford,Caddy,3,25.63,2024-03-15,181,66.47
07 AAA 048,Ford,Caddy,3,25.63,2024-03-16,51,15.25
07 AAA 048,Ford,Caddy,3,25.63,2024-03-17,276,73.69
07 AAA 048,Ford,Caddy,3,25.63,2024-03-18,296,73.11
07 AAA 048,Ford,Caddy,3,25.63,2024-03-19,70,21.32
07 AAA 048,Ford,Caddy,3,25.63,2024-03-20,257,90.72
07 AAA 048,Ford,Caddy,3,25.63,2024-03-21,280,74.83
07 AAA 048,Ford,Caddy,3,25.63,2024-03-22,265,85.76
07 AAA 048,Ford,Caddy,3,25.63,2024-03-23,243,61.36
07 AAA 048,Ford,Caddy,3,25.63,2024-03-24,281,71.34
07 AAA 048,Ford,Caddy,3,25.63,2024-03-25,82,26.96
07 AAA 048,Ford,Caddy,3,25.63,2024-03-26,93,35.33
07 AAA 048,Ford,Caddy,3,25.63,2024-03-27,266,99.18
07 AAA 048,Ford,Caddy,3,25.63,2024-03-28,56,16.25
07 AAA 048,Ford,Caddy,3,25.63,2024-03-29,134,37.64
07 AAA 048,Ford,Caddy,3,25.63,2024-03-30,192,68.4
07 AAA 048,Ford,Caddy,3,25.63,2024-03-31,152,57.35
07 AAA 048,Ford,Caddy,3,25.63,2024-04-01,254,72.11
07 AAA 048,Ford,Caddy,3,25.63,2024-04-02,242,79.43
07 AAA 048,Ford,Caddy,3,25.63,2024-04-03,225,76.62
07 AAA 048,Ford,Caddy,3,25.63,2024-04-04,154,53.47
07 AAA 048,Ford,Caddy,3,25.63,2024-04-05,90,25.9
07 AAA 048,Ford,Caddy,3,25.63,2024-04-06,55,19.59
07 AAA 048,Ford,Caddy,3,25.63,2024-04-07,85,28.27
07 AAA 048,Ford,Caddy,3,25.63,2024-04-08,264,75.21
07 AAA 048,Ford,Caddy,3,25.63,2024-04-09,86,26.94
07 AAA 048,Ford,Caddy,3,25.63,2024-04-10,42,15.98
07 AAA 048,Ford,Caddy,3,25.63,2024-04-11,148,45.16
07 AAA 048,Ford,Caddy,3,25.63,2024-04-12,215,58.46
07 AAA 048,Ford,Caddy,3,25.63,2024-04-13,244,84.87
07 AAA 048,Ford,Caddy,3,25.63,2024-04-14,151,47.53
07 AAA 048,Ford,Caddy,3,25.63,2024-04-15,187,46.06
07 AAA 048,Ford,Caddy,3,25.63,2024-04-16,135,27.98
07 AAA 048,Ford,Caddy,3,25.63,2024-04-17,80,24.48
07 AAA 048,Ford,Caddy,3,25.63,2024-04-18,165,55.85
07 AAA 048,Ford,Caddy,3,25.63,2024-04-19,245,61.74
07 AAA 048,Ford,Caddy,3,25.63,2024-04-20,145,43.78
07 AAA 048,Ford,Caddy,3,25.63,2024-04-21,174,61.24
07 AAA 048,Ford,Caddy,3,25.63,2024-04-22,137,29.65
07 AAA 048,Ford,Caddy,3,25.63,2024-04-23,111,35.6
07 AAA 048,Ford,Caddy,3,25.63,2024-04-24,246,85.73
07 AAA 048,Ford,Caddy,3,25.63,2024-04-25,210,59.38
07 AAA 048,Ford,Caddy,3,25.63,2024-04-26,67,15.04
07 AAA 048,Ford,Caddy,3,25.63,2024-04-27,279,57.55
07 AAA 048,Ford,Caddy,3,25.63,2024-04-28,85,18.56
07 AAA 048,Ford,Caddy,3,25.63,2024-04-29,85,26.3
07 AAA 049,Renault,Doblo,1,12.84,2024-01-01,249,33.93
07 AAA 049,Renault,Doblo,1,12.84,2024-01-02,220,25.51
07 AAA 049,Renault,Doblo,1,12.84,2024-01-03,224,28.17
07 AAA 049,Renault,Doblo,1,12.84,2024-01-04,157,20.76
07 AAA 049,Renault,Doblo,1,12.84,2024-01-05,208,24.51
07 AAA 049,Renault,Doblo,1,12.84,2024-01-06,203,36.36
07 AAA 049,Renault,Doblo,1,12.84,2024-01-07,155,23.86
07 AAA 049,Renault,Doblo,1,12.84,2024-01-08,196,31.28
07 AAA 049,Renault,Doblo,1,12.84,2024-01-09,201,26.77
07 AAA 049,Renault,Doblo,1,12.84,2024-01-10,131,20.56
07 AAA 049,Renault,Doblo,1,12.84,2024-01-11,44,5.42
07 AAA 049,Renault,Doblo,1,12.84,2024-01-12,206,21.43
07 AAA 049,Renault,Doblo,1,12.84,2024-01-13,247,42.49
07 AAA 049,Renault,Doblo,1,12.84,2024-01-14,162,30.77
07 AAA 049,Renault,Doblo,1,12.84,2024-01-15,154,16.42
07 AAA 049,Renault,Doblo,1,12.84,2024-01-16,259,45.85
07 AAA 049,Renault,Doblo,1,12.84,2024-01-17,190,27.22
07 AAA 049,Renault,Doblo,1,12.84,2024-01-18,132,24.42
07 AAA 049,Renault,Doblo,1,12.84,2024-01-19,286,39.95
07 AAA 049,Renault,Doblo,1,12.84,2024-01-20,226,33.73
07 AAA 049,Renault,Doblo,1,12.84,2024-01-21,245,27.07
07 AAA 049,Renault,Doblo,1,12.84,2024-01-22,139,15.74
07 AAA 049,Renault,Doblo,1,12.84,2024-01-23,106,11.66
07 AAA 049,Renault,Doblo,1,12.84,2024-01-24,257,34.73
07 AAA 049,Renault,Doblo,1,12.84,2024-01-25,215,37.38
07 AAA 049,Renault,Doblo,1,12.84,2024-01-26,266,50.68
07 AAA 049,Renault,Doblo,1,12.84,2024-01-27,194,35.32
07 AAA 049,Renault,Doblo,1,12.84,2024-01-28,127,19.24
07 AAA 049,Renault,Doblo,1,12.84,2024-01-29,279,30.19
07 AAA 049,Renault,Doblo,1,12.84,2024-01-30,196,32.37
07 AAA 049,Renault,Doblo,1,12.84,2024-01-31,56,7.35
07 AAA 049,Renault,Doblo,1,12.84,2024-02-01,189,19.91
07 AAA 049,Renault,Doblo,1,12.84,2024-02-02,232,31.69
07 AAA 049,Renault,Doblo,1,12.84,2024-02-03,206,39.5
07 AAA 049,Renault,Doblo,1,12.84,2024-02-04,190,23.49
07 AAA 049,Renault,Doblo,1,12.84,2024-02-05,95,17.62
07 AAA 049,Renault,Doblo,1,12.84,2024-02-06,96,13.14
07 AAA 049,Renault,Doblo,1,12.84,2024-02-07,246,27.95
07 AAA 049,Renault,Doblo,1,12.84,2024-02-08,72,7.68
07 AAA 049,Renault,Doblo,1,12.84,2024-02-09,299,41.96
07 AAA 049,Renault,Doblo,1,12.84,2024-02-10,123,22.32
07 AAA 049,Renault,Doblo,1,12.84,2024-02-11,112,12.62
07 AAA 049,Renault,Doblo,1,12.84,2024-02-12,104,13.44
07 AAA 049,Renault,Doblo,1,12.84,2024-02-13,162,19.06
07 AAA 049,Renault,Doblo,1,12.84,2024-02-14,125,12.98
07 AAA 049,Renault,Doblo,1,12.84,2024-02-15,249,36.98
07 AAA 049,Renault,Doblo,1,12.84,2024-02-16,251,44.32
07 AAA 049,Renault,Doblo,1,12.84,2024-02-17,74,9.83
07 AAA 049,Renault,Doblo,1,12.84,2024-02-18,255,33.76
07 AAA 049,Renault,Doblo,1,12.84,2024-02-19,235,26.12
07 AAA 049,Renault,Doblo,1,12.84,2024-02-20,108,20.6
07 AAA 049,Renault,Doblo,1,12.84,2024-02-21,91,10.92
07 AAA 049,Renault,Doblo,1,12.84,2024-02-22,239,28.51
07 AAA 049,Renault,Doblo,1,12.84,2024-02-23,154,15.87
07 AAA 049,Renault,Doblo,1,12.84,2024-02-24,299,54.04
07 AAA 049,Renault,Doblo,1,12.84,2024-02-25,262,47.96
07 AAA 049,Renault,Doblo,1,12.84,2024-02-26,277,32.63
07 AAA 049,Renault,Doblo,1,12.84,2024-02-27,137,17.6
07 AAA 049,Renault,Doblo,1,12.84,2024-02-28,107,18.39
07 AAA 049,Renault,Doblo,1,12.84,2024-02-29,208,36.99
07 AAA 049,Renault,Doblo,1,12.84,2024-03-01,65,7.83
07 AAA 049,Renault,Doblo,1,12.84,2024-03-02,257,38.4
07 AAA 049,Renault,Doblo,1,12.84,2024-03-03,189,31.62
07 AAA 049,Renault,Doblo,1,12.84,2024-03-04,201,24.61
07 AAA 049,Renault,Doblo,1,12.84,2024-03-05,65,10.61
07 AAA 049,Renault,Doblo,1,12.84,2024-03-06,193,36.9
07 AAA 049,Renault,Doblo,1,12.84,2024-03-07,266,39.91
07 AAA 049,Renault,Doblo,1,12.84,2024-03-08,225,28.36
07 AAA 049,Renault,Doblo,1,12.84,2024-03-09,163,17.85
07 AAA 049,Renault,Doblo,1,12.84,2024-03-10,40,6.06
07 AAA 049,Renault,Doblo,1,12.84,2024-03-11,214,31.58
07 AAA 049,Renault,Doblo,1,12.84,2024-03-12,73,7.61
07 AAA 049,Renault,Doblo,1,12.84,2024-03-13,215,24.97
07 AAA 049,Renault,Doblo,1,12.84,2024-03-14,163,26.72
07 AAA 049,Renault,Doblo,1,12.84,2024-03-15,166,24.79
07 AAA 049,Renault,Doblo,1,12.84,2024-03-16,269,34.73
07 AAA 049,Renault,Doblo,1,12.84,2024-03-17,102,18.79
07 AAA 049,Renault,Doblo,1,12.84,2024-03-18,84,9.19
07 AAA 049,Renault,Doblo,1,12.84,2024-03-19,266,47.21
07 AAA 049,Renault,Doblo,1,12.84,2024-03-20,113,18.57
07 AAA 049,Renault,Doblo,1,12.84,2024-03-21,40,6.98
07 AAA 049,Renault,Doblo,1,12.84,2024-03-22,49,8.32
07 AAA 049,Renault,Doblo,1,12.84,2024-03-23,295,53.39
07 AAA 049,Renault,Doblo,1,12.84,2024-03-24,128,13.95
07 AAA 049,Renault,Doblo,1,12.84,2024-03-25,249,47.86
07 AAA 049,Renault,Doblo,1,12.84,2024-03-26,40,4.56
07 AAA 049,Renault,Doblo,1,12.84,2024-03-27,259,31.82
07 AAA 049,Renault,Doblo,1,12.84,2024-03-28,276,28.97
07 AAA 049,Renault,Doblo,1,12.84,2024-03-29,88,11.33
07 AAA 049,Renault,Doblo,1,12.84,2024-03-30,110,11.35
07 AAA 049,Renault,Doblo,1,12.84,2024-03-31,105,20.0
07 AAA 049,Renault,Doblo,1,12.84,2024-04-01,199,34.23
07 AAA 049,Renault,Doblo,1,12.84,2024-04-02,270,51.7
07 AAA 049,Renault,Doblo,1,12.84,2024-04-03,76,11.37
07 AAA 049,Renault,Doblo,1,12.84,2024-04-04,266,46.28
07 AAA 049,Renault,Doblo,1,12.84,2024-04-05,243,42.59
07 AAA 049,Renault,Doblo,1,12.84,2024-04-06,93,13.67
07 AAA 049,Renault,Doblo,1,12.84,2024-04-07,114,13.62
07 AAA 049,Renault,Doblo,1,12.84,2024-04-08,240,27.22
07 AAA 049,Renault,Doblo,1,12.84,2024-04-09,61,8.92
07 AAA 049,Renault,Doblo,1,12.84,2024-04-10,164,28.6
07 AAA 049,Renault,Doblo,1,12.84,2024-04-11,87,12.09
07 AAA 049,Renault,Doblo,1,12.84,2024-04-12,158,17.67
07 AAA 049,Renault,Doblo,1,12.84,2024-04-13,73,13.82
07 AAA 049,Renault,Doblo,1,12.84,2024-04-14,196,25.42
07 AAA 049,Renault,Doblo,1,12.84,2024-04-15,137,25.61
07 AAA 049,Renault,Doblo,1,12.84,2024-04-16,174,33.32
07 AAA 049,Renault,Doblo,1,12.84,2024-04-17,203,31.38
07 AAA 049,Renault,Doblo,1,12.84,2024-04-18,144,23.15
07 AAA 049,Renault,Doblo,1,12.84,2024-04-19,241,33.8
07 AAA 049,Renault,Doblo,1,12.84,2024-04-20,246,36.82
07 AAA 049,Renault,Doblo,1,12.84,2024-04-21,242,41.6
07 AAA 049,Renault,Doblo,1,12.84,2024-04-22,74,8.18
07 AAA 049,Renault,Doblo,1,12.84,2024-04-23,251,28.66
07 AAA 049,Renault,Doblo,1,12.84,2024-04-24,197,37.61
07 AAA 049,Renault,Doblo,1,12.84,2024-04-25,233,30.39
07 AAA 049,Renault,Doblo,1,12.84,2024-04-26,220,33.21
07 AAA 049,Renault,Doblo,1,12.84,2024-04-27,51,5.86
07 AAA 049,Renault,Doblo,1,12.84,2024-04-28,106,16.73
07 AAA 049,Renault,Doblo,1,12.84,2024-04-29,164,30.14
07 AAA 050,Fiat,Caddy,3,24.18,2024-01-01,131,30.67
07 AAA 050,Fiat,Caddy,3,24.18,2024-01-02,81,24.3
07 AAA 050,Fiat,Caddy,3,24.18,2024-01-03,181,44.52
07 AAA 050,Fiat,Caddy,3,24.18,2024-01-04,168,60.74
07 AAA 050,Fiat,Caddy,3,24.18,2024-01-05,185,48.43
07 AAA 050,Fiat,Caddy,3,24.18,2024-01-06,266,52.71
07 AAA 050,Fiat,Caddy,3,24.18,2024-01-07,167,58.65
07 AAA 050,Fiat,Caddy,3,24.18,2024-01-08,116,41.44
07 AAA 050,Fiat,Caddy,3,24.18,2024-01-09,283,68.92
07 AAA 050,Fiat,Caddy,3,24.18,2024-01-10,137,27.68
07 AAA 050,Fiat,Caddy,3,24.18,2024-01-11,270,97.18
07 AAA 050,Fiat,Caddy,3,24.18,2024-01-12,63,18.41
07 AAA 050,Fiat,Caddy,3,24.18,2024-01-13,217,56.03
07 AAA 050,Fiat,Caddy,3,24.18,2024-01-14,141,38.33
07 AAA 050,Fiat,Caddy,3,24.18,2024-01-15,227,59.87
07 AAA 050,Fiat,Caddy,3,24.18,2024-01-16,217,45.62
07 AAA 050,Fiat,Caddy,3,24.18,2024-01-17,75,20.41
07 AAA 050,Fiat,Caddy,3,24.18,2024-01-18,245,76.74
07 AAA 050,Fiat,Caddy,3,24.18,2024-01-19,90,19.46
07 AAA 050,Fiat,Caddy,3,24.18,2024-01-20,264,58.64
07 AAA 050,Fiat,Caddy,3,24.18,2024-01-21,211,45.72
07 AAA 050,Fiat,Caddy,3,24.18,2024-01-22,276,78.5
07 AAA 050,Fiat,Caddy,3,24.18,2024-01-23,242,82.33
07 AAA 050,Fiat,Caddy,3,24.18,2024-01-24,283,80.52
07 AAA 050,Fiat,Caddy,3,24.18,2024-01-25,91,27.66
07 AAA 050,Fiat,Caddy,3,24.18,2024-01-26,85,22.58
07 AAA 050,Fiat,Caddy,3,24.18,2024-01-27,298,96.84
07 AAA 050,Fiat,Caddy,3,24.18,2024-01-28,276,78.53
07 AAA 050,Fiat,Caddy,3,24.18,2024-01-29,210,40.84
07 AAA 050,Fiat,Caddy,3,24.18,2024-01-30,284,102.3
07 AAA 050,Fiat,Caddy,3,24.18,2024-01-31,273,68.44
07 AAA 050,Fiat,Caddy,3,24.18,2024-02-01,190,47.71
07 AAA 050,Fiat,Caddy,3,24.18,2024-02-02,179,38.89
07 AAA 050,Fiat,Caddy,3,24.18,2024-02-03,41,9.88
07 AAA 050,Fiat,Caddy,3,24.18,2024-02-04,115,32.16
07 AAA 050,Fiat,Caddy,3,24.18,2024-02-05,187,63.17
07 AAA 050,Fiat,Caddy,3,24.18,2024-02-06,211,55.14
07 AAA 050,Fiat,Caddy,3,24.18,2024-02-07,290,70.82
07 AAA 050,Fiat,Caddy,3,24.18,2024-02-08,56,11.36
07 AAA 050,Fiat,Caddy,3,24.18,2024-02-09,197,50.25
07 AAA 050,Fiat,Caddy,3,24.18,2024-02-10,129,29.42
07 AAA 050,Fiat,Caddy,3,24.18,2024-02-11,138,48.5
07 AAA 050,Fiat,Caddy,3,24.18,2024-02-12,66,17.95
07 AAA 050,Fiat,Caddy,3,24.18,2024-02-13,114,31.82
07 AAA 050,Fiat,Caddy,3,24.18,2024-02-14,213,56.48
07 AAA 050,Fiat,Caddy,3,24.18,2024-02-15,69,21.72
07 AAA 050,Fiat,Caddy,3,24.18,2024-02-16,190,56.32
07 AAA 050,Fiat,Caddy,3,24.18,2024-02-17,295,92.33
07 AAA 050,Fiat,Caddy,3,24.18,2024-02-18,94,31.91
07 AAA 050,Fiat,Caddy,3,24.18,2024-02-19,239,69.4
07 AAA 050,Fiat,Caddy,3,24.18,2024-02-20,181,44.85
07 AAA 050,Fiat,Caddy,3,24.18,2024-02-21,275,59.44
07 AAA 050,Fiat,Caddy,3,24.18,2024-02-22,263,89.46
07 AAA 050,Fiat,Caddy,3,24.18,2024-02-23,171,52.38
07 AAA 050,Fiat,Caddy,3,24.18,2024-02-24,209,60.88
07 AAA 050,Fiat,Caddy,3,24.18,2024-02-25,217,47.98
07 AAA 050,Fiat,Caddy,3,24.18,2024-02-26,210,48.15
07 AAA 050,Fiat,Caddy,3,24.18,2024-02-27,205,53.53
07 AAA 050,Fiat,Caddy,3,24.18,2024-02-28,193,56.68
07 AAA 050,Fiat,Caddy,3,24.18,2024-02-29,232,45.83
07 AAA 050,Fiat,Caddy,3,24.18,2024-03-01,93,19.8
07 AAA 050,Fiat,Caddy,3,24.18,2024-03-02,167,44.69
07 AAA 050,Fiat,Caddy,3,24.18,2024-03-03,239,51.52
07 AAA 050,Fiat,Caddy,3,24.18,2024-03-04,241,49.0
07 AAA 050,Fiat,Caddy,3,24.18,2024-03-05,161,31.25
07 AAA 050,Fiat,Caddy,3,24.18,2024-03-06,160,48.34
07 AAA 050,Fiat,Caddy,3,24.18,2024-03-07,211,65.21
07 AAA 050,Fiat,Caddy,3,24.18,2024-03-08,114,26.45
07 AAA 050,Fiat,Caddy,3,24.18,2024-03-09,192,42.45
07 AAA 050,Fiat,Caddy,3,24.18,2024-03-10,169,58.95
07 AAA 050,Fiat,Caddy,3,24.18,2024-03-11,109,37.53
07 AAA 050,Fiat,Caddy,3,24.18,2024-03-12,86,23.96
07 AAA 050,Fiat,Caddy,3,24.18,2024-03-13,219,75.65
07 AAA 050,Fiat,Caddy,3,24.18,2024-03-14,131,46.63
07 AAA 050,Fiat,Caddy,3,24.18,2024-03-15,177,43.65
07 AAA 050,Fiat,Caddy,3,24.18,2024-03-16,217,51.18
07 AAA 050,Fiat,Caddy,3,24.18,2024-03-17,138,36.14
07 AAA 050,Fiat,Caddy,3,24.18,2024-03-18,80,27.49
07 AAA 050,Fiat,Caddy,3,24.18,2024-03-19,110,35.22
07 AAA 050,Fiat,Caddy,3,24.18,2024-03-20,262,75.45
07 AAA 050,Fiat,Caddy,3,24.18,2024-03-21,173,58.19
07 AAA 050,Fiat,Caddy,3,24.18,2024-03-22,223,62.08
07 AAA 050,Fiat,Caddy,3,24.18,2024-03-23,264,65.94
07 AAA 050,Fiat,Caddy,3,24.18,2024-03-24,172,54.92
07 AAA 050,Fiat,Caddy,3,24.18,2024-03-25,47,16.57
07 AAA 050,Fiat,Caddy,3,24.18,2024-03-26,201,50.99
07 AAA 050,Fiat,Caddy,3,24.18,2024-03-27,182,60.12
07 AAA 050,Fiat,Caddy,3,24.18,2024-03-28,259,67.71
07 AAA 050,Fiat,Caddy,3,24.18,2024-03-29,101,23.67
07 AAA 050,Fiat,Caddy,3,24.18,2024-03-30,128,39.93
07 AAA 050,Fiat,Caddy,3,24.18,2024-03-31,149,49.57
07 AAA 050,Fiat,Caddy,3,24.18,2024-04-01,56,11.99
07 AAA 050,Fiat,Caddy,3,24.18,2024-04-02,127,45.16
07 AAA 050,Fiat,Caddy,3,24.18,2024-04-03,229,65.84
07 AAA 050,Fiat,Caddy,3,24.18,2024-04-04,210,72.34
07 AAA 050,Fiat,Caddy,3,24.18,2024-04-05,219,68.68
07 AAA 050,Fiat,Caddy,3,24.18,2024-04-06,168,51.76
07 AAA 050,Fiat,Caddy,3,24.18,2024-04-07,53,12.03
07 AAA 050,Fiat,Caddy,3,24.18,2024-04-08,114,22.62
07 AAA 050,Fiat,Caddy,3,24.18,2024-04-09,197,62.25
07 AAA 050,Fiat,Caddy,3,24.18,2024-04-10,243,64.49
07 AAA 050,Fiat,Caddy,3,24.18,2024-04-11,266,66.1
07 AAA 050,Fiat,Caddy,3,24.18,2024-04-12,265,71.13
07 AAA 050,Fiat,Caddy,3,24.18,2024-04-13,262,84.04
07 AAA 050,Fiat,Caddy,3,24.18,2024-04-14,249,63.35
07 AAA 050,Fiat,Caddy,3,24.18,2024-04-15,118,22.92
07 AAA 050,Fiat,Caddy,3,24.18,2024-04-16,207,40.17
07 AAA 050,Fiat,Caddy,3,24.18,2024-04-17,163,48.95
07 AAA 050,Fiat,Caddy,3,24.18,2024-04-18,96,31.62
07 AAA 050,Fiat,Caddy,3,24.18,2024-04-19,241,76.74
07 AAA 050,Fiat,Caddy,3,24.18,2024-04-20,173,47.02
07 AAA 050,Fiat,Caddy,3,24.18,2024-04-21,271,66.49
07 AAA 050,Fiat,Caddy,3,24.18,2024-04-22,88,30.62
07 AAA 050,Fiat,Caddy,3,24.18,2024-04-23,81,23.4
07 AAA 050,Fiat,Caddy,3,24.18,2024-04-24,105,35.1
07 AAA 050,Fiat,Caddy,3,24.18,2024-04-25,95,22.14
07 AAA 050,Fiat,Caddy,3,24.18,2024-04-26,165,53.63
07 AAA 050,Fiat,Caddy,3,24.18,2024-04-27,254,88.55
07 AAA 050,Fiat,Caddy,3,24.18,2024-04-28,146,32.5
07 AAA 050,Fiat,Caddy,3,24.18,2024-04-29,154,51.84
07 AAA 051,Renault,Doblo,4,8.03,2024-01-01,152,13.24
07 AAA 051,Renault,Doblo,4,8.03,2024-01-02,149,12.14
07 AAA 051,Renault,Doblo,4,8.03,2024-01-03,57,6.3
07 AAA 051,Renault,Doblo,4,8.03,2024-01-04,68,5.85
07 AAA 051,Renault,Doblo,4,8.03,2024-01-05,159,18.29
07 AAA 051,Renault,Doblo,4,8.03,2024-01-06,147,12.95
07 AAA 051,Renault,Doblo,4,8.03,2024-01-07,118,8.13
07 AAA 051,Renault,Doblo,4,8.03,2024-01-08,177,16.45
07 AAA 051,Renault,Doblo,4,8.03,2024-01-09,49,5.59
07 AAA 051,Renault,Doblo,4,8.03,2024-01-10,176,14.44
07 AAA 051,Renault,Doblo,4,8.03,2024-01-11,172,16.86
07 AAA 051,Renault,Doblo,4,8.03,2024-01-12,40,3.18
07 AAA 051,Renault,Doblo,4,8.03,2024-01-13,291,34.99
07 AAA 051,Renault,Doblo,4,8.03,2024-01-14,258,18.55
07 AAA 051,Renault,Doblo,4,8.03,2024-01-15,151,14.97
07 AAA 051,Renault,Doblo,4,8.03,2024-01-16,105,11.31
07 AAA 051,Renault,Doblo,4,8.03,2024-01-17,161,10.87
07 AAA 051,Renault,Doblo,4,8.03,2024-01-18,214,20.06
07 AAA 051,Renault,Doblo,4,8.03,2024-01-19,272,30.49
07 AAA 051,Renault,Doblo,4,8.03,2024-01-20,278,17.93
07 AAA 051,Renault,Doblo,4,8.03,2024-01-21,238,18.36
07 AAA 051,Renault,Doblo,4,8.03,2024-01-22,86,7.49
07 AAA 051,Renault,Doblo,4,8.03,2024-01-23,275,20.52
07 AAA 051,Renault,Doblo,4,8.03,2024-01-24,94,7.25
07 AAA 051,Renault,Doblo,4,8.03,2024-01-25,40,4.78
07 AAA 051,Renault,Doblo,4,8.03,2024-01-26,115,12.95
07 AAA 051,Renault,Doblo,4,8.03,2024-01-27,221,21.59
07 AAA 051,Renault,Doblo,4,8.03,2024-01-28,203,20.79
07 AAA 051,Renault,Doblo,4,8.03,2024-01-29,172,16.07
07 AAA 051,Renault,Doblo,4,8.03,2024-01-30,41,4.78
07 AAA 051,Renault,Doblo,4,8.03,2024-01-31,115,10.7
07 AAA 051,Renault,Doblo,4,8.03,2024-02-01,89,8.44
07 AAA 051,Renault,Doblo,4,8.03,2024-02-02,107,12.34
07 AAA 051,Renault,Doblo,4,8.03,2024-02-03,250,26.51
07 AAA 051,Renault,Doblo,4,8.03,2024-02-04,299,20.79
07 AAA 051,Renault,Doblo,4,8.03,2024-02-05,199,19.3
07 AAA 051,Renault,Doblo,4,8.03,2024-02-06,284,32.43
07 AAA 051,Renault,Doblo,4,8.03,2024-02-07,129,12.48
07 AAA 051,Renault,Doblo,4,8.03,2024-02-08,150,15.55
07 AAA 051,Renault,Doblo,4,8.03,2024-02-09,123,13.68
07 AAA 051,Renault,Doblo,4,8.03,2024-02-10,176,11.92
07 AAA 051,Renault,Doblo,4,8.03,2024-02-11,80,7.84
07 AAA 051,Renault,Doblo,4,8.03,2024-02-12,126,10.45
07 AAA 051,Renault,Doblo,4,8.03,2024-02-13,95,7.11
07 AAA 051,Renault,Doblo,4,8.03,2024-02-14,265,21.32
07 AAA 051,Renault,Doblo,4,8.03,2024-02-15,93,9.93
07 AAA 051,Renault,Doblo,4,8.03,2024-02-16,43,3.94
07 AAA 051,Renault,Doblo,4,8.03,2024-02-17,63,6.03
07 AAA 051,Renault,Doblo,4,8.03,2024-02-18,50,3.56
07 AAA 051,Renault,Doblo,4,8.03,2024-02-19,72,4.71
07 AAA 051,Renault,Doblo,4,8.03,2024-02-20,274,24.03
07 AAA 051,Renault,Doblo,4,8.03,2024-02-21,61,4.11
07 AAA 051,Renault,Doblo,4,8.03,2024-02-22,218,18.63
07 AAA 051,Renault,Doblo,4,8.03,2024-02-23,151,17.59
07 AAA 051,Renault,Doblo,4,8.03,2024-02-24,297,21.75
07 AAA 051,Renault,Doblo,4,8.03,2024-02-25,75,5.13
07 AAA 051,Renault,Doblo,4,8.03,2024-02-26,85,8.97
07 AAA 051,Renault,Doblo,4,8.03,2024-02-27,76,6.1
07 AAA 051,Renault,Doblo,4,8.03,2024-02-28,226,17.93
07 AAA 051,Renault,Doblo,4,8.03,2024-02-29,286,27.1
07 AAA 051,Renault,Doblo,4,8.03,2024-03-01,149,13.86
07 AAA 051,Renault,Doblo,4,8.03,2024-03-02,218,20.08
07 AAA 051,Renault,Doblo,4,8.03,2024-03-03,249,25.53
07 AAA 051,Renault,Doblo,4,8.03,2024-03-04,260,18.61
07 AAA 051,Renault,Doblo,4,8.03,2024-03-05,152,13.89
07 AAA 051,Renault,Doblo,4,8.03,2024-03-06,84,7.97
07 AAA 051,Renault,Doblo,4,8.03,2024-03-07,249,24.0
07 AAA 051,Renault,Doblo,4,8.03,2024-03-08,64,5.33
07 AAA 051,Renault,Doblo,4,8.03,2024-03-09,56,4.41
07 AAA 051,Renault,Doblo,4,8.03,2024-03-10,94,6.08
07 AAA 051,Renault,Doblo,4,8.03,2024-03-11,111,10.88
07 AAA 051,Renault,Doblo,4,8.03,2024-03-12,72,5.5
07 AAA 051,Renault,Doblo,4,8.03,2024-03-13,204,24.2
07 AAA 051,Renault,Doblo,4,8.03,2024-03-14,188,17.81
07 AAA 051,Renault,Doblo,4,8.03,2024-03-15,99,11.21
07 AAA 051,Renault,Doblo,4,8.03,2024-03-16,111,12.52
07 AAA 051,Renault,Doblo,4,8.03,2024-03-17,134,15.16
07 AAA 051,Renault,Doblo,4,8.03,2024-03-18,143,15.2
07 AAA 051,Renault,Doblo,4,8.03,2024-03-19,213,20.77
07 AAA 051,Renault,Doblo,4,8.03,2024-03-20,229,19.81
07 AAA 051,Renault,Doblo,4,8.03,2024-03-21,173,12.98
07 AAA 051,Renault,Doblo,4,8.03,2024-03-22,195,13.43
07 AAA 051,Renault,Doblo,4,8.03,2024-03-23,123,8.57
07 AAA 051,Renault,Doblo,4,8.03,2024-03-24,91,9.25
07 AAA 051,Renault,Doblo,4,8.03,2024-03-25,193,14.46
07 AAA 051,Renault,Doblo,4,8.03,2024-03-26,104,7.99
07 AAA 051,Renault,Doblo,4,8.03,2024-03-27,257,25.69
07 AAA 051,Renault,Doblo,4,8.03,2024-03-28,112,11.4
07 AAA 051,Renault,Doblo,4,8.03,2024-03-29,124,8.93
07 AAA 051,Renault,Doblo,4,8.03,2024-03-30,121,8.87
07 AAA 051,Renault,Doblo,4,8.03,2024-03-31,110,11.86
07 AAA 051,Renault,Doblo,4,8.03,2024-04-01,44,4.59
07 AAA 051,Renault,Doblo,4,8.03,2024-04-02,197,21.61
07 AAA 051,Renault,Doblo,4,8.03,2024-04-03,98,10.98
07 AAA 051,Renault,Doblo,4,8.03,2024-04-04,208,18.82
07 AAA 051,Renault,Doblo,4,8.03,2024-04-05,143,14.62
07 AAA 051,Renault,Doblo,4,8.03,2024-04-06,157,16.02
07 AAA 051,Renault,Doblo,4,8.03,2024-04-07,52,4.83
07 AAA 051,Renault,Doblo,4,8.03,2024-04-08,254,29.42
07 AAA 051,Renault,Doblo,4,8.03,2024-04-09,170,19.82
07 AAA 051,Renault,Doblo,4,8.03,2024-04-10,266,26.27
07 AAA 051,Renault,Doblo,4,8.03,2024-04-11,202,14.49
07 AAA 051,Renault,Doblo,4,8.03,2024-04-12,183,15.94
07 AAA 051,Renault,Doblo,4,8.03,2024-04-13,133,10.79
07 AAA 051,Renault,Doblo,4,8.03,2024-04-14,184,17.24
07 AAA 051,Renault,Doblo,4,8.03,2024-04-15,190,19.84
07 AAA 051,Renault,Doblo,4,8.03,2024-04-16,195,14.9
07 AAA 051,Renault,Doblo,4,8.03,2024-04-17,244,20.49
07 AAA 051,Renault,Doblo,4,8.03,2024-04-18,284,27.53
07 AAA 051,Renault,Doblo,4,8.03,2024-04-19,106,8.17
07 AAA 051,Renault,Doblo,4,8.03,2024-04-20,209,17.66
07 AAA 051,Renault,Doblo,4,8.03,2024-04-21,77,8.67
07 AAA 051,Renault,Doblo,4,8.03,2024-04-22,204,21.56
07 AAA 051,Renault,Doblo,4,8.03,2024-04-23,138,13.16
07 AAA 051,Renault,Doblo,4,8.03,2024-04-24,207,18.45
07 AAA 051,Renault,Doblo,4,8.03,2024-04-25,58,6.53
07 AAA 051,Renault,Doblo,4,8.03,2024-04-26,199,19.92
07 AAA 051,Renault,Doblo,4,8.03,2024-04-27,271,18.99
07 AAA 051,Renault,Doblo,4,8.03,2024-04-28,267,29.74
07 AAA 051,Renault,Doblo,4,8.03,2024-04-29,45,3.78
07 AAA 052,Ford,Boxer,4,7.02,2024-01-01,178,13.6
07 AAA 052,Ford,Boxer,4,7.02,2024-01-02,62,5.12
07 AAA 052,Ford,Boxer,4,7.02,2024-01-03,237,16.99
07 AAA 052,Ford,Boxer,4,7.02,2024-01-04,236,13.8
07 AAA 052,Ford,Boxer,4,7.02,2024-01-05,183,17.87
07 AAA 052,Ford,Boxer,4,7.02,2024-01-06,65,5.63
07 AAA 052,Ford,Boxer,4,7.02,2024-01-07,220,18.34
07 AAA 052,Ford,Boxer,4,7.02,2024-01-08,98,10.21
07 AAA 052,Ford,Boxer,4,7.02,2024-01-09,60,5.14
07 AAA 052,Ford,Boxer,4,7.02,2024-01-10,113,8.91
07 AAA 052,Ford,Boxer,4,7.02,2024-01-11,151,13.87
07 AAA 052,Ford,Boxer,4,7.02,2024-01-12,95,7.92
07 AAA 052,Ford,Boxer,4,7.02,2024-01-13,78,4.75
07 AAA 052,Ford,Boxer,4,7.02,2024-01-14,115,10.35
07 AAA 052,Ford,Boxer,4,7.02,2024-01-15,88,5.89
07 AAA 052,Ford,Boxer,4,7.02,2024-01-16,187,14.0
07 AAA 052,Ford,Boxer,4,7.02,2024-01-17,79,7.7
07 AAA 052,Ford,Boxer,4,7.02,2024-01-18,64,4.06
07 AAA 052,Ford,Boxer,4,7.02,2024-01-19,71,6.63
07 AAA 052,Ford,Boxer,4,7.02,2024-01-20,279,15.69
07 AAA 052,Ford,Boxer,4,7.02,2024-01-21,235,16.7
07 AAA 052,Ford,Boxer,4,7.02,2024-01-22,126,8.48
07 AAA 052,Ford,Boxer,4,7.02,2024-01-23,104,8.95
07 AAA 052,Ford,Boxer,4,7.02,2024-01-24,159,14.07
07 AAA 052,Ford,Boxer,4,7.02,2024-01-25,132,12.89
07 AAA 052,Ford,Boxer,4,7.02,2024-01-26,174,17.72
07 AAA 052,Ford,Boxer,4,7.02,2024-01-27,257,19.6
07 AAA 052,Ford,Boxer,4,7.02,2024-01-28,140,10.65
07 AAA 052,Ford,Boxer,4,7.02,2024-01-29,285,16.4
07 AAA 052,Ford,Boxer,4,7.02,2024-01-30,65,4.28
07 AAA 052,Ford,Boxer,4,7.02,2024-01-31,113,8.57
07 AAA 052,Ford,Boxer,4,7.02,2024-02-01,293,27.88
07 AAA 052,Ford,Boxer,4,7.02,2024-02-02,134,11.4
07 AAA 052,Ford,Boxer,4,7.02,2024-02-03,267,17.63
07 AAA 052,Ford,Boxer,4,7.02,2024-02-04,49,4.26
07 AAA 052,Ford,Boxer,4,7.02,2024-02-05,136,9.03
07 AAA 052,Ford,Boxer,4,7.02,2024-02-06,176,11.24
07 AAA 052,Ford,Boxer,4,7.02,2024-02-07,284,23.29
07 AAA 052,Ford,Boxer,4,7.02,2024-02-08,167,11.16
07 AAA 052,Ford,Boxer,4,7.02,2024-02-09,196,16.13
07 AAA 052,Ford,Boxer,4,7.02,2024-02-10,182,10.77
07 AAA 052,Ford,Boxer,4,7.02,2024-02-11,278,23.07
07 AAA 052,Ford,Boxer,4,7.02,2024-02-12,48,4.57
07 AAA 052,Ford,Boxer,4,7.02,2024-02-13,144,9.49
07 AAA 052,Ford,Boxer,4,7.02,2024-02-14,183,10.62
07 AAA 052,Ford,Boxer,4,7.02,2024-02-15,121,9.78
07 AAA 052,Ford,Boxer,4,7.02,2024-02-16,262,22.35
07 AAA 052,Ford,Boxer,4,7.02,2024-02-17,160,15.57
07 AAA 052,Ford,Boxer,4,7.02,2024-02-18,146,10.27
07 AAA 052,Ford,Boxer,4,7.02,2024-02-19,124,11.48
07 AAA 052,Ford,Boxer,4,7.02,2024-02-20,197,19.14
07 AAA 052,Ford,Boxer,4,7.02,2024-02-21,178,11.6
07 AAA 052,Ford,Boxer,4,7.02,2024-02-22,184,14.23
07 AAA 052,Ford,Boxer,4,7.02,2024-02-23,190,14.75
07 AAA 052,Ford,Boxer,4,7.02,2024-02-24,103,6.39
07 AAA 052,Ford,Boxer,4,7.02,2024-02-25,265,17.39
07 AAA 052,Ford,Boxer,4,7.02,2024-02-26,220,12.46
07 AAA 052,Ford,Boxer,4,7.02,2024-02-27,198,12.13
07 AAA 052,Ford,Boxer,4,7.02,2024-02-28,101,6.68
07 AAA 052,Ford,Boxer,4,7.02,2024-02-29,85,8.74
07 AAA 052,Ford,Boxer,4,7.02,2024-03-01,60,4.12
07 AAA 052,Ford,Boxer,4,7.02,2024-03-02,92,6.96
07 AAA 052,Ford,Boxer,4,7.02,2024-03-03,80,4.57
07 AAA 052,Ford,Boxer,4,7.02,2024-03-04,205,13.68
07 AAA 052,Ford,Boxer,4,7.02,2024-03-05,162,12.46
07 AAA 052,Ford,Boxer,4,7.02,2024-03-06,208,16.13
07 AAA 052,Ford,Boxer,4,7.02,2024-03-07,110,8.89
07 AAA 052,Ford,Boxer,4,7.02,2024-03-08,297,27.22
07 AAA 052,Ford,Boxer,4,7.02,2024-03-09,77,6.34
07 AAA 052,Ford,Boxer,4,7.02,2024-03-10,241,15.97
07 AAA 052,Ford,Boxer,4,7.02,2024-03-11,298,30.7
07 AAA 052,Ford,Boxer,4,7.02,2024-03-12,92,8.76
07 AAA 052,Ford,Boxer,4,7.02,2024-03-13,143,9.05
07 AAA 052,Ford,Boxer,4,7.02,2024-03-14,216,18.29
07 AAA 052,Ford,Boxer,4,7.02,2024-03-15,173,12.12
07 AAA 052,Ford,Boxer,4,7.02,2024-03-16,43,3.49
07 AAA 052,Ford,Boxer,4,7.02,2024-03-17,56,4.31
07 AAA 052,Ford,Boxer,4,7.02,2024-03-18,125,12.5
07 AAA 052,Ford,Boxer,4,7.02,2024-03-19,215,19.52
07 AAA 052,Ford,Boxer,4,7.02,2024-03-20,268,23.23
07 AAA 052,Ford,Boxer,4,7.02,2024-03-21,106,9.36
07 AAA 052,Ford,Boxer,4,7.02,2024-03-22,69,6.23
07 AAA 052,Ford,Boxer,4,7.02,2024-03-23,111,7.8
07 AAA 052,Ford,Boxer,4,7.02,2024-03-24,56,5.79
07 AAA 052,Ford,Boxer,4,7.02,2024-03-25,60,3.61
07 AAA 052,Ford,Boxer,4,7.02,2024-03-26,143,8.82
07 AAA 052,Ford,Boxer,4,7.02,2024-03-27,122,10.69
07 AAA 052,Ford,Boxer,4,7.02,2024-03-28,206,12.77
07 AAA 052,Ford,Boxer,4,7.02,2024-03-29,144,8.16
07 AAA 052,Ford,Boxer,4,7.02,2024-03-30,120,7.08
07 AAA 052,Ford,Boxer,4,7.02,2024-03-31,264,26.52
07 AAA 052,Ford,Boxer,4,7.02,2024-04-01,43,3.27
07 AAA 052,Ford,Boxer,4,7.02,2024-04-02,220,18.18
07 AAA 052,Ford,Boxer,4,7.02,2024-04-03,176,18.36
07 AAA 052,Ford,Boxer,4,7.02,2024-04-04,57,5.2
07 AAA 052,Ford,Boxer,4,7.02,2024-04-05,229,20.91
07 AAA 052,Ford,Boxer,4,7.02,2024-04-06,239,23.0
07 AAA 052,Ford,Boxer,4,7.02,2024-04-07,67,6.29
07 AAA 052,Ford,Boxer,4,7.02,2024-04-08,260,21.9
07 AAA 052,Ford,Boxer,4,7.02,2024-04-09,189,16.37
07 AAA 052,Ford,Boxer,4,7.02,2024-04-10,96,9.06
07 AAA 052,Ford,Boxer,4,7.02,2024-04-11,235,18.95
07 AAA 052,Ford,Boxer,4,7.02,2024-04-12,176,11.42
07 AAA 052,Ford,Boxer,4,7.02,2024-04-13,72,6.64
07 AAA 052,Ford,Boxer,4,7.02,2024-04-14,240,18.81
07 AAA 052,Ford,Boxer,4,7.02,2024-04-15,117,10.11
07 AAA 052,Ford,Boxer,4,7.02,2024-04-16,180,16.41
07 AAA 052,Ford,Boxer,4,7.02,2024-04-17,92,8.78
07 AAA 052,Ford,Boxer,4,7.02,2024-04-18,260,16.96
07 AAA 052,Ford,Boxer,4,7.02,2024-04-19,130,7.48
07 AAA 052,Ford,Boxer,4,7.02,2024-04-20,141,10.05
07 AAA 052,Ford,Boxer,4,7.02,2024-04-21,249,15.63
07 AAA 052,Ford,Boxer,4,7.02,2024-04-22,257,26.5
07 AAA 052,Ford,Boxer,4,7.02,2024-04-23,57,4.64
07 AAA 052,Ford,Boxer,4,7.02,2024-04-24,205,18.09
07 AAA 052,Ford,Boxer,4,7.02,2024-04-25,283,20.67
07 AAA 052,Ford,Boxer,4,7.02,2024-04-26,280,25.01
07 AAA 052,Ford,Boxer,4,7.02,2024-04-27,52,4.66
07 AAA 052,Ford,Boxer,4,7.02,2024-04-28,66,6.5
07 AAA 052,Ford,Boxer,4,7.02,2024-04-29,126,12.67
07 AAA 053,Fiat,Atego,4,7.67,2024-01-01,223,14.85
07 AAA 053,Fiat,Atego,4,7.67,2024-01-02,275,18.78
07 AAA 053,Fiat,Atego,4,7.67,2024-01-03,89,7.15
07 AAA 053,Fiat,Atego,4,7.67,2024-01-04,83,7.9
07 AAA 053,Fiat,Atego,4,7.67,2024-01-05,178,18.0
07 AAA 053,Fiat,Atego,4,7.67,2024-01-06,282,27.07
07 AAA 053,Fiat,Atego,4,7.67,2024-01-07,130,10.58
07 AAA 053,Fiat,Atego,4,7.67,2024-01-08,67,7.64
07 AAA 053,Fiat,Atego,4,7.67,2024-01-09,98,7.75
07 AAA 053,Fiat,Atego,4,7.67,2024-01-10,210,23.25
07 AAA 053,Fiat,Atego,4,7.67,2024-01-11,159,15.39
07 AAA 053,Fiat,Atego,4,7.67,2024-01-12,134,14.58
07 AAA 053,Fiat,Atego,4,7.67,2024-01-13,92,6.94
07 AAA 053,Fiat,Atego,4,7.67,2024-01-14,90,10.19
07 AAA 053,Fiat,Atego,4,7.67,2024-01-15,86,8.28
07 AAA 053,Fiat,Atego,4,7.67,2024-01-16,62,6.27
07 AAA 053,Fiat,Atego,4,7.67,2024-01-17,63,5.65
07 AAA 053,Fiat,Atego,4,7.67,2024-01-18,269,22.24
07 AAA 053,Fiat,Atego,4,7.67,2024-01-19,86,9.43
07 AAA 053,Fiat,Atego,4,7.67,2024-01-20,101,6.58
07 AAA 053,Fiat,Atego,4,7.67,2024-01-21,198,19.31
07 AAA 053,Fiat,Atego,4,7.67,2024-01-22,109,10.59
07 AAA 053,Fiat,Atego,4,7.67,2024-01-23,84,6.73
07 AAA 053,Fiat,Atego,4,7.67,2024-01-24,155,11.26
07 AAA 053,Fiat,Atego,4,7.67,2024-01-25,284,23.34
07 AAA 053,Fiat,Atego,4,7.67,2024-01-26,42,3.16
07 AAA 053,Fiat,Atego,4,7.67,2024-01-27,205,15.65
07 AAA 053,Fiat,Atego,4,7.67,2024-01-28,293,31.3
07 AAA 053,Fiat,Atego,4,7.67,2024-01-29,279,20.45
07 AAA 053,Fiat,Atego,4,7.67,2024-01-30,248,18.46
07 AAA 053,Fiat,Atego,4,7.67,2024-01-31,180,17.18
07 AAA 053,Fiat,Atego,4,7.67,2024-02-01,234,21.48
07 AAA 053,Fiat,Atego,4,7.67,2024-02-02,207,19.15
07 AAA 053,Fiat,Atego,4,7.67,2024-02-03,158,17.87
07 AAA 053,Fiat,Atego,4,7.67,2024-02-04,131,11.9
07 AAA 053,Fiat,Atego,4,7.67,2024-02-05,84,8.17
07 AAA 053,Fiat,Atego,4,7.67,2024-02-06,136,14.27
07 AAA 053,Fiat,Atego,4,7.67,2024-02-07,79,5.83
07 AAA 053,Fiat,Atego,4,7.67,2024-02-08,262,19.01
07 AAA 053,Fiat,Atego,4,7.67,2024-02-09,68,5.86
07 AAA 053,Fiat,Atego,4,7.67,2024-02-10,179,11.68
07 AAA 053,Fiat,Atego,4,7.67,2024-02-11,183,12.31
07 AAA 053,Fiat,Atego,4,7.67,2024-02-12,243,19.02
07 AAA 053,Fiat,Atego,4,7.67,2024-02-13,70,6.77
07 AAA 053,Fiat,Atego,4,7.67,2024-02-14,277,31.44
07 AAA 053,Fiat,Atego,4,7.67,2024-02-15,208,15.29
07 AAA 053,Fiat,Atego,4,7.67,2024-02-16,44,4.75
07 AAA 053,Fiat,Atego,4,7.67,2024-02-17,104,10.41
07 AAA 053,Fiat,Atego,4,7.67,2024-02-18,88,5.63
07 AAA 053,Fiat,Atego,4,7.67,2024-02-19,298,21.53
07 AAA 053,Fiat,Atego,4,7.67,2024-02-20,175,11.5
07 AAA 053,Fiat,Atego,4,7.67,2024-02-21,71,6.15
07 AAA 053,Fiat,Atego,4,7.67,2024-02-22,151,16.29
07 AAA 053,Fiat,Atego,4,7.67,2024-02-23,256,28.65
07 AAA 053,Fiat,Atego,4,7.67,2024-02-24,155,14.29
07 AAA 053,Fiat,Atego,4,7.67,2024-02-25,207,19.12
07 AAA 053,Fiat,Atego,4,7.67,2024-02-26,87,9.76
07 AAA 053,Fiat,Atego,4,7.67,2024-02-27,275,17.23
07 AAA 053,Fiat,Atego,4,7.67,2024-02-28,179,11.13
07 AAA 053,Fiat,Atego,4,7.67,2024-02-29,50,3.84
07 AAA 053,Fiat,Atego,4,7.67,2024-03-01,47,4.45
07 AAA 053,Fiat,Atego,4,7.67,2024-03-02,167,13.79
07 AAA 053,Fiat,Atego,4,7.67,2024-03-03,154,16.55
07 AAA 053,Fiat,Atego,4,7.67,2024-03-04,129,9.75
07 AAA 053,Fiat,Atego,4,7.67,2024-03-05,67,4.74
07 AAA 053,Fiat,Atego,4,7.67,2024-03-06,194,20.06
07 AAA 053,Fiat,Atego,4,7.67,2024-03-07,291,30.66
07 AAA 053,Fiat,Atego,4,7.67,2024-03-08,105,6.86
07 AAA 053,Fiat,Atego,4,7.67,2024-03-09,270,23.55
07 AAA 053,Fiat,Atego,4,7.67,2024-03-10,167,13.76
07 AAA 053,Fiat,Atego,4,7.67,2024-03-11,106,11.73
07 AAA 053,Fiat,Atego,4,7.67,2024-03-12,276,23.13
07 AAA 053,Fiat,Atego,4,7.67,2024-03-13,171,11.94
07 AAA 053,Fiat,Atego,4,7.67,2024-03-14,105,10.99
07 AAA 053,Fiat,Atego,4,7.67,2024-03-15,252,21.66
07 AAA 053,Fiat,Atego,4,7.67,2024-03-16,71,4.69
07 AAA 053,Fiat,Atego,4,7.67,2024-03-17,53,5.36
07 AAA 053,Fiat,Atego,4,7.67,2024-03-18,46,3.11
07 AAA 053,Fiat,Atego,4,7.67,2024-03-19,205,18.95
07 AAA 053,Fiat,Atego,4,7.67,2024-03-20,52,3.49
07 AAA 053,Fiat,Atego,4,7.67,2024-03-21,115,9.89
07 AAA 053,Fiat,Atego,4,7.67,2024-03-22,90,7.57
07 AAA 053,Fiat,Atego,4,7.67,2024-03-23,167,14.18
07 AAA 053,Fiat,Atego,4,7.67,2024-03-24,53,4.94
07 AAA 053,Fiat,Atego,4,7.67,2024-03-25,295,21.21
07 AAA 053,Fiat,Atego,4,7.67,2024-03-26,53,4.06
07 AAA 053,Fiat,Atego,4,7.67,2024-03-27,59,5.67
07 AAA 053,Fiat,Atego,4,7.67,2024-03-28,282,24.14
07 AAA 053,Fiat,Atego,4,7.67,2024-03-29,186,13.19
07 AAA 053,Fiat,Atego,4,7.67,2024-03-30,194,14.34
07 AAA 053,Fiat,Atego,4,7.67,2024-03-31,189,12.81
07 AAA 053,Fiat,Atego,4,7.67,2024-04-01,62,6.93
07 AAA 053,Fiat,Atego,4,7.67,2024-04-02,194,12.87
07 AAA 053,Fiat,Atego,4,7.67,2024-04-03,211,23.19
07 AAA 053,Fiat,Atego,4,7.67,2024-04-04,294,27.61
07 AAA 053,Fiat,Atego,4,7.67,2024-04-05,107,7.91
07 AAA 053,Fiat,Atego,4,7.67,2024-04-06,99,10.03
07 AAA 053,Fiat,Atego,4,7.67,2024-04-07,187,16.25
07 AAA 053,Fiat,Atego,4,7.67,2024-04-08,133,8.17
07 AAA 053,Fiat,Atego,4,7.67,2024-04-09,40,4.17
07 AAA 053,Fiat,Atego,4,7.67,2024-04-10,141,13.72
07 AAA 053,Fiat,Atego,4,7.67,2024-04-11,239,15.1
07 AAA 053,Fiat,Atego,4,7.67,2024-04-12,240,14.99
07 AAA 053,Fiat,Atego,4,7.67,2024-04-13,146,14.92
07 AAA 053,Fiat,Atego,4,7.67,2024-04-14,169,12.88
07 AAA 053,Fiat,Atego,4,7.67,2024-04-15,190,21.5
07 AAA 053,Fiat,Atego,4,7.67,2024-04-16,80,8.19
07 AAA 053,Fiat,Atego,4,7.67,2024-04-17,256,18.62
07 AAA 053,Fiat,Atego,4,7.67,2024-04-18,72,7.84
07 AAA 053,Fiat,Atego,4,7.67,2024-04-19,187,16.65
07 AAA 053,Fiat,Atego,4,7.67,2024-04-20,48,3.13
07 AAA 053,Fiat,Atego,4,7.67,2024-04-21,173,13.83
07 AAA 053,Fiat,Atego,4,7.67,2024-04-22,142,11.97
07 AAA 053,Fiat,Atego,4,7.67,2024-04-23,138,14.29
07 AAA 053,Fiat,Atego,4,7.67,2024-04-24,155,14.19
07 AAA 053,Fiat,Atego,4,7.67,2024-04-25,112,11.46
07 AAA 053,Fiat,Atego,4,7.67,2024-04-26,243,15.32
07 AAA 053,Fiat,Atego,4,7.67,2024-04-27,294,31.04
07 AAA 053,Fiat,Atego,4,7.67,2024-04-28,288,19.93
07 AAA 053,Fiat,Atego,4,7.67,2024-04-29,220,22.16
07 AAA 054,Fiat,Caddy,3,24.96,2024-01-01,269,74.26
07 AAA 054,Fiat,Caddy,3,24.96,2024-01-02,97,26.74
07 AAA 054,Fiat,Caddy,3,24.96,2024-01-03,213,60.16
07 AAA 054,Fiat,Caddy,3,24.96,2024-01-04,53,17.45
07 AAA 054,Fiat,Caddy,3,24.96,2024-01-05,76,19.75
07 AAA 054,Fiat,Caddy,3,24.96,2024-01-06,236,88.34
07 AAA 054,Fiat,Caddy,3,24.96,2024-01-07,267,67.87
07 AAA 054,Fiat,Caddy,3,24.96,2024-01-08,63,17.93
07 AAA 054,Fiat,Caddy,3,24.96,2024-01-09,44,13.96
07 AAA 054,Fiat,Caddy,3,24.96,2024-01-10,227,52.69
07 AAA 054,Fiat,Caddy,3,24.96,2024-01-11,68,16.45
07 AAA 054,Fiat,Caddy,3,24.96,2024-01-12,151,31.45
07 AAA 054,Fiat,Caddy,3,24.96,2024-01-13,105,38.42
07 AAA 054,Fiat,Caddy,3,24.96,2024-01-14,225,81.43
07 AAA 054,Fiat,Caddy,3,24.96,2024-01-15,265,86.58
07 AAA 054,Fiat,Caddy,3,24.96,2024-01-16,41,11.64
07 AAA 054,Fiat,Caddy,3,24.96,2024-01-17,127,41.92
07 AAA 054,Fiat,Caddy,3,24.96,2024-01-18,52,15.17
07 AAA 054,Fiat,Caddy,3,24.96,2024-01-19,133,44.4
07 AAA 054,Fiat,Caddy,3,24.96,2024-01-20,129,47.29
07 AAA 054,Fiat,Caddy,3,24.96,2024-01-21,123,30.27
07 AAA 054,Fiat,Caddy,3,24.96,2024-01-22,108,37.62
07 AAA 054,Fiat,Caddy,3,24.96,2024-01-23,122,37.16
07 AAA 054,Fiat,Caddy,3,24.96,2024-01-24,50,12.32
07 AAA 054,Fiat,Caddy,3,24.96,2024-01-25,243,90.82
07 AAA 054,Fiat,Caddy,3,24.96,2024-01-26,45,9.5
07 AAA 054,Fiat,Caddy,3,24.96,2024-01-27,114,39.3
07 AAA 054,Fiat,Caddy,3,24.96,2024-01-28,163,39.26
07 AAA 054,Fiat,Caddy,3,24.96,2024-01-29,106,33.72
07 AAA 054,Fiat,Caddy,3,24.96,2024-01-30,57,14.52
07 AAA 054,Fiat,Caddy,3,24.96,2024-01-31,208,65.78
07 AAA 054,Fiat,Caddy,3,24.96,2024-02-01,215,65.04
07 AAA 054,Fiat,Caddy,3,24.96,2024-02-02,294,88.6
07 AAA 054,Fiat,Caddy,3,24.96,2024-02-03,165,44.93
07 AAA 054,Fiat,Caddy,3,24.96,2024-02-04,148,53.48
07 AAA 054,Fiat,Caddy,3,24.96,2024-02-05,245,80.62
07 AAA 054,Fiat,Caddy,3,24.96,2024-02-06,104,31.25
07 AAA 054,Fiat,Caddy,3,24.96,2024-02-07,282,95.38
07 AAA 054,Fiat,Caddy,3,24.96,2024-02-08,247,64.35
07 AAA 054,Fiat,Caddy,3,24.96,2024-02-09,269,66.15
07 AAA 054,Fiat,Caddy,3,24.96,2024-02-10,271,85.8
07 AAA 054,Fiat,Caddy,3,24.96,2024-02-11,97,23.38
07 AAA 054,Fiat,Caddy,3,24.96,2024-02-12,300,66.93
07 AAA 054,Fiat,Caddy,3,24.96,2024-02-13,82,24.5
07 AAA 054,Fiat,Caddy,3,24.96,2024-02-14,153,47.41
07 AAA 054,Fiat,Caddy,3,24.96,2024-02-15,71,20.72
07 AAA 054,Fiat,Caddy,3,24.96,2024-02-16,280,86.3
07 AAA 054,Fiat,Caddy,3,24.96,2024-02-17,201,59.03
07 AAA 054,Fiat,Caddy,3,24.96,2024-02-18,60,21.32
07 AAA 054,Fiat,Caddy,3,24.96,2024-02-19,210,46.33
07 AAA 054,Fiat,Caddy,3,24.96,2024-02-20,181,60.97
07 AAA 054,Fiat,Caddy,3,24.96,2024-02-21,95,24.36
07 AAA 054,Fiat,Caddy,3,24.96,2024-02-22,84,19.78
07 AAA 054,Fiat,Caddy,3,24.96,2024-02-23,237,81.61
07 AAA 054,Fiat,Caddy,3,24.96,2024-02-24,103,28.66
07 AAA 054,Fiat,Caddy,3,24.96,2024-02-25,257,77.41
07 AAA 054,Fiat,Caddy,3,24.96,2024-02-26,84,22.44
07 AAA 054,Fiat,Caddy,3,24.96,2024-02-27,172,45.87
07 AAA 054,Fiat,Caddy,3,24.96,2024-02-28,169,39.06
07 AAA 054,Fiat,Caddy,3,24.96,2024-02-29,98,30.4
07 AAA 054,Fiat,Caddy,3,24.96,2024-03-01,236,74.61
07 AAA 054,Fiat,Caddy,3,24.96,2024-03-02,195,52.77
07 AAA 054,Fiat,Caddy,3,24.96,2024-03-03,147,40.16
07 AAA 054,Fiat,Caddy,3,24.96,2024-03-04,66,15.7
07 AAA 054,Fiat,Caddy,3,24.96,2024-03-05,125,42.25
07 AAA 054,Fiat,Caddy,3,24.96,2024-03-06,214,44.68
07 AAA 054,Fiat,Caddy,3,24.96,2024-03-07,271,55.51
07 AAA 054,Fiat,Caddy,3,24.96,2024-03-08,119,41.74
07 AAA 054,Fiat,Caddy,3,24.96,2024-03-09,163,44.07
07 AAA 054,Fiat,Caddy,3,24.96,2024-03-10,51,14.69
07 AAA 054,Fiat,Caddy,3,24.96,2024-03-11,52,16.85
07 AAA 054,Fiat,Caddy,3,24.96,2024-03-12,145,45.0
07 AAA 054,Fiat,Caddy,3,24.96,2024-03-13,227,52.86
07 AAA 054,Fiat,Caddy,3,24.96,2024-03-14,286,90.9
07 AAA 054,Fiat,Caddy,3,24.96,2024-03-15,133,47.78
07 AAA 054,Fiat,Caddy,3,24.96,2024-03-16,204,54.07
07 AAA 054,Fiat,Caddy,3,24.96,2024-03-17,264,82.17
07 AAA 054,Fiat,Caddy,3,24.96,2024-03-18,65,23.57
07 AAA 054,Fiat,Caddy,3,24.96,2024-03-19,99,24.17
07 AAA 054,Fiat,Caddy,3,24.96,2024-03-20,85,21.9
07 AAA 054,Fiat,Caddy,3,24.96,2024-03-21,50,17.07
07 AAA 054,Fiat,Caddy,3,24.96,2024-03-22,222,71.84
07 AAA 054,Fiat,Caddy,3,24.96,2024-03-23,228,68.38
07 AAA 054,Fiat,Caddy,3,24.96,2024-03-24,124,37.65
07 AAA 054,Fiat,Caddy,3,24.96,2024-03-25,292,84.9
07 AAA 054,Fiat,Caddy,3,24.96,2024-03-26,79,27.11
07 AAA 054,Fiat,Caddy,3,24.96,2024-03-27,167,35.2
07 AAA 054,Fiat,Caddy,3,24.96,2024-03-28,281,75.99
07 AAA 054,Fiat,Caddy,3,24.96,2024-03-29,87,18.21
07 AAA 054,Fiat,Caddy,3,24.96,2024-03-30,125,28.46
07 AAA 054,Fiat,Caddy,3,24.96,2024-03-31,201,57.37
07 AAA 054,Fiat,Caddy,3,24.96,2024-04-01,82,28.48
07 AAA 054,Fiat,Caddy,3,24.96,2024-04-02,231,64.61
07 AAA 054,Fiat,Caddy,3,24.96,2024-04-03,158,48.77
07 AAA 054,Fiat,Caddy,3,24.96,2024-04-04,89,21.82
07 AAA 054,Fiat,Caddy,3,24.96,2024-04-05,139,41.8
07 AAA 054,Fiat,Caddy,3,24.96,2024-04-06,164,36.21
07 AAA 054,Fiat,Caddy,3,24.96,2024-04-07,154,31.83
07 AAA 054,Fiat,Caddy,3,24.96,2024-04-08,269,94.07
07 AAA 054,Fiat,Caddy,3,24.96,2024-04-09,163,40.27
07 AAA 054,Fiat,Caddy,3,24.96,2024-04-10,268,90.94
07 AAA 054,Fiat,Caddy,3,24.96,2024-04-11,287,105.18
07 AAA 054,Fiat,Caddy,3,24.96,2024-04-12,97,29.67
07 AAA 054,Fiat,Caddy,3,24.96,2024-04-13,248,63.88
07 AAA 054,Fiat,Caddy,3,24.96,2024-04-14,40,8.68
07 AAA 054,Fiat,Caddy,3,24.96,2024-04-15,280,66.62
07 AAA 054,Fiat,Caddy,3,24.96,2024-04-16,135,49.95
07 AAA 054,Fiat,Caddy,3,24.96,2024-04-17,239,84.84
07 AAA 054,Fiat,Caddy,3,24.96,2024-04-18,120,35.01
07 AAA 054,Fiat,Caddy,3,24.96,2024-04-19,196,44.57
07 AAA 054,Fiat,Caddy,3,24.96,2024-04-20,79,27.41
07 AAA 054,Fiat,Caddy,3,24.96,2024-04-21,289,107.36
07 AAA 054,Fiat,Caddy,3,24.96,2024-04-22,103,35.94
07 AAA 054,Fiat,Caddy,3,24.96,2024-04-23,273,70.48
07 AAA 054,Fiat,Caddy,3,24.96,2024-04-24,208,54.92
07 AAA 054,Fiat,Caddy,3,24.96,2024-04-25,170,47.9
07 AAA 054,Fiat,Caddy,3,24.96,2024-04-26,215,71.79
07 AAA 054,Fiat,Caddy,3,24.96,2024-04-27,45,14.89
07 AAA 054,Fiat,Caddy,3,24.96,2024-04-28,44,10.2
07 AAA 054,Fiat,Caddy,3,24.96,2024-04-29,233,55.27
07 AAA 055,Renault,Transit,1,12.06,2024-01-01,135,14.71
07 AAA 055,Renault,Transit,1,12.06,2024-01-02,247,30.98
07 AAA 055,Renault,Transit,1,12.06,2024-01-03,101,11.86
07 AAA 055,Renault,Transit,1,12.06,2024-01-04,253,39.18
07 AAA 055,Renault,Transit,1,12.06,2024-01-05,57,5.59
07 AAA 055,Renault,Transit,1,12.06,2024-01-06,276,38.61
07 AAA 055,Renault,Transit,1,12.06,2024-01-07,253,44.26
07 AAA 055,Renault,Transit,1,12.06,2024-01-08,206,30.64
07 AAA 055,Renault,Transit,1,12.06,2024-01-09,69,12.04
07 AAA 055,Renault,Transit,1,12.06,2024-01-10,191,22.57
07 AAA 055,Renault,Transit,1,12.06,2024-01-11,299,29.93
07 AAA 055,Renault,Transit,1,12.06,2024-01-12,179,22.73
07 AAA 055,Renault,Transit,1,12.06,2024-01-13,174,17.98
07 AAA 055,Renault,Transit,1,12.06,2024-01-14,240,26.49
07 AAA 055,Renault,Transit,1,12.06,2024-01-15,54,9.49
07 AAA 055,Renault,Transit,1,12.06,2024-01-16,119,17.35
07 AAA 055,Renault,Transit,1,12.06,2024-01-17,184,17.94
07 AAA 055,Renault,Transit,1,12.06,2024-01-18,40,4.18
07 AAA 055,Renault,Transit,1,12.06,2024-01-19,229,37.79
07 AAA 055,Renault,Transit,1,12.06,2024-01-20,97,16.8
07 AAA 055,Renault,Transit,1,12.06,2024-01-21,220,35.29
07 AAA 055,Renault,Transit,1,12.06,2024-01-22,123,12.84
07 AAA 055,Renault,Transit,1,12.06,2024-01-23,256,32.29
07 AAA 055,Renault,Transit,1,12.06,2024-01-24,145,26.07
07 AAA 055,Renault,Transit,1,12.06,2024-01-25,167,18.17
07 AAA 055,Renault,Transit,1,12.06,2024-01-26,194,20.93
07 AAA 055,Renault,Transit,1,12.06,2024-01-27,258,29.15
07 AAA 055,Renault,Transit,1,12.06,2024-01-28,47,6.84
07 AAA 055,Renault,Transit,1,12.06,2024-01-29,269,36.06
07 AAA 055,Renault,Transit,1,12.06,2024-01-30,147,18.77
07 AAA 055,Renault,Transit,1,12.06,2024-01-31,167,22.89
07 AAA 055,Renault,Transit,1,12.06,2024-02-01,260,44.59
07 AAA 055,Renault,Transit,1,12.06,2024-02-02,80,9.69
07 AAA 055,Renault,Transit,1,12.06,2024-02-03,60,9.98
07 AAA 055,Renault,Transit,1,12.06,2024-02-04,113,13.79
07 AAA 055,Renault,Transit,1,12.06,2024-02-05,66,11.82
07 AAA 055,Renault,Transit,1,12.06,2024-02-06,88,8.56
07 AAA 055,Renault,Transit,1,12.06,2024-02-07,85,8.62
07 AAA 055,Renault,Transit,1,12.06,2024-02-08,229,28.15
07 AAA 055,Renault,Transit,1,12.06,2024-02-09,90,16.09
07 AAA 055,Renault,Transit,1,12.06,2024-02-10,286,43.06
07 AAA 055,Renault,Transit,1,12.06,2024-02-11,294,40.92
07 AAA 055,Renault,Transit,1,12.06,2024-02-12,226,40.57
07 AAA 055,Renault,Transit,1,12.06,2024-02-13,205,29.27
07 AAA 055,Renault,Transit,1,12.06,2024-02-14,260,34.78
07 AAA 055,Renault,Transit,1,12.06,2024-02-15,50,6.94
07 AAA 055,Renault,Transit,1,12.06,2024-02-16,137,23.0
07 AAA 055,Renault,Transit,1,12.06,2024-02-17,156,16.37
07 AAA 055,Renault,Transit,1,12.06,2024-02-18,221,30.47
07 AAA 055,Renault,Transit,1,12.06,2024-02-19,154,16.01
07 AAA 055,Renault,Transit,1,12.06,2024-02-20,240,28.3
07 AAA 055,Renault,Transit,1,12.06,2024-02-21,270,34.54
07 AAA 055,Renault,Transit,1,12.06,2024-02-22,149,26.53
07 AAA 055,Renault,Transit,1,12.06,2024-02-23,263,29.72
07 AAA 055,Renault,Transit,1,12.06,2024-02-24,43,4.86
07 AAA 055,Renault,Transit,1,12.06,2024-02-25,143,20.84
07 AAA 055,Renault,Transit,1,12.06,2024-02-26,204,32.74
07 AAA 055,Renault,Transit,1,12.06,2024-02-27,79,13.51
07 AAA 055,Renault,Transit,1,12.06,2024-02-28,193,34.23
07 AAA 055,Renault,Transit,1,12.06,2024-02-29,274,46.8
07 AAA 055,Renault,Transit,1,12.06,2024-03-01,116,16.62
07 AAA 055,Renault,Transit,1,12.06,2024-03-02,72,9.17
07 AAA 055,Renault,Transit,1,12.06,2024-03-03,281,40.92
07 AAA 055,Renault,Transit,1,12.06,2024-03-04,179,26.57
07 AAA 055,Renault,Transit,1,12.06,2024-03-05,228,36.65
07 AAA 055,Renault,Transit,1,12.06,2024-03-06,172,20.76
07 AAA 055,Renault,Transit,1,12.06,2024-03-07,192,28.78
07 AAA 055,Renault,Transit,1,12.06,2024-03-08,186,23.61
07 AAA 055,Renault,Transit,1,12.06,2024-03-09,118,20.42
07 AAA 055,Renault,Transit,1,12.06,2024-03-10,78,9.93
07 AAA 055,Renault,Transit,1,12.06,2024-03-11,123,15.92
07 AAA 055,Renault,Transit,1,12.06,2024-03-12,128,14.8
07 AAA 055,Renault,Transit,1,12.06,2024-03-13,149,24.61
07 AAA 055,Renault,Transit,1,12.06,2024-03-14,217,30.53
07 AAA 055,Renault,Transit,1,12.06,2024-03-15,212,38.24
07 AAA 055,Renault,Transit,1,12.06,2024-03-16,95,16.37
07 AAA 055,Renault,Transit,1,12.06,2024-03-17,184,21.68
07 AAA 055,Renault,Transit,1,12.06,2024-03-18,156,16.04
07 AAA 055,Renault,Transit,1,12.06,2024-03-19,270,31.79
07 AAA 055,Renault,Transit,1,12.06,2024-03-20,58,8.06
07 AAA 055,Renault,Transit,1,12.06,2024-03-21,181,31.09
07 AAA 055,Renault,Transit,1,12.06,2024-03-22,219,26.72
07 AAA 055,Renault,Transit,1,12.06,2024-03-23,79,9.47
07 AAA 055,Renault,Transit,1,12.06,2024-03-24,130,22.41
07 AAA 055,Renault,Transit,1,12.06,2024-03-25,121,20.54
07 AAA 055,Renault,Transit,1,12.06,2024-03-26,96,15.22
07 AAA 055,Renault,Transit,1,12.06,2024-03-27,149,19.45
07 AAA 055,Renault,Transit,1,12.06,2024-03-28,230,31.27
07 AAA 055,Renault,Transit,1,12.06,2024-03-29,183,30.69
07 AAA 055,Renault,Transit,1,12.06,2024-03-30,67,8.72
07 AAA 055,Renault,Transit,1,12.06,2024-03-31,113,16.66
07 AAA 055,Renault,Transit,1,12.06,2024-04-01,211,34.16
07 AAA 055,Renault,Transit,1,12.06,2024-04-02,127,20.55
07 AAA 055,Renault,Transit,1,12.06,2024-04-03,240,43.18
07 AAA 055,Renault,Transit,1,12.06,2024-04-04,105,15.72
07 AAA 055,Renault,Transit,1,12.06,2024-04-05,262,45.69
07 AAA 055,Renault,Transit,1,12.06,2024-04-06,117,17.79
07 AAA 055,Renault,Transit,1,12.06,2024-04-07,132,17.0
07 AAA 055,Renault,Transit,1,12.06,2024-04-08,168,20.44
07 AAA 055,Renault,Transit,1,12.06,2024-04-09,228,26.48
07 AAA 055,Renault,Transit,1,12.06,2024-04-10,104,14.35
07 AAA 055,Renault,Transit,1,12.06,2024-04-11,219,25.49
07 AAA 055,Renault,Transit,1,12.06,2024-04-12,202,32.62
07 AAA 055,Renault,Transit,1,12.06,2024-04-13,131,13.29
07 AAA 055,Renault,Transit,1,12.06,2024-04-14,214,33.92
07 AAA 055,Renault,Transit,1,12.06,2024-04-15,273,26.82
07 AAA 055,Renault,Transit,1,12.06,2024-04-16,291,34.78
07 AAA 055,Renault,Transit,1,12.06,2024-04-17,181,31.94
07 AAA 055,Renault,Transit,1,12.06,2024-04-18,283,31.65
07 AAA 055,Renault,Transit,1,12.06,2024-04-19,84,11.31
07 AAA 055,Renault,Transit,1,12.06,2024-04-20,182,21.66
07 AAA 055,Renault,Transit,1,12.06,2024-04-21,150,18.87
07 AAA 055,Renault,Transit,1,12.06,2024-04-22,120,16.48
07 AAA 055,Renault,Transit,1,12.06,2024-04-23,161,19.51
07 AAA 055,Renault,Transit,1,12.06,2024-04-24,292,41.92
07 AAA 055,Renault,Transit,1,12.06,2024-04-25,259,30.07
07 AAA 055,Renault,Transit,1,12.06,2024-04-26,252,38.98
07 AAA 055,Renault,Transit,1,12.06,2024-04-27,273,45.18
07 AAA 055,Renault,Transit,1,12.06,2024-04-28,175,25.83
07 AAA 055,Renault,Transit,1,12.06,2024-04-29,84,13.38
07 AAA 056,Ford,Transit,1,12.76,2024-01-01,46,4.85
07 AAA 056,Ford,Transit,1,12.76,2024-01-02,98,12.05
07 AAA 056,Ford,Transit,1,12.76,2024-01-03,298,51.33
07 AAA 056,Ford,Transit,1,12.76,2024-01-04,69,11.76
07 AAA 056,Ford,Transit,1,12.76,2024-01-05,138,15.71
07 AAA 056,Ford,Transit,1,12.76,2024-01-06,290,44.27
07 AAA 056,Ford,Transit,1,12.76,2024-01-07,178,19.67
07 AAA 056,Ford,Transit,1,12.76,2024-01-08,128,24.13
07 AAA 056,Ford,Transit,1,12.76,2024-01-09,57,8.85
07 AAA 056,Ford,Transit,1,12.76,2024-01-10,59,9.1
07 AAA 056,Ford,Transit,1,12.76,2024-01-11,290,45.54
07 AAA 056,Ford,Transit,1,12.76,2024-01-12,201,30.92
07 AAA 056,Ford,Transit,1,12.76,2024-01-13,168,29.94
07 AAA 056,Ford,Transit,1,12.76,2024-01-14,142,22.81
07 AAA 056,Ford,Transit,1,12.76,2024-01-15,106,14.58
07 AAA 056,Ford,Transit,1,12.76,2024-01-16,76,7.79
07 AAA 056,Ford,Transit,1,12.76,2024-01-17,124,12.66
07 AAA 056,Ford,Transit,1,12.76,2024-01-18,277,38.93
07 AAA 056,Ford,Transit,1,12.76,2024-01-19,73,10.09
07 AAA 056,Ford,Transit,1,12.76,2024-01-20,213,37.41
07 AAA 056,Ford,Transit,1,12.76,2024-01-21,298,36.85
07 AAA 056,Ford,Transit,1,12.76,2024-01-22,279,38.8
07 AAA 056,Ford,Transit,1,12.76,2024-01-23,50,9.2
07 AAA 056,Ford,Transit,1,12.76,2024-01-24,141,23.45
07 AAA 056,Ford,Transit,1,12.76,2024-01-25,145,23.37
07 AAA 056,Ford,Transit,1,12.76,2024-01-26,143,26.5
07 AAA 056,Ford,Transit,1,12.76,2024-01-27,178,18.45
07 AAA 056,Ford,Transit,1,12.76,2024-01-28,109,12.76
07 AAA 056,Ford,Transit,1,12.76,2024-01-29,51,7.41
07 AAA 056,Ford,Transit,1,12.76,2024-01-30,163,24.27
07 AAA 056,Ford,Transit,1,12.76,2024-01-31,289,48.21
07 AAA 056,Ford,Transit,1,12.76,2024-02-01,119,15.83
07 AAA 056,Ford,Transit,1,12.76,2024-02-02,120,13.16
07 AAA 056,Ford,Transit,1,12.76,2024-02-03,252,30.36
07 AAA 056,Ford,Transit,1,12.76,2024-02-04,50,5.59
07 AAA 056,Ford,Transit,1,12.76,2024-02-05,49,7.19
07 AAA 056,Ford,Transit,1,12.76,2024-02-06,282,51.12
07 AAA 056,Ford,Transit,1,12.76,2024-02-07,163,24.25
07 AAA 056,Ford,Transit,1,12.76,2024-02-08,197,34.36
07 AAA 056,Ford,Transit,1,12.76,2024-02-09,154,26.16
07 AAA 056,Ford,Transit,1,12.76,2024-02-10,141,25.33
07 AAA 056,Ford,Transit,1,12.76,2024-02-11,123,22.0
07 AAA 056,Ford,Transit,1,12.76,2024-02-12,150,28.09
07 AAA 056,Ford,Transit,1,12.76,2024-02-13,150,25.27
07 AAA 056,Ford,Transit,1,12.76,2024-02-14,268,47.37
07 AAA 056,Ford,Transit,1,12.76,2024-02-15,152,26.99
07 AAA 056,Ford,Transit,1,12.76,2024-02-16,136,19.08
07 AAA 056,Ford,Transit,1,12.76,2024-02-17,69,9.8
07 AAA 056,Ford,Transit,1,12.76,2024-02-18,218,27.5
07 AAA 056,Ford,Transit,1,12.76,2024-02-19,179,31.27
07 AAA 056,Ford,Transit,1,12.76,2024-02-20,160,17.54
07 AAA 056,Ford,Transit,1,12.76,2024-02-21,42,4.54
07 AAA 056,Ford,Transit,1,12.76,2024-02-22,187,24.38
07 AAA 056,Ford,Transit,1,12.76,2024-02-23,201,38.3
07 AAA 056,Ford,Transit,1,12.76,2024-02-24,225,36.84
07 AAA 056,Ford,Transit,1,12.76,2024-02-25,109,17.22
07 AAA 056,Ford,Transit,1,12.76,2024-02-26,167,23.31
07 AAA 056,Ford,Transit,1,12.76,2024-02-27,89,16.62
07 AAA 056,Ford,Transit,1,12.76,2024-02-28,58,10.84
07 AAA 056,Ford,Transit,1,12.76,2024-02-29,209,37.92
07 AAA 056,Ford,Transit,1,12.76,2024-03-01,174,21.74
07 AAA 056,Ford,Transit,1,12.76,2024-03-02,184,26.01
07 AAA 056,Ford,Transit,1,12.76,2024-03-03,178,30.1
07 AAA 056,Ford,Transit,1,12.76,2024-03-04,239,30.27
07 AAA 056,Ford,Transit,1,12.76,2024-03-05,191,24.53
07 AAA 056,Ford,Transit,1,12.76,2024-03-06,182,32.39
07 AAA 056,Ford,Transit,1,12.76,2024-03-07,132,17.87
07 AAA 056,Ford,Transit,1,12.76,2024-03-08,144,24.52
07 AAA 056,Ford,Transit,1,12.76,2024-03-09,126,21.62
07 AAA 056,Ford,Transit,1,12.76,2024-03-10,216,34.13
07 AAA 056,Ford,Transit,1,12.76,2024-03-11,263,36.41
07 AAA 056,Ford,Transit,1,12.76,2024-03-12,268,46.15
07 AAA 056,Ford,Transit,1,12.76,2024-03-13,145,15.99
07 AAA 056,Ford,Transit,1,12.76,2024-03-14,61,9.71
07 AAA 056,Ford,Transit,1,12.76,2024-03-15,285,49.71
07 AAA 056,Ford,Transit,1,12.76,2024-03-16,54,7.82
07 AAA 056,Ford,Transit,1,12.76,2024-03-17,64,11.06
07 AAA 056,Ford,Transit,1,12.76,2024-03-18,278,28.84
07 AAA 056,Ford,Transit,1,12.76,2024-03-19,216,27.83
07 AAA 056,Ford,Transit,1,12.76,2024-03-20,272,33.16
07 AAA 056,Ford,Transit,1,12.76,2024-03-21,171,28.16
07 AAA 056,Ford,Transit,1,12.76,2024-03-22,202,21.89
07 AAA 056,Ford,Transit,1,12.76,2024-03-23,81,12.82
07 AAA 056,Ford,Transit,1,12.76,2024-03-24,111,16.83
07 AAA 056,Ford,Transit,1,12.76,2024-03-25,47,7.83
07 AAA 056,Ford,Transit,1,12.76,2024-03-26,82,11.35
07 AAA 056,Ford,Transit,1,12.76,2024-03-27,54,9.7
07 AAA 056,Ford,Transit,1,12.76,2024-03-28,206,33.32
07 AAA 056,Ford,Transit,1,12.76,2024-03-29,185,30.92
07 AAA 056,Ford,Transit,1,12.76,2024-03-30,58,7.96
07 AAA 056,Ford,Transit,1,12.76,2024-03-31,107,18.83
07 AAA 056,Ford,Transit,1,12.76,2024-04-01,241,29.64
07 AAA 056,Ford,Transit,1,12.76,2024-04-02,171,29.4
07 AAA 056,Ford,Transit,1,12.76,2024-04-03,41,5.4
07 AAA 056,Ford,Transit,1,12.76,2024-04-04,111,12.31
07 AAA 056,Ford,Transit,1,12.76,2024-04-05,105,14.45
07 AAA 056,Ford,Transit,1,12.76,2024-04-06,101,11.11
07 AAA 056,Ford,Transit,1,12.76,2024-04-07,284,44.74
07 AAA 056,Ford,Transit,1,12.76,2024-04-08,150,15.68
07 AAA 056,Ford,Transit,1,12.76,2024-04-09,101,17.93
07 AAA 056,Ford,Transit,1,12.76,2024-04-10,279,42.06
07 AAA 056,Ford,Transit,1,12.76,2024-04-11,120,20.67
07 AAA 056,Ford,Transit,1,12.76,2024-04-12,59,9.0
07 AAA 056,Ford,Transit,1,12.76,2024-04-13,149,21.35
07 AAA 056,Ford,Transit,1,12.76,2024-04-14,91,17.17
07 AAA 056,Ford,Transit,1,12.76,2024-04-15,147,24.92
07 AAA 056,Ford,Transit,1,12.76,2024-04-16,284,33.25
07 AAA 056,Ford,Transit,1,12.76,2024-04-17,242,36.5
07 AAA 056,Ford,Transit,1,12.76,2024-04-18,48,4.98
07 AAA 056,Ford,Transit,1,12.76,2024-04-19,189,24.71
07 AAA 056,Ford,Transit,1,12.76,2024-04-20,185,25.0
07 AAA 056,Ford,Transit,1,12.76,2024-04-21,251,43.96
07 AAA 056,Ford,Transit,1,12.76,2024-04-22,124,15.03
07 AAA 056,Ford,Transit,1,12.76,2024-04-23,260,36.83
07 AAA 056,Ford,Transit,1,12.76,2024-04-24,143,21.62
07 AAA 056,Ford,Transit,1,12.76,2024-04-25,101,19.05
07 AAA 056,Ford,Transit,1,12.76,2024-04-26,247,26.27
07 AAA 056,Ford,Transit,1,12.76,2024-04-27,246,31.42
07 AAA 056,Ford,Transit,1,12.76,2024-04-28,177,23.68
07 AAA 056,Ford,Transit,1,12.76,2024-04-29,59,9.83
07 AAA 057,Renault,Doblo,1,12.3,2024-01-01,107,10.56
07 AAA 057,Renault,Doblo,1,12.3,2024-01-02,254,32.95
07 AAA 057,Renault,Doblo,1,12.3,2024-01-03,184,28.3
07 AAA 057,Renault,Doblo,1,12.3,2024-01-04,152,19.93
07 AAA 057,Renault,Doblo,1,12.3,2024-01-05,126,13.16
07 AAA 057,Renault,Doblo,1,12.3,2024-01-06,190,31.6
07 AAA 057,Renault,Doblo,1,12.3,2024-01-07,111,12.68
07 AAA 057,Renault,Doblo,1,12.3,2024-01-08,104,11.48
07 AAA 057,Renault,Doblo,1,12.3,2024-01-09,108,18.17
07 AAA 057,Renault,Doblo,1,12.3,2024-01-10,133,22.94
07 AAA 057,Renault,Doblo,1,12.3,2024-01-11,207,31.13
07 AAA 057,Renault,Doblo,1,12.3,2024-01-12,233,38.72
07 AAA 057,Renault,Doblo,1,12.3,2024-01-13,56,8.34
07 AAA 057,Renault,Doblo,1,12.3,2024-01-14,73,8.14
07 AAA 057,Renault,Doblo,1,12.3,2024-01-15,202,25.0
07 AAA 057,Renault,Doblo,1,12.3,2024-01-16,90,11.96
07 AAA 057,Renault,Doblo,1,12.3,2024-01-17,136,14.35
07 AAA 057,Renault,Doblo,1,12.3,2024-01-18,142,17.26
07 AAA 057,Renault,Doblo,1,12.3,2024-01-19,250,31.91
07 AAA 057,Renault,Doblo,1,12.3,2024-01-20,117,15.8
07 AAA 057,Renault,Doblo,1,12.3,2024-01-21,272,47.06
07 AAA 057,Renault,Doblo,1,12.3,2024-01-22,257,30.24
07 AAA 057,Renault,Doblo,1,12.3,2024-01-23,300,39.18
07 AAA 057,Renault,Doblo,1,12.3,2024-01-24,198,29.72
07 AAA 057,Renault,Doblo,1,12.3,2024-01-25,258,27.06
07 AAA 057,Renault,Doblo,1,12.3,2024-01-26,300,50.65
07 AAA 057,Renault,Doblo,1,12.3,2024-01-27,177,30.41
07 AAA 057,Renault,Doblo,1,12.3,2024-01-28,136,22.76
07 AAA 057,Renault,Doblo,1,12.3,2024-01-29,113,16.51
07 AAA 057,Renault,Doblo,1,12.3,2024-01-30,271,38.84
07 AAA 057,Renault,Doblo,1,12.3,2024-01-31,172,23.96
07 AAA 057,Renault,Doblo,1,12.3,2024-02-01,71,11.28
07 AAA 057,Renault,Doblo,1,12.3,2024-02-02,95,16.85
07 AAA 057,Renault,Doblo,1,12.3,2024-02-03,225,34.12
07 AAA 057,Renault,Doblo,1,12.3,2024-02-04,228,39.6
07 AAA 057,Renault,Doblo,1,12.3,2024-02-05,214,25.14
07 AAA 057,Renault,Doblo,1,12.3,2024-02-06,195,32.18
07 AAA 057,Renault,Doblo,1,12.3,2024-02-07,290,40.19
07 AAA 057,Renault,Doblo,1,12.3,2024-02-08,152,24.32
07 AAA 057,Renault,Doblo,1,12.3,2024-02-09,295,45.19
07 AAA 057,Renault,Doblo,1,12.3,2024-02-10,200,23.35
07 AAA 057,Renault,Doblo,1,12.3,2024-02-11,248,40.63
07 AAA 057,Renault,Doblo,1,12.3,2024-02-12,171,30.52
07 AAA 057,Renault,Doblo,1,12.3,2024-02-13,150,27.26
07 AAA 057,Renault,Doblo,1,12.3,2024-02-14,154,24.88
07 AAA 057,Renault,Doblo,1,12.3,2024-02-15,281,41.22
07 AAA 057,Renault,Doblo,1,12.3,2024-02-16,294,42.39
07 AAA 057,Renault,Doblo,1,12.3,2024-02-17,227,23.36
07 AAA 057,Renault,Doblo,1,12.3,2024-02-18,54,8.4
07 AAA 057,Renault,Doblo,1,12.3,2024-02-19,132,14.47
07 AAA 057,Renault,Doblo,1,12.3,2024-02-20,90,14.1
07 AAA 057,Renault,Doblo,1,12.3,2024-02-21,226,25.11
07 AAA 057,Renault,Doblo,1,12.3,2024-02-22,102,15.48
07 AAA 057,Renault,Doblo,1,12.3,2024-02-23,112,13.1
07 AAA 057,Renault,Doblo,1,12.3,2024-02-24,232,23.81
07 AAA 057,Renault,Doblo,1,12.3,2024-02-25,211,38.5
07 AAA 057,Renault,Doblo,1,12.3,2024-02-26,70,8.76
07 AAA 057,Renault,Doblo,1,12.3,2024-02-27,146,22.72
07 AAA 057,Renault,Doblo,1,12.3,2024-02-28,217,29.0
07 AAA 057,Renault,Doblo,1,12.3,2024-02-29,232,26.26
07 AAA 057,Renault,Doblo,1,12.3,2024-03-01,215,35.14
07 AAA 057,Renault,Doblo,1,12.3,2024-03-02,105,13.74
07 AAA 057,Renault,Doblo,1,12.3,2024-03-03,264,36.71
07 AAA 057,Renault,Doblo,1,12.3,2024-03-04,63,10.91
07 AAA 057,Renault,Doblo,1,12.3,2024-03-05,185,25.32
07 AAA 057,Renault,Doblo,1,12.3,2024-03-06,193,31.37
07 AAA 057,Renault,Doblo,1,12.3,2024-03-07,137,16.58
07 AAA 057,Renault,Doblo,1,12.3,2024-03-08,224,41.17
07 AAA 057,Renault,Doblo,1,12.3,2024-03-09,132,17.78
07 AAA 057,Renault,Doblo,1,12.3,2024-03-10,247,26.77
07 AAA 057,Renault,Doblo,1,12.3,2024-03-11,104,11.65
07 AAA 057,Renault,Doblo,1,12.3,2024-03-12,83,9.12
07 AAA 057,Renault,Doblo,1,12.3,2024-03-13,251,32.21
07 AAA 057,Renault,Doblo,1,12.3,2024-03-14,117,20.54
07 AAA 057,Renault,Doblo,1,12.3,2024-03-15,138,13.73
07 AAA 057,Renault,Doblo,1,12.3,2024-03-16,110,17.95
07 AAA 057,Renault,Doblo,1,12.3,2024-03-17,184,23.42
07 AAA 057,Renault,Doblo,1,12.3,2024-03-18,99,11.86
07 AAA 057,Renault,Doblo,1,12.3,2024-03-19,188,33.02
07 AAA 057,Renault,Doblo,1,12.3,2024-03-20,194,30.58
07 AAA 057,Renault,Doblo,1,12.3,2024-03-21,126,12.74
07 AAA 057,Renault,Doblo,1,12.3,2024-03-22,217,27.32
07 AAA 057,Renault,Doblo,1,12.3,2024-03-23,130,21.89
07 AAA 057,Renault,Doblo,1,12.3,2024-03-24,53,6.14
07 AAA 057,Renault,Doblo,1,12.3,2024-03-25,91,14.13
07 AAA 057,Renault,Doblo,1,12.3,2024-03-26,271,43.15
07 AAA 057,Renault,Doblo,1,12.3,2024-03-27,248,43.24
07 AAA 057,Renault,Doblo,1,12.3,2024-03-28,292,41.81
07 AAA 057,Renault,Doblo,1,12.3,2024-03-29,40,5.83
07 AAA 057,Renault,Doblo,1,12.3,2024-03-30,207,34.63
07 AAA 057,Renault,Doblo,1,12.3,2024-03-31,271,30.25
07 AAA 057,Renault,Doblo,1,12.3,2024-04-01,207,35.19
07 AAA 057,Renault,Doblo,1,12.3,2024-04-02,97,11.74
07 AAA 057,Renault,Doblo,1,12.3,2024-04-03,154,26.33
07 AAA 057,Renault,Doblo,1,12.3,2024-04-04,294,45.7
07 AAA 057,Renault,Doblo,1,12.3,2024-04-05,67,7.81
07 AAA 057,Renault,Doblo,1,12.3,2024-04-06,200,25.91
07 AAA 057,Renault,Doblo,1,12.3,2024-04-07,218,33.25
07 AAA 057,Renault,Doblo,1,12.3,2024-04-08,66,9.98
07 AAA 057,Renault,Doblo,1,12.3,2024-04-09,95,15.9
07 AAA 057,Renault,Doblo,1,12.3,2024-04-10,287,42.49
07 AAA 057,Renault,Doblo,1,12.3,2024-04-11,249,35.2
07 AAA 057,Renault,Doblo,1,12.3,2024-04-12,198,26.29
07 AAA 057,Renault,Doblo,1,12.3,2024-04-13,169,29.75
07 AAA 057,Renault,Doblo,1,12.3,2024-04-14,166,26.5
07 AAA 057,Renault,Doblo,1,12.3,2024-04-15,215,26.58
07 AAA 057,Renault,Doblo,1,12.3,2024-04-16,65,10.21
07 AAA 057,Renault,Doblo,1,12.3,2024-04-17,135,17.67
07 AAA 057,Renault,Doblo,1,12.3,2024-04-18,75,8.49
07 AAA 057,Renault,Doblo,1,12.3,2024-04-19,217,34.32
07 AAA 057,Renault,Doblo,1,12.3,2024-04-20,111,16.28
07 AAA 057,Renault,Doblo,1,12.3,2024-04-21,56,6.15
07 AAA 057,Renault,Doblo,1,12.3,2024-04-22,223,26.04
07 AAA 057,Renault,Doblo,1,12.3,2024-04-23,195,35.64
07 AAA 057,Renault,Doblo,1,12.3,2024-04-24,174,27.96
07 AAA 057,Renault,Doblo,1,12.3,2024-04-25,52,8.78
07 AAA 057,Renault,Doblo,1,12.3,2024-04-26,154,18.07
07 AAA 057,Renault,Doblo,1,12.3,2024-04-27,151,21.63
07 AAA 057,Renault,Doblo,1,12.3,2024-04-28,292,40.58
07 AAA 057,Renault,Doblo,1,12.3,2024-04-29,89,9.58
07 AAA 058,Volkswagen,Atego,2,9.43,2024-01-01,103,10.33
07 AAA 058,Volkswagen,Atego,2,9.43,2024-01-02,67,5.52
07 AAA 058,Volkswagen,Atego,2,9.43,2024-01-03,213,24.03
07 AAA 058,Volkswagen,Atego,2,9.43,2024-01-04,124,17.51
07 AAA 058,Volkswagen,Atego,2,9.43,2024-01-05,101,13.81
07 AAA 058,Volkswagen,Atego,2,9.43,2024-01-06,238,18.91
07 AAA 058,Volkswagen,Atego,2,9.43,2024-01-07,295,35.94
07 AAA 058,Volkswagen,Atego,2,9.43,2024-01-08,269,23.42
07 AAA 058,Volkswagen,Atego,2,9.43,2024-01-09,82,9.37
07 AAA 058,Volkswagen,Atego,2,9.43,2024-01-10,286,21.68
07 AAA 058,Volkswagen,Atego,2,9.43,2024-01-11,283,33.61
07 AAA 058,Volkswagen,Atego,2,9.43,2024-01-12,245,18.72
07 AAA 058,Volkswagen,Atego,2,9.43,2024-01-13,107,14.98
07 AAA 058,Volkswagen,Atego,2,9.43,2024-01-14,186,21.21
07 AAA 058,Volkswagen,Atego,2,9.43,2024-01-15,99,7.99
07 AAA 058,Volkswagen,Atego,2,9.43,2024-01-16,152,15.94
07 AAA 058,Volkswagen,Atego,2,9.43,2024-01-17,164,17.74
07 AAA 058,Volkswagen,Atego,2,9.43,2024-01-18,127,16.25
07 AAA 058,Volkswagen,Atego,2,9.43,2024-01-19,178,24.39
07 AAA 058,Volkswagen,Atego,2,9.43,2024-01-20,72,9.65
07 AAA 058,Volkswagen,Atego,2,9.43,2024-01-21,257,32.49
07 AAA 058,Volkswagen,Atego,2,9.43,2024-01-22,91,10.66
07 AAA 058,Volkswagen,Atego,2,9.43,2024-01-23,252,26.99
07 AAA 058,Volkswagen,Atego,2,9.43,2024-01-24,218,19.95
07 AAA 058,Volkswagen,Atego,2,9.43,2024-01-25,238,18.83
07 AAA 058,Volkswagen,Atego,2,9.43,2024-01-26,147,18.6
07 AAA 058,Volkswagen,Atego,2,9.43,2024-01-27,200,24.54
07 AAA 058,Volkswagen,Atego,2,9.43,2024-01-28,92,8.43
07 AAA 058,Volkswagen,Atego,2,9.43,2024-01-29,244,30.86
07 AAA 058,Volkswagen,Atego,2,9.43,2024-01-30,180,24.7
07 AAA 058,Volkswagen,Atego,2,9.43,2024-01-31,134,15.38
07 AAA 058,Volkswagen,Atego,2,9.43,2024-02-01,194,23.9
07 AAA 058,Volkswagen,Atego,2,9.43,2024-02-02,177,19.67
07 AAA 058,Volkswagen,Atego,2,9.43,2024-02-03,198,27.86
07 AAA 058,Volkswagen,Atego,2,9.43,2024-02-04,132,17.33
07 AAA 058,Volkswagen,Atego,2,9.43,2024-02-05,191,25.26
07 AAA 058,Volkswagen,Atego,2,9.43,2024-02-06,94,12.07
07 AAA 058,Volkswagen,Atego,2,9.43,2024-02-07,93,12.96
07 AAA 058,Volkswagen,Atego,2,9.43,2024-02-08,182,17.08
07 AAA 058,Volkswagen,Atego,2,9.43,2024-02-09,246,25.65
07 AAA 058,Volkswagen,Atego,2,9.43,2024-02-10,122,13.6
07 AAA 058,Volkswagen,Atego,2,9.43,2024-02-11,272,26.34
07 AAA 058,Volkswagen,Atego,2,9.43,2024-02-12,227,27.73
07 AAA 058,Volkswagen,Atego,2,9.43,2024-02-13,66,6.56
07 AAA 058,Volkswagen,Atego,2,9.43,2024-02-14,103,10.22
07 AAA 058,Volkswagen,Atego,2,9.43,2024-02-15,269,28.94
07 AAA 058,Volkswagen,Atego,2,9.43,2024-02-16,247,24.52
07 AAA 058,Volkswagen,Atego,2,9.43,2024-02-17,197,25.55
07 AAA 058,Volkswagen,Atego,2,9.43,2024-02-18,83,8.69
07 AAA 058,Volkswagen,Atego,2,9.43,2024-02-19,101,13.24
07 AAA 058,Volkswagen,Atego,2,9.43,2024-02-20,53,6.18
07 AAA 058,Volkswagen,Atego,2,9.43,2024-02-21,210,17.14
07 AAA 058,Volkswagen,Atego,2,9.43,2024-02-22,258,27.11
07 AAA 058,Volkswagen,Atego,2,9.43,2024-02-23,188,26.51
07 AAA 058,Volkswagen,Atego,2,9.43,2024-02-24,49,5.9
07 AAA 058,Volkswagen,Atego,2,9.43,2024-02-25,129,11.91
07 AAA 058,Volkswagen,Atego,2,9.43,2024-02-26,219,29.49
07 AAA 058,Volkswagen,Atego,2,9.43,2024-02-27,119,11.26
07 AAA 058,Volkswagen,Atego,2,9.43,2024-02-28,279,36.8
07 AAA 058,Volkswagen,Atego,2,9.43,2024-02-29,162,17.34
07 AAA 058,Volkswagen,Atego,2,9.43,2024-03-01,111,8.88
07 AAA 058,Volkswagen,Atego,2,9.43,2024-03-02,158,21.31
07 AAA 058,Volkswagen,Atego,2,9.43,2024-03-03,234,29.03
07 AAA 058,Volkswagen,Atego,2,9.43,2024-03-04,231,32.62
07 AAA 058,Volkswagen,Atego,2,9.43,2024-03-05,179,24.56
07 AAA 058,Volkswagen,Atego,2,9.43,2024-03-06,214,17.73
07 AAA 058,Volkswagen,Atego,2,9.43,2024-03-07,273,27.54
07 AAA 058,Volkswagen,Atego,2,9.43,2024-03-08,86,9.49
07 AAA 058,Volkswagen,Atego,2,9.43,2024-03-09,113,11.22
07 AAA 058,Volkswagen,Atego,2,9.43,2024-03-10,92,10.77
07 AAA 058,Volkswagen,Atego,2,9.43,2024-03-11,124,16.13
07 AAA 058,Volkswagen,Atego,2,9.43,2024-03-12,84,8.92
07 AAA 058,Volkswagen,Atego,2,9.43,2024-03-13,170,20.07
07 AAA 058,Volkswagen,Atego,2,9.43,2024-03-14,206,28.71
07 AAA 058,Volkswagen,Atego,2,9.43,2024-03-15,169,23.75
07 AAA 058,Volkswagen,Atego,2,9.43,2024-03-16,82,8.74
07 AAA 058,Volkswagen,Atego,2,9.43,2024-03-17,134,16.32
07 AAA 058,Volkswagen,Atego,2,9.43,2024-03-18,46,5.91
07 AAA 058,Volkswagen,Atego,2,9.43,2024-03-19,62,5.47
07 AAA 058,Volkswagen,Atego,2,9.43,2024-03-20,298,26.1
07 AAA 058,Volkswagen,Atego,2,9.43,2024-03-21,84,10.49
07 AAA 058,Volkswagen,Atego,2,9.43,2024-03-22,249,21.93
07 AAA 058,Volkswagen,Atego,2,9.43,2024-03-23,63,7.16
07 AAA 058,Volkswagen,Atego,2,9.43,2024-03-24,189,24.31
07 AAA 058,Volkswagen,Atego,2,9.43,2024-03-25,77,9.39
07 AAA 058,Volkswagen,Atego,2,9.43,2024-03-26,105,14.23
07 AAA 058,Volkswagen,Atego,2,9.43,2024-03-27,183,20.81
07 AAA 058,Volkswagen,Atego,2,9.43,2024-03-28,95,9.19
07 AAA 058,Volkswagen,Atego,2,9.43,2024-03-29,290,30.42
07 AAA 058,Volkswagen,Atego,2,9.43,2024-03-30,112,14.66
07 AAA 058,Volkswagen,Atego,2,9.43,2024-03-31,201,18.64
07 AAA 058,Volkswagen,Atego,2,9.43,2024-04-01,244,26.41
07 AAA 058,Volkswagen,Atego,2,9.43,2024-04-02,125,14.02
07 AAA 058,Volkswagen,Atego,2,9.43,2024-04-03,153,11.79
07 AAA 058,Volkswagen,Atego,2,9.43,2024-04-04,159,16.3
07 AAA 058,Volkswagen,Atego,2,9.43,2024-04-05,282,36.97
07 AAA 058,Volkswagen,Atego,2,9.43,2024-04-06,161,13.1
07 AAA 058,Volkswagen,Atego,2,9.43,2024-04-07,152,11.85
07 AAA 058,Volkswagen,Atego,2,9.43,2024-04-08,44,4.9
07 AAA 058,Volkswagen,Atego,2,9.43,2024-04-09,161,16.75
07 AAA 058,Volkswagen,Atego,2,9.43,2024-04-10,129,15.83
07 AAA 058,Volkswagen,Atego,2,9.43,2024-04-11,280,33.07
07 AAA 058,Volkswagen,Atego,2,9.43,2024-04-12,114,12.4
07 AAA 058,Volkswagen,Atego,2,9.43,2024-04-13,228,31.73
07 AAA 058,Volkswagen,Atego,2,9.43,2024-04-14,76,9.08
07 AAA 058,Volkswagen,Atego,2,9.43,2024-04-15,253,25.22
07 AAA 058,Volkswagen,Atego,2,9.43,2024-04-16,225,20.83
07 AAA 058,Volkswagen,Atego,2,9.43,2024-04-17,182,14.48
07 AAA 058,Volkswagen,Atego,2,9.43,2024-04-18,123,13.88
07 AAA 058,Volkswagen,Atego,2,9.43,2024-04-19,165,17.87
07 AAA 058,Volkswagen,Atego,2,9.43,2024-04-20,265,20.15
07 AAA 058,Volkswagen,Atego,2,9.43,2024-04-21,267,37.33
07 AAA 058,Volkswagen,Atego,2,9.43,2024-04-22,119,15.16
07 AAA 058,Volkswagen,Atego,2,9.43,2024-04-23,180,18.2
07 AAA 058,Volkswagen,Atego,2,9.43,2024-04-24,206,23.36
07 AAA 058,Volkswagen,Atego,2,9.43,2024-04-25,132,18.04
07 AAA 058,Volkswagen,Atego,2,9.43,2024-04-26,50,6.72
07 AAA 058,Volkswagen,Atego,2,9.43,2024-04-27,191,15.95
07 AAA 058,Volkswagen,Atego,2,9.43,2024-04-28,142,12.37
07 AAA 058,Volkswagen,Atego,2,9.43,2024-04-29,120,11.03
07 AAA 059,Mercedes,Caddy,3,24.33,2024-01-01,42,13.91
07 AAA 059,Mercedes,Caddy,3,24.33,2024-01-02,54,15.85
07 AAA 059,Mercedes,Caddy,3,24.33,2024-01-03,295,107.58
07 AAA 059,Mercedes,Caddy,3,24.33,2024-01-04,45,15.67
07 AAA 059,Mercedes,Caddy,3,24.33,2024-01-05,289,58.78
07 AAA 059,Mercedes,Caddy,3,24.33,2024-01-06,208,60.83
07 AAA 059,Mercedes,Caddy,3,24.33,2024-01-07,134,33.16
07 AAA 059,Mercedes,Caddy,3,24.33,2024-01-08,167,42.77
07 AAA 059,Mercedes,Caddy,3,24.33,2024-01-09,287,97.94
07 AAA 059,Mercedes,Caddy,3,24.33,2024-01-10,77,18.48
07 AAA 059,Mercedes,Caddy,3,24.33,2024-01-11,108,38.74
07 AAA 059,Mercedes,Caddy,3,24.33,2024-01-12,219,75.57
07 AAA 059,Mercedes,Caddy,3,24.33,2024-01-13,274,54.48
07 AAA 059,Mercedes,Caddy,3,24.33,2024-01-14,112,23.81
07 AAA 059,Mercedes,Caddy,3,24.33,2024-01-15,200,40.13
07 AAA 059,Mercedes,Caddy,3,24.33,2024-01-16,175,41.68
07 AAA 059,Mercedes,Caddy,3,24.33,2024-01-17,200,66.25
07 AAA 059,Mercedes,Caddy,3,24.33,2024-01-18,52,16.9
07 AAA 059,Mercedes,Caddy,3,24.33,2024-01-19,63,12.35
07 AAA 059,Mercedes,Caddy,3,24.33,2024-01-20,122,39.68
07 AAA 059,Mercedes,Caddy,3,24.33,2024-01-21,211,52.99
07 AAA 059,Mercedes,Caddy,3,24.33,2024-01-22,283,59.23
07 AAA 059,Mercedes,Caddy,3,24.33,2024-01-23,83,22.89
07 AAA 059,Mercedes,Caddy,3,24.33,2024-01-24,72,21.15
07 AAA 059,Mercedes,Caddy,3,24.33,2024-01-25,186,48.72
07 AAA 059,Mercedes,Caddy,3,24.33,2024-01-26,237,81.58
07 AAA 059,Mercedes,Caddy,3,24.33,2024-01-27,104,23.33
07 AAA 059,Mercedes,Caddy,3,24.33,2024-01-28,42,12.77
07 AAA 059,Mercedes,Caddy,3,24.33,2024-01-29,249,85.35
07 AAA 059,Mercedes,Caddy,3,24.33,2024-01-30,232,61.25
07 AAA 059,Mercedes,Caddy,3,24.33,2024-01-31,194,46.14
07 AAA 059,Mercedes,Caddy,3,24.33,2024-02-01,176,53.84
07 AAA 059,Mercedes,Caddy,3,24.33,2024-02-02,53,14.95
07 AAA 059,Mercedes,Caddy,3,24.33,2024-02-03,119,23.48
07 AAA 059,Mercedes,Caddy,3,24.33,2024-02-04,122,43.72
07 AAA 059,Mercedes,Caddy,3,24.33,2024-02-05,180,55.71
07 AAA 059,Mercedes,Caddy,3,24.33,2024-02-06,53,14.51
07 AAA 059,Mercedes,Caddy,3,24.33,2024-02-07,227,64.52
07 AAA 059,Mercedes,Caddy,3,24.33,2024-02-08,104,23.21
07 AAA 059,Mercedes,Caddy,3,24.33,2024-02-09,135,32.92
07 AAA 059,Mercedes,Caddy,3,24.33,2024-02-10,217,64.81
07 AAA 059,Mercedes,Caddy,3,24.33,2024-02-11,143,31.17
07 AAA 059,Mercedes,Caddy,3,24.33,2024-02-12,198,64.57
07 AAA 059,Mercedes,Caddy,3,24.33,2024-02-13,134,32.15
07 AAA 059,Mercedes,Caddy,3,24.33,2024-02-14,213,60.32
07 AAA 059,Mercedes,Caddy,3,24.33,2024-02-15,187,53.82
07 AAA 059,Mercedes,Caddy,3,24.33,2024-02-16,73,23.08
07 AAA 059,Mercedes,Caddy,3,24.33,2024-02-17,96,26.09
07 AAA 059,Mercedes,Caddy,3,24.33,2024-02-18,202,39.82
07 AAA 059,Mercedes,Caddy,3,24.33,2024-02-19,57,19.62
07 AAA 059,Mercedes,Caddy,3,24.33,2024-02-20,45,14.48
07 AAA 059,Mercedes,Caddy,3,24.33,2024-02-21,226,65.68
07 AAA 059,Mercedes,Caddy,3,24.33,2024-02-22,186,50.88
07 AAA 059,Mercedes,Caddy,3,24.33,2024-02-23,291,99.13
07 AAA 059,Mercedes,Caddy,3,24.33,2024-02-24,300,66.37
07 AAA 059,Mercedes,Caddy,3,24.33,2024-02-25,218,47.97
07 AAA 059,Mercedes,Caddy,3,24.33,2024-02-26,48,13.82
07 AAA 059,Mercedes,Caddy,3,24.33,2024-02-27,130,41.72
07 AAA 059,Mercedes,Caddy,3,24.33,2024-02-28,168,60.18
07 AAA 059,Mercedes,Caddy,3,24.33,2024-02-29,202,68.7
07 AAA 059,Mercedes,Caddy,3,24.33,2024-03-01,98,29.32
07 AAA 059,Mercedes,Caddy,3,24.33,2024-03-02,261,71.95
07 AAA 059,Mercedes,Caddy,3,24.33,2024-03-03,178,63.5
07 AAA 059,Mercedes,Caddy,3,24.33,2024-03-04,255,91.52
07 AAA 059,Mercedes,Caddy,3,24.33,2024-03-05,77,19.36
07 AAA 059,Mercedes,Caddy,3,24.33,2024-03-06,53,10.9
07 AAA 059,Mercedes,Caddy,3,24.33,2024-03-07,70,21.32
07 AAA 059,Mercedes,Caddy,3,24.33,2024-03-08,258,83.72
07 AAA 059,Mercedes,Caddy,3,24.33,2024-03-09,190,39.89
07 AAA 059,Mercedes,Caddy,3,24.33,2024-03-10,278,73.0
07 AAA 059,Mercedes,Caddy,3,24.33,2024-03-11,298,58.06
07 AAA 059,Mercedes,Caddy,3,24.33,2024-03-12,227,62.14
07 AAA 059,Mercedes,Caddy,3,24.33,2024-03-13,63,22.82
07 AAA 059,Mercedes,Caddy,3,24.33,2024-03-14,204,53.22
07 AAA 059,Mercedes,Caddy,3,24.33,2024-03-15,107,22.82
07 AAA 059,Mercedes,Caddy,3,24.33,2024-03-16,99,31.81
07 AAA 059,Mercedes,Caddy,3,24.33,2024-03-17,146,45.38
07 AAA 059,Mercedes,Caddy,3,24.33,2024-03-18,278,54.4
07 AAA 059,Mercedes,Caddy,3,24.33,2024-03-19,40,14.47
07 AAA 059,Mercedes,Caddy,3,24.33,2024-03-20,129,43.55
07 AAA 059,Mercedes,Caddy,3,24.33,2024-03-21,150,33.45
07 AAA 059,Mercedes,Caddy,3,24.33,2024-03-22,126,44.36
07 AAA 059,Mercedes,Caddy,3,24.33,2024-03-23,222,70.01
07 AAA 059,Mercedes,Caddy,3,24.33,2024-03-24,222,68.53
07 AAA 059,Mercedes,Caddy,3,24.33,2024-03-25,280,58.45
07 AAA 059,Mercedes,Caddy,3,24.33,2024-03-26,150,51.35
07 AAA 059,Mercedes,Caddy,3,24.33,2024-03-27,89,25.71
07 AAA 059,Mercedes,Caddy,3,24.33,2024-03-28,217,68.79
07 AAA 059,Mercedes,Caddy,3,24.33,2024-03-29,167,56.4
07 AAA 059,Mercedes,Caddy,3,24.33,2024-03-30,48,17.09
07 AAA 059,Mercedes,Caddy,3,24.33,2024-03-31,247,52.49
07 AAA 059,Mercedes,Caddy,3,24.33,2024-04-01,221,76.56
07 AAA 059,Mercedes,Caddy,3,24.33,2024-04-02,137,46.49
07 AAA 059,Mercedes,Caddy,3,24.33,2024-04-03,240,68.63
07 AAA 059,Mercedes,Caddy,3,24.33,2024-04-04,166,35.59
07 AAA 059,Mercedes,Caddy,3,24.33,2024-04-05,300,105.65
07 AAA 059,Mercedes,Caddy,3,24.33,2024-04-06,181,51.39
07 AAA 059,Mercedes,Caddy,3,24.33,2024-04-07,228,78.59
07 AAA 059,Mercedes,Caddy,3,24.33,2024-04-08,197,63.04
07 AAA 059,Mercedes,Caddy,3,24.33,2024-04-09,78,17.71
07 AAA 059,Mercedes,Caddy,3,24.33,2024-04-10,185,49.17
07 AAA 059,Mercedes,Caddy,3,24.33,2024-04-11,114,35.33
07 AAA 059,Mercedes,Caddy,3,24.33,2024-04-12,45,14.7
07 AAA 059,Mercedes,Caddy,3,24.33,2024-04-13,92,31.26
07 AAA 059,Mercedes,Caddy,3,24.33,2024-04-14,167,34.45
07 AAA 059,Mercedes,Caddy,3,24.33,2024-04-15,294,100.72
07 AAA 059,Mercedes,Caddy,3,24.33,2024-04-16,157,39.34
07 AAA 059,Mercedes,Caddy,3,24.33,2024-04-17,226,62.14
07 AAA 059,Mercedes,Caddy,3,24.33,2024-04-18,276,84.63
07 AAA 059,Mercedes,Caddy,3,24.33,2024-04-19,264,71.9
07 AAA 059,Mercedes,Caddy,3,24.33,2024-04-20,109,28.3
07 AAA 059,Mercedes,Caddy,3,24.33,2024-04-21,102,29.53
07 AAA 059,Mercedes,Caddy,3,24.33,2024-04-22,202,66.63
07 AAA 059,Mercedes,Caddy,3,24.33,2024-04-23,82,25.4
07 AAA 059,Mercedes,Caddy,3,24.33,2024-04-24,180,50.98
07 AAA 059,Mercedes,Caddy,3,24.33,2024-04-25,263,85.73
07 AAA 059,Mercedes,Caddy,3,24.33,2024-04-26,168,57.57
07 AAA 059,Mercedes,Caddy,3,24.33,2024-04-27,204,54.99
07 AAA 059,Mercedes,Caddy,3,24.33,2024-04-28,183,50.97
07 AAA 059,Mercedes,Caddy,3,24.33,2024-04-29,256,67.26
07 AAA 060,Volkswagen,Atego,2,9.91,2024-01-01,43,3.69
07 AAA 060,Volkswagen,Atego,2,9.91,2024-01-02,249,24.11
07 AAA 060,Volkswagen,Atego,2,9.91,2024-01-03,228,28.95
07 AAA 060,Volkswagen,Atego,2,9.91,2024-01-04,241,34.54
07 AAA 060,Volkswagen,Atego,2,9.91,2024-01-05,174,23.67
07 AAA 060,Volkswagen,Atego,2,9.91,2024-01-06,77,10.99
07 AAA 060,Volkswagen,Atego,2,9.91,2024-01-07,59,8.34
07 AAA 060,Volkswagen,Atego,2,9.91,2024-01-08,173,15.05
07 AAA 060,Volkswagen,Atego,2,9.91,2024-01-09,169,16.14
07 AAA 060,Volkswagen,Atego,2,9.91,2024-01-10,247,22.78
07 AAA 060,Volkswagen,Atego,2,9.91,2024-01-11,121,10.83
07 AAA 060,Volkswagen,Atego,2,9.91,2024-01-12,118,11.56
07 AAA 060,Volkswagen,Atego,2,9.91,2024-01-13,55,6.26
07 AAA 060,Volkswagen,Atego,2,9.91,2024-01-14,191,23.81
07 AAA 060,Volkswagen,Atego,2,9.91,2024-01-15,85,12.06
07 AAA 060,Volkswagen,Atego,2,9.91,2024-01-16,164,20.71
07 AAA 060,Volkswagen,Atego,2,9.91,2024-01-17,185,16.61
07 AAA 060,Volkswagen,Atego,2,9.91,2024-01-18,212,24.35
07 AAA 060,Volkswagen,Atego,2,9.91,2024-01-19,275,27.22
07 AAA 060,Volkswagen,Atego,2,9.91,2024-01-20,133,14.05
07 AAA 060,Volkswagen,Atego,2,9.91,2024-01-21,215,31.83
07 AAA 060,Volkswagen,Atego,2,9.91,2024-01-22,222,32.25
07 AAA 060,Volkswagen,Atego,2,9.91,2024-01-23,141,18.25
07 AAA 060,Volkswagen,Atego,2,9.91,2024-01-24,277,22.34
07 AAA 060,Volkswagen,Atego,2,9.91,2024-01-25,182,21.7
07 AAA 060,Volkswagen,Atego,2,9.91,2024-01-26,72,9.82
07 AAA 060,Volkswagen,Atego,2,9.91,2024-01-27,84,12.16
07 AAA 060,Volkswagen,Atego,2,9.91,2024-01-28,63,8.26
07 AAA 060,Volkswagen,Atego,2,9.91,2024-01-29,62,7.84
07 AAA 060,Volkswagen,Atego,2,9.91,2024-01-30,142,11.37
07 AAA 060,Volkswagen,Atego,2,9.91,2024-01-31,268,32.94
07 AAA 060,Volkswagen,Atego,2,9.91,2024-02-01,54,7.33
07 AAA 060,Volkswagen,Atego,2,9.91,2024-02-02,239,31.78
07 AAA 060,Volkswagen,Atego,2,9.91,2024-02-03,250,22.35
07 AAA 060,Volkswagen,Atego,2,9.91,2024-02-04,266,36.1
07 AAA 060,Volkswagen,Atego,2,9.91,2024-02-05,272,34.25
07 AAA 060,Volkswagen,Atego,2,9.91,2024-02-06,244,31.4
07 AAA 060,Volkswagen,Atego,2,9.91,2024-02-07,154,22.78
07 AAA 060,Volkswagen,Atego,2,9.91,2024-02-08,140,13.55
07 AAA 060,Volkswagen,Atego,2,9.91,2024-02-09,64,5.63
07 AAA 060,Volkswagen,Atego,2,9.91,2024-02-10,228,23.03
07 AAA 060,Volkswagen,Atego,2,9.91,2024-02-11,75,9.47
07 AAA 060,Volkswagen,Atego,2,9.91,2024-02-12,208,29.81
07 AAA 060,Volkswagen,Atego,2,9.91,2024-02-13,182,18.53
07 AAA 060,Volkswagen,Atego,2,9.91,2024-02-14,233,23.2
07 AAA 060,Volkswagen,Atego,2,9.91,2024-02-15,211,21.63
07 AAA 060,Volkswagen,Atego,2,9.91,2024-02-16,55,7.95
07 AAA 060,Volkswagen,Atego,2,9.91,2024-02-17,198,22.45
07 AAA 060,Volkswagen,Atego,2,9.91,2024-02-18,277,26.51
07 AAA 060,Volkswagen,Atego,2,9.91,2024-02-19,232,25.75
07 AAA 060,Volkswagen,Atego,2,9.91,2024-02-20,268,28.56
07 AAA 060,Volkswagen,Atego,2,9.91,2024-02-21,298,27.59
07 AAA 060,Volkswagen,Atego,2,9.91,2024-02-22,66,8.73
07 AAA 060,Volkswagen,Atego,2,9.91,2024-02-23,166,16.75
07 AAA 060,Volkswagen,Atego,2,9.91,2024-02-24,93,7.66
07 AAA 060,Volkswagen,Atego,2,9.91,2024-02-25,171,20.65
07 AAA 060,Volkswagen,Atego,2,9.91,2024-02-26,75,6.54
07 AAA 060,Volkswagen,Atego,2,9.91,2024-02-27,150,13.67
07 AAA 060,Volkswagen,Atego,2,9.91,2024-02-28,163,24.18
07 AAA 060,Volkswagen,Atego,2,9.91,2024-02-29,55,7.25
07 AAA 060,Volkswagen,Atego,2,9.91,2024-03-01,134,16.16
07 AAA 060,Volkswagen,Atego,2,9.91,2024-03-02,263,29.42
07 AAA 060,Volkswagen,Atego,2,9.91,2024-03-03,210,23.47
07 AAA 060,Volkswagen,Atego,2,9.91,2024-03-04,202,27.54
07 AAA 060,Volkswagen,Atego,2,9.91,2024-03-05,213,28.15
07 AAA 060,Volkswagen,Atego,2,9.91,2024-03-06,116,13.01
07 AAA 060,Volkswagen,Atego,2,9.91,2024-03-07,238,23.38
07 AAA 060,Volkswagen,Atego,2,9.91,2024-03-08,264,35.26
07 AAA 060,Volkswagen,Atego,2,9.91,2024-03-09,185,22.46
07 AAA 060,Volkswagen,Atego,2,9.91,2024-03-10,160,15.48
07 AAA 060,Volkswagen,Atego,2,9.91,2024-03-11,289,30.09
07 AAA 060,Volkswagen,Atego,2,9.91,2024-03-12,201,18.21
07 AAA 060,Volkswagen,Atego,2,9.91,2024-03-13,129,17.09
07 AAA 060,Volkswagen,Atego,2,9.91,2024-03-14,167,14.77
07 AAA 060,Volkswagen,Atego,2,9.91,2024-03-15,147,20.29
07 AAA 060,Volkswagen,Atego,2,9.91,2024-03-16,70,8.4
07 AAA 060,Volkswagen,Atego,2,9.91,2024-03-17,176,16.99
07 AAA 060,Volkswagen,Atego,2,9.91,2024-03-18,271,26.43
07 AAA 060,Volkswagen,Atego,2,9.91,2024-03-19,212,22.7
07 AAA 060,Volkswagen,Atego,2,9.91,2024-03-20,140,17.84
07 AAA 060,Volkswagen,Atego,2,9.91,2024-03-21,128,11.14
07 AAA 060,Volkswagen,Atego,2,9.91,2024-03-22,142,20.83
07 AAA 060,Volkswagen,Atego,2,9.91,2024-03-23,122,11.78
07 AAA 060,Volkswagen,Atego,2,9.91,2024-03-24,59,8.41
07 AAA 060,Volkswagen,Atego,2,9.91,2024-03-25,248,19.96
07 AAA 060,Volkswagen,Atego,2,9.91,2024-03-26,295,35.91
07 AAA 060,Volkswagen,Atego,2,9.91,2024-03-27,84,6.93
07 AAA 060,Volkswagen,Atego,2,9.91,2024-03-28,204,29.96
07 AAA 060,Volkswagen,Atego,2,9.91,2024-03-29,185,22.08
07 AAA 060,Volkswagen,Atego,2,9.91,2024-03-30,51,5.39
07 AAA 060,Volkswagen,Atego,2,9.91,2024-03-31,225,28.53
07 AAA 060,Volkswagen,Atego,2,9.91,2024-04-01,252,35.01
07 AAA 060,Volkswagen,Atego,2,9.91,2024-04-02,55,7.06
07 AAA 060,Volkswagen,Atego,2,9.91,2024-04-03,219,31.58
07 AAA 060,Volkswagen,Atego,2,9.91,2024-04-04,47,5.83
07 AAA 060,Volkswagen,Atego,2,9.91,2024-04-05,204,20.26
07 AAA 060,Volkswagen,Atego,2,9.91,2024-04-06,256,37.05
07 AAA 060,Volkswagen,Atego,2,9.91,2024-04-07,141,12.38
07 AAA 060,Volkswagen,Atego,2,9.91,2024-04-08,99,13.81
07 AAA 060,Volkswagen,Atego,2,9.91,2024-04-09,145,19.95
07 AAA 060,Volkswagen,Atego,2,9.91,2024-04-10,132,12.44
07 AAA 060,Volkswagen,Atego,2,9.91,2024-04-11,144,17.04
07 AAA 060,Volkswagen,Atego,2,9.91,2024-04-12,288,25.76
07 AAA 060,Volkswagen,Atego,2,9.91,2024-04-13,92,12.0
07 AAA 060,Volkswagen,Atego,2,9.91,2024-04-14,42,4.31
07 AAA 060,Volkswagen,Atego,2,9.91,2024-04-15,154,21.09
07 AAA 060,Volkswagen,Atego,2,9.91,2024-04-16,143,13.92
07 AAA 060,Volkswagen,Atego,2,9.91,2024-04-17,113,13.62
07 AAA 060,Volkswagen,Atego,2,9.91,2024-04-18,110,16.33
07 AAA 060,Volkswagen,Atego,2,9.91,2024-04-19,206,16.68
07 AAA 060,Volkswagen,Atego,2,9.91,2024-04-20,216,22.8
07 AAA 060,Volkswagen,Atego,2,9.91,2024-04-21,269,26.44
07 AAA 060,Volkswagen,Atego,2,9.91,2024-04-22,59,6.14
07 AAA 060,Volkswagen,Atego,2,9.91,2024-04-23,45,4.02
07 AAA 060,Volkswagen,Atego,2,9.91,2024-04-24,285,26.51
07 AAA 060,Volkswagen,Atego,2,9.91,2024-04-25,69,5.98
07 AAA 060,Volkswagen,Atego,2,9.91,2024-04-26,135,14.76
07 AAA 060,Volkswagen,Atego,2,9.91,2024-04-27,130,13.54
07 AAA 060,Volkswagen,Atego,2,9.91,2024-04-28,240,34.77
07 AAA 060,Volkswagen,Atego,2,9.91,2024-04-29,44,5.82
07 AAA 061,Renault,Boxer,3,25.55,2024-01-01,46,15.04
07 AAA 061,Renault,Boxer,3,25.55,2024-01-02,61,23.11
07 AAA 061,Renault,Boxer,3,25.55,2024-01-03,278,88.99
07 AAA 061,Renault,Boxer,3,25.55,2024-01-04,71,23.45
07 AAA 061,Renault,Boxer,3,25.55,2024-01-05,138,47.64
07 AAA 061,Renault,Boxer,3,25.55,2024-01-06,210,49.29
07 AAA 061,Renault,Boxer,3,25.55,2024-01-07,260,67.82
07 AAA 061,Renault,Boxer,3,25.55,2024-01-08,196,46.7
07 AAA 061,Renault,Boxer,3,25.55,2024-01-09,53,16.62
07 AAA 061,Renault,Boxer,3,25.55,2024-01-10,205,74.93
07 AAA 061,Renault,Boxer,3,25.55,2024-01-11,90,29.16
07 AAA 061,Renault,Boxer,3,25.55,2024-01-12,238,50.19
07 AAA 061,Renault,Boxer,3,25.55,2024-01-13,292,72.84
07 AAA 061,Renault,Boxer,3,25.55,2024-01-14,113,27.16
07 AAA 061,Renault,Boxer,3,25.55,2024-01-15,124,37.17
07 AAA 061,Renault,Boxer,3,25.55,2024-01-16,247,63.16
07 AAA 061,Renault,Boxer,3,25.55,2024-01-17,210,50.15
07 AAA 061,Renault,Boxer,3,25.55,2024-01-18,50,16.83
07 AAA 061,Renault,Boxer,3,25.55,2024-01-19,141,41.73
07 AAA 061,Renault,Boxer,3,25.55,2024-01-20,155,39.76
07 AAA 061,Renault,Boxer,3,25.55,2024-01-21,300,79.4
07 AAA 061,Renault,Boxer,3,25.55,2024-01-22,275,93.48
07 AAA 061,Renault,Boxer,3,25.55,2024-01-23,67,18.82
07 AAA 061,Renault,Boxer,3,25.55,2024-01-24,49,10.38
07 AAA 061,Renault,Boxer,3,25.55,2024-01-25,233,73.83
07 AAA 061,Renault,Boxer,3,25.55,2024-01-26,155,38.77
07 AAA 061,Renault,Boxer,3,25.55,2024-01-27,244,66.37
07 AAA 061,Renault,Boxer,3,25.55,2024-01-28,288,78.54
07 AAA 061,Renault,Boxer,3,25.55,2024-01-29,262,74.84
07 AAA 061,Renault,Boxer,3,25.55,2024-01-30,161,43.1
07 AAA 061,Renault,Boxer,3,25.55,2024-01-31,243,63.91
07 AAA 061,Renault,Boxer,3,25.55,2024-02-01,286,63.44
07 AAA 061,Renault,Boxer,3,25.55,2024-02-02,296,90.01
07 AAA 061,Renault,Boxer,3,25.55,2024-02-03,234,51.07
07 AAA 061,Renault,Boxer,3,25.55,2024-02-04,85,29.45
07 AAA 061,Renault,Boxer,3,25.55,2024-02-05,117,30.51
07 AAA 061,Renault,Boxer,3,25.55,2024-02-06,95,30.13
07 AAA 061,Renault,Boxer,3,25.55,2024-02-07,94,29.77
07 AAA 061,Renault,Boxer,3,25.55,2024-02-08,53,14.53
07 AAA 061,Renault,Boxer,3,25.55,2024-02-09,56,16.62
07 AAA 061,Renault,Boxer,3,25.55,2024-02-10,247,54.15
07 AAA 061,Renault,Boxer,3,25.55,2024-02-11,200,70.29
07 AAA 061,Renault,Boxer,3,25.55,2024-02-12,274,103.66
07 AAA 061,Renault,Boxer,3,25.55,2024-02-13,105,34.13
07 AAA 061,Renault,Boxer,3,25.55,2024-02-14,57,11.92
07 AAA 061,Renault,Boxer,3,25.55,2024-02-15,183,62.94
07 AAA 061,Renault,Boxer,3,25.55,2024-02-16,268,88.48
07 AAA 061,Renault,Boxer,3,25.55,2024-02-17,213,78.82
07 AAA 061,Renault,Boxer,3,25.55,2024-02-18,168,49.84
07 AAA 061,Renault,Boxer,3,25.55,2024-02-19,54,12.95
07 AAA 061,Renault,Boxer,3,25.55,2024-02-20,261,90.88
07 AAA 061,Renault,Boxer,3,25.55,2024-02-21,268,102.43
07 AAA 061,Renault,Boxer,3,25.55,2024-02-22,119,27.27
07 AAA 061,Renault,Boxer,3,25.55,2024-02-23,139,51.21
07 AAA 061,Renault,Boxer,3,25.55,2024-02-24,113,37.96
07 AAA 061,Renault,Boxer,3,25.55,2024-02-25,232,82.17
07 AAA 061,Renault,Boxer,3,25.55,2024-02-26,193,55.6
07 AAA 061,Renault,Boxer,3,25.55,2024-02-27,206,65.44
07 AAA 061,Renault,Boxer,3,25.55,2024-02-28,215,67.67
07 AAA 061,Renault,Boxer,3,25.55,2024-02-29,161,39.3
07 AAA 061,Renault,Boxer,3,25.55,2024-03-01,268,75.75
07 AAA 061,Renault,Boxer,3,25.55,2024-03-02,50,14.51
07 AAA 061,Renault,Boxer,3,25.55,2024-03-03,91,28.35
07 AAA 061,Renault,Boxer,3,25.55,2024-03-04,245,64.11
07 AAA 061,Renault,Boxer,3,25.55,2024-03-05,155,57.29
07 AAA 061,Renault,Boxer,3,25.55,2024-03-06,230,61.72
07 AAA 061,Renault,Boxer,3,25.55,2024-03-07,258,54.23
07 AAA 061,Renault,Boxer,3,25.55,2024-03-08,267,71.12
07 AAA 061,Renault,Boxer,3,25.55,2024-03-09,281,78.28
07 AAA 061,Renault,Boxer,3,25.55,2024-03-10,230,73.67
07 AAA 061,Renault,Boxer,3,25.55,2024-03-11,178,58.34
07 AAA 061,Renault,Boxer,3,25.55,2024-03-12,298,87.94
07 AAA 061,Renault,Boxer,3,25.55,2024-03-13,135,50.35
07 AAA 061,Renault,Boxer,3,25.55,2024-03-14,58,16.01
07 AAA 061,Renault,Boxer,3,25.55,2024-03-15,166,43.79
07 AAA 061,Renault,Boxer,3,25.55,2024-03-16,186,59.39
07 AAA 061,Renault,Boxer,3,25.55,2024-03-17,116,28.71
07 AAA 061,Renault,Boxer,3,25.55,2024-03-18,245,75.12
07 AAA 061,Renault,Boxer,3,25.55,2024-03-19,281,92.49
07 AAA 061,Renault,Boxer,3,25.55,2024-03-20,118,37.33
07 AAA 061,Renault,Boxer,3,25.55,2024-03-21,278,101.43
07 AAA 061,Renault,Boxer,3,25.55,2024-03-22,162,59.42
07 AAA 061,Renault,Boxer,3,25.55,2024-03-23,210,61.42
07 AAA 061,Renault,Boxer,3,25.55,2024-03-24,48,15.95
07 AAA 061,Renault,Boxer,3,25.55,2024-03-25,215,61.64
07 AAA 061,Renault,Boxer,3,25.55,2024-03-26,90,26.7
07 AAA 061,Renault,Boxer,3,25.55,2024-03-27,225,70.4
07 AAA 061,Renault,Boxer,3,25.55,2024-03-28,243,61.07
07 AAA 061,Renault,Boxer,3,25.55,2024-03-29,220,46.55
07 AAA 061,Renault,Boxer,3,25.55,2024-03-30,81,26.43
07 AAA 061,Renault,Boxer,3,25.55,2024-03-31,90,24.48
07 AAA 061,Renault,Boxer,3,25.55,2024-04-01,170,45.17
07 AAA 061,Renault,Boxer,3,25.55,2024-04-02,69,16.16
07 AAA 061,Renault,Boxer,3,25.55,2024-04-03,220,45.15
07 AAA 061,Renault,Boxer,3,25.55,2024-04-04,89,20.62
07 AAA 061,Renault,Boxer,3,25.55,2024-04-05,169,45.13
07 AAA 061,Renault,Boxer,3,25.55,2024-04-06,76,19.2
07 AAA 061,Renault,Boxer,3,25.55,2024-04-07,112,31.03
07 AAA 061,Renault,Boxer,3,25.55,2024-04-08,233,82.3
07 AAA 061,Renault,Boxer,3,25.55,2024-04-09,226,61.42
07 AAA 061,Renault,Boxer,3,25.55,2024-04-10,238,55.63
07 AAA 061,Renault,Boxer,3,25.55,2024-04-11,170,62.66
07 AAA 061,Renault,Boxer,3,25.55,2024-04-12,153,34.97
07 AAA 061,Renault,Boxer,3,25.55,2024-04-13,53,16.97
07 AAA 061,Renault,Boxer,3,25.55,2024-04-14,218,82.21
07 AAA 061,Renault,Boxer,3,25.55,2024-04-15,146,47.05
07 AAA 061,Renault,Boxer,3,25.55,2024-04-16,300,89.23
07 AAA 061,Renault,Boxer,3,25.55,2024-04-17,118,24.91
07 AAA 061,Renault,Boxer,3,25.55,2024-04-18,234,57.76
07 AAA 061,Renault,Boxer,3,25.55,2024-04-19,168,41.85
07 AAA 061,Renault,Boxer,3,25.55,2024-04-20,265,95.18
07 AAA 061,Renault,Boxer,3,25.55,2024-04-21,127,32.61
07 AAA 061,Renault,Boxer,3,25.55,2024-04-22,261,87.8
07 AAA 061,Renault,Boxer,3,25.55,2024-04-23,257,73.31
07 AAA 061,Renault,Boxer,3,25.55,2024-04-24,119,33.11
07 AAA 061,Renault,Boxer,3,25.55,2024-04-25,284,95.26
07 AAA 061,Renault,Boxer,3,25.55,2024-04-26,59,20.64
07 AAA 061,Renault,Boxer,3,25.55,2024-04-27,185,61.26
07 AAA 061,Renault,Boxer,3,25.55,2024-04-28,275,78.26
07 AAA 061,Renault,Boxer,3,25.55,2024-04-29,68,23.37
07 AAA 062,Fiat,Boxer,4,7.05,2024-01-01,207,18.95
07 AAA 062,Fiat,Boxer,4,7.05,2024-01-02,124,12.7
07 AAA 062,Fiat,Boxer,4,7.05,2024-01-03,273,28.64
07 AAA 062,Fiat,Boxer,4,7.05,2024-01-04,111,9.58
07 AAA 062,Fiat,Boxer,4,7.05,2024-01-05,151,12.47
07 AAA 062,Fiat,Boxer,4,7.05,2024-01-06,162,9.3
07 AAA 062,Fiat,Boxer,4,7.05,2024-01-07,142,8.7
07 AAA 062,Fiat,Boxer,4,7.05,2024-01-08,267,23.49
07 AAA 062,Fiat,Boxer,4,7.05,2024-01-09,91,7.05
07 AAA 062,Fiat,Boxer,4,7.05,2024-01-10,73,7.02
07 AAA 062,Fiat,Boxer,4,7.05,2024-01-11,158,8.97
07 AAA 062,Fiat,Boxer,4,7.05,2024-01-12,138,13.59
07 AAA 062,Fiat,Boxer,4,7.05,2024-01-13,185,12.25
07 AAA 062,Fiat,Boxer,4,7.05,2024-01-14,47,3.79
07 AAA 062,Fiat,Boxer,4,7.05,2024-01-15,195,15.91
07 AAA 062,Fiat,Boxer,4,7.05,2024-01-16,157,15.53
07 AAA 062,Fiat,Boxer,4,7.05,2024-01-17,211,21.46
07 AAA 062,Fiat,Boxer,4,7.05,2024-01-18,285,24.05
07 AAA 062,Fiat,Boxer,4,7.05,2024-01-19,186,11.63
07 AAA 062,Fiat,Boxer,4,7.05,2024-01-20,164,13.31
07 AAA 062,Fiat,Boxer,4,7.05,2024-01-21,259,25.12
07 AAA 062,Fiat,Boxer,4,7.05,2024-01-22,135,7.63
07 AAA 062,Fiat,Boxer,4,7.05,2024-01-23,53,3.39
07 AAA 062,Fiat,Boxer,4,7.05,2024-01-24,119,10.19
07 AAA 062,Fiat,Boxer,4,7.05,2024-01-25,168,16.67
07 AAA 062,Fiat,Boxer,4,7.05,2024-01-26,251,25.6
07 AAA 062,Fiat,Boxer,4,7.05,2024-01-27,190,15.02
07 AAA 062,Fiat,Boxer,4,7.05,2024-01-28,145,13.5
07 AAA 062,Fiat,Boxer,4,7.05,2024-01-29,55,3.35
07 AAA 062,Fiat,Boxer,4,7.05,2024-01-30,90,5.7
07 AAA 062,Fiat,Boxer,4,7.05,2024-01-31,206,14.11
07 AAA 062,Fiat,Boxer,4,7.05,2024-02-01,120,7.43
07 AAA 062,Fiat,Boxer,4,7.05,2024-02-02,233,15.0
07 AAA 062,Fiat,Boxer,4,7.05,2024-02-03,158,10.1
07 AAA 062,Fiat,Boxer,4,7.05,2024-02-04,191,11.25
07 AAA 062,Fiat,Boxer,4,7.05,2024-02-05,150,11.49
07 AAA 062,Fiat,Boxer,4,7.05,2024-02-06,224,22.82
07 AAA 062,Fiat,Boxer,4,7.05,2024-02-07,232,20.51
07 AAA 062,Fiat,Boxer,4,7.05,2024-02-08,241,21.88
07 AAA 062,Fiat,Boxer,4,7.05,2024-02-09,207,13.39
07 AAA 062,Fiat,Boxer,4,7.05,2024-02-10,299,28.74
07 AAA 062,Fiat,Boxer,4,7.05,2024-02-11,270,19.0
07 AAA 062,Fiat,Boxer,4,7.05,2024-02-12,232,16.67
07 AAA 062,Fiat,Boxer,4,7.05,2024-02-13,263,24.69
07 AAA 062,Fiat,Boxer,4,7.05,2024-02-14,49,4.22
07 AAA 062,Fiat,Boxer,4,7.05,2024-02-15,121,10.93
07 AAA 062,Fiat,Boxer,4,7.05,2024-02-16,59,4.41
07 AAA 062,Fiat,Boxer,4,7.05,2024-02-17,196,19.33
07 AAA 062,Fiat,Boxer,4,7.05,2024-02-18,54,3.58
07 AAA 062,Fiat,Boxer,4,7.05,2024-02-19,177,11.55
07 AAA 062,Fiat,Boxer,4,7.05,2024-02-20,134,10.63
07 AAA 062,Fiat,Boxer,4,7.05,2024-02-21,284,29.63
07 AAA 062,Fiat,Boxer,4,7.05,2024-02-22,83,5.51
07 AAA 062,Fiat,Boxer,4,7.05,2024-02-23,94,9.88
07 AAA 062,Fiat,Boxer,4,7.05,2024-02-24,164,10.82
07 AAA 062,Fiat,Boxer,4,7.05,2024-02-25,280,22.96
07 AAA 062,Fiat,Boxer,4,7.05,2024-02-26,109,8.69
07 AAA 062,Fiat,Boxer,4,7.05,2024-02-27,113,10.35
07 AAA 062,Fiat,Boxer,4,7.05,2024-02-28,223,21.38
07 AAA 062,Fiat,Boxer,4,7.05,2024-02-29,261,25.03
07 AAA 062,Fiat,Boxer,4,7.05,2024-03-01,54,5.35
07 AAA 062,Fiat,Boxer,4,7.05,2024-03-02,227,13.77
07 AAA 062,Fiat,Boxer,4,7.05,2024-03-03,108,9.08
07 AAA 062,Fiat,Boxer,4,7.05,2024-03-04,169,17.05
07 AAA 062,Fiat,Boxer,4,7.05,2024-03-05,204,14.58
07 AAA 062,Fiat,Boxer,4,7.05,2024-03-06,271,22.32
07 AAA 062,Fiat,Boxer,4,7.05,2024-03-07,274,26.86
07 AAA 062,Fiat,Boxer,4,7.05,2024-03-08,109,9.47
07 AAA 062,Fiat,Boxer,4,7.05,2024-03-09,204,14.57
07 AAA 062,Fiat,Boxer,4,7.05,2024-03-10,205,18.9
07 AAA 062,Fiat,Boxer,4,7.05,2024-03-11,131,12.88
07 AAA 062,Fiat,Boxer,4,7.05,2024-03-12,258,24.25
07 AAA 062,Fiat,Boxer,4,7.05,2024-03-13,166,11.6
07 AAA 062,Fiat,Boxer,4,7.05,2024-03-14,193,20.33
07 AAA 062,Fiat,Boxer,4,7.05,2024-03-15,207,21.53
07 AAA 062,Fiat,Boxer,4,7.05,2024-03-16,167,17.29
07 AAA 062,Fiat,Boxer,4,7.05,2024-03-17,150,8.86
07 AAA 062,Fiat,Boxer,4,7.05,2024-03-18,248,17.65
07 AAA 062,Fiat,Boxer,4,7.05,2024-03-19,105,7.67
07 AAA 062,Fiat,Boxer,4,7.05,2024-03-20,294,16.74
07 AAA 062,Fiat,Boxer,4,7.05,2024-03-21,132,12.6
07 AAA 062,Fiat,Boxer,4,7.05,2024-03-22,118,9.28
07 AAA 062,Fiat,Boxer,4,7.05,2024-03-23,278,27.28
07 AAA 062,Fiat,Boxer,4,7.05,2024-03-24,178,14.42
07 AAA 062,Fiat,Boxer,4,7.05,2024-03-25,44,4.28
07 AAA 062,Fiat,Boxer,4,7.05,2024-03-26,202,16.79
07 AAA 062,Fiat,Boxer,4,7.05,2024-03-27,295,20.2
07 AAA 062,Fiat,Boxer,4,7.05,2024-03-28,84,8.24
07 AAA 062,Fiat,Boxer,4,7.05,2024-03-29,267,15.72
07 AAA 062,Fiat,Boxer,4,7.05,2024-03-30,147,10.37
07 AAA 062,Fiat,Boxer,4,7.05,2024-03-31,83,6.32
07 AAA 062,Fiat,Boxer,4,7.05,2024-04-01,94,6.88
07 AAA 062,Fiat,Boxer,4,7.05,2024-04-02,130,11.36
07 AAA 062,Fiat,Boxer,4,7.05,2024-04-03,90,9.03
07 AAA 062,Fiat,Boxer,4,7.05,2024-04-04,147,11.79
07 AAA 062,Fiat,Boxer,4,7.05,2024-04-05,187,19.72
07 AAA 062,Fiat,Boxer,4,7.05,2024-04-06,272,20.05
07 AAA 062,Fiat,Boxer,4,7.05,2024-04-07,208,20.47
07 AAA 062,Fiat,Boxer,4,7.05,2024-04-08,61,6.1
07 AAA 062,Fiat,Boxer,4,7.05,2024-04-09,60,4.88
07 AAA 062,Fiat,Boxer,4,7.05,2024-04-10,174,14.22
07 AAA 062,Fiat,Boxer,4,7.05,2024-04-11,287,16.28
07 AAA 062,Fiat,Boxer,4,7.05,2024-04-12,231,21.27
07 AAA 062,Fiat,Boxer,4,7.05,2024-04-13,243,14.04
07 AAA 062,Fiat,Boxer,4,7.05,2024-04-14,82,5.85
07 AAA 062,Fiat,Boxer,4,7.05,2024-04-15,219,19.91
07 AAA 062,Fiat,Boxer,4,7.05,2024-04-16,294,27.82
07 AAA 062,Fiat,Boxer,4,7.05,2024-04-17,115,9.96
07 AAA 062,Fiat,Boxer,4,7.05,2024-04-18,206,11.94
07 AAA 062,Fiat,Boxer,4,7.05,2024-04-19,94,7.75
07 AAA 062,Fiat,Boxer,4,7.05,2024-04-20,143,9.42
07 AAA 062,Fiat,Boxer,4,7.05,2024-04-21,128,9.4
07 AAA 062,Fiat,Boxer,4,7.05,2024-04-22,182,19.03
07 AAA 062,Fiat,Boxer,4,7.05,2024-04-23,143,12.16
07 AAA 062,Fiat,Boxer,4,7.05,2024-04-24,133,13.08
07 AAA 062,Fiat,Boxer,4,7.05,2024-04-25,67,5.19
07 AAA 062,Fiat,Boxer,4,7.05,2024-04-26,150,11.86
07 AAA 062,Fiat,Boxer,4,7.05,2024-04-27,244,14.89
07 AAA 062,Fiat,Boxer,4,7.05,2024-04-28,88,8.58
07 AAA 062,Fiat,Boxer,4,7.05,2024-04-29,124,8.11
07 AAA 063,Ford,Transit,1,12.13,2024-01-01,223,23.84
07 AAA 063,Ford,Transit,1,12.13,2024-01-02,199,23.14
07 AAA 063,Ford,Transit,1,12.13,2024-01-03,134,15.09
07 AAA 063,Ford,Transit,1,12.13,2024-01-04,294,39.89
07 AAA 063,Ford,Transit,1,12.13,2024-01-05,254,33.36
07 AAA 063,Ford,Transit,1,12.13,2024-01-06,76,12.2
07 AAA 063,Ford,Transit,1,12.13,2024-01-07,119,12.56
07 AAA 063,Ford,Transit,1,12.13,2024-01-08,147,21.86
07 AAA 063,Ford,Transit,1,12.13,2024-01-09,206,29.94
07 AAA 063,Ford,Transit,1,12.13,2024-01-10,299,33.87
07 AAA 063,Ford,Transit,1,12.13,2024-01-11,288,35.44
07 AAA 063,Ford,Transit,1,12.13,2024-01-12,68,9.71
07 AAA 063,Ford,Transit,1,12.13,2024-01-13,225,31.62
07 AAA 063,Ford,Transit,1,12.13,2024-01-14,198,21.93
07 AAA 063,Ford,Transit,1,12.13,2024-01-15,223,24.28
07 AAA 063,Ford,Transit,1,12.13,2024-01-16,74,11.65
07 AAA 063,Ford,Transit,1,12.13,2024-01-17,239,28.94
07 AAA 063,Ford,Transit,1,12.13,2024-01-18,260,28.65
07 AAA 063,Ford,Transit,1,12.13,2024-01-19,243,32.81
07 AAA 063,Ford,Transit,1,12.13,2024-01-20,83,14.15
07 AAA 063,Ford,Transit,1,12.13,2024-01-21,255,44.38
07 AAA 063,Ford,Transit,1,12.13,2024-01-22,170,22.75
07 AAA 063,Ford,Transit,1,12.13,2024-01-23,232,30.67
07 AAA 063,Ford,Transit,1,12.13,2024-01-24,45,7.87
07 AAA 063,Ford,Transit,1,12.13,2024-01-25,213,37.37
07 AAA 063,Ford,Transit,1,12.13,2024-01-26,201,22.12
07 AAA 063,Ford,Transit,1,12.13,2024-01-27,232,24.68
07 AAA 063,Ford,Transit,1,12.13,2024-01-28,221,30.9
07 AAA 063,Ford,Transit,1,12.13,2024-01-29,268,26.91
07 AAA 063,Ford,Transit,1,12.13,2024-01-30,174,19.81
07 AAA 063,Ford,Transit,1,12.13,2024-01-31,72,12.45
07 AAA 063,Ford,Transit,1,12.13,2024-02-01,162,27.3
07 AAA 063,Ford,Transit,1,12.13,2024-02-02,195,19.32
07 AAA 063,Ford,Transit,1,12.13,2024-02-03,66,9.9
07 AAA 063,Ford,Transit,1,12.13,2024-02-04,150,22.93
07 AAA 063,Ford,Transit,1,12.13,2024-02-05,41,4.64
07 AAA 063,Ford,Transit,1,12.13,2024-02-06,114,16.17
07 AAA 063,Ford,Transit,1,12.13,2024-02-07,203,33.31
07 AAA 063,Ford,Transit,1,12.13,2024-02-08,185,27.07
07 AAA 063,Ford,Transit,1,12.13,2024-02-09,83,11.44
07 AAA 063,Ford,Transit,1,12.13,2024-02-10,227,27.1
07 AAA 063,Ford,Transit,1,12.13,2024-02-11,149,16.85
07 AAA 063,Ford,Transit,1,12.13,2024-02-12,182,28.77
07 AAA 063,Ford,Transit,1,12.13,2024-02-13,61,9.45
07 AAA 063,Ford,Transit,1,12.13,2024-02-14,205,33.49
07 AAA 063,Ford,Transit,1,12.13,2024-02-15,240,30.21
07 AAA 063,Ford,Transit,1,12.13,2024-02-16,241,38.41
07 AAA 063,Ford,Transit,1,12.13,2024-02-17,144,21.42
07 AAA 063,Ford,Transit,1,12.13,2024-02-18,94,16.56
07 AAA 063,Ford,Transit,1,12.13,2024-02-19,123,22.28
07 AAA 063,Ford,Transit,1,12.13,2024-02-20,76,7.41
07 AAA 063,Ford,Transit,1,12.13,2024-02-21,226,34.98
07 AAA 063,Ford,Transit,1,12.13,2024-02-22,219,33.91
07 AAA 063,Ford,Transit,1,12.13,2024-02-23,66,11.96
07 AAA 063,Ford,Transit,1,12.13,2024-02-24,135,21.97
07 AAA 063,Ford,Transit,1,12.13,2024-02-25,97,9.82
07 AAA 063,Ford,Transit,1,12.13,2024-02-26,223,39.52
07 AAA 063,Ford,Transit,1,12.13,2024-02-27,116,19.78
07 AAA 063,Ford,Transit,1,12.13,2024-02-28,244,42.64
07 AAA 063,Ford,Transit,1,12.13,2024-02-29,194,32.59
07 AAA 063,Ford,Transit,1,12.13,2024-03-01,286,32.03
07 AAA 063,Ford,Transit,1,12.13,2024-03-02,89,12.33
07 AAA 063,Ford,Transit,1,12.13,2024-03-03,218,36.12
07 AAA 063,Ford,Transit,1,12.13,2024-03-04,108,15.96
07 AAA 063,Ford,Transit,1,12.13,2024-03-05,163,16.53
07 AAA 063,Ford,Transit,1,12.13,2024-03-06,251,27.58
07 AAA 063,Ford,Transit,1,12.13,2024-03-07,131,16.36
07 AAA 063,Ford,Transit,1,12.13,2024-03-08,72,10.59
07 AAA 063,Ford,Transit,1,12.13,2024-03-09,220,36.48
07 AAA 063,Ford,Transit,1,12.13,2024-03-10,211,31.74
07 AAA 063,Ford,Transit,1,12.13,2024-03-11,300,44.57
07 AAA 063,Ford,Transit,1,12.13,2024-03-12,88,13.92
07 AAA 063,Ford,Transit,1,12.13,2024-03-13,224,30.72
07 AAA 063,Ford,Transit,1,12.13,2024-03-14,75,8.0
07 AAA 063,Ford,Transit,1,12.13,2024-03-15,166,17.33
07 AAA 063,Ford,Transit,1,12.13,2024-03-16,46,5.02
07 AAA 063,Ford,Transit,1,12.13,2024-03-17,194,33.32
07 AAA 063,Ford,Transit,1,12.13,2024-03-18,269,31.98
07 AAA 063,Ford,Transit,1,12.13,2024-03-19,56,8.25
07 AAA 063,Ford,Transit,1,12.13,2024-03-20,63,8.66
07 AAA 063,Ford,Transit,1,12.13,2024-03-21,170,28.25
07 AAA 063,Ford,Transit,1,12.13,2024-03-22,146,25.18
07 AAA 063,Ford,Transit,1,12.13,2024-03-23,280,41.22
07 AAA 063,Ford,Transit,1,12.13,2024-03-24,139,20.16
07 AAA 063,Ford,Transit,1,12.13,2024-03-25,255,24.79
07 AAA 063,Ford,Transit,1,12.13,2024-03-26,152,27.41
07 AAA 063,Ford,Transit,1,12.13,2024-03-27,73,8.55
07 AAA 063,Ford,Transit,1,12.13,2024-03-28,144,15.14
07 AAA 063,Ford,Transit,1,12.13,2024-03-29,81,12.58
07 AAA 063,Ford,Transit,1,12.13,2024-03-30,210,22.16
07 AAA 063,Ford,Transit,1,12.13,2024-03-31,192,26.68
07 AAA 063,Ford,Transit,1,12.13,2024-04-01,67,9.94
07 AAA 063,Ford,Transit,1,12.13,2024-04-02,80,13.52
07 AAA 063,Ford,Transit,1,12.13,2024-04-03,136,14.85
07 AAA 063,Ford,Transit,1,12.13,2024-04-04,114,20.3
07 AAA 063,Ford,Transit,1,12.13,2024-04-05,164,22.28
07 AAA 063,Ford,Transit,1,12.13,2024-04-06,269,45.52
07 AAA 063,Ford,Transit,1,12.13,2024-04-07,205,29.82
07 AAA 063,Ford,Transit,1,12.13,2024-04-08,161,23.93
07 AAA 063,Ford,Transit,1,12.13,2024-04-09,221,34.34
07 AAA 063,Ford,Transit,1,12.13,2024-04-10,280,27.5
07 AAA 063,Ford,Transit,1,12.13,2024-04-11,176,24.42
07 AAA 063,Ford,Transit,1,12.13,2024-04-12,107,12.48
07 AAA 063,Ford,Transit,1,12.13,2024-04-13,103,10.45
07 AAA 063,Ford,Transit,1,12.13,2024-04-14,137,21.53
07 AAA 063,Ford,Transit,1,12.13,2024-04-15,43,6.62
07 AAA 063,Ford,Transit,1,12.13,2024-04-16,219,33.43
07 AAA 063,Ford,Transit,1,12.13,2024-04-17,189,31.39
07 AAA 063,Ford,Transit,1,12.13,2024-04-18,77,8.71
07 AAA 063,Ford,Transit,1,12.13,2024-04-19,239,23.22
07 AAA 063,Ford,Transit,1,12.13,2024-04-20,80,11.79
07 AAA 063,Ford,Transit,1,12.13,2024-04-21,129,20.49
07 AAA 063,Ford,Transit,1,12.13,2024-04-22,111,11.89
07 AAA 063,Ford,Transit,1,12.13,2024-04-23,51,6.69
07 AAA 063,Ford,Transit,1,12.13,2024-04-24,106,18.52
07 AAA 063,Ford,Transit,1,12.13,2024-04-25,225,30.55
07 AAA 063,Ford,Transit,1,12.13,2024-04-26,76,7.78
07 AAA 063,Ford,Transit,1,12.13,2024-04-27,242,40.4
07 AAA 063,Ford,Transit,1,12.13,2024-04-28,235,29.37
07 AAA 063,Ford,Transit,1,12.13,2024-04-29,289,39.23
07 AAA 064,Volkswagen,Boxer,4,7.14,2024-01-01,228,22.52
07 AAA 064,Volkswagen,Boxer,4,7.14,2024-01-02,211,16.33
07 AAA 064,Volkswagen,Boxer,4,7.14,2024-01-03,62,5.87
07 AAA 064,Volkswagen,Boxer,4,7.14,2024-01-04,145,9.46
07 AAA 064,Volkswagen,Boxer,4,7.14,2024-01-05,266,21.82
07 AAA 064,Volkswagen,Boxer,4,7.14,2024-01-06,232,16.99
07 AAA 064,Volkswagen,Boxer,4,7.14,2024-01-07,167,14.02
07 AAA 064,Volkswagen,Boxer,4,7.14,2024-01-08,106,10.32
07 AAA 064,Volkswagen,Boxer,4,7.14,2024-01-09,69,5.27
07 AAA 064,Volkswagen,Boxer,4,7.14,2024-01-10,275,17.27
07 AAA 064,Volkswagen,Boxer,4,7.14,2024-01-11,105,10.9
07 AAA 064,Volkswagen,Boxer,4,7.14,2024-01-12,58,5.98
07 AAA 064,Volkswagen,Boxer,4,7.14,2024-01-13,266,26.99
07 AAA 064,Volkswagen,Boxer,4,7.14,2024-01-14,81,7.05
07 AAA 064,Volkswagen,Boxer,4,7.14,2024-01-15,240,23.69
07 AAA 064,Volkswagen,Boxer,4,7.14,2024-01-16,45,3.04
07 AAA 064,Volkswagen,Boxer,4,7.14,2024-01-17,170,14.05
07 AAA 064,Volkswagen,Boxer,4,7.14,2024-01-18,167,17.59
07 AAA 064,Volkswagen,Boxer,4,7.14,2024-01-19,225,20.86
07 AAA 064,Volkswagen,Boxer,4,7.14,2024-01-20,183,10.82
07 AAA 064,Volkswagen,Boxer,4,7.14,2024-01-21,48,4.61
07 AAA 064,Volkswagen,Boxer,4,7.14,2024-01-22,129,13.61
07 AAA 064,Volkswagen,Boxer,4,7.14,2024-01-23,117,8.51
07 AAA 064,Volkswagen,Boxer,4,7.14,2024-01-24,63,6.68
07 AAA 064,Volkswagen,Boxer,4,7.14,2024-01-25,106,6.49
07 AAA 064,Volkswagen,Boxer,4,7.14,2024-01-26,83,8.49
07 AAA 064,Volkswagen,Boxer,4,7.14,2024-01-27,246,18.77
07 AAA 064,Volkswagen,Boxer,4,7.14,2024-01-28,148,12.94
07 AAA 064,Volkswagen,Boxer,4,7.14,2024-01-29,105,10.54
07 AAA 064,Volkswagen,Boxer,4,7.14,2024-01-30,284,26.57
07 AAA 064,Volkswagen,Boxer,4,7.14,2024-01-31,265,24.14
07 AAA 064,Volkswagen,Boxer,4,7.14,2024-02-01,142,13.0
07 AAA 064,Volkswagen,Boxer,4,7.14,2024-02-02,109,9.44
07 AAA 064,Volkswagen,Boxer,4,7.14,2024-02-03,260,20.79
07 AAA 064,Volkswagen,Boxer,4,7.14,2024-02-04,292,20.52
07 AAA 064,Volkswagen,Boxer,4,7.14,2024-02-05,291,17.33
07 AAA 064,Volkswagen,Boxer,4,7.14,2024-02-06,89,8.04
07 AAA 064,Volkswagen,Boxer,4,7.14,2024-02-07,245,18.95
07 AAA 064,Volkswagen,Boxer,4,7.14,2024-02-08,195,11.73
07 AAA 064,Volkswagen,Boxer,4,7.14,2024-02-09,79,4.9
07 AAA 064,Volkswagen,Boxer,4,7.14,2024-02-10,130,8.03
07 AAA 064,Volkswagen,Boxer,4,7.14,2024-02-11,239,19.08
07 AAA 064,Volkswagen,Boxer,4,7.14,2024-02-12,69,4.99
07 AAA 064,Volkswagen,Boxer,4,7.14,2024-02-13,109,7.43
07 AAA 064,Volkswagen,Boxer,4,7.14,2024-02-14,244,21.0
07 AAA 064,Volkswagen,Boxer,4,7.14,2024-02-15,79,6.08
07 AAA 064,Volkswagen,Boxer,4,7.14,2024-02-16,47,3.63
07 AAA 064,Volkswagen,Boxer,4,7.14,2024-02-17,280,25.61
07 AAA 064,Volkswagen,Boxer,4,7.14,2024-02-18,50,4.85
07 AAA 064,Volkswagen,Boxer,4,7.14,2024-02-19,240,20.19
07 AAA 064,Volkswagen,Boxer,4,7.14,2024-02-20,156,9.65
07 AAA 064,Volkswagen,Boxer,4,7.14,2024-02-21,205,16.08
07 AAA 064,Volkswagen,Boxer,4,7.14,2024-02-22,221,18.21
07 AAA 064,Volkswagen,Boxer,4,7.14,2024-02-23,253,15.35
07 AAA 064,Volkswagen,Boxer,4,7.14,2024-02-24,170,16.5
07 AAA 064,Volkswagen,Boxer,4,7.14,2024-02-25,196,20.36
07 AAA 064,Volkswagen,Boxer,4,7.14,2024-02-26,90,7.62
07 AAA 064,Volkswagen,Boxer,4,7.14,2024-02-27,147,14.46
07 AAA 064,Volkswagen,Boxer,4,7.14,2024-02-28,255,16.62
07 AAA 064,Volkswagen,Boxer,4,7.14,2024-02-29,103,10.83
07 AAA 064,Volkswagen,Boxer,4,7.14,2024-03-01,261,22.47
07 AAA 064,Volkswagen,Boxer,4,7.14,2024-03-02,73,4.49
07 AAA 064,Volkswagen,Boxer,4,7.14,2024-03-03,233,22.81
07 AAA 064,Volkswagen,Boxer,4,7.14,2024-03-04,197,19.04
07 AAA 064,Volkswagen,Boxer,4,7.14,2024-03-05,44,4.51
07 AAA 064,Volkswagen,Boxer,4,7.14,2024-03-06,201,15.3
07 AAA 064,Volkswagen,Boxer,4,7.14,2024-03-07,211,20.77
07 AAA 064,Volkswagen,Boxer,4,7.14,2024-03-08,262,15.05
07 AAA 064,Volkswagen,Boxer,4,7.14,2024-03-09,294,27.28
07 AAA 064,Volkswagen,Boxer,4,7.14,2024-03-10,180,11.19
07 AAA 064,Volkswagen,Boxer,4,7.14,2024-03-11,131,12.63
07 AAA 064,Volkswagen,Boxer,4,7.14,2024-03-12,61,5.88
07 AAA 064,Volkswagen,Boxer,4,7.14,2024-03-13,254,21.0
07 AAA 064,Volkswagen,Boxer,4,7.14,2024-03-14,128,9.06
07 AAA 064,Volkswagen,Boxer,4,7.14,2024-03-15,244,20.84
07 AAA 064,Volkswagen,Boxer,4,7.14,2024-03-16,140,14.39
07 AAA 064,Volkswagen,Boxer,4,7.14,2024-03-17,139,12.24
07 AAA 064,Volkswagen,Boxer,4,7.14,2024-03-18,296,18.38
07 AAA 064,Volkswagen,Boxer,4,7.14,2024-03-19,70,6.68
07 AAA 064,Volkswagen,Boxer,4,7.14,2024-03-20,139,14.4
07 AAA 064,Volkswagen,Boxer,4,7.14,2024-03-21,71,4.35
07 AAA 064,Volkswagen,Boxer,4,7.14,2024-03-22,268,19.49
07 AAA 064,Volkswagen,Boxer,4,7.14,2024-03-23,54,4.26
07 AAA 064,Volkswagen,Boxer,4,7.14,2024-03-24,253,15.42
07 AAA 064,Volkswagen,Boxer,4,7.14,2024-03-25,78,4.92
07 AAA 064,Volkswagen,Boxer,4,7.14,2024-03-26,81,7.63
07 AAA 064,Volkswagen,Boxer,4,7.14,2024-03-27,91,9.52
07 AAA 064,Volkswagen,Boxer,4,7.14,2024-03-28,114,10.64
07 AAA 064,Volkswagen,Boxer,4,7.14,2024-03-29,294,25.15
07 AAA 064,Volkswagen,Boxer,4,7.14,2024-03-30,71,4.53
07 AAA 064,Volkswagen,Boxer,4,7.14,2024-03-31,262,20.1
07 AAA 064,Volkswagen,Boxer,4,7.14,2024-04-01,172,15.53
07 AAA 064,Volkswagen,Boxer,4,7.14,2024-04-02,256,15.52
07 AAA 064,Volkswagen,Boxer,4,7.14,2024-04-03,173,12.1
07 AAA 064,Volkswagen,Boxer,4,7.14,2024-04-04,188,13.51
07 AAA 064,Volkswagen,Boxer,4,7.14,2024-04-05,203,13.0
07 AAA 064,Volkswagen,Boxer,4,7.14,2024-04-06,146,14.27
07 AAA 064,Volkswagen,Boxer,4,7.14,2024-04-07,64,5.03
07 AAA 064,Volkswagen,Boxer,4,7.14,2024-04-08,218,16.77
07 AAA 064,Volkswagen,Boxer,4,7.14,2024-04-09,40,2.57
07 AAA 064,Volkswagen,Boxer,4,7.14,2024-04-10,277,18.92
07 AAA 064,Volkswagen,Boxer,4,7.14,2024-04-11,55,5.78
07 AAA 064,Volkswagen,Boxer,4,7.14,2024-04-12,228,13.82
07 AAA 064,Volkswagen,Boxer,4,7.14,2024-04-13,138,10.72
07 AAA 064,Volkswagen,Boxer,4,7.14,2024-04-14,250,15.18
07 AAA 064,Volkswagen,Boxer,4,7.14,2024-04-15,295,29.03
07 AAA 064,Volkswagen,Boxer,4,7.14,2024-04-16,54,5.67
07 AAA 064,Volkswagen,Boxer,4,7.14,2024-04-17,68,6.3
07 AAA 064,Volkswagen,Boxer,4,7.14,2024-04-18,150,13.69
07 AAA 064,Volkswagen,Boxer,4,7.14,2024-04-19,75,7.22
07 AAA 064,Volkswagen,Boxer,4,7.14,2024-04-20,141,12.18
07 AAA 064,Volkswagen,Boxer,4,7.14,2024-04-21,220,22.97
07 AAA 064,Volkswagen,Boxer,4,7.14,2024-04-22,42,4.49
07 AAA 064,Volkswagen,Boxer,4,7.14,2024-04-23,273,21.76
07 AAA 064,Volkswagen,Boxer,4,7.14,2024-04-24,113,9.8
07 AAA 064,Volkswagen,Boxer,4,7.14,2024-04-25,129,10.27
07 AAA 064,Volkswagen,Boxer,4,7.14,2024-04-26,66,5.06
07 AAA 064,Volkswagen,Boxer,4,7.14,2024-04-27,210,16.87
07 AAA 064,Volkswagen,Boxer,4,7.14,2024-04-28,66,5.61
07 AAA 064,Volkswagen,Boxer,4,7.14,2024-04-29,119,7.83
07 AAA 065,Renault,Boxer,4,7.81,2024-01-01,70,5.84
07 AAA 065,Renault,Boxer,4,7.81,2024-01-02,142,16.47
07 AAA 065,Renault,Boxer,4,7.81,2024-01-03,256,23.35
07 AAA 065,Renault,Boxer,4,7.81,2024-01-04,160,15.43
07 AAA 065,Renault,Boxer,4,7.81,2024-01-05,73,7.99
07 AAA 065,Renault,Boxer,4,7.81,2024-01-06,207,14.56
07 AAA 065,Renault,Boxer,4,7.81,2024-01-07,92,6.22
07 AAA 065,Renault,Boxer,4,7.81,2024-01-08,95,10.77
07 AAA 065,Renault,Boxer,4,7.81,2024-01-09,198,22.31
07 AAA 065,Renault,Boxer,4,7.81,2024-01-10,53,5.99
07 AAA 065,Renault,Boxer,4,7.81,2024-01-11,179,15.14
07 AAA 065,Renault,Boxer,4,7.81,2024-01-12,110,11.09
07 AAA 065,Renault,Boxer,4,7.81,2024-01-13,76,6.05
07 AAA 065,Renault,Boxer,4,7.81,2024-01-14,140,15.76
07 AAA 065,Renault,Boxer,4,7.81,2024-01-15,56,4.95
07 AAA 065,Renault,Boxer,4,7.81,2024-01-16,191,21.99
07 AAA 065,Renault,Boxer,4,7.81,2024-01-17,51,4.09
07 AAA 065,Renault,Boxer,4,7.81,2024-01-18,105,7.93
07 AAA 065,Renault,Boxer,4,7.81,2024-01-19,224,14.26
07 AAA 065,Renault,Boxer,4,7.81,2024-01-20,182,12.98
07 AAA 065,Renault,Boxer,4,7.81,2024-01-21,173,13.55
07 AAA 065,Renault,Boxer,4,7.81,2024-01-22,187,20.09
07 AAA 065,Renault,Boxer,4,7.81,2024-01-23,296,33.81
07 AAA 065,Renault,Boxer,4,7.81,2024-01-24,204,21.08
07 AAA 065,Renault,Boxer,4,7.81,2024-01-25,229,16.34
07 AAA 065,Renault,Boxer,4,7.81,2024-01-26,180,11.27
07 AAA 065,Renault,Boxer,4,7.81,2024-01-27,173,11.83
07 AAA 065,Renault,Boxer,4,7.81,2024-01-28,81,6.94
07 AAA 065,Renault,Boxer,4,7.81,2024-01-29,198,18.37
07 AAA 065,Renault,Boxer,4,7.81,2024-01-30,290,20.76
07 AAA 065,Renault,Boxer,4,7.81,2024-01-31,185,19.52
07 AAA 065,Renault,Boxer,4,7.81,2024-02-01,199,19.65
07 AAA 065,Renault,Boxer,4,7.81,2024-02-02,224,25.39
07 AAA 065,Renault,Boxer,4,7.81,2024-02-03,218,20.65
07 AAA 065,Renault,Boxer,4,7.81,2024-02-04,290,31.8
07 AAA 065,Renault,Boxer,4,7.81,2024-02-05,184,19.16
07 AAA 065,Renault,Boxer,4,7.81,2024-02-06,96,7.5
07 AAA 065,Renault,Boxer,4,7.81,2024-02-07,153,12.56
07 AAA 065,Renault,Boxer,4,7.81,2024-02-08,58,5.16
07 AAA 065,Renault,Boxer,4,7.81,2024-02-09,165,16.47
07 AAA 065,Renault,Boxer,4,7.81,2024-02-10,92,6.75
07 AAA 065,Renault,Boxer,4,7.81,2024-02-11,123,12.66
07 AAA 065,Renault,Boxer,4,7.81,2024-02-12,300,24.29
07 AAA 065,Renault,Boxer,4,7.81,2024-02-13,62,5.3
07 AAA 065,Renault,Boxer,4,7.81,2024-02-14,175,11.86
07 AAA 065,Renault,Boxer,4,7.81,2024-02-15,181,20.43
07 AAA 065,Renault,Boxer,4,7.81,2024-02-16,230,26.04
07 AAA 065,Renault,Boxer,4,7.81,2024-02-17,70,4.62
07 AAA 065,Renault,Boxer,4,7.81,2024-02-18,262,23.57
07 AAA 065,Renault,Boxer,4,7.81,2024-02-19,256,16.5
07 AAA 065,Renault,Boxer,4,7.81,2024-02-20,257,19.7
07 AAA 065,Renault,Boxer,4,7.81,2024-02-21,99,8.63
07 AAA 065,Renault,Boxer,4,7.81,2024-02-22,46,5.31
07 AAA 065,Renault,Boxer,4,7.81,2024-02-23,134,11.46
07 AAA 065,Renault,Boxer,4,7.81,2024-02-24,117,12.93
07 AAA 065,Renault,Boxer,4,7.81,2024-02-25,174,16.5
07 AAA 065,Renault,Boxer,4,7.81,2024-02-26,296,33.05
07 AAA 065,Renault,Boxer,4,7.81,2024-02-27,254,26.54
07 AAA 065,Renault,Boxer,4,7.81,2024-02-28,136,12.93
07 AAA 065,Renault,Boxer,4,7.81,2024-02-29,194,20.03
07 AAA 065,Renault,Boxer,4,7.81,2024-03-01,167,18.3
07 AAA 065,Renault,Boxer,4,7.81,2024-03-02,236,21.9
07 AAA 065,Renault,Boxer,4,7.81,2024-03-03,192,21.93
07 AAA 065,Renault,Boxer,4,7.81,2024-03-04,175,12.86
07 AAA 065,Renault,Boxer,4,7.81,2024-03-05,243,23.9
07 AAA 065,Renault,Boxer,4,7.81,2024-03-06,90,10.23
07 AAA 065,Renault,Boxer,4,7.81,2024-03-07,231,15.62
07 AAA 065,Renault,Boxer,4,7.81,2024-03-08,282,32.83
07 AAA 065,Renault,Boxer,4,7.81,2024-03-09,94,8.97
07 AAA 065,Renault,Boxer,4,7.81,2024-03-10,261,30.05
07 AAA 065,Renault,Boxer,4,7.81,2024-03-11,115,9.12
07 AAA 065,Renault,Boxer,4,7.81,2024-03-12,189,14.2
07 AAA 065,Renault,Boxer,4,7.81,2024-03-13,271,24.35
07 AAA 065,Renault,Boxer,4,7.81,2024-03-14,292,27.62
07 AAA 065,Renault,Boxer,4,7.81,2024-03-15,163,16.97
07 AAA 065,Renault,Boxer,4,7.81,2024-03-16,195,18.96
07 AAA 065,Renault,Boxer,4,7.81,2024-03-17,221,23.48
07 AAA 065,Renault,Boxer,4,7.81,2024-03-18,102,10.92
07 AAA 065,Renault,Boxer,4,7.81,2024-03-19,59,6.1
07 AAA 065,Renault,Boxer,4,7.81,2024-03-20,209,17.52
07 AAA 065,Renault,Boxer,4,7.81,2024-03-21,262,19.8
07 AAA 065,Renault,Boxer,4,7.81,2024-03-22,86,8.21
07 AAA 065,Renault,Boxer,4,7.81,2024-03-23,170,10.71
07 AAA 065,Renault,Boxer,4,7.81,2024-03-24,53,5.92
07 AAA 065,Renault,Boxer,4,7.81,2024-03-25,218,18.76
07 AAA 065,Renault,Boxer,4,7.81,2024-03-26,161,14.37
07 AAA 065,Renault,Boxer,4,7.81,2024-03-27,159,10.37
07 AAA 065,Renault,Boxer,4,7.81,2024-03-28,107,9.27
07 AAA 065,Renault,Boxer,4,7.81,2024-03-29,76,8.75
07 AAA 065,Renault,Boxer,4,7.81,2024-03-30,216,15.47
07 AAA 065,Renault,Boxer,4,7.81,2024-03-31,198,19.95
07 AAA 065,Renault,Boxer,4,7.81,2024-04-01,179,18.19
07 AAA 065,Renault,Boxer,4,7.81,2024-04-02,89,9.72
07 AAA 065,Renault,Boxer,4,7.81,2024-04-03,224,22.9
07 AAA 065,Renault,Boxer,4,7.81,2024-04-04,133,9.52
07 AAA 065,Renault,Boxer,4,7.81,2024-04-05,245,22.69
07 AAA 065,Renault,Boxer,4,7.81,2024-04-06,189,19.12
07 AAA 065,Renault,Boxer,4,7.81,2024-04-07,204,19.2
07 AAA 065,Renault,Boxer,4,7.81,2024-04-08,286,24.71
07 AAA 065,Renault,Boxer,4,7.81,2024-04-09,229,14.63
07 AAA 065,Renault,Boxer,4,7.81,2024-04-10,147,13.7
07 AAA 065,Renault,Boxer,4,7.81,2024-04-11,95,9.94
07 AAA 065,Renault,Boxer,4,7.81,2024-04-12,90,7.44
07 AAA 065,Renault,Boxer,4,7.81,2024-04-13,172,14.78
07 AAA 065,Renault,Boxer,4,7.81,2024-04-14,112,9.37
07 AAA 065,Renault,Boxer,4,7.81,2024-04-15,96,9.98
07 AAA 065,Renault,Boxer,4,7.81,2024-04-16,144,15.3
07 AAA 065,Renault,Boxer,4,7.81,2024-04-17,65,5.8
07 AAA 065,Renault,Boxer,4,7.81,2024-04-18,271,24.9
07 AAA 065,Renault,Boxer,4,7.81,2024-04-19,41,3.08
07 AAA 065,Renault,Boxer,4,7.81,2024-04-20,233,20.36
07 AAA 065,Renault,Boxer,4,7.81,2024-04-21,133,9.73
07 AAA 065,Renault,Boxer,4,7.81,2024-04-22,191,16.76
07 AAA 065,Renault,Boxer,4,7.81,2024-04-23,126,11.76
07 AAA 065,Renault,Boxer,4,7.81,2024-04-24,75,8.14
07 AAA 065,Renault,Boxer,4,7.81,2024-04-25,125,9.46
07 AAA 065,Renault,Boxer,4,7.81,2024-04-26,63,5.18
07 AAA 065,Renault,Boxer,4,7.81,2024-04-27,113,12.31
07 AAA 065,Renault,Boxer,4,7.81,2024-04-28,244,27.0
07 AAA 065,Renault,Boxer,4,7.81,2024-04-29,134,11.74
07 AAA 066,Ford,Transit,3,25.29,2024-01-01,200,46.63
07 AAA 066,Ford,Transit,3,25.29,2024-01-02,99,20.69
07 AAA 066,Ford,Transit,3,25.29,2024-01-03,269,88.92
07 AAA 066,Ford,Transit,3,25.29,2024-01-04,157,56.29
07 AAA 066,Ford,Transit,3,25.29,2024-01-05,211,69.4
07 AAA 066,Ford,Transit,3,25.29,2024-01-06,121,35.9
07 AAA 066,Ford,Transit,3,25.29,2024-01-07,83,19.92
07 AAA 066,Ford,Transit,3,25.29,2024-01-08,247,62.87
07 AAA 066,Ford,Transit,3,25.29,2024-01-09,106,35.25
07 AAA 066,Ford,Transit,3,25.29,2024-01-10,117,26.42
07 AAA 066,Ford,Transit,3,25.29,2024-01-11,242,74.3
07 AAA 066,Ford,Transit,3,25.29,2024-01-12,213,58.16
07 AAA 066,Ford,Transit,3,25.29,2024-01-13,214,51.29
07 AAA 066,Ford,Transit,3,25.29,2024-01-14,278,70.85
07 AAA 066,Ford,Transit,3,25.29,2024-01-15,110,32.16
07 AAA 066,Ford,Transit,3,25.29,2024-01-16,95,33.54
07 AAA 066,Ford,Transit,3,25.29,2024-01-17,230,54.29
07 AAA 066,Ford,Transit,3,25.29,2024-01-18,55,19.1
07 AAA 066,Ford,Transit,3,25.29,2024-01-19,79,17.93
07 AAA 066,Ford,Transit,3,25.29,2024-01-20,217,43.91
07 AAA 066,Ford,Transit,3,25.29,2024-01-21,59,14.43
07 AAA 066,Ford,Transit,3,25.29,2024-01-22,156,39.54
07 AAA 066,Ford,Transit,3,25.29,2024-01-23,164,51.74
07 AAA 066,Ford,Transit,3,25.29,2024-01-24,132,28.2
07 AAA 066,Ford,Transit,3,25.29,2024-01-25,158,56.04
07 AAA 066,Ford,Transit,3,25.29,2024-01-26,256,77.53
07 AAA 066,Ford,Transit,3,25.29,2024-01-27,246,60.57
07 AAA 066,Ford,Transit,3,25.29,2024-01-28,120,25.24
07 AAA 066,Ford,Transit,3,25.29,2024-01-29,135,43.76
07 AAA 066,Ford,Transit,3,25.29,2024-01-30,107,36.77
07 AAA 066,Ford,Transit,3,25.29,2024-01-31,131,47.15
07 AAA 066,Ford,Transit,3,25.29,2024-02-01,55,16.09
07 AAA 066,Ford,Transit,3,25.29,2024-02-02,201,55.58
07 AAA 066,Ford,Transit,3,25.29,2024-02-03,180,52.38
07 AAA 066,Ford,Transit,3,25.29,2024-02-04,165,58.42
07 AAA 066,Ford,Transit,3,25.29,2024-02-05,160,56.88
07 AAA 066,Ford,Transit,3,25.29,2024-02-06,53,12.24
07 AAA 066,Ford,Transit,3,25.29,2024-02-07,266,58.41
07 AAA 066,Ford,Transit,3,25.29,2024-02-08,228,47.29
07 AAA 066,Ford,Transit,3,25.29,2024-02-09,203,58.05
07 AAA 066,Ford,Transit,3,25.29,2024-02-10,43,10.85
07 AAA 066,Ford,Transit,3,25.29,2024-02-11,83,16.81
07 AAA 066,Ford,Transit,3,25.29,2024-02-12,227,85.34
07 AAA 066,Ford,Transit,3,25.29,2024-02-13,243,63.29
07 AAA 066,Ford,Transit,3,25.29,2024-02-14,113,28.05
07 AAA 066,Ford,Transit,3,25.29,2024-02-15,173,36.64
07 AAA 066,Ford,Transit,3,25.29,2024-02-16,119,39.06
07 AAA 066,Ford,Transit,3,25.29,2024-02-17,255,82.83
07 AAA 066,Ford,Transit,3,25.29,2024-02-18,237,75.16
07 AAA 066,Ford,Transit,3,25.29,2024-02-19,203,55.17
07 AAA 066,Ford,Transit,3,25.29,2024-02-20,60,22.36
07 AAA 066,Ford,Transit,3,25.29,2024-02-21,92,30.6
07 AAA 066,Ford,Transit,3,25.29,2024-02-22,198,63.67
07 AAA 066,Ford,Transit,3,25.29,2024-02-23,79,28.53
07 AAA 066,Ford,Transit,3,25.29,2024-02-24,213,59.91
07 AAA 066,Ford,Transit,3,25.29,2024-02-25,130,36.49
07 AAA 066,Ford,Transit,3,25.29,2024-02-26,128,29.81
07 AAA 066,Ford,Transit,3,25.29,2024-02-27,287,105.34
07 AAA 066,Ford,Transit,3,25.29,2024-02-28,202,75.31
07 AAA 066,Ford,Transit,3,25.29,2024-02-29,265,96.84
07 AAA 066,Ford,Transit,3,25.29,2024-03-01,209,57.16
07 AAA 066,Ford,Transit,3,25.29,2024-03-02,284,71.84
07 AAA 066,Ford,Transit,3,25.29,2024-03-03,172,44.88
07 AAA 066,Ford,Transit,3,25.29,2024-03-04,219,78.61
07 AAA 066,Ford,Transit,3,25.29,2024-03-05,47,16.94
07 AAA 066,Ford,Transit,3,25.29,2024-03-06,167,40.61
07 AAA 066,Ford,Transit,3,25.29,2024-03-07,167,36.72
07 AAA 066,Ford,Transit,3,25.29,2024-03-08,213,71.98
07 AAA 066,Ford,Transit,3,25.29,2024-03-09,134,30.32
07 AAA 066,Ford,Transit,3,25.29,2024-03-10,99,36.5
07 AAA 066,Ford,Transit,3,25.29,2024-03-11,232,84.51
07 AAA 066,Ford,Transit,3,25.29,2024-03-12,126,44.76
07 AAA 066,Ford,Transit,3,25.29,2024-03-13,281,97.55
07 AAA 066,Ford,Transit,3,25.29,2024-03-14,78,17.92
07 AAA 066,Ford,Transit,3,25.29,2024-03-15,235,64.59
07 AAA 066,Ford,Transit,3,25.29,2024-03-16,185,66.06
07 AAA 066,Ford,Transit,3,25.29,2024-03-17,282,71.7
07 AAA 066,Ford,Transit,3,25.29,2024-03-18,51,11.66
07 AAA 066,Ford,Transit,3,25.29,2024-03-19,79,24.91
07 AAA 066,Ford,Transit,3,25.29,2024-03-20,264,93.26
07 AAA 066,Ford,Transit,3,25.29,2024-03-21,55,11.53
07 AAA 066,Ford,Transit,3,25.29,2024-03-22,93,33.13
07 AAA 066,Ford,Transit,3,25.29,2024-03-23,138,42.89
07 AAA 066,Ford,Transit,3,25.29,2024-03-24,123,46.45
07 AAA 066,Ford,Transit,3,25.29,2024-03-25,138,43.92
07 AAA 066,Ford,Transit,3,25.29,2024-03-26,286,87.85
07 AAA 066,Ford,Transit,3,25.29,2024-03-27,146,32.32
07 AAA 066,Ford,Transit,3,25.29,2024-03-28,67,21.79
07 AAA 066,Ford,Transit,3,25.29,2024-03-29,219,81.57
07 AAA 066,Ford,Transit,3,25.29,2024-03-30,120,25.34
07 AAA 066,Ford,Transit,3,25.29,2024-03-31,269,81.57
07 AAA 066,Ford,Transit,3,25.29,2024-04-01,236,55.86
07 AAA 066,Ford,Transit,3,25.29,2024-04-02,214,53.58
07 AAA 066,Ford,Transit,3,25.29,2024-04-03,143,38.97
07 AAA 066,Ford,Transit,3,25.29,2024-04-04,156,57.22
07 AAA 066,Ford,Transit,3,25.29,2024-04-05,154,45.43
07 AAA 066,Ford,Transit,3,25.29,2024-04-06,254,56.37
07 AAA 066,Ford,Transit,3,25.29,2024-04-07,284,61.06
07 AAA 066,Ford,Transit,3,25.29,2024-04-08,259,81.62
07 AAA 066,Ford,Transit,3,25.29,2024-04-09,64,20.7
07 AAA 066,Ford,Transit,3,25.29,2024-04-10,168,56.79
07 AAA 066,Ford,Transit,3,25.29,2024-04-11,235,86.51
07 AAA 066,Ford,Transit,3,25.29,2024-04-12,287,86.59
07 AAA 066,Ford,Transit,3,25.29,2024-04-13,157,58.6
07 AAA 066,Ford,Transit,3,25.29,2024-04-14,300,65.4
07 AAA 066,Ford,Transit,3,25.29,2024-04-15,119,35.05
07 AAA 066,Ford,Transit,3,25.29,2024-04-16,184,60.55
07 AAA 066,Ford,Transit,3,25.29,2024-04-17,97,33.22
07 AAA 066,Ford,Transit,3,25.29,2024-04-18,192,44.78
07 AAA 066,Ford,Transit,3,25.29,2024-04-19,249,50.86
07 AAA 066,Ford,Transit,3,25.29,2024-04-20,129,47.15
07 AAA 066,Ford,Transit,3,25.29,2024-04-21,244,79.57
07 AAA 066,Ford,Transit,3,25.29,2024-04-22,68,15.64
07 AAA 066,Ford,Transit,3,25.29,2024-04-23,126,33.6
07 AAA 066,Ford,Transit,3,25.29,2024-04-24,198,64.04
07 AAA 066,Ford,Transit,3,25.29,2024-04-25,73,25.68
07 AAA 066,Ford,Transit,3,25.29,2024-04-26,240,54.99
07 AAA 066,Ford,Transit,3,25.29,2024-04-27,232,53.52
07 AAA 066,Ford,Transit,3,25.29,2024-04-28,185,61.59
07 AAA 066,Ford,Transit,3,25.29,2024-04-29,67,22.31
07 AAA 067,Renault,Transit,3,24.58,2024-01-01,292,69.92
07 AAA 067,Renault,Transit,3,24.58,2024-01-02,168,60.72
07 AAA 067,Renault,Transit,3,24.58,2024-01-03,136,31.07
07 AAA 067,Renault,Transit,3,24.58,2024-01-04,239,59.9
07 AAA 067,Renault,Transit,3,24.58,2024-01-05,281,85.89
07 AAA 067,Renault,Transit,3,24.58,2024-01-06,45,9.82
07 AAA 067,Renault,Transit,3,24.58,2024-01-07,68,14.88
07 AAA 067,Renault,Transit,3,24.58,2024-01-08,102,35.95
07 AAA 067,Renault,Transit,3,24.58,2024-01-09,269,79.33
07 AAA 067,Renault,Transit,3,24.58,2024-01-10,147,42.68
07 AAA 067,Renault,Transit,3,24.58,2024-01-11,218,49.06
07 AAA 067,Renault,Transit,3,24.58,2024-01-12,76,26.24
07 AAA 067,Renault,Transit,3,24.58,2024-01-13,77,27.56
07 AAA 067,Renault,Transit,3,24.58,2024-01-14,48,15.63
07 AAA 067,Renault,Transit,3,24.58,2024-01-15,91,25.8
07 AAA 067,Renault,Transit,3,24.58,2024-01-16,171,34.56
07 AAA 067,Renault,Transit,3,24.58,2024-01-17,282,75.93
07 AAA 067,Renault,Transit,3,24.58,2024-01-18,146,52.98
07 AAA 067,Renault,Transit,3,24.58,2024-01-19,290,97.66
07 AAA 067,Renault,Transit,3,24.58,2024-01-20,124,41.06
07 AAA 067,Renault,Transit,3,24.58,2024-01-21,45,10.66
07 AAA 067,Renault,Transit,3,24.58,2024-01-22,207,67.06
07 AAA 067,Renault,Transit,3,24.58,2024-01-23,110,23.62
07 AAA 067,Renault,Transit,3,24.58,2024-01-24,73,14.8
07 AAA 067,Renault,Transit,3,24.58,2024-01-25,297,92.5
07 AAA 067,Renault,Transit,3,24.58,2024-01-26,115,32.36
07 AAA 067,Renault,Transit,3,24.58,2024-01-27,201,43.24
07 AAA 067,Renault,Transit,3,24.58,2024-01-28,78,22.43
07 AAA 067,Renault,Transit,3,24.58,2024-01-29,180,62.77
07 AAA 067,Renault,Transit,3,24.58,2024-01-30,111,35.68
07 AAA 067,Renault,Transit,3,24.58,2024-01-31,104,23.38
07 AAA 067,Renault,Transit,3,24.58,2024-02-01,267,94.07
07 AAA 067,Renault,Transit,3,24.58,2024-02-02,75,22.11
07 AAA 067,Renault,Transit,3,24.58,2024-02-03,189,54.32
07 AAA 067,Renault,Transit,3,24.58,2024-02-04,283,56.01
07 AAA 067,Renault,Transit,3,24.58,2024-02-05,272,85.57
07 AAA 067,Renault,Transit,3,24.58,2024-02-06,235,71.92
07 AAA 067,Renault,Transit,3,24.58,2024-02-07,266,90.97
07 AAA 067,Renault,Transit,3,24.58,2024-02-08,143,40.25
07 AAA 067,Renault,Transit,3,24.58,2024-02-09,287,98.18
07 AAA 067,Renault,Transit,3,24.58,2024-02-10,232,54.82
07 AAA 067,Renault,Transit,3,24.58,2024-02-11,58,14.52
07 AAA 067,Renault,Transit,3,24.58,2024-02-12,270,83.84
07 AAA 067,Renault,Transit,3,24.58,2024-02-13,50,16.83
07 AAA 067,Renault,Transit,3,24.58,2024-02-14,220,75.69
07 AAA 067,Renault,Transit,3,24.58,2024-02-15,239,63.51
07 AAA 067,Renault,Transit,3,24.58,2024-02-16,70,17.75
07 AAA 067,Renault,Transit,3,24.58,2024-02-17,158,34.37
07 AAA 067,Renault,Transit,3,24.58,2024-02-18,164,54.55
07 AAA 067,Renault,Transit,3,24.58,2024-02-19,274,68.34
07 AAA 067,Renault,Transit,3,24.58,2024-02-20,284,67.13
07 AAA 067,Renault,Transit,3,24.58,2024-02-21,287,67.41
07 AAA 067,Renault,Transit,3,24.58,2024-02-22,102,25.38
07 AAA 067,Renault,Transit,3,24.58,2024-02-23,290,105.18
07 AAA 067,Renault,Transit,3,24.58,2024-02-24,171,47.34
07 AAA 067,Renault,Transit,3,24.58,2024-02-25,103,29.3
07 AAA 067,Renault,Transit,3,24.58,2024-02-26,174,46.97
07 AAA 067,Renault,Transit,3,24.58,2024-02-27,268,54.36
07 AAA 067,Renault,Transit,3,24.58,2024-02-28,127,27.38
07 AAA 067,Renault,Transit,3,24.58,2024-02-29,112,25.27
07 AAA 067,Renault,Transit,3,24.58,2024-03-01,237,57.03
07 AAA 067,Renault,Transit,3,24.58,2024-03-02,81,26.57
07 AAA 067,Renault,Transit,3,24.58,2024-03-03,184,63.05
07 AAA 067,Renault,Transit,3,24.58,2024-03-04,161,54.59
07 AAA 067,Renault,Transit,3,24.58,2024-03-05,276,87.8
07 AAA 067,Renault,Transit,3,24.58,2024-03-06,135,47.28
07 AAA 067,Renault,Transit,3,24.58,2024-03-07,125,45.79
07 AAA 067,Renault,Transit,3,24.58,2024-03-08,67,14.44
07 AAA 067,Renault,Transit,3,24.58,2024-03-09,263,53.41
07 AAA 067,Renault,Transit,3,24.58,2024-03-10,152,42.43
07 AAA 067,Renault,Transit,3,24.58,2024-03-11,266,62.31
07 AAA 067,Renault,Transit,3,24.58,2024-03-12,173,46.04
07 AAA 067,Renault,Transit,3,24.58,2024-03-13,149,43.95
07 AAA 067,Renault,Transit,3,24.58,2024-03-14,73,16.26
07 AAA 067,Renault,Transit,3,24.58,2024-03-15,109,38.45
07 AAA 067,Renault,Transit,3,24.58,2024-03-16,69,24.85
07 AAA 067,Renault,Transit,3,24.58,2024-03-17,173,54.12
07 AAA 067,Renault,Transit,3,24.58,2024-03-18,180,42.43
07 AAA 067,Renault,Transit,3,24.58,2024-03-19,187,64.84
07 AAA 067,Renault,Transit,3,24.58,2024-03-20,270,62.19
07 AAA 067,Renault,Transit,3,24.58,2024-03-21,123,31.74
07 AAA 067,Renault,Transit,3,24.58,2024-03-22,178,58.99
07 AAA 067,Renault,Transit,3,24.58,2024-03-23,292,104.8
07 AAA 067,Renault,Transit,3,24.58,2024-03-24,121,28.96
07 AAA 067,Renault,Transit,3,24.58,2024-03-25,113,33.38
07 AAA 067,Renault,Transit,3,24.58,2024-03-26,51,10.97
07 AAA 067,Renault,Transit,3,24.58,2024-03-27,63,13.44
07 AAA 067,Renault,Transit,3,24.58,2024-03-28,167,55.95
07 AAA 067,Renault,Transit,3,24.58,2024-03-29,286,70.07
07 AAA 067,Renault,Transit,3,24.58,2024-03-30,260,56.76
07 AAA 067,Renault,Transit,3,24.58,2024-03-31,173,54.93
07 AAA 067,Renault,Transit,3,24.58,2024-04-01,221,68.01
07 AAA 067,Renault,Transit,3,24.58,2024-04-02,90,21.13
07 AAA 067,Renault,Transit,3,24.58,2024-04-03,275,57.44
07 AAA 067,Renault,Transit,3,24.58,2024-04-04,179,59.14
07 AAA 067,Renault,Transit,3,24.58,2024-04-05,241,66.96
07 AAA 067,Renault,Transit,3,24.58,2024-04-06,159,34.27
07 AAA 067,Renault,Transit,3,24.58,2024-04-07,246,56.47
07 AAA 067,Renault,Transit,3,24.58,2024-04-08,145,44.53
07 AAA 067,Renault,Transit,3,24.58,2024-04-09,284,83.56
07 AAA 067,Renault,Transit,3,24.58,2024-04-10,184,46.39
07 AAA 067,Renault,Transit,3,24.58,2024-04-11,70,21.49
07 AAA 067,Renault,Transit,3,24.58,2024-04-12,130,25.91
07 AAA 067,Renault,Transit,3,24.58,2024-04-13,231,69.84
07 AAA 067,Renault,Transit,3,24.58,2024-04-14,228,64.29
07 AAA 067,Renault,Transit,3,24.58,2024-04-15,193,53.24
07 AAA 067,Renault,Transit,3,24.58,2024-04-16,50,14.54
07 AAA 067,Renault,Transit,3,24.58,2024-04-17,274,62.73
07 AAA 067,Renault,Transit,3,24.58,2024-04-18,53,18.26
07 AAA 067,Renault,Transit,3,24.58,2024-04-19,299,95.32
07 AAA 067,Renault,Transit,3,24.58,2024-04-20,252,66.65
07 AAA 067,Renault,Transit,3,24.58,2024-04-21,210,73.38
07 AAA 067,Renault,Transit,3,24.58,2024-04-22,77,28.31
07 AAA 067,Renault,Transit,3,24.58,2024-04-23,170,49.89
07 AAA 067,Renault,Transit,3,24.58,2024-04-24,243,64.24
07 AAA 067,Renault,Transit,3,24.58,2024-04-25,236,73.32
07 AAA 067,Renault,Transit,3,24.58,2024-04-26,269,65.96
07 AAA 067,Renault,Transit,3,24.58,2024-04-27,123,27.52
07 AAA 067,Renault,Transit,3,24.58,2024-04-28,173,63.22
07 AAA 067,Renault,Transit,3,24.58,2024-04-29,179,56.14
07 AAA 068,Peugeot,Fluence,3,24.63,2024-01-01,90,27.81
07 AAA 068,Peugeot,Fluence,3,24.63,2024-01-02,213,59.27
07 AAA 068,Peugeot,Fluence,3,24.63,2024-01-03,101,24.24
07 AAA 068,Peugeot,Fluence,3,24.63,2024-01-04,132,29.55
07 AAA 068,Peugeot,Fluence,3,24.63,2024-01-05,216,72.48
07 AAA 068,Peugeot,Fluence,3,24.63,2024-01-06,279,68.42
07 AAA 068,Peugeot,Fluence,3,24.63,2024-01-07,65,21.8
07 AAA 068,Peugeot,Fluence,3,24.63,2024-01-08,142,46.65
07 AAA 068,Peugeot,Fluence,3,24.63,2024-01-09,272,58.07
07 AAA 068,Peugeot,Fluence,3,24.63,2024-01-10,258,88.89
07 AAA 068,Peugeot,Fluence,3,24.63,2024-01-11,138,43.12
07 AAA 068,Peugeot,Fluence,3,24.63,2024-01-12,250,78.09
07 AAA 068,Peugeot,Fluence,3,24.63,2024-01-13,274,86.42
07 AAA 068,Peugeot,Fluence,3,24.63,2024-01-14,212,57.12
07 AAA 068,Peugeot,Fluence,3,24.63,2024-01-15,137,28.4
07 AAA 068,Peugeot,Fluence,3,24.63,2024-01-16,148,35.41
07 AAA 068,Peugeot,Fluence,3,24.63,2024-01-17,70,21.6
07 AAA 068,Peugeot,Fluence,3,24.63,2024-01-18,117,39.97
07 AAA 068,Peugeot,Fluence,3,24.63,2024-01-19,283,58.21
07 AAA 068,Peugeot,Fluence,3,24.63,2024-01-20,196,57.06
07 AAA 068,Peugeot,Fluence,3,24.63,2024-01-21,148,34.5
07 AAA 068,Peugeot,Fluence,3,24.63,2024-01-22,278,95.4
07 AAA 068,Peugeot,Fluence,3,24.63,2024-01-23,50,17.42
07 AAA 068,Peugeot,Fluence,3,24.63,2024-01-24,249,80.38
07 AAA 068,Peugeot,Fluence,3,24.63,2024-01-25,286,85.13
07 AAA 068,Peugeot,Fluence,3,24.63,2024-01-26,265,66.21
07 AAA 068,Peugeot,Fluence,3,24.63,2024-01-27,101,27.51
07 AAA 068,Peugeot,Fluence,3,24.63,2024-01-28,97,20.05
07 AAA 068,Peugeot,Fluence,3,24.63,2024-01-29,178,56.58
07 AAA 068,Peugeot,Fluence,3,24.63,2024-01-30,157,54.52
07 AAA 068,Peugeot,Fluence,3,24.63,2024-01-31,98,23.03
07 AAA 068,Peugeot,Fluence,3,24.63,2024-02-01,258,85.42
07 AAA 068,Peugeot,Fluence,3,24.63,2024-02-02,262,67.68
07 AAA 068,Peugeot,Fluence,3,24.63,2024-02-03,104,36.03
07 AAA 068,Peugeot,Fluence,3,24.63,2024-02-04,267,70.67
07 AAA 068,Peugeot,Fluence,3,24.63,2024-02-05,191,59.72
07 AAA 068,Peugeot,Fluence,3,24.63,2024-02-06,219,75.61
07 AAA 068,Peugeot,Fluence,3,24.63,2024-02-07,137,49.74
07 AAA 068,Peugeot,Fluence,3,24.63,2024-02-08,195,44.11
07 AAA 068,Peugeot,Fluence,3,24.63,2024-02-09,240,55.77
07 AAA 068,Peugeot,Fluence,3,24.63,2024-02-10,43,10.94
07 AAA 068,Peugeot,Fluence,3,24.63,2024-02-11,57,19.29
07 AAA 068,Peugeot,Fluence,3,24.63,2024-02-12,242,55.05
07 AAA 068,Peugeot,Fluence,3,24.63,2024-02-13,52,19.06
07 AAA 068,Peugeot,Fluence,3,24.63,2024-02-14,131,27.89
07 AAA 068,Peugeot,Fluence,3,24.63,2024-02-15,255,73.23
07 AAA 068,Peugeot,Fluence,3,24.63,2024-02-16,174,39.94
07 AAA 068,Peugeot,Fluence,3,24.63,2024-02-17,110,25.38
07 AAA 068,Peugeot,Fluence,3,24.63,2024-02-18,151,37.36
07 AAA 068,Peugeot,Fluence,3,24.63,2024-02-19,51,13.1
07 AAA 068,Peugeot,Fluence,3,24.63,2024-02-20,203,46.97
07 AAA 068,Peugeot,Fluence,3,24.63,2024-02-21,277,92.31
07 AAA 068,Peugeot,Fluence,3,24.63,2024-02-22,66,13.82
07 AAA 068,Peugeot,Fluence,3,24.63,2024-02-23,115,34.57
07 AAA 068,Peugeot,Fluence,3,24.63,2024-02-24,144,48.59
07 AAA 068,Peugeot,Fluence,3,24.63,2024-02-25,296,73.92
07 AAA 068,Peugeot,Fluence,3,24.63,2024-02-26,148,41.67
07 AAA 068,Peugeot,Fluence,3,24.63,2024-02-27,155,38.63
07 AAA 068,Peugeot,Fluence,3,24.63,2024-02-28,196,64.29
07 AAA 068,Peugeot,Fluence,3,24.63,2024-02-29,107,27.01
07 AAA 068,Peugeot,Fluence,3,24.63,2024-03-01,203,71.81
07 AAA 068,Peugeot,Fluence,3,24.63,2024-03-02,279,93.12
07 AAA 068,Peugeot,Fluence,3,24.63,2024-03-03,237,84.56
07 AAA 068,Peugeot,Fluence,3,24.63,2024-03-04,248,77.03
07 AAA 068,Peugeot,Fluence,3,24.63,2024-03-05,216,60.77
07 AAA 068,Peugeot,Fluence,3,24.63,2024-03-06,134,27.85
07 AAA 068,Peugeot,Fluence,3,24.63,2024-03-07,114,33.83
07 AAA 068,Peugeot,Fluence,3,24.63,2024-03-08,97,33.79
07 AAA 068,Peugeot,Fluence,3,24.63,2024-03-09,249,74.62
07 AAA 068,Peugeot,Fluence,3,24.63,2024-03-10,257,73.06
07 AAA 068,Peugeot,Fluence,3,24.63,2024-03-11,63,21.12
07 AAA 068,Peugeot,Fluence,3,24.63,2024-03-12,280,65.95
07 AAA 068,Peugeot,Fluence,3,24.63,2024-03-13,56,18.74
07 AAA 068,Peugeot,Fluence,3,24.63,2024-03-14,109,23.06
07 AAA 068,Peugeot,Fluence,3,24.63,2024-03-15,53,17.69
07 AAA 068,Peugeot,Fluence,3,24.63,2024-03-16,157,33.81
07 AAA 068,Peugeot,Fluence,3,24.63,2024-03-17,232,49.72
07 AAA 068,Peugeot,Fluence,3,24.63,2024-03-18,240,68.66
07 AAA 068,Peugeot,Fluence,3,24.63,2024-03-19,115,31.97
07 AAA 068,Peugeot,Fluence,3,24.63,2024-03-20,105,21.19
07 AAA 068,Peugeot,Fluence,3,24.63,2024-03-21,102,34.44
07 AAA 068,Peugeot,Fluence,3,24.63,2024-03-22,160,51.31
07 AAA 068,Peugeot,Fluence,3,24.63,2024-03-23,57,13.39
07 AAA 068,Peugeot,Fluence,3,24.63,2024-03-24,76,25.55
07 AAA 068,Peugeot,Fluence,3,24.63,2024-03-25,67,18.72
07 AAA 068,Peugeot,Fluence,3,24.63,2024-03-26,164,57.85
07 AAA 068,Peugeot,Fluence,3,24.63,2024-03-27,115,38.03
07 AAA 068,Peugeot,Fluence,3,24.63,2024-03-28,203,40.67
07 AAA 068,Peugeot,Fluence,3,24.63,2024-03-29,233,59.58
07 AAA 068,Peugeot,Fluence,3,24.63,2024-03-30,280,99.5
07 AAA 068,Peugeot,Fluence,3,24.63,2024-03-31,281,59.82
07 AAA 068,Peugeot,Fluence,3,24.63,2024-04-01,127,31.54
07 AAA 068,Peugeot,Fluence,3,24.63,2024-04-02,235,73.98
07 AAA 068,Peugeot,Fluence,3,24.63,2024-04-03,60,19.07
07 AAA 068,Peugeot,Fluence,3,24.63,2024-04-04,80,18.26
07 AAA 068,Peugeot,Fluence,3,24.63,2024-04-05,68,14.85
07 AAA 068,Peugeot,Fluence,3,24.63,2024-04-06,209,62.87
07 AAA 068,Peugeot,Fluence,3,24.63,2024-04-07,40,8.26
07 AAA 068,Peugeot,Fluence,3,24.63,2024-04-08,166,53.1
07 AAA 068,Peugeot,Fluence,3,24.63,2024-04-09,126,34.29
07 AAA 068,Peugeot,Fluence,3,24.63,2024-04-10,50,11.1
07 AAA 068,Peugeot,Fluence,3,24.63,2024-04-11,284,99.18
07 AAA 068,Peugeot,Fluence,3,24.63,2024-04-12,245,80.31
07 AAA 068,Peugeot,Fluence,3,24.63,2024-04-13,62,18.69
07 AAA 068,Peugeot,Fluence,3,24.63,2024-04-14,243,70.98
07 AAA 068,Peugeot,Fluence,3,24.63,2024-04-15,260,95.66
07 AAA 068,Peugeot,Fluence,3,24.63,2024-04-16,190,53.49
07 AAA 068,Peugeot,Fluence,3,24.63,2024-04-17,138,44.7
07 AAA 068,Peugeot,Fluence,3,24.63,2024-04-18,262,75.89
07 AAA 068,Peugeot,Fluence,3,24.63,2024-04-19,157,31.98
07 AAA 068,Peugeot,Fluence,3,24.63,2024-04-20,188,48.86
07 AAA 068,Peugeot,Fluence,3,24.63,2024-04-21,300,81.52
07 AAA 068,Peugeot,Fluence,3,24.63,2024-04-22,215,76.69
07 AAA 068,Peugeot,Fluence,3,24.63,2024-04-23,41,11.12
07 AAA 068,Peugeot,Fluence,3,24.63,2024-04-24,285,92.09
07 AAA 068,Peugeot,Fluence,3,24.63,2024-04-25,110,39.06
07 AAA 068,Peugeot,Fluence,3,24.63,2024-04-26,155,32.18
07 AAA 068,Peugeot,Fluence,3,24.63,2024-04-27,209,53.82
07 AAA 068,Peugeot,Fluence,3,24.63,2024-04-28,52,12.26
07 AAA 068,Peugeot,Fluence,3,24.63,2024-04-29,161,51.94
07 AAA 069,Renault,Transit,4,8.29,2024-01-01,248,28.14
07 AAA 069,Renault,Transit,4,8.29,2024-01-02,289,30.9
07 AAA 069,Renault,Transit,4,8.29,2024-01-03,228,21.05
07 AAA 069,Renault,Transit,4,8.29,2024-01-04,81,6.91
07 AAA 069,Renault,Transit,4,8.29,2024-01-05,90,9.13
07 AAA 069,Renault,Transit,4,8.29,2024-01-06,63,7.39
07 AAA 069,Renault,Transit,4,8.29,2024-01-07,60,5.02
07 AAA 069,Renault,Transit,4,8.29,2024-01-08,250,17.24
07 AAA 069,Renault,Transit,4,8.29,2024-01-09,82,6.43
07 AAA 069,Renault,Transit,4,8.29,2024-01-10,299,35.36
07 AAA 069,Renault,Transit,4,8.29,2024-01-11,75,5.59
07 AAA 069,Renault,Transit,4,8.29,2024-01-12,206,15.31
07 AAA 069,Renault,Transit,4,8.29,2024-01-13,177,14.88
07 AAA 069,Renault,Transit,4,8.29,2024-01-14,115,12.06
07 AAA 069,Renault,Transit,4,8.29,2024-01-15,126,11.09
07 AAA 069,Renault,Transit,4,8.29,2024-01-16,228,21.52
07 AAA 069,Renault,Transit,4,8.29,2024-01-17,124,14.03
07 AAA 069,Renault,Transit,4,8.29,2024-01-18,87,7.74
07 AAA 069,Renault,Transit,4,8.29,2024-01-19,292,22.8
07 AAA 069,Renault,Transit,4,8.29,2024-01-20,248,27.89
07 AAA 069,Renault,Transit,4,8.29,2024-01-21,60,7.37
07 AAA 069,Renault,Transit,4,8.29,2024-01-22,173,14.05
07 AAA 069,Renault,Transit,4,8.29,2024-01-23,164,13.9
07 AAA 069,Renault,Transit,4,8.29,2024-01-24,77,8.79
07 AAA 069,Renault,Transit,4,8.29,2024-01-25,94,8.95
07 AAA 069,Renault,Transit,4,8.29,2024-01-26,220,23.73
07 AAA 069,Renault,Transit,4,8.29,2024-01-27,103,11.07
07 AAA 069,Renault,Transit,4,8.29,2024-01-28,273,19.58
07 AAA 069,Renault,Transit,4,8.29,2024-01-29,162,17.31
07 AAA 069,Renault,Transit,4,8.29,2024-01-30,64,6.52
07 AAA 069,Renault,Transit,4,8.29,2024-01-31,235,28.04
07 AAA 069,Renault,Transit,4,8.29,2024-02-01,182,21.56
07 AAA 069,Renault,Transit,4,8.29,2024-02-02,43,4.86
07 AAA 069,Renault,Transit,4,8.29,2024-02-03,249,20.41
07 AAA 069,Renault,Transit,4,8.29,2024-02-04,65,5.14
07 AAA 069,Renault,Transit,4,8.29,2024-02-05,114,12.47
07 AAA 069,Renault,Transit,4,8.29,2024-02-06,293,27.61
07 AAA 069,Renault,Transit,4,8.29,2024-02-07,285,35.02
07 AAA 069,Renault,Transit,4,8.29,2024-02-08,69,4.75
07 AAA 069,Renault,Transit,4,8.29,2024-02-09,85,8.46
07 AAA 069,Renault,Transit,4,8.29,2024-02-10,263,22.12
07 AAA 069,Renault,Transit,4,8.29,2024-02-11,47,4.22
07 AAA 069,Renault,Transit,4,8.29,2024-02-12,238,20.99
07 AAA 069,Renault,Transit,4,8.29,2024-02-13,224,27.61
07 AAA 069,Renault,Transit,4,8.29,2024-02-14,67,6.23
07 AAA 069,Renault,Transit,4,8.29,2024-02-15,108,11.87
07 AAA 069,Renault,Transit,4,8.29,2024-02-16,193,21.63
07 AAA 069,Renault,Transit,4,8.29,2024-02-17,297,30.39
07 AAA 069,Renault,Transit,4,8.29,2024-02-18,291,34.97
07 AAA 069,Renault,Transit,4,8.29,2024-02-19,154,19.06
07 AAA 069,Renault,Transit,4,8.29,2024-02-20,286,22.32
07 AAA 069,Renault,Transit,4,8.29,2024-02-21,171,11.79
07 AAA 069,Renault,Transit,4,8.29,2024-02-22,157,14.54
07 AAA 069,Renault,Transit,4,8.29,2024-02-23,138,15.72
07 AAA 069,Renault,Transit,4,8.29,2024-02-24,148,10.91
07 AAA 069,Renault,Transit,4,8.29,2024-02-25,168,11.81
07 AAA 069,Renault,Transit,4,8.29,2024-02-26,165,20.31
07 AAA 069,Renault,Transit,4,8.29,2024-02-27,240,18.64
07 AAA 069,Renault,Transit,4,8.29,2024-02-28,44,3.44
07 AAA 069,Renault,Transit,4,8.29,2024-02-29,143,13.91
07 AAA 069,Renault,Transit,4,8.29,2024-03-01,78,7.35
07 AAA 069,Renault,Transit,4,8.29,2024-03-02,103,6.86
07 AAA 069,Renault,Transit,4,8.29,2024-03-03,186,21.19
07 AAA 069,Renault,Transit,4,8.29,2024-03-04,203,24.65
07 AAA 069,Renault,Transit,4,8.29,2024-03-05,103,7.98
07 AAA 069,Renault,Transit,4,8.29,2024-03-06,119,8.56
07 AAA 069,Renault,Transit,4,8.29,2024-03-07,290,20.76
07 AAA 069,Renault,Transit,4,8.29,2024-03-08,94,9.87
07 AAA 069,Renault,Transit,4,8.29,2024-03-09,221,21.65
07 AAA 069,Renault,Transit,4,8.29,2024-03-10,81,7.19
07 AAA 069,Renault,Transit,4,8.29,2024-03-11,183,16.02
07 AAA 069,Renault,Transit,4,8.29,2024-03-12,227,16.48
07 AAA 069,Renault,Transit,4,8.29,2024-03-13,172,14.44
07 AAA 069,Renault,Transit,4,8.29,2024-03-14,251,27.52
07 AAA 069,Renault,Transit,4,8.29,2024-03-15,174,11.79
07 AAA 069,Renault,Transit,4,8.29,2024-03-16,93,7.22
07 AAA 069,Renault,Transit,4,8.29,2024-03-17,272,28.87
07 AAA 069,Renault,Transit,4,8.29,2024-03-18,212,19.62
07 AAA 069,Renault,Transit,4,8.29,2024-03-19,70,8.45
07 AAA 069,Renault,Transit,4,8.29,2024-03-20,113,10.22
07 AAA 069,Renault,Transit,4,8.29,2024-03-21,243,18.18
07 AAA 069,Renault,Transit,4,8.29,2024-03-22,58,6.9
07 AAA 069,Renault,Transit,4,8.29,2024-03-23,51,5.81
07 AAA 069,Renault,Transit,4,8.29,2024-03-24,298,29.11
07 AAA 069,Renault,Transit,4,8.29,2024-03-25,290,27.36
07 AAA 069,Renault,Transit,4,8.29,2024-03-26,109,8.7
07 AAA 069,Renault,Transit,4,8.29,2024-03-27,190,14.76
07 AAA 069,Renault,Transit,4,8.29,2024-03-28,158,15.15
07 AAA 069,Renault,Transit,4,8.29,2024-03-29,158,18.75
07 AAA 069,Renault,Transit,4,8.29,2024-03-30,63,5.08
07 AAA 069,Renault,Transit,4,8.29,2024-03-31,263,27.89
07 AAA 069,Renault,Transit,4,8.29,2024-04-01,169,14.77
07 AAA 069,Renault,Transit,4,8.29,2024-04-02,288,22.78
07 AAA 069,Renault,Transit,4,8.29,2024-04-03,174,16.99
07 AAA 069,Renault,Transit,4,8.29,2024-04-04,59,4.3
07 AAA 069,Renault,Transit,4,8.29,2024-04-05,292,21.59
07 AAA 069,Renault,Transit,4,8.29,2024-04-06,149,18.52
07 AAA 069,Renault,Transit,4,8.29,2024-04-07,120,8.52
07 AAA 069,Renault,Transit,4,8.29,2024-04-08,167,16.97
07 AAA 069,Renault,Transit,4,8.29,2024-04-09,193,19.21
07 AAA 069,Renault,Transit,4,8.29,2024-04-10,95,7.13
07 AAA 069,Renault,Transit,4,8.29,2024-04-11,274,29.09
07 AAA 069,Renault,Transit,4,8.29,2024-04-12,280,26.14
07 AAA 069,Renault,Transit,4,8.29,2024-04-13,142,12.32
07 AAA 069,Renault,Transit,4,8.29,2024-04-14,240,19.21
07 AAA 069,Renault,Transit,4,8.29,2024-04-15,193,17.44
07 AAA 069,Renault,Transit,4,8.29,2024-04-16,294,35.83
07 AAA 069,Renault,Transit,4,8.29,2024-04-17,111,11.15
07 AAA 069,Renault,Transit,4,8.29,2024-04-18,286,27.92
07 AAA 069,Renault,Transit,4,8.29,2024-04-19,269,25.93
07 AAA 069,Renault,Transit,4,8.29,2024-04-20,105,11.04
07 AAA 069,Renault,Transit,4,8.29,2024-04-21,166,13.7
07 AAA 069,Renault,Transit,4,8.29,2024-04-22,132,13.26
07 AAA 069,Renault,Transit,4,8.29,2024-04-23,193,17.28
07 AAA 069,Renault,Transit,4,8.29,2024-04-24,250,20.68
07 AAA 069,Renault,Transit,4,8.29,2024-04-25,143,12.77
07 AAA 069,Renault,Transit,4,8.29,2024-04-26,75,6.87
07 AAA 069,Renault,Transit,4,8.29,2024-04-27,111,11.2
07 AAA 069,Renault,Transit,4,8.29,2024-04-28,292,25.78
07 AAA 069,Renault,Transit,4,8.29,2024-04-29,197,14.88
07 AAA 070,Renault,Atego,4,7.02,2024-01-01,251,20.78
07 AAA 070,Renault,Atego,4,7.02,2024-01-02,276,21.88
07 AAA 070,Renault,Atego,4,7.02,2024-01-03,62,5.4
07 AAA 070,Renault,Atego,4,7.02,2024-01-04,84,6.94
07 AAA 070,Renault,Atego,4,7.02,2024-01-05,164,14.88
07 AAA 070,Renault,Atego,4,7.02,2024-01-06,95,9.41
07 AAA 070,Renault,Atego,4,7.02,2024-01-07,70,6.65
07 AAA 070,Renault,Atego,4,7.02,2024-01-08,83,5.48
07 AAA 070,Renault,Atego,4,7.02,2024-01-09,272,17.06
07 AAA 070,Renault,Atego,4,7.02,2024-01-10,205,16.58
07 AAA 070,Renault,Atego,4,7.02,2024-01-11,117,7.75
07 AAA 070,Renault,Atego,4,7.02,2024-01-12,173,16.39
07 AAA 070,Renault,Atego,4,7.02,2024-01-13,291,17.92
07 AAA 070,Renault,Atego,4,7.02,2024-01-14,238,21.84
07 AAA 070,Renault,Atego,4,7.02,2024-01-15,46,4.36
07 AAA 070,Renault,Atego,4,7.02,2024-01-16,262,23.49
07 AAA 070,Renault,Atego,4,7.02,2024-01-17,76,7.06
07 AAA 070,Renault,Atego,4,7.02,2024-01-18,80,5.19
07 AAA 070,Renault,Atego,4,7.02,2024-01-19,280,16.33
07 AAA 070,Renault,Atego,4,7.02,2024-01-20,278,18.62
07 AAA 070,Renault,Atego,4,7.02,2024-01-21,72,5.82
07 AAA 070,Renault,Atego,4,7.02,2024-01-22,189,11.72
07 AAA 070,Renault,Atego,4,7.02,2024-01-23,228,19.22
07 AAA 070,Renault,Atego,4,7.02,2024-01-24,49,5.11
07 AAA 070,Renault,Atego,4,7.02,2024-01-25,107,6.55
07 AAA 070,Renault,Atego,4,7.02,2024-01-26,137,9.7
07 AAA 070,Renault,Atego,4,7.02,2024-01-27,42,2.86
07 AAA 070,Renault,Atego,4,7.02,2024-01-28,125,12.93
07 AAA 070,Renault,Atego,4,7.02,2024-01-29,147,11.18
07 AAA 070,Renault,Atego,4,7.02,2024-01-30,238,16.32
07 AAA 070,Renault,Atego,4,7.02,2024-01-31,98,9.62
07 AAA 070,Renault,Atego,4,7.02,2024-02-01,156,15.03
07 AAA 070,Renault,Atego,4,7.02,2024-02-02,229,23.57
07 AAA 070,Renault,Atego,4,7.02,2024-02-03,284,19.37
07 AAA 070,Renault,Atego,4,7.02,2024-02-04,225,17.25
07 AAA 070,Renault,Atego,4,7.02,2024-02-05,156,13.39
07 AAA 070,Renault,Atego,4,7.02,2024-02-06,242,14.96
07 AAA 070,Renault,Atego,4,7.02,2024-02-07,184,14.11
07 AAA 070,Renault,Atego,4,7.02,2024-02-08,142,8.19
07 AAA 070,Renault,Atego,4,7.02,2024-02-09,177,17.43
07 AAA 070,Renault,Atego,4,7.02,2024-02-10,193,15.98
07 AAA 070,Renault,Atego,4,7.02,2024-02-11,288,27.11
07 AAA 070,Renault,Atego,4,7.02,2024-02-12,72,7.13
07 AAA 070,Renault,Atego,4,7.02,2024-02-13,264,17.07
07 AAA 070,Renault,Atego,4,7.02,2024-02-14,210,16.73
07 AAA 070,Renault,Atego,4,7.02,2024-02-15,137,13.76
07 AAA 070,Renault,Atego,4,7.02,2024-02-16,190,16.49
07 AAA 070,Renault,Atego,4,7.02,2024-02-17,198,15.33
07 AAA 070,Renault,Atego,4,7.02,2024-02-18,108,7.38
07 AAA 070,Renault,Atego,4,7.02,2024-02-19,113,11.62
07 AAA 070,Renault,Atego,4,7.02,2024-02-20,172,17.1
07 AAA 070,Renault,Atego,4,7.02,2024-02-21,191,18.82
07 AAA 070,Renault,Atego,4,7.02,2024-02-22,234,16.38
07 AAA 070,Renault,Atego,4,7.02,2024-02-23,147,9.11
07 AAA 070,Renault,Atego,4,7.02,2024-02-24,188,17.87
07 AAA 070,Renault,Atego,4,7.02,2024-02-25,105,6.77
07 AAA 070,Renault,Atego,4,7.02,2024-02-26,246,24.67
07 AAA 070,Renault,Atego,4,7.02,2024-02-27,298,23.72
07 AAA 070,Renault,Atego,4,7.02,2024-02-28,176,13.1
07 AAA 070,Renault,Atego,4,7.02,2024-02-29,298,18.72
07 AAA 070,Renault,Atego,4,7.02,2024-03-01,110,8.08
07 AAA 070,Renault,Atego,4,7.02,2024-03-02,296,29.7
07 AAA 070,Renault,Atego,4,7.02,2024-03-03,73,7.48
07 AAA 070,Renault,Atego,4,7.02,2024-03-04,116,7.61
07 AAA 070,Renault,Atego,4,7.02,2024-03-05,93,7.06
07 AAA 070,Renault,Atego,4,7.02,2024-03-06,54,3.29
07 AAA 070,Renault,Atego,4,7.02,2024-03-07,92,8.59
07 AAA 070,Renault,Atego,4,7.02,2024-03-08,124,12.63
07 AAA 070,Renault,Atego,4,7.02,2024-03-09,127,7.69
07 AAA 070,Renault,Atego,4,7.02,2024-03-10,259,15.13
07 AAA 070,Renault,Atego,4,7.02,2024-03-11,213,18.16
07 AAA 070,Renault,Atego,4,7.02,2024-03-12,211,20.38
07 AAA 070,Renault,Atego,4,7.02,2024-03-13,51,3.69
07 AAA 070,Renault,Atego,4,7.02,2024-03-14,253,24.01
07 AAA 070,Renault,Atego,4,7.02,2024-03-15,272,19.37
07 AAA 070,Renault,Atego,4,7.02,2024-03-16,251,17.79
07 AAA 070,Renault,Atego,4,7.02,2024-03-17,171,16.33
07 AAA 070,Renault,Atego,4,7.02,2024-03-18,63,3.85
07 AAA 070,Renault,Atego,4,7.02,2024-03-19,75,7.5
07 AAA 070,Renault,Atego,4,7.02,2024-03-20,251,17.8
07 AAA 070,Renault,Atego,4,7.02,2024-03-21,140,9.74
07 AAA 070,Renault,Atego,4,7.02,2024-03-22,159,12.06
07 AAA 070,Renault,Atego,4,7.02,2024-03-23,99,8.2
07 AAA 070,Renault,Atego,4,7.02,2024-03-24,90,5.15
07 AAA 070,Renault,Atego,4,7.02,2024-03-25,249,14.32
07 AAA 070,Renault,Atego,4,7.02,2024-03-26,230,17.77
07 AAA 070,Renault,Atego,4,7.02,2024-03-27,177,13.94
07 AAA 070,Renault,Atego,4,7.02,2024-03-28,229,20.67
07 AAA 070,Renault,Atego,4,7.02,2024-03-29,136,12.44
07 AAA 070,Renault,Atego,4,7.02,2024-03-30,266,25.53
07 AAA 070,Renault,Atego,4,7.02,2024-03-31,146,11.98
07 AAA 070,Renault,Atego,4,7.02,2024-04-01,214,22.29
07 AAA 070,Renault,Atego,4,7.02,2024-04-02,103,7.25
07 AAA 070,Renault,Atego,4,7.02,2024-04-03,151,12.83
07 AAA 070,Renault,Atego,4,7.02,2024-04-04,91,6.08
07 AAA 070,Renault,Atego,4,7.02,2024-04-05,41,3.93
07 AAA 070,Renault,Atego,4,7.02,2024-04-06,179,12.98
07 AAA 070,Renault,Atego,4,7.02,2024-04-07,133,10.2
07 AAA 070,Renault,Atego,4,7.02,2024-04-08,139,11.01
07 AAA 070,Renault,Atego,4,7.02,2024-04-09,255,14.94
07 AAA 070,Renault,Atego,4,7.02,2024-04-10,263,14.81
07 AAA 070,Renault,Atego,4,7.02,2024-04-11,175,15.37
07 AAA 070,Renault,Atego,4,7.02,2024-04-12,237,24.9
07 AAA 070,Renault,Atego,4,7.02,2024-04-13,259,22.38
07 AAA 070,Renault,Atego,4,7.02,2024-04-14,91,5.66
07 AAA 070,Renault,Atego,4,7.02,2024-04-15,184,16.45
07 AAA 070,Renault,Atego,4,7.02,2024-04-16,117,6.68
07 AAA 070,Renault,Atego,4,7.02,2024-04-17,251,19.97
07 AAA 070,Renault,Atego,4,7.02,2024-04-18,96,6.16
07 AAA 070,Renault,Atego,4,7.02,2024-04-19,225,12.65
07 AAA 070,Renault,Atego,4,7.02,2024-04-20,267,15.44
07 AAA 070,Renault,Atego,4,7.02,2024-04-21,42,3.22
07 AAA 070,Renault,Atego,4,7.02,2024-04-22,164,12.12
07 AAA 070,Renault,Atego,4,7.02,2024-04-23,67,6.74
07 AAA 070,Renault,Atego,4,7.02,2024-04-24,183,13.38
07 AAA 070,Renault,Atego,4,7.02,2024-04-25,141,8.56
07 AAA 070,Renault,Atego,4,7.02,2024-04-26,142,11.38
07 AAA 070,Renault,Atego,4,7.02,2024-04-27,300,27.43
07 AAA 070,Renault,Atego,4,7.02,2024-04-28,250,22.02
07 AAA 070,Renault,Atego,4,7.02,2024-04-29,290,23.42
07 AAA 071,Fiat,Boxer,1,11.32,2024-01-01,206,25.06
07 AAA 071,Fiat,Boxer,1,11.32,2024-01-02,181,30.15
07 AAA 071,Fiat,Boxer,1,11.32,2024-01-03,203,27.13
07 AAA 071,Fiat,Boxer,1,11.32,2024-01-04,234,24.16
07 AAA 071,Fiat,Boxer,1,11.32,2024-01-05,291,29.11
07 AAA 071,Fiat,Boxer,1,11.32,2024-01-06,195,32.33
07 AAA 071,Fiat,Boxer,1,11.32,2024-01-07,91,13.98
07 AAA 071,Fiat,Boxer,1,11.32,2024-01-08,184,29.16
07 AAA 071,Fiat,Boxer,1,11.32,2024-01-09,73,7.36
07 AAA 071,Fiat,Boxer,1,11.32,2024-01-10,152,25.75
07 AAA 071,Fiat,Boxer,1,11.32,2024-01-11,138,17.04
07 AAA 071,Fiat,Boxer,1,11.32,2024-01-12,141,16.53
07 AAA 071,Fiat,Boxer,1,11.32,2024-01-13,229,31.61
07 AAA 071,Fiat,Boxer,1,11.32,2024-01-14,210,25.88
07 AAA 071,Fiat,Boxer,1,11.32,2024-01-15,66,7.6
07 AAA 071,Fiat,Boxer,1,11.32,2024-01-16,224,29.31
07 AAA 071,Fiat,Boxer,1,11.32,2024-01-17,230,24.41
07 AAA 071,Fiat,Boxer,1,11.32,2024-01-18,201,33.33
07 AAA 071,Fiat,Boxer,1,11.32,2024-01-19,58,5.48
07 AAA 071,Fiat,Boxer,1,11.32,2024-01-20,214,23.6
07 AAA 071,Fiat,Boxer,1,11.32,2024-01-21,112,13.86
07 AAA 071,Fiat,Boxer,1,11.32,2024-01-22,157,23.97
07 AAA 071,Fiat,Boxer,1,11.32,2024-01-23,180,24.84
07 AAA 071,Fiat,Boxer,1,11.32,2024-01-24,273,25.21
07 AAA 071,Fiat,Boxer,1,11.32,2024-01-25,221,33.55
07 AAA 071,Fiat,Boxer,1,11.32,2024-01-26,54,6.57
07 AAA 071,Fiat,Boxer,1,11.32,2024-01-27,71,6.92
07 AAA 071,Fiat,Boxer,1,11.32,2024-01-28,267,34.45
07 AAA 071,Fiat,Boxer,1,11.32,2024-01-29,155,23.97
07 AAA 071,Fiat,Boxer,1,11.32,2024-01-30,284,36.95
07 AAA 071,Fiat,Boxer,1,11.32,2024-01-31,67,6.54
07 AAA 071,Fiat,Boxer,1,11.32,2024-02-01,265,36.86
07 AAA 071,Fiat,Boxer,1,11.32,2024-02-02,155,25.52
07 AAA 071,Fiat,Boxer,1,11.32,2024-02-03,130,11.98
07 AAA 071,Fiat,Boxer,1,11.32,2024-02-04,40,6.38
07 AAA 071,Fiat,Boxer,1,11.32,2024-02-05,169,22.46
07 AAA 071,Fiat,Boxer,1,11.32,2024-02-06,172,17.93
07 AAA 071,Fiat,Boxer,1,11.32,2024-02-07,299,30.93
07 AAA 071,Fiat,Boxer,1,11.32,2024-02-08,165,16.22
07 AAA 071,Fiat,Boxer,1,11.32,2024-02-09,245,23.84
07 AAA 071,Fiat,Boxer,1,11.32,2024-02-10,295,38.85
07 AAA 071,Fiat,Boxer,1,11.32,2024-02-11,196,26.22
07 AAA 071,Fiat,Boxer,1,11.32,2024-02-12,71,9.94
07 AAA 071,Fiat,Boxer,1,11.32,2024-02-13,180,19.86
07 AAA 071,Fiat,Boxer,1,11.32,2024-02-14,224,33.13
07 AAA 071,Fiat,Boxer,1,11.32,2024-02-15,52,6.45
07 AAA 071,Fiat,Boxer,1,11.32,2024-02-16,284,27.26
07 AAA 071,Fiat,Boxer,1,11.32,2024-02-17,193,23.73
07 AAA 071,Fiat,Boxer,1,11.32,2024-02-18,167,22.49
07 AAA 071,Fiat,Boxer,1,11.32,2024-02-19,274,46.16
07 AAA 071,Fiat,Boxer,1,11.32,2024-02-20,201,25.83
07 AAA 071,Fiat,Boxer,1,11.32,2024-02-21,294,42.64
07 AAA 071,Fiat,Boxer,1,11.32,2024-02-22,236,23.74
07 AAA 071,Fiat,Boxer,1,11.32,2024-02-23,229,33.84
07 AAA 071,Fiat,Boxer,1,11.32,2024-02-24,242,26.26
07 AAA 071,Fiat,Boxer,1,11.32,2024-02-25,297,31.74
07 AAA 071,Fiat,Boxer,1,11.32,2024-02-26,117,16.76
07 AAA 071,Fiat,Boxer,1,11.32,2024-02-27,227,30.42
07 AAA 071,Fiat,Boxer,1,11.32,2024-02-28,160,14.81
07 AAA 071,Fiat,Boxer,1,11.32,2024-02-29,294,46.17
07 AAA 071,Fiat,Boxer,1,11.32,2024-03-01,88,9.76
07 AAA 071,Fiat,Boxer,1,11.32,2024-03-02,217,31.12
07 AAA 071,Fiat,Boxer,1,11.32,2024-03-03,241,31.78
07 AAA 071,Fiat,Boxer,1,11.32,2024-03-04,99,9.92
07 AAA 071,Fiat,Boxer,1,11.32,2024-03-05,51,6.99
07 AAA 071,Fiat,Boxer,1,11.32,2024-03-06,216,32.26
07 AAA 071,Fiat,Boxer,1,11.32,2024-03-07,300,30.86
07 AAA 071,Fiat,Boxer,1,11.32,2024-03-08,50,6.48
07 AAA 071,Fiat,Boxer,1,11.32,2024-03-09,245,29.26
07 AAA 071,Fiat,Boxer,1,11.32,2024-03-10,252,33.63
07 AAA 071,Fiat,Boxer,1,11.32,2024-03-11,85,10.6
07 AAA 071,Fiat,Boxer,1,11.32,2024-03-12,284,34.48
07 AAA 071,Fiat,Boxer,1,11.32,2024-03-13,83,11.66
07 AAA 071,Fiat,Boxer,1,11.32,2024-03-14,76,12.72
07 AAA 071,Fiat,Boxer,1,11.32,2024-03-15,54,4.96
07 AAA 071,Fiat,Boxer,1,11.32,2024-03-16,144,13.14
07 AAA 071,Fiat,Boxer,1,11.32,2024-03-17,134,20.17
07 AAA 071,Fiat,Boxer,1,11.32,2024-03-18,59,6.52
07 AAA 071,Fiat,Boxer,1,11.32,2024-03-19,260,26.51
07 AAA 071,Fiat,Boxer,1,11.32,2024-03-20,199,22.82
07 AAA 071,Fiat,Boxer,1,11.32,2024-03-21,283,33.28
07 AAA 071,Fiat,Boxer,1,11.32,2024-03-22,273,27.16
07 AAA 071,Fiat,Boxer,1,11.32,2024-03-23,211,27.71
07 AAA 071,Fiat,Boxer,1,11.32,2024-03-24,49,5.42
07 AAA 071,Fiat,Boxer,1,11.32,2024-03-25,277,25.23
07 AAA 071,Fiat,Boxer,1,11.32,2024-03-26,277,26.41
07 AAA 071,Fiat,Boxer,1,11.32,2024-03-27,200,26.73
07 AAA 071,Fiat,Boxer,1,11.32,2024-03-28,261,33.02
07 AAA 071,Fiat,Boxer,1,11.32,2024-03-29,242,23.41
07 AAA 071,Fiat,Boxer,1,11.32,2024-03-30,158,21.49
07 AAA 071,Fiat,Boxer,1,11.32,2024-03-31,200,33.83
07 AAA 071,Fiat,Boxer,1,11.32,2024-04-01,113,18.46
07 AAA 071,Fiat,Boxer,1,11.32,2024-04-02,113,10.67
07 AAA 071,Fiat,Boxer,1,11.32,2024-04-03,272,28.25
07 AAA 071,Fiat,Boxer,1,11.32,2024-04-04,295,49.11
07 AAA 071,Fiat,Boxer,1,11.32,2024-04-05,146,20.75
07 AAA 071,Fiat,Boxer,1,11.32,2024-04-06,214,30.58
07 AAA 071,Fiat,Boxer,1,11.32,2024-04-07,195,23.11
07 AAA 071,Fiat,Boxer,1,11.32,2024-04-08,184,26.27
07 AAA 071,Fiat,Boxer,1,11.32,2024-04-09,285,45.7
07 AAA 071,Fiat,Boxer,1,11.32,2024-04-10,197,27.05
07 AAA 071,Fiat,Boxer,1,11.32,2024-04-11,103,13.32
07 AAA 071,Fiat,Boxer,1,11.32,2024-04-12,154,20.92
07 AAA 071,Fiat,Boxer,1,11.32,2024-04-13,169,21.09
07 AAA 071,Fiat,Boxer,1,11.32,2024-04-14,202,27.23
07 AAA 071,Fiat,Boxer,1,11.32,2024-04-15,278,44.97
07 AAA 071,Fiat,Boxer,1,11.32,2024-04-16,289,42.22
07 AAA 071,Fiat,Boxer,1,11.32,2024-04-17,258,39.57
07 AAA 071,Fiat,Boxer,1,11.32,2024-04-18,194,21.09
07 AAA 071,Fiat,Boxer,1,11.32,2024-04-19,208,23.27
07 AAA 071,Fiat,Boxer,1,11.32,2024-04-20,243,36.05
07 AAA 071,Fiat,Boxer,1,11.32,2024-04-21,295,47.59
07 AAA 071,Fiat,Boxer,1,11.32,2024-04-22,49,8.16
07 AAA 071,Fiat,Boxer,1,11.32,2024-04-23,82,8.39
07 AAA 071,Fiat,Boxer,1,11.32,2024-04-24,57,5.83
07 AAA 071,Fiat,Boxer,1,11.32,2024-04-25,192,30.68
07 AAA 071,Fiat,Boxer,1,11.32,2024-04-26,135,22.69
07 AAA 071,Fiat,Boxer,1,11.32,2024-04-27,198,19.03
07 AAA 071,Fiat,Boxer,1,11.32,2024-04-28,160,18.62
07 AAA 071,Fiat,Boxer,1,11.32,2024-04-29,260,42.49
07 AAA 072,Renault,Fluence,1,12.94,2024-01-01,297,39.26
07 AAA 072,Renault,Fluence,1,12.94,2024-01-02,139,15.73
07 AAA 072,Renault,Fluence,1,12.94,2024-01-03,273,42.58
07 AAA 072,Renault,Fluence,1,12.94,2024-01-04,227,30.08
07 AAA 072,Renault,Fluence,1,12.94,2024-01-05,80,10.1
07 AAA 072,Renault,Fluence,1,12.94,2024-01-06,192,21.89
07 AAA 072,Renault,Fluence,1,12.94,2024-01-07,273,51.72
07 AAA 072,Renault,Fluence,1,12.94,2024-01-08,147,17.1
07 AAA 072,Renault,Fluence,1,12.94,2024-01-09,144,21.81
07 AAA 072,Renault,Fluence,1,12.94,2024-01-10,185,28.36
07 AAA 072,Renault,Fluence,1,12.94,2024-01-11,104,12.56
07 AAA 072,Renault,Fluence,1,12.94,2024-01-12,50,8.55
07 AAA 072,Renault,Fluence,1,12.94,2024-01-13,174,24.35
07 AAA 072,Renault,Fluence,1,12.94,2024-01-14,216,31.54
07 AAA 072,Renault,Fluence,1,12.94,2024-01-15,214,23.87
07 AAA 072,Renault,Fluence,1,12.94,2024-01-16,107,17.21
07 AAA 072,Renault,Fluence,1,12.94,2024-01-17,135,21.02
07 AAA 072,Renault,Fluence,1,12.94,2024-01-18,273,43.74
07 AAA 072,Renault,Fluence,1,12.94,2024-01-19,99,16.41
07 AAA 072,Renault,Fluence,1,12.94,2024-01-20,288,39.49
07 AAA 072,Renault,Fluence,1,12.94,2024-01-21,50,9.48
07 AAA 072,Renault,Fluence,1,12.94,2024-01-22,203,32.33
07 AAA 072,Renault,Fluence,1,12.94,2024-01-23,223,23.22
07 AAA 072,Renault,Fluence,1,12.94,2024-01-24,151,25.9
07 AAA 072,Renault,Fluence,1,12.94,2024-01-25,179,21.62
07 AAA 072,Renault,Fluence,1,12.94,2024-01-26,183,26.5
07 AAA 072,Renault,Fluence,1,12.94,2024-01-27,206,28.52
07 AAA 072,Renault,Fluence,1,12.94,2024-01-28,85,16.39
07 AAA 072,Renault,Fluence,1,12.94,2024-01-29,216,36.74
07 AAA 072,Renault,Fluence,1,12.94,2024-01-30,275,46.25
07 AAA 072,Renault,Fluence,1,12.94,2024-01-31,265,34.51
07 AAA 072,Renault,Fluence,1,12.94,2024-02-01,48,8.29
07 AAA 072,Renault,Fluence,1,12.94,2024-02-02,117,21.75
07 AAA 072,Renault,Fluence,1,12.94,2024-02-03,201,22.54
07 AAA 072,Renault,Fluence,1,12.94,2024-02-04,203,36.88
07 AAA 072,Renault,Fluence,1,12.94,2024-02-05,243,35.42
07 AAA 072,Renault,Fluence,1,12.94,2024-02-06,133,15.85
07 AAA 072,Renault,Fluence,1,12.94,2024-02-07,241,34.21
07 AAA 072,Renault,Fluence,1,12.94,2024-02-08,121,18.51
07 AAA 072,Renault,Fluence,1,12.94,2024-02-09,80,15.19
07 AAA 072,Renault,Fluence,1,12.94,2024-02-10,243,41.07
07 AAA 072,Renault,Fluence,1,12.94,2024-02-11,105,12.86
07 AAA 072,Renault,Fluence,1,12.94,2024-02-12,232,44.05
07 AAA 072,Renault,Fluence,1,12.94,2024-02-13,76,14.29
07 AAA 072,Renault,Fluence,1,12.94,2024-02-14,228,37.6
07 AAA 072,Renault,Fluence,1,12.94,2024-02-15,117,17.59
07 AAA 072,Renault,Fluence,1,12.94,2024-02-16,84,13.49
07 AAA 072,Renault,Fluence,1,12.94,2024-02-17,162,28.06
07 AAA 072,Renault,Fluence,1,12.94,2024-02-18,120,16.43
07 AAA 072,Renault,Fluence,1,12.94,2024-02-19,44,5.27
07 AAA 072,Renault,Fluence,1,12.94,2024-02-20,66,12.03
07 AAA 072,Renault,Fluence,1,12.94,2024-02-21,78,9.23
07 AAA 072,Renault,Fluence,1,12.94,2024-02-22,64,8.86
07 AAA 072,Renault,Fluence,1,12.94,2024-02-23,62,9.34
07 AAA 072,Renault,Fluence,1,12.94,2024-02-24,56,7.47
07 AAA 072,Renault,Fluence,1,12.94,2024-02-25,62,11.68
07 AAA 072,Renault,Fluence,1,12.94,2024-02-26,239,31.16
07 AAA 072,Renault,Fluence,1,12.94,2024-02-27,102,13.31
07 AAA 072,Renault,Fluence,1,12.94,2024-02-28,191,35.5
07 AAA 072,Renault,Fluence,1,12.94,2024-02-29,159,27.41
07 AAA 072,Renault,Fluence,1,12.94,2024-03-01,297,49.85
07 AAA 072,Renault,Fluence,1,12.94,2024-03-02,164,23.69
07 AAA 072,Renault,Fluence,1,12.94,2024-03-03,211,36.61
07 AAA 072,Renault,Fluence,1,12.94,2024-03-04,298,31.42
07 AAA 072,Renault,Fluence,1,12.94,2024-03-05,177,21.46
07 AAA 072,Renault,Fluence,1,12.94,2024-03-06,292,41.51
07 AAA 072,Renault,Fluence,1,12.94,2024-03-07,175,29.57
07 AAA 072,Renault,Fluence,1,12.94,2024-03-08,43,8.01
07 AAA 072,Renault,Fluence,1,12.94,2024-03-09,240,38.11
07 AAA 072,Renault,Fluence,1,12.94,2024-03-10,41,5.94
07 AAA 072,Renault,Fluence,1,12.94,2024-03-11,263,38.69
07 AAA 072,Renault,Fluence,1,12.94,2024-03-12,78,14.06
07 AAA 072,Renault,Fluence,1,12.94,2024-03-13,159,17.44
07 AAA 072,Renault,Fluence,1,12.94,2024-03-14,81,11.69
07 AAA 072,Renault,Fluence,1,12.94,2024-03-15,193,25.43
07 AAA 072,Renault,Fluence,1,12.94,2024-03-16,177,31.57
07 AAA 072,Renault,Fluence,1,12.94,2024-03-17,231,43.75
07 AAA 072,Renault,Fluence,1,12.94,2024-03-18,82,12.67
07 AAA 072,Renault,Fluence,1,12.94,2024-03-19,102,11.64
07 AAA 072,Renault,Fluence,1,12.94,2024-03-20,219,35.83
07 AAA 072,Renault,Fluence,1,12.94,2024-03-21,248,38.74
07 AAA 072,Renault,Fluence,1,12.94,2024-03-22,234,29.6
07 AAA 072,Renault,Fluence,1,12.94,2024-03-23,277,32.38
07 AAA 072,Renault,Fluence,1,12.94,2024-03-24,127,16.7
07 AAA 072,Renault,Fluence,1,12.94,2024-03-25,235,33.18
07 AAA 072,Renault,Fluence,1,12.94,2024-03-26,276,34.92
07 AAA 072,Renault,Fluence,1,12.94,2024-03-27,98,17.03
07 AAA 072,Renault,Fluence,1,12.94,2024-03-28,51,5.76
07 AAA 072,Renault,Fluence,1,12.94,2024-03-29,119,18.94
07 AAA 072,Renault,Fluence,1,12.94,2024-03-30,153,17.22
07 AAA 072,Renault,Fluence,1,12.94,2024-03-31,164,21.94
07 AAA 072,Renault,Fluence,1,12.94,2024-04-01,94,17.07
07 AAA 072,Renault,Fluence,1,12.94,2024-04-02,195,20.7
07 AAA 072,Renault,Fluence,1,12.94,2024-04-03,61,7.92
07 AAA 072,Renault,Fluence,1,12.94,2024-04-04,282,42.83
07 AAA 072,Renault,Fluence,1,12.94,2024-04-05,129,15.6
07 AAA 072,Renault,Fluence,1,12.94,2024-04-06,219,29.91
07 AAA 072,Renault,Fluence,1,12.94,2024-04-07,211,31.95
07 AAA 072,Renault,Fluence,1,12.94,2024-04-08,233,44.15
07 AAA 072,Renault,Fluence,1,12.94,2024-04-09,124,19.89
07 AAA 072,Renault,Fluence,1,12.94,2024-04-10,155,16.97
07 AAA 072,Renault,Fluence,1,12.94,2024-04-11,242,45.53
07 AAA 072,Renault,Fluence,1,12.94,2024-04-12,203,31.58
07 AAA 072,Renault,Fluence,1,12.94,2024-04-13,208,21.61
07 AAA 072,Renault,Fluence,1,12.94,2024-04-14,42,6.15
07 AAA 072,Renault,Fluence,1,12.94,2024-04-15,236,26.68
07 AAA 072,Renault,Fluence,1,12.94,2024-04-16,283,41.04
07 AAA 072,Renault,Fluence,1,12.94,2024-04-17,213,28.35
07 AAA 072,Renault,Fluence,1,12.94,2024-04-18,197,36.86
07 AAA 072,Renault,Fluence,1,12.94,2024-04-19,60,10.81
07 AAA 072,Renault,Fluence,1,12.94,2024-04-20,257,31.28
07 AAA 072,Renault,Fluence,1,12.94,2024-04-21,221,31.33
07 AAA 072,Renault,Fluence,1,12.94,2024-04-22,106,12.65
07 AAA 072,Renault,Fluence,1,12.94,2024-04-23,226,40.22
07 AAA 072,Renault,Fluence,1,12.94,2024-04-24,112,21.6
07 AAA 072,Renault,Fluence,1,12.94,2024-04-25,242,41.81
07 AAA 072,Renault,Fluence,1,12.94,2024-04-26,229,36.78
07 AAA 072,Renault,Fluence,1,12.94,2024-04-27,237,45.64
07 AAA 072,Renault,Fluence,1,12.94,2024-04-28,119,15.2
07 AAA 072,Renault,Fluence,1,12.94,2024-04-29,97,11.85
07 AAA 073,Fiat,Caddy,3,24.59,2024-01-01,52,15.25
07 AAA 073,Fiat,Caddy,3,24.59,2024-01-02,186,42.49
07 AAA 073,Fiat,Caddy,3,24.59,2024-01-03,168,60.85
07 AAA 073,Fiat,Caddy,3,24.59,2024-01-04,237,74.62
07 AAA 073,Fiat,Caddy,3,24.59,2024-01-05,218,56.11
07 AAA 073,Fiat,Caddy,3,24.59,2024-01-06,44,15.33
07 AAA 073,Fiat,Caddy,3,24.59,2024-01-07,229,56.89
07 AAA 073,Fiat,Caddy,3,24.59,2024-01-08,166,59.09
07 AAA 073,Fiat,Caddy,3,24.59,2024-01-09,110,32.33
07 AAA 073,Fiat,Caddy,3,24.59,2024-01-10,133,44.67
07 AAA 073,Fiat,Caddy,3,24.59,2024-01-11,219,76.36
07 AAA 073,Fiat,Caddy,3,24.59,2024-01-12,111,39.73
07 AAA 073,Fiat,Caddy,3,24.59,2024-01-13,181,45.25
07 AAA 073,Fiat,Caddy,3,24.59,2024-01-14,210,72.85
07 AAA 073,Fiat,Caddy,3,24.59,2024-01-15,74,25.0
07 AAA 073,Fiat,Caddy,3,24.59,2024-01-16,111,31.5
07 AAA 073,Fiat,Caddy,3,24.59,2024-01-17,84,23.31
07 AAA 073,Fiat,Caddy,3,24.59,2024-01-18,59,14.3
07 AAA 073,Fiat,Caddy,3,24.59,2024-01-19,253,78.01
07 AAA 073,Fiat,Caddy,3,24.59,2024-01-20,126,28.42
07 AAA 073,Fiat,Caddy,3,24.59,2024-01-21,78,22.41
07 AAA 073,Fiat,Caddy,3,24.59,2024-01-22,262,60.01
07 AAA 073,Fiat,Caddy,3,24.59,2024-01-23,97,27.26
07 AAA 073,Fiat,Caddy,3,24.59,2024-01-24,277,96.5
07 AAA 073,Fiat,Caddy,3,24.59,2024-01-25,174,54.67
07 AAA 073,Fiat,Caddy,3,24.59,2024-01-26,284,90.49
07 AAA 073,Fiat,Caddy,3,24.59,2024-01-27,245,56.83
07 AAA 073,Fiat,Caddy,3,24.59,2024-01-28,241,87.39
07 AAA 073,Fiat,Caddy,3,24.59,2024-01-29,170,49.0
07 AAA 073,Fiat,Caddy,3,24.59,2024-01-30,147,32.2
07 AAA 073,Fiat,Caddy,3,24.59,2024-01-31,100,27.88
07 AAA 073,Fiat,Caddy,3,24.59,2024-02-01,124,27.1
07 AAA 073,Fiat,Caddy,3,24.59,2024-02-02,229,68.13
07 AAA 073,Fiat,Caddy,3,24.59,2024-02-03,169,40.58
07 AAA 073,Fiat,Caddy,3,24.59,2024-02-04,217,69.62
07 AAA 073,Fiat,Caddy,3,24.59,2024-02-05,258,71.24
07 AAA 073,Fiat,Caddy,3,24.59,2024-02-06,178,44.96
07 AAA 073,Fiat,Caddy,3,24.59,2024-02-07,264,77.77
07 AAA 073,Fiat,Caddy,3,24.59,2024-02-08,84,30.13
07 AAA 073,Fiat,Caddy,3,24.59,2024-02-09,47,16.9
07 AAA 073,Fiat,Caddy,3,24.59,2024-02-10,64,17.54
07 AAA 073,Fiat,Caddy,3,24.59,2024-02-11,215,55.61
07 AAA 073,Fiat,Caddy,3,24.59,2024-02-12,219,47.79
07 AAA 073,Fiat,Caddy,3,24.59,2024-02-13,119,35.43
07 AAA 073,Fiat,Caddy,3,24.59,2024-02-14,252,82.64
07 AAA 073,Fiat,Caddy,3,24.59,2024-02-15,128,26.81
07 AAA 073,Fiat,Caddy,3,24.59,2024-02-16,135,43.71
07 AAA 073,Fiat,Caddy,3,24.59,2024-02-17,42,10.16
07 AAA 073,Fiat,Caddy,3,24.59,2024-02-18,81,22.34
07 AAA 073,Fiat,Caddy,3,24.59,2024-02-19,283,74.14
07 AAA 073,Fiat,Caddy,3,24.59,2024-02-20,203,55.79
07 AAA 073,Fiat,Caddy,3,24.59,2024-02-21,156,56.01
07 AAA 073,Fiat,Caddy,3,24.59,2024-02-22,41,10.11
07 AAA 073,Fiat,Caddy,3,24.59,2024-02-23,199,53.31
07 AAA 073,Fiat,Caddy,3,24.59,2024-02-24,111,39.97
07 AAA 073,Fiat,Caddy,3,24.59,2024-02-25,198,59.15
07 AAA 073,Fiat,Caddy,3,24.59,2024-02-26,51,13.86
07 AAA 073,Fiat,Caddy,3,24.59,2024-02-27,293,72.08
07 AAA 073,Fiat,Caddy,3,24.59,2024-02-28,79,23.54
07 AAA 073,Fiat,Caddy,3,24.59,2024-02-29,74,19.09
07 AAA 073,Fiat,Caddy,3,24.59,2024-03-01,124,36.36
07 AAA 073,Fiat,Caddy,3,24.59,2024-03-02,142,33.08
07 AAA 073,Fiat,Caddy,3,24.59,2024-03-03,289,85.3
07 AAA 073,Fiat,Caddy,3,24.59,2024-03-04,169,40.04
07 AAA 073,Fiat,Caddy,3,24.59,2024-03-05,203,62.21
07 AAA 073,Fiat,Caddy,3,24.59,2024-03-06,126,44.78
07 AAA 073,Fiat,Caddy,3,24.59,2024-03-07,298,97.42
07 AAA 073,Fiat,Caddy,3,24.59,2024-03-08,62,18.39
07 AAA 073,Fiat,Caddy,3,24.59,2024-03-09,137,35.21
07 AAA 073,Fiat,Caddy,3,24.59,2024-03-10,207,41.14
07 AAA 073,Fiat,Caddy,3,24.59,2024-03-11,44,11.11
07 AAA 073,Fiat,Caddy,3,24.59,2024-03-12,169,41.45
07 AAA 073,Fiat,Caddy,3,24.59,2024-03-13,235,75.93
07 AAA 073,Fiat,Caddy,3,24.59,2024-03-14,186,54.11
07 AAA 073,Fiat,Caddy,3,24.59,2024-03-15,202,72.49
07 AAA 073,Fiat,Caddy,3,24.59,2024-03-16,60,15.8
07 AAA 073,Fiat,Caddy,3,24.59,2024-03-17,290,82.62
07 AAA 073,Fiat,Caddy,3,24.59,2024-03-18,279,73.88
07 AAA 073,Fiat,Caddy,3,24.59,2024-03-19,131,47.18
07 AAA 073,Fiat,Caddy,3,24.59,2024-03-20,213,55.56
07 AAA 073,Fiat,Caddy,3,24.59,2024-03-21,97,31.62
07 AAA 073,Fiat,Caddy,3,24.59,2024-03-22,139,39.78
07 AAA 073,Fiat,Caddy,3,24.59,2024-03-23,143,45.7
07 AAA 073,Fiat,Caddy,3,24.59,2024-03-24,279,73.54
07 AAA 073,Fiat,Caddy,3,24.59,2024-03-25,131,31.32
07 AAA 073,Fiat,Caddy,3,24.59,2024-03-26,230,72.89
07 AAA 073,Fiat,Caddy,3,24.59,2024-03-27,247,49.16
07 AAA 073,Fiat,Caddy,3,24.59,2024-03-28,217,70.38
07 AAA 073,Fiat,Caddy,3,24.59,2024-03-29,43,13.18
07 AAA 073,Fiat,Caddy,3,24.59,2024-03-30,94,29.65
07 AAA 073,Fiat,Caddy,3,24.59,2024-03-31,187,39.52
07 AAA 073,Fiat,Caddy,3,24.59,2024-04-01,109,31.49
07 AAA 073,Fiat,Caddy,3,24.59,2024-04-02,88,18.73
07 AAA 073,Fiat,Caddy,3,24.59,2024-04-03,204,55.01
07 AAA 073,Fiat,Caddy,3,24.59,2024-04-04,66,20.89
07 AAA 073,Fiat,Caddy,3,24.59,2024-04-05,45,10.88
07 AAA 073,Fiat,Caddy,3,24.59,2024-04-06,225,73.1
07 AAA 073,Fiat,Caddy,3,24.59,2024-04-07,49,9.93
07 AAA 073,Fiat,Caddy,3,24.59,2024-04-08,165,38.1
07 AAA 073,Fiat,Caddy,3,24.59,2024-04-09,50,18.17
07 AAA 073,Fiat,Caddy,3,24.59,2024-04-10,201,41.69
07 AAA 073,Fiat,Caddy,3,24.59,2024-04-11,269,94.81
07 AAA 073,Fiat,Caddy,3,24.59,2024-04-12,202,42.55
07 AAA 073,Fiat,Caddy,3,24.59,2024-04-13,291,84.11
07 AAA 073,Fiat,Caddy,3,24.59,2024-04-14,176,38.06
07 AAA 073,Fiat,Caddy,3,24.59,2024-04-15,105,38.65
07 AAA 073,Fiat,Caddy,3,24.59,2024-04-16,231,48.07
07 AAA 073,Fiat,Caddy,3,24.59,2024-04-17,80,26.96
07 AAA 073,Fiat,Caddy,3,24.59,2024-04-18,229,70.33
07 AAA 073,Fiat,Caddy,3,24.59,2024-04-19,206,67.11
07 AAA 073,Fiat,Caddy,3,24.59,2024-04-20,267,69.54
07 AAA 073,Fiat,Caddy,3,24.59,2024-04-21,231,61.81
07 AAA 073,Fiat,Caddy,3,24.59,2024-04-22,69,15.61
07 AAA 073,Fiat,Caddy,3,24.59,2024-04-23,151,46.14
07 AAA 073,Fiat,Caddy,3,24.59,2024-04-24,113,28.81
07 AAA 073,Fiat,Caddy,3,24.59,2024-04-25,164,38.27
07 AAA 073,Fiat,Caddy,3,24.59,2024-04-26,210,70.74
07 AAA 073,Fiat,Caddy,3,24.59,2024-04-27,93,33.47
07 AAA 073,Fiat,Caddy,3,24.59,2024-04-28,272,59.73
07 AAA 073,Fiat,Caddy,3,24.59,2024-04-29,212,75.51
07 AAA 074,Renault,Transit,1,12.66,2024-01-01,286,33.02
07 AAA 074,Renault,Transit,1,12.66,2024-01-02,60,10.08
07 AAA 074,Renault,Transit,1,12.66,2024-01-03,43,7.92
07 AAA 074,Renault,Transit,1,12.66,2024-01-04,62,9.37
07 AAA 074,Renault,Transit,1,12.66,2024-01-05,85,15.68
07 AAA 074,Renault,Transit,1,12.66,2024-01-06,137,16.08
07 AAA 074,Renault,Transit,1,12.66,2024-01-07,272,50.05
07 AAA 074,Renault,Transit,1,12.66,2024-01-08,291,47.93
07 AAA 074,Renault,Transit,1,12.66,2024-01-09,272,50.17
07 AAA 074,Renault,Transit,1,12.66,2024-01-10,105,16.59
07 AAA 074,Renault,Transit,1,12.66,2024-01-11,48,8.49
07 AAA 074,Renault,Transit,1,12.66,2024-01-12,113,18.75
07 AAA 074,Renault,Transit,1,12.66,2024-01-13,262,39.21
07 AAA 074,Renault,Transit,1,12.66,2024-01-14,247,42.43
07 AAA 074,Renault,Transit,1,12.66,2024-01-15,63,7.93
07 AAA 074,Renault,Transit,1,12.66,2024-01-16,233,43.7
07 AAA 074,Renault,Transit,1,12.66,2024-01-17,234,43.85
07 AAA 074,Renault,Transit,1,12.66,2024-01-18,84,13.35
07 AAA 074,Renault,Transit,1,12.66,2024-01-19,200,33.66
07 AAA 074,Renault,Transit,1,12.66,2024-01-20,63,7.01
07 AAA 074,Renault,Transit,1,12.66,2024-01-21,125,15.41
07 AAA 074,Renault,Transit,1,12.66,2024-01-22,78,12.44
07 AAA 074,Renault,Transit,1,12.66,2024-01-23,225,31.43
07 AAA 074,Renault,Transit,1,12.66,2024-01-24,273,28.44
07 AAA 074,Renault,Transit,1,12.66,2024-01-25,88,9.95
07 AAA 074,Renault,Transit,1,12.66,2024-01-26,141,19.73
07 AAA 074,Renault,Transit,1,12.66,2024-01-27,284,36.49
07 AAA 074,Renault,Transit,1,12.66,2024-01-28,288,31.26
07 AAA 074,Renault,Transit,1,12.66,2024-01-29,180,22.22
07 AAA 074,Renault,Transit,1,12.66,2024-01-30,146,23.72
07 AAA 074,Renault,Transit,1,12.66,2024-01-31,165,20.46
07 AAA 074,Renault,Transit,1,12.66,2024-02-01,117,21.34
07 AAA 074,Renault,Transit,1,12.66,2024-02-02,271,31.74
07 AAA 074,Renault,Transit,1,12.66,2024-02-03,249,42.99
07 AAA 074,Renault,Transit,1,12.66,2024-02-04,203,21.18
07 AAA 074,Renault,Transit,1,12.66,2024-02-05,236,43.67
07 AAA 074,Renault,Transit,1,12.66,2024-02-06,142,15.55
07 AAA 074,Renault,Transit,1,12.66,2024-02-07,169,30.59
07 AAA 074,Renault,Transit,1,12.66,2024-02-08,248,43.86
07 AAA 074,Renault,Transit,1,12.66,2024-02-09,258,41.21
07 AAA 074,Renault,Transit,1,12.66,2024-02-10,217,36.61
07 AAA 074,Renault,Transit,1,12.66,2024-02-11,63,11.13
07 AAA 074,Renault,Transit,1,12.66,2024-02-12,129,16.21
07 AAA 074,Renault,Transit,1,12.66,2024-02-13,235,30.45
07 AAA 074,Renault,Transit,1,12.66,2024-02-14,218,22.37
07 AAA 074,Renault,Transit,1,12.66,2024-02-15,112,18.01
07 AAA 074,Renault,Transit,1,12.66,2024-02-16,193,34.57
07 AAA 074,Renault,Transit,1,12.66,2024-02-17,182,22.52
07 AAA 074,Renault,Transit,1,12.66,2024-02-18,226,34.47
07 AAA 074,Renault,Transit,1,12.66,2024-02-19,261,46.07
07 AAA 074,Renault,Transit,1,12.66,2024-02-20,251,30.65
07 AAA 074,Renault,Transit,1,12.66,2024-02-21,90,9.85
07 AAA 074,Renault,Transit,1,12.66,2024-02-22,245,37.25
07 AAA 074,Renault,Transit,1,12.66,2024-02-23,73,9.71
07 AAA 074,Renault,Transit,1,12.66,2024-02-24,109,15.59
07 AAA 074,Renault,Transit,1,12.66,2024-02-25,225,35.16
07 AAA 074,Renault,Transit,1,12.66,2024-02-26,46,8.68
07 AAA 074,Renault,Transit,1,12.66,2024-02-27,83,9.23
07 AAA 074,Renault,Transit,1,12.66,2024-02-28,183,32.55
07 AAA 074,Renault,Transit,1,12.66,2024-02-29,258,47.76
07 AAA 074,Renault,Transit,1,12.66,2024-03-01,229,32.4
07 AAA 074,Renault,Transit,1,12.66,2024-03-02,253,32.0
07 AAA 074,Renault,Transit,1,12.66,2024-03-03,175,26.33
07 AAA 074,Renault,Transit,1,12.66,2024-03-04,49,9.05
07 AAA 074,Renault,Transit,1,12.66,2024-03-05,210,32.57
07 AAA 074,Renault,Transit,1,12.66,2024-03-06,235,38.28
07 AAA 074,Renault,Transit,1,12.66,2024-03-07,242,42.56
07 AAA 074,Renault,Transit,1,12.66,2024-03-08,73,9.65
07 AAA 074,Renault,Transit,1,12.66,2024-03-09,297,39.31
07 AAA 074,Renault,Transit,1,12.66,2024-03-10,106,18.82
07 AAA 074,Renault,Transit,1,12.66,2024-03-11,275,31.27
07 AAA 074,Renault,Transit,1,12.66,2024-03-12,99,16.37
07 AAA 074,Renault,Transit,1,12.66,2024-03-13,142,22.91
07 AAA 074,Renault,Transit,1,12.66,2024-03-14,278,52.58
07 AAA 074,Renault,Transit,1,12.66,2024-03-15,87,15.33
07 AAA 074,Renault,Transit,1,12.66,2024-03-16,132,13.51
07 AAA 074,Renault,Transit,1,12.66,2024-03-17,111,12.27
07 AAA 074,Renault,Transit,1,12.66,2024-03-18,57,8.33
07 AAA 074,Renault,Transit,1,12.66,2024-03-19,227,25.65
07 AAA 074,Renault,Transit,1,12.66,2024-03-20,286,46.61
07 AAA 074,Renault,Transit,1,12.66,2024-03-21,149,17.74
07 AAA 074,Renault,Transit,1,12.66,2024-03-22,40,6.77
07 AAA 074,Renault,Transit,1,12.66,2024-03-23,184,31.67
07 AAA 074,Renault,Transit,1,12.66,2024-03-24,260,46.56
07 AAA 074,Renault,Transit,1,12.66,2024-03-25,114,17.52
07 AAA 074,Renault,Transit,1,12.66,2024-03-26,260,28.35
07 AAA 074,Renault,Transit,1,12.66,2024-03-27,135,13.86
07 AAA 074,Renault,Transit,1,12.66,2024-03-28,281,47.72
07 AAA 074,Renault,Transit,1,12.66,2024-03-29,203,28.95
07 AAA 074,Renault,Transit,1,12.66,2024-03-30,88,15.22
07 AAA 074,Renault,Transit,1,12.66,2024-03-31,120,18.86
07 AAA 074,Renault,Transit,1,12.66,2024-04-01,48,5.92
07 AAA 074,Renault,Transit,1,12.66,2024-04-02,80,12.86
07 AAA 074,Renault,Transit,1,12.66,2024-04-03,263,44.18
07 AAA 074,Renault,Transit,1,12.66,2024-04-04,149,22.28
07 AAA 074,Renault,Transit,1,12.66,2024-04-05,119,14.49
07 AAA 074,Renault,Transit,1,12.66,2024-04-06,121,20.49
07 AAA 074,Renault,Transit,1,12.66,2024-04-07,115,18.83
07 AAA 074,Renault,Transit,1,12.66,2024-04-08,42,7.71
07 AAA 074,Renault,Transit,1,12.66,2024-04-09,273,40.83
07 AAA 074,Renault,Transit,1,12.66,2024-04-10,99,18.53
07 AAA 074,Renault,Transit,1,12.66,2024-04-11,131,19.96
07 AAA 074,Renault,Transit,1,12.66,2024-04-12,127,15.22
07 AAA 074,Renault,Transit,1,12.66,2024-04-13,280,34.18
07 AAA 074,Renault,Transit,1,12.66,2024-04-14,174,31.6
07 AAA 074,Renault,Transit,1,12.66,2024-04-15,205,25.16
07 AAA 074,Renault,Transit,1,12.66,2024-04-16,167,25.37
07 AAA 074,Renault,Transit,1,12.66,2024-04-17,114,18.27
07 AAA 074,Renault,Transit,1,12.66,2024-04-18,155,29.33
07 AAA 074,Renault,Transit,1,12.66,2024-04-19,157,28.94
07 AAA 074,Renault,Transit,1,12.66,2024-04-20,205,35.14
07 AAA 074,Renault,Transit,1,12.66,2024-04-21,271,37.95
07 AAA 074,Renault,Transit,1,12.66,2024-04-22,67,9.34
07 AAA 074,Renault,Transit,1,12.66,2024-04-23,148,26.1
07 AAA 074,Renault,Transit,1,12.66,2024-04-24,247,40.73
07 AAA 074,Renault,Transit,1,12.66,2024-04-25,272,35.86
07 AAA 074,Renault,Transit,1,12.66,2024-04-26,146,18.39
07 AAA 074,Renault,Transit,1,12.66,2024-04-27,295,55.74
07 AAA 074,Renault,Transit,1,12.66,2024-04-28,143,17.53
07 AAA 074,Renault,Transit,1,12.66,2024-04-29,110,16.7
07 AAA 075,Ford,Caddy,3,24.54,2024-01-01,66,20.96
07 AAA 075,Ford,Caddy,3,24.54,2024-01-02,219,77.34
07 AAA 075,Ford,Caddy,3,24.54,2024-01-03,152,54.33
07 AAA 075,Ford,Caddy,3,24.54,2024-01-04,292,99.04
07 AAA 075,Ford,Caddy,3,24.54,2024-01-05,62,17.05
07 AAA 075,Ford,Caddy,3,24.54,2024-01-06,236,49.08
07 AAA 075,Ford,Caddy,3,24.54,2024-01-07,70,18.97
07 AAA 075,Ford,Caddy,3,24.54,2024-01-08,232,79.07
07 AAA 075,Ford,Caddy,3,24.54,2024-01-09,232,46.55
07 AAA 075,Ford,Caddy,3,24.54,2024-01-10,114,33.2
07 AAA 075,Ford,Caddy,3,24.54,2024-01-11,227,58.6
07 AAA 075,Ford,Caddy,3,24.54,2024-01-12,278,56.85
07 AAA 075,Ford,Caddy,3,24.54,2024-01-13,284,66.54
07 AAA 075,Ford,Caddy,3,24.54,2024-01-14,117,37.15
07 AAA 075,Ford,Caddy,3,24.54,2024-01-15,214,44.34
07 AAA 075,Ford,Caddy,3,24.54,2024-01-16,269,95.95
07 AAA 075,Ford,Caddy,3,24.54,2024-01-17,69,24.09
07 AAA 075,Ford,Caddy,3,24.54,2024-01-18,298,81.79
07 AAA 075,Ford,Caddy,3,24.54,2024-01-19,42,14.03
07 AAA 075,Ford,Caddy,3,24.54,2024-01-20,175,62.96
07 AAA 075,Ford,Caddy,3,24.54,2024-01-21,253,75.63
07 AAA 075,Ford,Caddy,3,24.54,2024-01-22,215,66.56
07 AAA 075,Ford,Caddy,3,24.54,2024-01-23,124,27.12
07 AAA 075,Ford,Caddy,3,24.54,2024-01-24,105,26.0
07 AAA 075,Ford,Caddy,3,24.54,2024-01-25,212,48.77
07 AAA 075,Ford,Caddy,3,24.54,2024-01-26,65,14.24
07 AAA 075,Ford,Caddy,3,24.54,2024-01-27,260,88.13
07 AAA 075,Ford,Caddy,3,24.54,2024-01-28,280,94.93
07 AAA 075,Ford,Caddy,3,24.54,2024-01-29,57,14.44
07 AAA 075,Ford,Caddy,3,24.54,2024-01-30,55,16.95
07 AAA 075,Ford,Caddy,3,24.54,2024-01-31,201,51.1
07 AAA 075,Ford,Caddy,3,24.54,2024-02-01,272,95.16
07 AAA 075,Ford,Caddy,3,24.54,2024-02-02,137,42.27
07 AAA 075,Ford,Caddy,3,24.54,2024-02-03,174,42.0
07 AAA 075,Ford,Caddy,3,24.54,2024-02-04,273,84.87
07 AAA 075,Ford,Caddy,3,24.54,2024-02-05,61,21.16
07 AAA 075,Ford,Caddy,3,24.54,2024-02-06,85,21.01
07 AAA 075,Ford,Caddy,3,24.54,2024-02-07,66,19.21
07 AAA 075,Ford,Caddy,3,24.54,2024-02-08,205,71.32
07 AAA 075,Ford,Caddy,3,24.54,2024-02-09,60,16.87
07 AAA 075,Ford,Caddy,3,24.54,2024-02-10,256,64.84
07 AAA 075,Ford,Caddy,3,24.54,2024-02-11,152,51.47
07 AAA 075,Ford,Caddy,3,24.54,2024-02-12,107,23.39
07 AAA 075,Ford,Caddy,3,24.54,2024-02-13,156,34.49
07 AAA 075,Ford,Caddy,3,24.54,2024-02-14,161,31.69
07 AAA 075,Ford,Caddy,3,24.54,2024-02-15,52,12.63
07 AAA 075,Ford,Caddy,3,24.54,2024-02-16,149,50.42
07 AAA 075,Ford,Caddy,3,24.54,2024-02-17,81,29.01
07 AAA 075,Ford,Caddy,3,24.54,2024-02-18,193,67.92
07 AAA 075,Ford,Caddy,3,24.54,2024-02-19,231,54.32
07 AAA 075,Ford,Caddy,3,24.54,2024-02-20,268,74.7
07 AAA 075,Ford,Caddy,3,24.54,2024-02-21,298,82.68
07 AAA 075,Ford,Caddy,3,24.54,2024-02-22,70,15.08
07 AAA 075,Ford,Caddy,3,24.54,2024-02-23,230,77.27
07 AAA 075,Ford,Caddy,3,24.54,2024-02-24,270,73.05
07 AAA 075,Ford,Caddy,3,24.54,2024-02-25,292,64.43
07 AAA 075,Ford,Caddy,3,24.54,2024-02-26,106,24.99
07 AAA 075,Ford,Caddy,3,24.54,2024-02-27,300,91.31
07 AAA 075,Ford,Caddy,3,24.54,2024-02-28,54,16.57
07 AAA 075,Ford,Caddy,3,24.54,2024-02-29,128,42.03
07 AAA 075,Ford,Caddy,3,24.54,2024-03-01,266,77.56
07 AAA 075,Ford,Caddy,3,24.54,2024-03-02,136,47.8
07 AAA 075,Ford,Caddy,3,24.54,2024-03-03,242,70.84
07 AAA 075,Ford,Caddy,3,24.54,2024-03-04,197,46.47
07 AAA 075,Ford,Caddy,3,24.54,2024-03-05,266,88.49
07 AAA 075,Ford,Caddy,3,24.54,2024-03-06,170,42.33
07 AAA 075,Ford,Caddy,3,24.54,2024-03-07,157,57.74
07 AAA 075,Ford,Caddy,3,24.54,2024-03-08,78,21.19
07 AAA 075,Ford,Caddy,3,24.54,2024-03-09,59,18.89
07 AAA 075,Ford,Caddy,3,24.54,2024-03-10,189,62.08
07 AAA 075,Ford,Caddy,3,24.54,2024-03-11,90,30.21
07 AAA 075,Ford,Caddy,3,24.54,2024-03-12,79,20.35
07 AAA 075,Ford,Caddy,3,24.54,2024-03-13,182,47.76
07 AAA 075,Ford,Caddy,3,24.54,2024-03-14,144,52.01
07 AAA 075,Ford,Caddy,3,24.54,2024-03-15,125,33.62
07 AAA 075,Ford,Caddy,3,24.54,2024-03-16,173,60.9
07 AAA 075,Ford,Caddy,3,24.54,2024-03-17,285,67.01
07 AAA 075,Ford,Caddy,3,24.54,2024-03-18,211,70.3
07 AAA 075,Ford,Caddy,3,24.54,2024-03-19,63,14.74
07 AAA 075,Ford,Caddy,3,24.54,2024-03-20,223,77.07
07 AAA 075,Ford,Caddy,3,24.54,2024-03-21,275,85.04
07 AAA 075,Ford,Caddy,3,24.54,2024-03-22,285,58.86
07 AAA 075,Ford,Caddy,3,24.54,2024-03-23,133,28.63
07 AAA 075,Ford,Caddy,3,24.54,2024-03-24,83,26.87
07 AAA 075,Ford,Caddy,3,24.54,2024-03-25,52,16.27
07 AAA 075,Ford,Caddy,3,24.54,2024-03-26,179,44.39
07 AAA 075,Ford,Caddy,3,24.54,2024-03-27,293,94.22
07 AAA 075,Ford,Caddy,3,24.54,2024-03-28,119,35.21
07 AAA 075,Ford,Caddy,3,24.54,2024-03-29,143,52.27
07 AAA 075,Ford,Caddy,3,24.54,2024-03-30,165,56.65
07 AAA 075,Ford,Caddy,3,24.54,2024-03-31,82,21.49
07 AAA 075,Ford,Caddy,3,24.54,2024-04-01,129,26.22
07 AAA 075,Ford,Caddy,3,24.54,2024-04-02,248,87.27
07 AAA 075,Ford,Caddy,3,24.54,2024-04-03,158,47.46
07 AAA 075,Ford,Caddy,3,24.54,2024-04-04,248,56.11
07 AAA 075,Ford,Caddy,3,24.54,2024-04-05,276,91.19
07 AAA 075,Ford,Caddy,3,24.54,2024-04-06,245,54.42
07 AAA 075,Ford,Caddy,3,24.54,2024-04-07,78,20.87
07 AAA 075,Ford,Caddy,3,24.54,2024-04-08,161,39.52
07 AAA 075,Ford,Caddy,3,24.54,2024-04-09,232,47.34
07 AAA 075,Ford,Caddy,3,24.54,2024-04-10,83,30.0
07 AAA 075,Ford,Caddy,3,24.54,2024-04-11,222,75.88
07 AAA 075,Ford,Caddy,3,24.54,2024-04-12,259,76.69
07 AAA 075,Ford,Caddy,3,24.54,2024-04-13,179,41.74
07 AAA 075,Ford,Caddy,3,24.54,2024-04-14,194,54.54
07 AAA 075,Ford,Caddy,3,24.54,2024-04-15,118,24.96
07 AAA 075,Ford,Caddy,3,24.54,2024-04-16,123,27.54
07 AAA 075,Ford,Caddy,3,24.54,2024-04-17,119,32.82
07 AAA 075,Ford,Caddy,3,24.54,2024-04-18,123,33.67
07 AAA 075,Ford,Caddy,3,24.54,2024-04-19,66,23.99
07 AAA 075,Ford,Caddy,3,24.54,2024-04-20,69,20.19
07 AAA 075,Ford,Caddy,3,24.54,2024-04-21,295,96.49
07 AAA 075,Ford,Caddy,3,24.54,2024-04-22,161,51.76
07 AAA 075,Ford,Caddy,3,24.54,2024-04-23,101,34.92
07 AAA 075,Ford,Caddy,3,24.54,2024-04-24,116,32.92
07 AAA 075,Ford,Caddy,3,24.54,2024-04-25,78,17.86
07 AAA 075,Ford,Caddy,3,24.54,2024-04-26,103,27.51
07 AAA 075,Ford,Caddy,3,24.54,2024-04-27,114,35.32
07 AAA 075,Ford,Caddy,3,24.54,2024-04-28,251,57.66
07 AAA 075,Ford,Caddy,3,24.54,2024-04-29,292,79.56
07 AAA 076,Mercedes,Fluence,3,25.94,2024-01-01,207,54.89
07 AAA 076,Mercedes,Fluence,3,25.94,2024-01-02,88,25.72
07 AAA 076,Mercedes,Fluence,3,25.94,2024-01-03,165,63.03
07 AAA 076,Mercedes,Fluence,3,25.94,2024-01-04,178,68.15
07 AAA 076,Mercedes,Fluence,3,25.94,2024-01-05,260,96.98
07 AAA 076,Mercedes,Fluence,3,25.94,2024-01-06,64,19.77
07 AAA 076,Mercedes,Fluence,3,25.94,2024-01-07,223,68.86
07 AAA 076,Mercedes,Fluence,3,25.94,2024-01-08,131,34.01
07 AAA 076,Mercedes,Fluence,3,25.94,2024-01-09,114,31.16
07 AAA 076,Mercedes,Fluence,3,25.94,2024-01-10,211,49.64
07 AAA 076,Mercedes,Fluence,3,25.94,2024-01-11,76,19.18
07 AAA 076,Mercedes,Fluence,3,25.94,2024-01-12,114,26.71
07 AAA 076,Mercedes,Fluence,3,25.94,2024-01-13,190,48.85
07 AAA 076,Mercedes,Fluence,3,25.94,2024-01-14,44,14.73
07 AAA 076,Mercedes,Fluence,3,25.94,2024-01-15,243,51.51
07 AAA 076,Mercedes,Fluence,3,25.94,2024-01-16,121,35.86
07 AAA 076,Mercedes,Fluence,3,25.94,2024-01-17,207,56.85
07 AAA 076,Mercedes,Fluence,3,25.94,2024-01-18,270,66.74
07 AAA 076,Mercedes,Fluence,3,25.94,2024-01-19,225,50.96
07 AAA 076,Mercedes,Fluence,3,25.94,2024-01-20,254,69.67
07 AAA 076,Mercedes,Fluence,3,25.94,2024-01-21,214,64.0
07 AAA 076,Mercedes,Fluence,3,25.94,2024-01-22,248,82.4
07 AAA 076,Mercedes,Fluence,3,25.94,2024-01-23,191,74.26
07 AAA 076,Mercedes,Fluence,3,25.94,2024-01-24,98,21.74
07 AAA 076,Mercedes,Fluence,3,25.94,2024-01-25,176,65.01
07 AAA 076,Mercedes,Fluence,3,25.94,2024-01-26,240,50.69
07 AAA 076,Mercedes,Fluence,3,25.94,2024-01-27,46,16.8
07 AAA 076,Mercedes,Fluence,3,25.94,2024-01-28,222,55.14
07 AAA 076,Mercedes,Fluence,3,25.94,2024-01-29,102,31.78
07 AAA 076,Mercedes,Fluence,3,25.94,2024-01-30,278,92.36
07 AAA 076,Mercedes,Fluence,3,25.94,2024-01-31,74,26.98
07 AAA 076,Mercedes,Fluence,3,25.94,2024-02-01,295,104.77
07 AAA 076,Mercedes,Fluence,3,25.94,2024-02-02,248,94.66
07 AAA 076,Mercedes,Fluence,3,25.94,2024-02-03,118,34.04
07 AAA 076,Mercedes,Fluence,3,25.94,2024-02-04,102,36.7
07 AAA 076,Mercedes,Fluence,3,25.94,2024-02-05,155,44.01
07 AAA 076,Mercedes,Fluence,3,25.94,2024-02-06,224,54.35
07 AAA 076,Mercedes,Fluence,3,25.94,2024-02-07,271,80.42
07 AAA 076,Mercedes,Fluence,3,25.94,2024-02-08,198,61.15
07 AAA 076,Mercedes,Fluence,3,25.94,2024-02-09,139,43.87
07 AAA 076,Mercedes,Fluence,3,25.94,2024-02-10,268,86.06
07 AAA 076,Mercedes,Fluence,3,25.94,2024-02-11,194,62.93
07 AAA 076,Mercedes,Fluence,3,25.94,2024-02-12,240,78.04
07 AAA 076,Mercedes,Fluence,3,25.94,2024-02-13,241,79.68
07 AAA 076,Mercedes,Fluence,3,25.94,2024-02-14,106,31.48
07 AAA 076,Mercedes,Fluence,3,25.94,2024-02-15,214,51.44
07 AAA 076,Mercedes,Fluence,3,25.94,2024-02-16,196,49.18
07 AAA 076,Mercedes,Fluence,3,25.94,2024-02-17,69,14.77
07 AAA 076,Mercedes,Fluence,3,25.94,2024-02-18,75,20.7
07 AAA 076,Mercedes,Fluence,3,25.94,2024-02-19,101,22.26
07 AAA 076,Mercedes,Fluence,3,25.94,2024-02-20,133,49.49
07 AAA 076,Mercedes,Fluence,3,25.94,2024-02-21,68,26.12
07 AAA 076,Mercedes,Fluence,3,25.94,2024-02-22,284,73.47
07 AAA 076,Mercedes,Fluence,3,25.94,2024-02-23,173,40.11
07 AAA 076,Mercedes,Fluence,3,25.94,2024-02-24,85,26.63
07 AAA 076,Mercedes,Fluence,3,25.94,2024-02-25,202,73.21
07 AAA 076,Mercedes,Fluence,3,25.94,2024-02-26,226,62.07
07 AAA 076,Mercedes,Fluence,3,25.94,2024-02-27,63,16.7
07 AAA 076,Mercedes,Fluence,3,25.94,2024-02-28,180,50.26
07 AAA 076,Mercedes,Fluence,3,25.94,2024-02-29,43,13.69
07 AAA 076,Mercedes,Fluence,3,25.94,2024-03-01,211,70.07
07 AAA 076,Mercedes,Fluence,3,25.94,2024-03-02,97,22.67
07 AAA 076,Mercedes,Fluence,3,25.94,2024-03-03,155,37.25
07 AAA 076,Mercedes,Fluence,3,25.94,2024-03-04,256,53.53
07 AAA 076,Mercedes,Fluence,3,25.94,2024-03-05,293,73.54
07 AAA 076,Mercedes,Fluence,3,25.94,2024-03-06,83,18.45
07 AAA 076,Mercedes,Fluence,3,25.94,2024-03-07,236,91.59
07 AAA 076,Mercedes,Fluence,3,25.94,2024-03-08,221,57.09
07 AAA 076,Mercedes,Fluence,3,25.94,2024-03-09,192,69.94
07 AAA 076,Mercedes,Fluence,3,25.94,2024-03-10,143,47.65
07 AAA 076,Mercedes,Fluence,3,25.94,2024-03-11,276,93.51
07 AAA 076,Mercedes,Fluence,3,25.94,2024-03-12,47,15.01
07 AAA 076,Mercedes,Fluence,3,25.94,2024-03-13,171,36.79
07 AAA 076,Mercedes,Fluence,3,25.94,2024-03-14,69,16.95
07 AAA 076,Mercedes,Fluence,3,25.94,2024-03-15,89,33.42
07 AAA 076,Mercedes,Fluence,3,25.94,2024-03-16,137,28.91
07 AAA 076,Mercedes,Fluence,3,25.94,2024-03-17,115,33.16
07 AAA 076,Mercedes,Fluence,3,25.94,2024-03-18,139,52.86
07 AAA 076,Mercedes,Fluence,3,25.94,2024-03-19,48,15.72
07 AAA 076,Mercedes,Fluence,3,25.94,2024-03-20,103,39.07
07 AAA 076,Mercedes,Fluence,3,25.94,2024-03-21,115,37.28
07 AAA 076,Mercedes,Fluence,3,25.94,2024-03-22,120,36.71
07 AAA 076,Mercedes,Fluence,3,25.94,2024-03-23,210,73.11
07 AAA 076,Mercedes,Fluence,3,25.94,2024-03-24,163,47.49
07 AAA 076,Mercedes,Fluence,3,25.94,2024-03-25,192,59.68
07 AAA 076,Mercedes,Fluence,3,25.94,2024-03-26,65,19.72
07 AAA 076,Mercedes,Fluence,3,25.94,2024-03-27,163,37.24
07 AAA 076,Mercedes,Fluence,3,25.94,2024-03-28,166,55.48
07 AAA 076,Mercedes,Fluence,3,25.94,2024-03-29,193,45.03
07 AAA 076,Mercedes,Fluence,3,25.94,2024-03-30,293,109.18
07 AAA 076,Mercedes,Fluence,3,25.94,2024-03-31,187,52.88
07 AAA 076,Mercedes,Fluence,3,25.94,2024-04-01,259,60.6
07 AAA 076,Mercedes,Fluence,3,25.94,2024-04-02,184,66.86
07 AAA 076,Mercedes,Fluence,3,25.94,2024-04-03,155,53.07
07 AAA 076,Mercedes,Fluence,3,25.94,2024-04-04,257,81.01
07 AAA 076,Mercedes,Fluence,3,25.94,2024-04-05,121,38.6
07 AAA 076,Mercedes,Fluence,3,25.94,2024-04-06,87,18.47
07 AAA 076,Mercedes,Fluence,3,25.94,2024-04-07,241,51.93
07 AAA 076,Mercedes,Fluence,3,25.94,2024-04-08,137,40.24
07 AAA 076,Mercedes,Fluence,3,25.94,2024-04-09,94,31.18
07 AAA 076,Mercedes,Fluence,3,25.94,2024-04-10,277,88.66
07 AAA 076,Mercedes,Fluence,3,25.94,2024-04-11,50,11.61
07 AAA 076,Mercedes,Fluence,3,25.94,2024-04-12,85,31.47
07 AAA 076,Mercedes,Fluence,3,25.94,2024-04-13,152,50.87
07 AAA 076,Mercedes,Fluence,3,25.94,2024-04-14,228,75.33
07 AAA 076,Mercedes,Fluence,3,25.94,2024-04-15,43,15.6
07 AAA 076,Mercedes,Fluence,3,25.94,2024-04-16,83,31.69
07 AAA 076,Mercedes,Fluence,3,25.94,2024-04-17,124,39.09
07 AAA 076,Mercedes,Fluence,3,25.94,2024-04-18,226,51.45
07 AAA 076,Mercedes,Fluence,3,25.94,2024-04-19,101,36.97
07 AAA 076,Mercedes,Fluence,3,25.94,2024-04-20,86,18.26
07 AAA 076,Mercedes,Fluence,3,25.94,2024-04-21,211,67.81
07 AAA 076,Mercedes,Fluence,3,25.94,2024-04-22,253,86.9
07 AAA 076,Mercedes,Fluence,3,25.94,2024-04-23,250,60.6
07 AAA 076,Mercedes,Fluence,3,25.94,2024-04-24,284,60.68
07 AAA 076,Mercedes,Fluence,3,25.94,2024-04-25,119,41.39
07 AAA 076,Mercedes,Fluence,3,25.94,2024-04-26,210,47.2
07 AAA 076,Mercedes,Fluence,3,25.94,2024-04-27,273,82.4
07 AAA 076,Mercedes,Fluence,3,25.94,2024-04-28,237,90.32
07 AAA 076,Mercedes,Fluence,3,25.94,2024-04-29,242,60.45
07 AAA 077,Renault,Doblo,3,25.87,2024-01-01,118,37.16
07 AAA 077,Renault,Doblo,3,25.87,2024-01-02,42,13.2
07 AAA 077,Renault,Doblo,3,25.87,2024-01-03,174,53.31
07 AAA 077,Renault,Doblo,3,25.87,2024-01-04,94,23.06
07 AAA 077,Renault,Doblo,3,25.87,2024-01-05,269,71.57
07 AAA 077,Renault,Doblo,3,25.87,2024-01-06,83,29.39
07 AAA 077,Renault,Doblo,3,25.87,2024-01-07,44,15.25
07 AAA 077,Renault,Doblo,3,25.87,2024-01-08,98,29.31
07 AAA 077,Renault,Doblo,3,25.87,2024-01-09,109,35.44
07 AAA 077,Renault,Doblo,3,25.87,2024-01-10,231,82.21
07 AAA 077,Renault,Doblo,3,25.87,2024-01-11,182,40.46
07 AAA 077,Renault,Doblo,3,25.87,2024-01-12,267,58.69
07 AAA 077,Renault,Doblo,3,25.87,2024-01-13,66,21.09
07 AAA 077,Renault,Doblo,3,25.87,2024-01-14,54,16.43
07 AAA 077,Renault,Doblo,3,25.87,2024-01-15,105,26.98
07 AAA 077,Renault,Doblo,3,25.87,2024-01-16,136,31.82
07 AAA 077,Renault,Doblo,3,25.87,2024-01-17,234,89.77
07 AAA 077,Renault,Doblo,3,25.87,2024-01-18,274,77.7
07 AAA 077,Renault,Doblo,3,25.87,2024-01-19,166,36.69
07 AAA 077,Renault,Doblo,3,25.87,2024-01-20,179,66.13
07 AAA 077,Renault,Doblo,3,25.87,2024-01-21,197,62.32
07 AAA 077,Renault,Doblo,3,25.87,2024-01-22,91,27.68
07 AAA 077,Renault,Doblo,3,25.87,2024-01-23,232,50.01
07 AAA 077,Renault,Doblo,3,25.87,2024-01-24,55,16.29
07 AAA 077,Renault,Doblo,3,25.87,2024-01-25,49,16.44
07 AAA 077,Renault,Doblo,3,25.87,2024-01-26,135,43.42
07 AAA 077,Renault,Doblo,3,25.87,2024-01-27,299,87.48
07 AAA 077,Renault,Doblo,3,25.87,2024-01-28,272,71.01
07 AAA 077,Renault,Doblo,3,25.87,2024-01-29,182,58.81
07 AAA 077,Renault,Doblo,3,25.87,2024-01-30,128,35.73
07 AAA 077,Renault,Doblo,3,25.87,2024-01-31,58,21.85
07 AAA 077,Renault,Doblo,3,25.87,2024-02-01,76,21.25
07 AAA 077,Renault,Doblo,3,25.87,2024-02-02,195,58.22
07 AAA 077,Renault,Doblo,3,25.87,2024-02-03,156,42.06
07 AAA 077,Renault,Doblo,3,25.87,2024-02-04,187,40.57
07 AAA 077,Renault,Doblo,3,25.87,2024-02-05,274,90.92
07 AAA 077,Renault,Doblo,3,25.87,2024-02-06,121,38.87
07 AAA 077,Renault,Doblo,3,25.87,2024-02-07,132,47.48
07 AAA 077,Renault,Doblo,3,25.87,2024-02-08,289,97.86
07 AAA 077,Renault,Doblo,3,25.87,2024-02-09,283,95.67
07 AAA 077,Renault,Doblo,3,25.87,2024-02-10,204,48.19
07 AAA 077,Renault,Doblo,3,25.87,2024-02-11,147,32.17
07 AAA 077,Renault,Doblo,3,25.87,2024-02-12,157,44.66
07 AAA 077,Renault,Doblo,3,25.87,2024-02-13,93,35.36
07 AAA 077,Renault,Doblo,3,25.87,2024-02-14,208,70.71
07 AAA 077,Renault,Doblo,3,25.87,2024-02-15,45,16.58
07 AAA 077,Renault,Doblo,3,25.87,2024-02-16,84,22.42
07 AAA 077,Renault,Doblo,3,25.87,2024-02-17,197,59.95
07 AAA 077,Renault,Doblo,3,25.87,2024-02-18,298,76.67
07 AAA 077,Renault,Doblo,3,25.87,2024-02-19,221,55.48
07 AAA 077,Renault,Doblo,3,25.87,2024-02-20,102,36.96
07 AAA 077,Renault,Doblo,3,25.87,2024-02-21,298,105.3
07 AAA 077,Renault,Doblo,3,25.87,2024-02-22,96,36.29
07 AAA 077,Renault,Doblo,3,25.87,2024-02-23,225,78.75
07 AAA 077,Renault,Doblo,3,25.87,2024-02-24,66,23.85
07 AAA 077,Renault,Doblo,3,25.87,2024-02-25,95,27.93
07 AAA 077,Renault,Doblo,3,25.87,2024-02-26,120,26.65
07 AAA 077,Renault,Doblo,3,25.87,2024-02-27,89,26.27
07 AAA 077,Renault,Doblo,3,25.87,2024-02-28,176,67.72
07 AAA 077,Renault,Doblo,3,25.87,2024-02-29,273,59.13
07 AAA 077,Renault,Doblo,3,25.87,2024-03-01,161,33.82
07 AAA 077,Renault,Doblo,3,25.87,2024-03-02,204,44.44
07 AAA 077,Renault,Doblo,3,25.87,2024-03-03,197,75.68
07 AAA 077,Renault,Doblo,3,25.87,2024-03-04,176,47.65
07 AAA 077,Renault,Doblo,3,25.87,2024-03-05,116,39.81
07 AAA 077,Renault,Doblo,3,25.87,2024-03-06,200,74.12
07 AAA 077,Renault,Doblo,3,25.87,2024-03-07,193,64.59
07 AAA 077,Renault,Doblo,3,25.87,2024-03-08,62,15.93
07 AAA 077,Renault,Doblo,3,25.87,2024-03-09,250,73.69
07 AAA 077,Renault,Doblo,3,25.87,2024-03-10,74,22.94
07 AAA 077,Renault,Doblo,3,25.87,2024-03-11,53,12.5
07 AAA 077,Renault,Doblo,3,25.87,2024-03-12,191,64.84
07 AAA 077,Renault,Doblo,3,25.87,2024-03-13,211,54.75
07 AAA 077,Renault,Doblo,3,25.87,2024-03-14,98,37.43
07 AAA 077,Renault,Doblo,3,25.87,2024-03-15,141,37.81
07 AAA 077,Renault,Doblo,3,25.87,2024-03-16,178,43.6
07 AAA 077,Renault,Doblo,3,25.87,2024-03-17,42,12.07
07 AAA 077,Renault,Doblo,3,25.87,2024-03-18,105,37.83
07 AAA 077,Renault,Doblo,3,25.87,2024-03-19,295,71.2
07 AAA 077,Renault,Doblo,3,25.87,2024-03-20,90,33.64
07 AAA 077,Renault,Doblo,3,25.87,2024-03-21,87,24.14
07 AAA 077,Renault,Doblo,3,25.87,2024-03-22,264,72.74
07 AAA 077,Renault,Doblo,3,25.87,2024-03-23,187,49.88
07 AAA 077,Renault,Doblo,3,25.87,2024-03-24,76,16.36
07 AAA 077,Renault,Doblo,3,25.87,2024-03-25,288,96.49
07 AAA 077,Renault,Doblo,3,25.87,2024-03-26,217,62.63
07 AAA 077,Renault,Doblo,3,25.87,2024-03-27,114,34.55
07 AAA 077,Renault,Doblo,3,25.87,2024-03-28,75,22.42
07 AAA 077,Renault,Doblo,3,25.87,2024-03-29,123,28.69
07 AAA 077,Renault,Doblo,3,25.87,2024-03-30,58,14.84
07 AAA 077,Renault,Doblo,3,25.87,2024-03-31,162,62.26
07 AAA 077,Renault,Doblo,3,25.87,2024-04-01,287,73.69
07 AAA 077,Renault,Doblo,3,25.87,2024-04-02,112,35.56
07 AAA 077,Renault,Doblo,3,25.87,2024-04-03,58,14.53
07 AAA 077,Renault,Doblo,3,25.87,2024-04-04,78,17.24
07 AAA 077,Renault,Doblo,3,25.87,2024-04-05,101,38.43
07 AAA 077,Renault,Doblo,3,25.87,2024-04-06,253,72.12
07 AAA 077,Renault,Doblo,3,25.87,2024-04-07,120,36.73
07 AAA 077,Renault,Doblo,3,25.87,2024-04-08,49,14.12
07 AAA 077,Renault,Doblo,3,25.87,2024-04-09,143,30.8
07 AAA 077,Renault,Doblo,3,25.87,2024-04-10,204,66.84
07 AAA 077,Renault,Doblo,3,25.87,2024-04-11,100,34.84
07 AAA 077,Renault,Doblo,3,25.87,2024-04-12,130,37.72
07 AAA 077,Renault,Doblo,3,25.87,2024-04-13,241,57.57
07 AAA 077,Renault,Doblo,3,25.87,2024-04-14,130,45.42
07 AAA 077,Renault,Doblo,3,25.87,2024-04-15,171,57.52
07 AAA 077,Renault,Doblo,3,25.87,2024-04-16,270,61.98
07 AAA 077,Renault,Doblo,3,25.87,2024-04-17,151,39.28
07 AAA 077,Renault,Doblo,3,25.87,2024-04-18,284,79.81
07 AAA 077,Renault,Doblo,3,25.87,2024-04-19,181,60.61
07 AAA 077,Renault,Doblo,3,25.87,2024-04-20,284,80.69
07 AAA 077,Renault,Doblo,3,25.87,2024-04-21,235,86.33
07 AAA 077,Renault,Doblo,3,25.87,2024-04-22,174,57.54
07 AAA 077,Renault,Doblo,3,25.87,2024-04-23,207,49.61
07 AAA 077,Renault,Doblo,3,25.87,2024-04-24,201,67.13
07 AAA 077,Renault,Doblo,3,25.87,2024-04-25,159,49.11
07 AAA 077,Renault,Doblo,3,25.87,2024-04-26,219,50.64
07 AAA 077,Renault,Doblo,3,25.87,2024-04-27,227,86.55
07 AAA 077,Renault,Doblo,3,25.87,2024-04-28,121,46.68
07 AAA 077,Renault,Doblo,3,25.87,2024-04-29,150,40.41
07 AAA 078,Peugeot,Fluence,2,9.56,2024-01-01,117,13.01
07 AAA 078,Peugeot,Fluence,2,9.56,2024-01-02,169,16.61
07 AAA 078,Peugeot,Fluence,2,9.56,2024-01-03,111,14.24
07 AAA 078,Peugeot,Fluence,2,9.56,2024-01-04,138,13.06
07 AAA 078,Peugeot,Fluence,2,9.56,2024-01-05,225,23.73
07 AAA 078,Peugeot,Fluence,2,9.56,2024-01-06,65,8.71
07 AAA 078,Peugeot,Fluence,2,9.56,2024-01-07,91,11.37
07 AAA 078,Peugeot,Fluence,2,9.56,2024-01-08,51,6.23
07 AAA 078,Peugeot,Fluence,2,9.56,2024-01-09,278,37.08
07 AAA 078,Peugeot,Fluence,2,9.56,2024-01-10,146,15.86
07 AAA 078,Peugeot,Fluence,2,9.56,2024-01-11,237,27.74
07 AAA 078,Peugeot,Fluence,2,9.56,2024-01-12,103,14.41
07 AAA 078,Peugeot,Fluence,2,9.56,2024-01-13,160,18.35
07 AAA 078,Peugeot,Fluence,2,9.56,2024-01-14,166,19.29
07 AAA 078,Peugeot,Fluence,2,9.56,2024-01-15,84,8.57
07 AAA 078,Peugeot,Fluence,2,9.56,2024-01-16,262,25.9
07 AAA 078,Peugeot,Fluence,2,9.56,2024-01-17,117,14.24
07 AAA 078,Peugeot,Fluence,2,9.56,2024-01-18,59,5.35
07 AAA 078,Peugeot,Fluence,2,9.56,2024-01-19,299,28.06
07 AAA 078,Peugeot,Fluence,2,9.56,2024-01-20,63,7.78
07 AAA 078,Peugeot,Fluence,2,9.56,2024-01-21,164,18.6
07 AAA 078,Peugeot,Fluence,2,9.56,2024-01-22,85,11.04
07 AAA 078,Peugeot,Fluence,2,9.56,2024-01-23,214,21.05
07 AAA 078,Peugeot,Fluence,2,9.56,2024-01-24,244,28.42
07 AAA 078,Peugeot,Fluence,2,9.56,2024-01-25,233,27.86
07 AAA 078,Peugeot,Fluence,2,9.56,2024-01-26,104,13.72
07 AAA 078,Peugeot,Fluence,2,9.56,2024-01-27,105,14.71
07 AAA 078,Peugeot,Fluence,2,9.56,2024-01-28,167,13.25
07 AAA 078,Peugeot,Fluence,2,9.56,2024-01-29,299,24.99
07 AAA 078,Peugeot,Fluence,2,9.56,2024-01-30,155,14.13
07 AAA 078,Peugeot,Fluence,2,9.56,2024-01-31,193,25.1
07 AAA 078,Peugeot,Fluence,2,9.56,2024-02-01,134,11.97
07 AAA 078,Peugeot,Fluence,2,9.56,2024-02-02,277,29.2
07 AAA 078,Peugeot,Fluence,2,9.56,2024-02-03,249,23.98
07 AAA 078,Peugeot,Fluence,2,9.56,2024-02-04,200,24.01
07 AAA 078,Peugeot,Fluence,2,9.56,2024-02-05,156,21.34
07 AAA 078,Peugeot,Fluence,2,9.56,2024-02-06,271,22.63
07 AAA 078,Peugeot,Fluence,2,9.56,2024-02-07,198,16.9
07 AAA 078,Peugeot,Fluence,2,9.56,2024-02-08,203,24.29
07 AAA 078,Peugeot,Fluence,2,9.56,2024-02-09,281,22.5
07 AAA 078,Peugeot,Fluence,2,9.56,2024-02-10,261,34.55
07 AAA 078,Peugeot,Fluence,2,9.56,2024-02-11,256,30.57
07 AAA 078,Peugeot,Fluence,2,9.56,2024-02-12,133,16.84
07 AAA 078,Peugeot,Fluence,2,9.56,2024-02-13,225,26.85
07 AAA 078,Peugeot,Fluence,2,9.56,2024-02-14,77,7.69
07 AAA 078,Peugeot,Fluence,2,9.56,2024-02-15,51,5.57
07 AAA 078,Peugeot,Fluence,2,9.56,2024-02-16,51,5.87
07 AAA 078,Peugeot,Fluence,2,9.56,2024-02-17,166,14.72
07 AAA 078,Peugeot,Fluence,2,9.56,2024-02-18,252,34.86
07 AAA 078,Peugeot,Fluence,2,9.56,2024-02-19,127,10.42
07 AAA 078,Peugeot,Fluence,2,9.56,2024-02-20,114,11.98
07 AAA 078,Peugeot,Fluence,2,9.56,2024-02-21,207,19.52
07 AAA 078,Peugeot,Fluence,2,9.56,2024-02-22,76,9.15
07 AAA 078,Peugeot,Fluence,2,9.56,2024-02-23,218,17.22
07 AAA 078,Peugeot,Fluence,2,9.56,2024-02-24,183,25.95
07 AAA 078,Peugeot,Fluence,2,9.56,2024-02-25,169,19.68
07 AAA 078,Peugeot,Fluence,2,9.56,2024-02-26,187,22.67
07 AAA 078,Peugeot,Fluence,2,9.56,2024-02-27,77,7.27
07 AAA 078,Peugeot,Fluence,2,9.56,2024-02-28,280,21.99
07 AAA 078,Peugeot,Fluence,2,9.56,2024-02-29,244,29.52
07 AAA 078,Peugeot,Fluence,2,9.56,2024-03-01,173,21.12
07 AAA 078,Peugeot,Fluence,2,9.56,2024-03-02,219,30.05
07 AAA 078,Peugeot,Fluence,2,9.56,2024-03-03,228,25.37
07 AAA 078,Peugeot,Fluence,2,9.56,2024-03-04,149,21.0
07 AAA 078,Peugeot,Fluence,2,9.56,2024-03-05,229,21.88
07 AAA 078,Peugeot,Fluence,2,9.56,2024-03-06,150,21.12
07 AAA 078,Peugeot,Fluence,2,9.56,2024-03-07,272,26.4
07 AAA 078,Peugeot,Fluence,2,9.56,2024-03-08,158,13.81
07 AAA 078,Peugeot,Fluence,2,9.56,2024-03-09,148,20.58
07 AAA 078,Peugeot,Fluence,2,9.56,2024-03-10,246,29.83
07 AAA 078,Peugeot,Fluence,2,9.56,2024-03-11,225,27.9
07 AAA 078,Peugeot,Fluence,2,9.56,2024-03-12,102,11.15
07 AAA 078,Peugeot,Fluence,2,9.56,2024-03-13,109,13.25
07 AAA 078,Peugeot,Fluence,2,9.56,2024-03-14,118,10.32
07 AAA 078,Peugeot,Fluence,2,9.56,2024-03-15,94,7.75
07 AAA 078,Peugeot,Fluence,2,9.56,2024-03-16,174,18.19
07 AAA 078,Peugeot,Fluence,2,9.56,2024-03-17,41,5.87
07 AAA 078,Peugeot,Fluence,2,9.56,2024-03-18,229,21.1
07 AAA 078,Peugeot,Fluence,2,9.56,2024-03-19,244,24.66
07 AAA 078,Peugeot,Fluence,2,9.56,2024-03-20,255,20.79
07 AAA 078,Peugeot,Fluence,2,9.56,2024-03-21,272,28.09
07 AAA 078,Peugeot,Fluence,2,9.56,2024-03-22,96,11.83
07 AAA 078,Peugeot,Fluence,2,9.56,2024-03-23,106,10.92
07 AAA 078,Peugeot,Fluence,2,9.56,2024-03-24,90,7.6
07 AAA 078,Peugeot,Fluence,2,9.56,2024-03-25,221,23.12
07 AAA 078,Peugeot,Fluence,2,9.56,2024-03-26,54,5.75
07 AAA 078,Peugeot,Fluence,2,9.56,2024-03-27,243,22.86
07 AAA 078,Peugeot,Fluence,2,9.56,2024-03-28,165,13.17
07 AAA 078,Peugeot,Fluence,2,9.56,2024-03-29,240,27.02
07 AAA 078,Peugeot,Fluence,2,9.56,2024-03-30,181,20.26
07 AAA 078,Peugeot,Fluence,2,9.56,2024-03-31,230,22.76
07 AAA 078,Peugeot,Fluence,2,9.56,2024-04-01,56,4.84
07 AAA 078,Peugeot,Fluence,2,9.56,2024-04-02,243,32.02
07 AAA 078,Peugeot,Fluence,2,9.56,2024-04-03,277,33.92
07 AAA 078,Peugeot,Fluence,2,9.56,2024-04-04,70,6.42
07 AAA 078,Peugeot,Fluence,2,9.56,2024-04-05,60,8.3
07 AAA 078,Peugeot,Fluence,2,9.56,2024-04-06,71,6.59
07 AAA 078,Peugeot,Fluence,2,9.56,2024-04-07,113,15.7
07 AAA 078,Peugeot,Fluence,2,9.56,2024-04-08,275,23.09
07 AAA 078,Peugeot,Fluence,2,9.56,2024-04-09,145,11.41
07 AAA 078,Peugeot,Fluence,2,9.56,2024-04-10,137,15.68
07 AAA 078,Peugeot,Fluence,2,9.56,2024-04-11,54,6.95
07 AAA 078,Peugeot,Fluence,2,9.56,2024-04-12,85,9.34
07 AAA 078,Peugeot,Fluence,2,9.56,2024-04-13,142,14.77
07 AAA 078,Peugeot,Fluence,2,9.56,2024-04-14,268,27.43
07 AAA 078,Peugeot,Fluence,2,9.56,2024-04-15,62,8.09
07 AAA 078,Peugeot,Fluence,2,9.56,2024-04-16,289,38.88
07 AAA 078,Peugeot,Fluence,2,9.56,2024-04-17,121,16.75
07 AAA 078,Peugeot,Fluence,2,9.56,2024-04-18,199,16.5
07 AAA 078,Peugeot,Fluence,2,9.56,2024-04-19,53,6.66
07 AAA 078,Peugeot,Fluence,2,9.56,2024-04-20,86,11.75
07 AAA 078,Peugeot,Fluence,2,9.56,2024-04-21,166,20.07
07 AAA 078,Peugeot,Fluence,2,9.56,2024-04-22,115,9.71
07 AAA 078,Peugeot,Fluence,2,9.56,2024-04-23,229,27.07
07 AAA 078,Peugeot,Fluence,2,9.56,2024-04-24,103,8.47
07 AAA 078,Peugeot,Fluence,2,9.56,2024-04-25,192,16.53
07 AAA 078,Peugeot,Fluence,2,9.56,2024-04-26,174,19.17
07 AAA 078,Peugeot,Fluence,2,9.56,2024-04-27,187,23.17
07 AAA 078,Peugeot,Fluence,2,9.56,2024-04-28,40,5.53
07 AAA 078,Peugeot,Fluence,2,9.56,2024-04-29,259,32.75
07 AAA 079,Peugeot,Fluence,4,7.76,2024-01-01,245,21.56
07 AAA 079,Peugeot,Fluence,4,7.76,2024-01-02,268,26.12
07 AAA 079,Peugeot,Fluence,4,7.76,2024-01-03,147,16.8
07 AAA 079,Peugeot,Fluence,4,7.76,2024-01-04,52,6.01
07 AAA 079,Peugeot,Fluence,4,7.76,2024-01-05,236,27.18
07 AAA 079,Peugeot,Fluence,4,7.76,2024-01-06,219,18.47
07 AAA 079,Peugeot,Fluence,4,7.76,2024-01-07,47,3.5
07 AAA 079,Peugeot,Fluence,4,7.76,2024-01-08,200,18.51
07 AAA 079,Peugeot,Fluence,4,7.76,2024-01-09,263,23.22
07 AAA 079,Peugeot,Fluence,4,7.76,2024-01-10,86,8.83
07 AAA 079,Peugeot,Fluence,4,7.76,2024-01-11,170,12.71
07 AAA 079,Peugeot,Fluence,4,7.76,2024-01-12,44,2.81
07 AAA 079,Peugeot,Fluence,4,7.76,2024-01-13,189,15.64
07 AAA 079,Peugeot,Fluence,4,7.76,2024-01-14,81,5.76
07 AAA 079,Peugeot,Fluence,4,7.76,2024-01-15,55,4.9
07 AAA 079,Peugeot,Fluence,4,7.76,2024-01-16,88,6.65
07 AAA 079,Peugeot,Fluence,4,7.76,2024-01-17,185,15.07
07 AAA 079,Peugeot,Fluence,4,7.76,2024-01-18,178,20.05
07 AAA 079,Peugeot,Fluence,4,7.76,2024-01-19,197,21.93
07 AAA 079,Peugeot,Fluence,4,7.76,2024-01-20,182,18.58
07 AAA 079,Peugeot,Fluence,4,7.76,2024-01-21,93,6.42
07 AAA 079,Peugeot,Fluence,4,7.76,2024-01-22,122,7.83
07 AAA 079,Peugeot,Fluence,4,7.76,2024-01-23,250,28.41
07 AAA 079,Peugeot,Fluence,4,7.76,2024-01-24,91,5.65
07 AAA 079,Peugeot,Fluence,4,7.76,2024-01-25,268,28.23
07 AAA 079,Peugeot,Fluence,4,7.76,2024-01-26,267,17.35
07 AAA 079,Peugeot,Fluence,4,7.76,2024-01-27,292,24.51
07 AAA 079,Peugeot,Fluence,4,7.76,2024-01-28,202,21.49
07 AAA 079,Peugeot,Fluence,4,7.76,2024-01-29,74,7.66
07 AAA 079,Peugeot,Fluence,4,7.76,2024-01-30,49,3.95
07 AAA 079,Peugeot,Fluence,4,7.76,2024-01-31,62,5.5
07 AAA 079,Peugeot,Fluence,4,7.76,2024-02-01,109,10.69
07 AAA 079,Peugeot,Fluence,4,7.76,2024-02-02,149,15.89
07 AAA 079,Peugeot,Fluence,4,7.76,2024-02-03,85,5.77
07 AAA 079,Peugeot,Fluence,4,7.76,2024-02-04,214,20.19
07 AAA 079,Peugeot,Fluence,4,7.76,2024-02-05,170,14.03
07 AAA 079,Peugeot,Fluence,4,7.76,2024-02-06,277,18.29
07 AAA 079,Peugeot,Fluence,4,7.76,2024-02-07,45,3.31
07 AAA 079,Peugeot,Fluence,4,7.76,2024-02-08,211,14.48
07 AAA 079,Peugeot,Fluence,4,7.76,2024-02-09,78,7.67
07 AAA 079,Peugeot,Fluence,4,7.76,2024-02-10,265,16.94
07 AAA 079,Peugeot,Fluence,4,7.76,2024-02-11,71,4.48
07 AAA 079,Peugeot,Fluence,4,7.76,2024-02-12,158,12.96
07 AAA 079,Peugeot,Fluence,4,7.76,2024-02-13,192,20.92
07 AAA 079,Peugeot,Fluence,4,7.76,2024-02-14,83,6.63
07 AAA 079,Peugeot,Fluence,4,7.76,2024-02-15,180,18.46
07 AAA 079,Peugeot,Fluence,4,7.76,2024-02-16,196,15.35
07 AAA 079,Peugeot,Fluence,4,7.76,2024-02-17,273,23.7
07 AAA 079,Peugeot,Fluence,4,7.76,2024-02-18,196,14.93
07 AAA 079,Peugeot,Fluence,4,7.76,2024-02-19,192,15.23
07 AAA 079,Peugeot,Fluence,4,7.76,2024-02-20,152,13.87
07 AAA 079,Peugeot,Fluence,4,7.76,2024-02-21,163,17.63
07 AAA 079,Peugeot,Fluence,4,7.76,2024-02-22,84,5.91
07 AAA 079,Peugeot,Fluence,4,7.76,2024-02-23,145,9.08
07 AAA 079,Peugeot,Fluence,4,7.76,2024-02-24,118,12.95
07 AAA 079,Peugeot,Fluence,4,7.76,2024-02-25,249,27.52
07 AAA 079,Peugeot,Fluence,4,7.76,2024-02-26,300,22.44
07 AAA 079,Peugeot,Fluence,4,7.76,2024-02-27,196,16.78
07 AAA 079,Peugeot,Fluence,4,7.76,2024-02-28,161,10.3
07 AAA 079,Peugeot,Fluence,4,7.76,2024-02-29,117,9.8
07 AAA 079,Peugeot,Fluence,4,7.76,2024-03-01,63,5.96
07 AAA 079,Peugeot,Fluence,4,7.76,2024-03-02,277,32.21
07 AAA 079,Peugeot,Fluence,4,7.76,2024-03-03,180,11.42
07 AAA 079,Peugeot,Fluence,4,7.76,2024-03-04,213,24.37
07 AAA 079,Peugeot,Fluence,4,7.76,2024-03-05,149,13.09
07 AAA 079,Peugeot,Fluence,4,7.76,2024-03-06,43,4.58
07 AAA 079,Peugeot,Fluence,4,7.76,2024-03-07,97,10.84
07 AAA 079,Peugeot,Fluence,4,7.76,2024-03-08,201,14.67
07 AAA 079,Peugeot,Fluence,4,7.76,2024-03-09,255,23.74
07 AAA 079,Peugeot,Fluence,4,7.76,2024-03-10,180,15.58
07 AAA 079,Peugeot,Fluence,4,7.76,2024-03-11,214,13.54
07 AAA 079,Peugeot,Fluence,4,7.76,2024-03-12,104,9.72
07 AAA 079,Peugeot,Fluence,4,7.76,2024-03-13,269,20.62
07 AAA 079,Peugeot,Fluence,4,7.76,2024-03-14,219,19.36
07 AAA 079,Peugeot,Fluence,4,7.76,2024-03-15,202,15.46
07 AAA 079,Peugeot,Fluence,4,7.76,2024-03-16,169,12.54
07 AAA 079,Peugeot,Fluence,4,7.76,2024-03-17,145,12.17
07 AAA 079,Peugeot,Fluence,4,7.76,2024-03-18,168,19.04
07 AAA 079,Peugeot,Fluence,4,7.76,2024-03-19,124,12.16
07 AAA 079,Peugeot,Fluence,4,7.76,2024-03-20,194,22.27
07 AAA 079,Peugeot,Fluence,4,7.76,2024-03-21,106,6.6
07 AAA 079,Peugeot,Fluence,4,7.76,2024-03-22,41,4.62
07 AAA 079,Peugeot,Fluence,4,7.76,2024-03-23,54,5.54
07 AAA 079,Peugeot,Fluence,4,7.76,2024-03-24,54,5.93
07 AAA 079,Peugeot,Fluence,4,7.76,2024-03-25,198,13.92
07 AAA 079,Peugeot,Fluence,4,7.76,2024-03-26,46,3.94
07 AAA 079,Peugeot,Fluence,4,7.76,2024-03-27,123,7.87
07 AAA 079,Peugeot,Fluence,4,7.76,2024-03-28,80,5.47
07 AAA 079,Peugeot,Fluence,4,7.76,2024-03-29,195,18.28
07 AAA 079,Peugeot,Fluence,4,7.76,2024-03-30,187,12.27
07 AAA 079,Peugeot,Fluence,4,7.76,2024-03-31,98,7.34
07 AAA 079,Peugeot,Fluence,4,7.76,2024-04-01,290,33.17
07 AAA 079,Peugeot,Fluence,4,7.76,2024-04-02,222,23.78
07 AAA 079,Peugeot,Fluence,4,7.76,2024-04-03,255,20.69
07 AAA 079,Peugeot,Fluence,4,7.76,2024-04-04,95,7.88
07 AAA 079,Peugeot,Fluence,4,7.76,2024-04-05,276,17.41
07 AAA 079,Peugeot,Fluence,4,7.76,2024-04-06,201,17.08
07 AAA 079,Peugeot,Fluence,4,7.76,2024-04-07,230,20.55
07 AAA 079,Peugeot,Fluence,4,7.76,2024-04-08,125,9.93
07 AAA 079,Peugeot,Fluence,4,7.76,2024-04-09,111,8.37
07 AAA 079,Peugeot,Fluence,4,7.76,2024-04-10,245,20.17
07 AAA 079,Peugeot,Fluence,4,7.76,2024-04-11,51,4.65
07 AAA 079,Peugeot,Fluence,4,7.76,2024-04-12,43,4.07
07 AAA 079,Peugeot,Fluence,4,7.76,2024-04-13,170,12.25
07 AAA 079,Peugeot,Fluence,4,7.76,2024-04-14,280,26.25
07 AAA 079,Peugeot,Fluence,4,7.76,2024-04-15,293,22.06
07 AAA 079,Peugeot,Fluence,4,7.76,2024-04-16,233,18.71
07 AAA 079,Peugeot,Fluence,4,7.76,2024-04-17,180,16.59
07 AAA 079,Peugeot,Fluence,4,7.76,2024-04-18,139,13.26
07 AAA 079,Peugeot,Fluence,4,7.76,2024-04-19,143,14.71
07 AAA 079,Peugeot,Fluence,4,7.76,2024-04-20,300,22.35
07 AAA 079,Peugeot,Fluence,4,7.76,2024-04-21,175,10.96
07 AAA 079,Peugeot,Fluence,4,7.76,2024-04-22,184,20.33
07 AAA 079,Peugeot,Fluence,4,7.76,2024-04-23,100,6.6
07 AAA 079,Peugeot,Fluence,4,7.76,2024-04-24,176,16.53
07 AAA 079,Peugeot,Fluence,4,7.76,2024-04-25,132,10.16
07 AAA 079,Peugeot,Fluence,4,7.76,2024-04-26,284,17.76
07 AAA 079,Peugeot,Fluence,4,7.76,2024-04-27,161,13.63
07 AAA 079,Peugeot,Fluence,4,7.76,2024-04-28,230,17.87
07 AAA 079,Peugeot,Fluence,4,7.76,2024-04-29,156,15.02
07 AAA 080,Ford,Doblo,1,12.15,2024-01-01,207,25.97
07 AAA 080,Ford,Doblo,1,12.15,2024-01-02,98,16.04
07 AAA 080,Ford,Doblo,1,12.15,2024-01-03,202,21.53
07 AAA 080,Ford,Doblo,1,12.15,2024-01-04,73,12.97
07 AAA 080,Ford,Doblo,1,12.15,2024-01-05,245,31.73
07 AAA 080,Ford,Doblo,1,12.15,2024-01-06,184,30.03
07 AAA 080,Ford,Doblo,1,12.15,2024-01-07,98,10.25
07 AAA 080,Ford,Doblo,1,12.15,2024-01-08,287,41.45
07 AAA 080,Ford,Doblo,1,12.15,2024-01-09,258,34.01
07 AAA 080,Ford,Doblo,1,12.15,2024-01-10,276,44.32
07 AAA 080,Ford,Doblo,1,12.15,2024-01-11,207,35.94
07 AAA 080,Ford,Doblo,1,12.15,2024-01-12,116,14.51
07 AAA 080,Ford,Doblo,1,12.15,2024-01-13,198,25.11
07 AAA 080,Ford,Doblo,1,12.15,2024-01-14,148,22.15
07 AAA 080,Ford,Doblo,1,12.15,2024-01-15,82,11.86
07 AAA 080,Ford,Doblo,1,12.15,2024-01-16,286,33.91
07 AAA 080,Ford,Doblo,1,12.15,2024-01-17,179,25.16
07 AAA 080,Ford,Doblo,1,12.15,2024-01-18,88,11.35
07 AAA 080,Ford,Doblo,1,12.15,2024-01-19,79,11.58
07 AAA 080,Ford,Doblo,1,12.15,2024-01-20,204,35.73
07 AAA 080,Ford,Doblo,1,12.15,2024-01-21,180,23.08
07 AAA 080,Ford,Doblo,1,12.15,2024-01-22,68,9.07
07 AAA 080,Ford,Doblo,1,12.15,2024-01-23,245,30.9
07 AAA 080,Ford,Doblo,1,12.15,2024-01-24,57,10.08
07 AAA 080,Ford,Doblo,1,12.15,2024-01-25,273,42.2
07 AAA 080,Ford,Doblo,1,12.15,2024-01-26,69,11.89
07 AAA 080,Ford,Doblo,1,12.15,2024-01-27,271,49.06
07 AAA 080,Ford,Doblo,1,12.15,2024-01-28,41,5.01
07 AAA 080,Ford,Doblo,1,12.15,2024-01-29,160,23.74
07 AAA 080,Ford,Doblo,1,12.15,2024-01-30,201,26.5
07 AAA 080,Ford,Doblo,1,12.15,2024-01-31,160,20.5
07 AAA 080,Ford,Doblo,1,12.15,2024-02-01,123,15.43
07 AAA 080,Ford,Doblo,1,12.15,2024-02-02,263,31.31
07 AAA 080,Ford,Doblo,1,12.15,2024-02-03,77,10.98
07 AAA 080,Ford,Doblo,1,12.15,2024-02-04,159,19.08
07 AAA 080,Ford,Doblo,1,12.15,2024-02-05,206,33.63
07 AAA 080,Ford,Doblo,1,12.15,2024-02-06,264,43.01
07 AAA 080,Ford,Doblo,1,12.15,2024-02-07,199,22.13
07 AAA 080,Ford,Doblo,1,12.15,2024-02-08,105,14.15
07 AAA 080,Ford,Doblo,1,12.15,2024-02-09,92,10.71
07 AAA 080,Ford,Doblo,1,12.15,2024-02-10,46,7.31
07 AAA 080,Ford,Doblo,1,12.15,2024-02-11,102,16.25
07 AAA 080,Ford,Doblo,1,12.15,2024-02-12,213,36.62
07 AAA 080,Ford,Doblo,1,12.15,2024-02-13,280,29.61
07 AAA 080,Ford,Doblo,1,12.15,2024-02-14,169,20.84
07 AAA 080,Ford,Doblo,1,12.15,2024-02-15,145,17.36
07 AAA 080,Ford,Doblo,1,12.15,2024-02-16,120,21.12
07 AAA 080,Ford,Doblo,1,12.15,2024-02-17,201,23.2
07 AAA 080,Ford,Doblo,1,12.15,2024-02-18,236,36.02
07 AAA 080,Ford,Doblo,1,12.15,2024-02-19,260,46.57
07 AAA 080,Ford,Doblo,1,12.15,2024-02-20,112,19.91
07 AAA 080,Ford,Doblo,1,12.15,2024-02-21,143,15.88
07 AAA 080,Ford,Doblo,1,12.15,2024-02-22,147,17.13
07 AAA 080,Ford,Doblo,1,12.15,2024-02-23,154,16.75
07 AAA 080,Ford,Doblo,1,12.15,2024-02-24,52,5.2
07 AAA 080,Ford,Doblo,1,12.15,2024-02-25,134,20.2
07 AAA 080,Ford,Doblo,1,12.15,2024-02-26,69,8.4
07 AAA 080,Ford,Doblo,1,12.15,2024-02-27,44,4.77
07 AAA 080,Ford,Doblo,1,12.15,2024-02-28,298,33.58
07 AAA 080,Ford,Doblo,1,12.15,2024-02-29,94,11.87
07 AAA 080,Ford,Doblo,1,12.15,2024-03-01,90,11.21
07 AAA 080,Ford,Doblo,1,12.15,2024-03-02,94,15.72
07 AAA 080,Ford,Doblo,1,12.15,2024-03-03,94,15.24
07 AAA 080,Ford,Doblo,1,12.15,2024-03-04,264,34.0
07 AAA 080,Ford,Doblo,1,12.15,2024-03-05,206,31.19
07 AAA 080,Ford,Doblo,1,12.15,2024-03-06,109,15.47
07 AAA 080,Ford,Doblo,1,12.15,2024-03-07,253,41.4
07 AAA 080,Ford,Doblo,1,12.15,2024-03-08,207,22.0
07 AAA 080,Ford,Doblo,1,12.15,2024-03-09,53,7.35
07 AAA 080,Ford,Doblo,1,12.15,2024-03-10,123,12.5
07 AAA 080,Ford,Doblo,1,12.15,2024-03-11,123,20.87
07 AAA 080,Ford,Doblo,1,12.15,2024-03-12,43,4.39
07 AAA 080,Ford,Doblo,1,12.15,2024-03-13,60,9.52
07 AAA 080,Ford,Doblo,1,12.15,2024-03-14,178,25.49
07 AAA 080,Ford,Doblo,1,12.15,2024-03-15,98,13.93
07 AAA 080,Ford,Doblo,1,12.15,2024-03-16,111,12.87
07 AAA 080,Ford,Doblo,1,12.15,2024-03-17,50,8.24
07 AAA 080,Ford,Doblo,1,12.15,2024-03-18,257,38.11
07 AAA 080,Ford,Doblo,1,12.15,2024-03-19,142,15.34
07 AAA 080,Ford,Doblo,1,12.15,2024-03-20,122,17.43
07 AAA 080,Ford,Doblo,1,12.15,2024-03-21,266,42.61
07 AAA 080,Ford,Doblo,1,12.15,2024-03-22,251,36.74
07 AAA 080,Ford,Doblo,1,12.15,2024-03-23,41,4.91
07 AAA 080,Ford,Doblo,1,12.15,2024-03-24,44,6.29
07 AAA 080,Ford,Doblo,1,12.15,2024-03-25,46,4.64
07 AAA 080,Ford,Doblo,1,12.15,2024-03-26,262,34.1
07 AAA 080,Ford,Doblo,1,12.15,2024-03-27,279,27.22
07 AAA 080,Ford,Doblo,1,12.15,2024-03-28,100,16.76
07 AAA 080,Ford,Doblo,1,12.15,2024-03-29,192,31.79
07 AAA 080,Ford,Doblo,1,12.15,2024-03-30,133,22.46
07 AAA 080,Ford,Doblo,1,12.15,2024-03-31,156,24.09
07 AAA 080,Ford,Doblo,1,12.15,2024-04-01,57,8.89
07 AAA 080,Ford,Doblo,1,12.15,2024-04-02,108,12.55
07 AAA 080,Ford,Doblo,1,12.15,2024-04-03,217,29.94
07 AAA 080,Ford,Doblo,1,12.15,2024-04-04,210,23.58
07 AAA 080,Ford,Doblo,1,12.15,2024-04-05,300,50.4
07 AAA 080,Ford,Doblo,1,12.15,2024-04-06,193,30.29
07 AAA 080,Ford,Doblo,1,12.15,2024-04-07,82,9.15
07 AAA 080,Ford,Doblo,1,12.15,2024-04-08,252,43.52
07 AAA 080,Ford,Doblo,1,12.15,2024-04-09,200,19.82
07 AAA 080,Ford,Doblo,1,12.15,2024-04-10,116,11.71
07 AAA 080,Ford,Doblo,1,12.15,2024-04-11,147,18.83
07 AAA 080,Ford,Doblo,1,12.15,2024-04-12,280,44.2
07 AAA 080,Ford,Doblo,1,12.15,2024-04-13,125,20.45
07 AAA 080,Ford,Doblo,1,12.15,2024-04-14,149,18.71
07 AAA 080,Ford,Doblo,1,12.15,2024-04-15,122,11.92
07 AAA 080,Ford,Doblo,1,12.15,2024-04-16,148,15.99
07 AAA 080,Ford,Doblo,1,12.15,2024-04-17,132,23.41
07 AAA 080,Ford,Doblo,1,12.15,2024-04-18,149,18.68
07 AAA 080,Ford,Doblo,1,12.15,2024-04-19,268,40.65
07 AAA 080,Ford,Doblo,1,12.15,2024-04-20,157,24.8
07 AAA 080,Ford,Doblo,1,12.15,2024-04-21,84,11.6
07 AAA 080,Ford,Doblo,1,12.15,2024-04-22,249,24.44
07 AAA 080,Ford,Doblo,1,12.15,2024-04-23,116,19.28
07 AAA 080,Ford,Doblo,1,12.15,2024-04-24,209,31.51
07 AAA 080,Ford,Doblo,1,12.15,2024-04-25,86,9.01
07 AAA 080,Ford,Doblo,1,12.15,2024-04-26,225,36.5
07 AAA 080,Ford,Doblo,1,12.15,2024-04-27,128,13.74
07 AAA 080,Ford,Doblo,1,12.15,2024-04-28,157,20.96
07 AAA 080,Ford,Doblo,1,12.15,2024-04-29,134,19.78
07 AAA 081,Fiat,Atego,4,7.27,2024-01-01,130,12.88
07 AAA 081,Fiat,Atego,4,7.27,2024-01-02,289,19.55
07 AAA 081,Fiat,Atego,4,7.27,2024-01-03,207,12.62
07 AAA 081,Fiat,Atego,4,7.27,2024-01-04,94,9.94
07 AAA 081,Fiat,Atego,4,7.27,2024-01-05,214,13.61
07 AAA 081,Fiat,Atego,4,7.27,2024-01-06,286,29.09
07 AAA 081,Fiat,Atego,4,7.27,2024-01-07,185,13.32
07 AAA 081,Fiat,Atego,4,7.27,2024-01-08,239,20.27
07 AAA 081,Fiat,Atego,4,7.27,2024-01-09,153,15.52
07 AAA 081,Fiat,Atego,4,7.27,2024-01-10,162,15.63
07 AAA 081,Fiat,Atego,4,7.27,2024-01-11,299,30.61
07 AAA 081,Fiat,Atego,4,7.27,2024-01-12,210,22.66
07 AAA 081,Fiat,Atego,4,7.27,2024-01-13,251,21.06
07 AAA 081,Fiat,Atego,4,7.27,2024-01-14,46,4.99
07 AAA 081,Fiat,Atego,4,7.27,2024-01-15,122,12.04
07 AAA 081,Fiat,Atego,4,7.27,2024-01-16,275,26.64
07 AAA 081,Fiat,Atego,4,7.27,2024-01-17,235,23.76
07 AAA 081,Fiat,Atego,4,7.27,2024-01-18,203,16.17
07 AAA 081,Fiat,Atego,4,7.27,2024-01-19,272,25.09
07 AAA 081,Fiat,Atego,4,7.27,2024-01-20,90,7.71
07 AAA 081,Fiat,Atego,4,7.27,2024-01-21,111,7.94
07 AAA 081,Fiat,Atego,4,7.27,2024-01-22,256,27.53
07 AAA 081,Fiat,Atego,4,7.27,2024-01-23,135,13.94
07 AAA 081,Fiat,Atego,4,7.27,2024-01-24,284,29.63
07 AAA 081,Fiat,Atego,4,7.27,2024-01-25,278,19.3
07 AAA 081,Fiat,Atego,4,7.27,2024-01-26,116,12.4
07 AAA 081,Fiat,Atego,4,7.27,2024-01-27,75,6.48
07 AAA 081,Fiat,Atego,4,7.27,2024-01-28,132,13.7
07 AAA 081,Fiat,Atego,4,7.27,2024-01-29,183,17.39
07 AAA 081,Fiat,Atego,4,7.27,2024-01-30,244,20.44
07 AAA 081,Fiat,Atego,4,7.27,2024-01-31,134,12.25
07 AAA 081,Fiat,Atego,4,7.27,2024-02-01,233,14.25
07 AAA 081,Fiat,Atego,4,7.27,2024-02-02,282,23.6
07 AAA 081,Fiat,Atego,4,7.27,2024-02-03,194,19.16
07 AAA 081,Fiat,Atego,4,7.27,2024-02-04,238,22.74
07 AAA 081,Fiat,Atego,4,7.27,2024-02-05,225,19.92
07 AAA 081,Fiat,Atego,4,7.27,2024-02-06,111,10.5
07 AAA 081,Fiat,Atego,4,7.27,2024-02-07,162,10.57
07 AAA 081,Fiat,Atego,4,7.27,2024-02-08,79,8.03
07 AAA 081,Fiat,Atego,4,7.27,2024-02-09,204,19.15
07 AAA 081,Fiat,Atego,4,7.27,2024-02-10,262,27.38
07 AAA 081,Fiat,Atego,4,7.27,2024-02-11,248,16.39
07 AAA 081,Fiat,Atego,4,7.27,2024-02-12,212,13.58
07 AAA 081,Fiat,Atego,4,7.27,2024-02-13,198,20.02
07 AAA 081,Fiat,Atego,4,7.27,2024-02-14,233,18.3
07 AAA 081,Fiat,Atego,4,7.27,2024-02-15,99,10.8
07 AAA 081,Fiat,Atego,4,7.27,2024-02-16,221,17.36
07 AAA 081,Fiat,Atego,4,7.27,2024-02-17,94,9.78
07 AAA 081,Fiat,Atego,4,7.27,2024-02-18,70,5.46
07 AAA 081,Fiat,Atego,4,7.27,2024-02-19,172,12.34
07 AAA 081,Fiat,Atego,4,7.27,2024-02-20,161,14.66
07 AAA 081,Fiat,Atego,4,7.27,2024-02-21,230,18.18
07 AAA 081,Fiat,Atego,4,7.27,2024-02-22,126,10.46
07 AAA 081,Fiat,Atego,4,7.27,2024-02-23,43,3.92
07 AAA 081,Fiat,Atego,4,7.27,2024-02-24,52,4.53
07 AAA 081,Fiat,Atego,4,7.27,2024-02-25,224,16.56
07 AAA 081,Fiat,Atego,4,7.27,2024-02-26,204,15.04
07 AAA 081,Fiat,Atego,4,7.27,2024-02-27,180,18.17
07 AAA 081,Fiat,Atego,4,7.27,2024-02-28,203,12.39
07 AAA 081,Fiat,Atego,4,7.27,2024-02-29,184,17.05
07 AAA 081,Fiat,Atego,4,7.27,2024-03-01,86,5.99
07 AAA 081,Fiat,Atego,4,7.27,2024-03-02,48,3.36
07 AAA 081,Fiat,Atego,4,7.27,2024-03-03,110,9.49
07 AAA 081,Fiat,Atego,4,7.27,2024-03-04,152,12.2
07 AAA 081,Fiat,Atego,4,7.27,2024-03-05,96,9.96
07 AAA 081,Fiat,Atego,4,7.27,2024-03-06,261,18.8
07 AAA 081,Fiat,Atego,4,7.27,2024-03-07,271,17.99
07 AAA 081,Fiat,Atego,4,7.27,2024-03-08,287,23.34
07 AAA 081,Fiat,Atego,4,7.27,2024-03-09,279,26.52
07 AAA 081,Fiat,Atego,4,7.27,2024-03-10,225,23.58
07 AAA 081,Fiat,Atego,4,7.27,2024-03-11,255,24.73
07 AAA 081,Fiat,Atego,4,7.27,2024-03-12,253,17.48
07 AAA 081,Fiat,Atego,4,7.27,2024-03-13,218,13.21
07 AAA 081,Fiat,Atego,4,7.27,2024-03-14,139,10.22
07 AAA 081,Fiat,Atego,4,7.27,2024-03-15,187,15.23
07 AAA 081,Fiat,Atego,4,7.27,2024-03-16,140,9.35
07 AAA 081,Fiat,Atego,4,7.27,2024-03-17,48,5.2
07 AAA 081,Fiat,Atego,4,7.27,2024-03-18,169,18.08
07 AAA 081,Fiat,Atego,4,7.27,2024-03-19,247,22.72
07 AAA 081,Fiat,Atego,4,7.27,2024-03-20,179,18.54
07 AAA 081,Fiat,Atego,4,7.27,2024-03-21,157,12.96
07 AAA 081,Fiat,Atego,4,7.27,2024-03-22,107,10.69
07 AAA 081,Fiat,Atego,4,7.27,2024-03-23,245,15.13
07 AAA 081,Fiat,Atego,4,7.27,2024-03-24,146,11.88
07 AAA 081,Fiat,Atego,4,7.27,2024-03-25,277,21.32
07 AAA 081,Fiat,Atego,4,7.27,2024-03-26,51,3.29
07 AAA 081,Fiat,Atego,4,7.27,2024-03-27,195,18.14
07 AAA 081,Fiat,Atego,4,7.27,2024-03-28,224,19.21
07 AAA 081,Fiat,Atego,4,7.27,2024-03-29,98,7.94
07 AAA 081,Fiat,Atego,4,7.27,2024-03-30,207,14.39
07 AAA 081,Fiat,Atego,4,7.27,2024-03-31,98,9.63
07 AAA 081,Fiat,Atego,4,7.27,2024-04-01,140,13.66
07 AAA 081,Fiat,Atego,4,7.27,2024-04-02,191,11.55
07 AAA 081,Fiat,Atego,4,7.27,2024-04-03,145,10.37
07 AAA 081,Fiat,Atego,4,7.27,2024-04-04,207,17.03
07 AAA 081,Fiat,Atego,4,7.27,2024-04-05,185,20.16
07 AAA 081,Fiat,Atego,4,7.27,2024-04-06,299,21.83
07 AAA 081,Fiat,Atego,4,7.27,2024-04-07,179,15.17
07 AAA 081,Fiat,Atego,4,7.27,2024-04-08,62,4.73
07 AAA 081,Fiat,Atego,4,7.27,2024-04-09,57,5.29
07 AAA 081,Fiat,Atego,4,7.27,2024-04-10,86,6.63
07 AAA 081,Fiat,Atego,4,7.27,2024-04-11,250,27.19
07 AAA 081,Fiat,Atego,4,7.27,2024-04-12,206,18.8
07 AAA 081,Fiat,Atego,4,7.27,2024-04-13,147,11.83
07 AAA 081,Fiat,Atego,4,7.27,2024-04-14,277,21.2
07 AAA 081,Fiat,Atego,4,7.27,2024-04-15,237,22.48
07 AAA 081,Fiat,Atego,4,7.27,2024-04-16,169,9.84
07 AAA 081,Fiat,Atego,4,7.27,2024-04-17,143,9.8
07 AAA 081,Fiat,Atego,4,7.27,2024-04-18,156,11.68
07 AAA 081,Fiat,Atego,4,7.27,2024-04-19,206,12.75
07 AAA 081,Fiat,Atego,4,7.27,2024-04-20,65,6.9
07 AAA 081,Fiat,Atego,4,7.27,2024-04-21,144,11.58
07 AAA 081,Fiat,Atego,4,7.27,2024-04-22,156,14.38
07 AAA 081,Fiat,Atego,4,7.27,2024-04-23,282,28.01
07 AAA 081,Fiat,Atego,4,7.27,2024-04-24,262,17.42
07 AAA 081,Fiat,Atego,4,7.27,2024-04-25,126,13.62
07 AAA 081,Fiat,Atego,4,7.27,2024-04-26,46,3.27
07 AAA 081,Fiat,Atego,4,7.27,2024-04-27,266,19.09
07 AAA 081,Fiat,Atego,4,7.27,2024-04-28,164,15.19
07 AAA 081,Fiat,Atego,4,7.27,2024-04-29,238,21.63
07 AAA 082,Peugeot,Fluence,3,25.08,2024-01-01,40,8.62
07 AAA 082,Peugeot,Fluence,3,25.08,2024-01-02,223,45.15
07 AAA 082,Peugeot,Fluence,3,25.08,2024-01-03,60,19.19
07 AAA 082,Peugeot,Fluence,3,25.08,2024-01-04,119,37.41
07 AAA 082,Peugeot,Fluence,3,25.08,2024-01-05,297,108.39
07 AAA 082,Peugeot,Fluence,3,25.08,2024-01-06,104,34.51
07 AAA 082,Peugeot,Fluence,3,25.08,2024-01-07,116,29.65
07 AAA 082,Peugeot,Fluence,3,25.08,2024-01-08,286,58.27
07 AAA 082,Peugeot,Fluence,3,25.08,2024-01-09,116,39.76
07 AAA 082,Peugeot,Fluence,3,25.08,2024-01-10,166,44.77
07 AAA 082,Peugeot,Fluence,3,25.08,2024-01-11,132,33.18
07 AAA 082,Peugeot,Fluence,3,25.08,2024-01-12,213,61.34
07 AAA 082,Peugeot,Fluence,3,25.08,2024-01-13,73,25.28
07 AAA 082,Peugeot,Fluence,3,25.08,2024-01-14,75,22.96
07 AAA 082,Peugeot,Fluence,3,25.08,2024-01-15,70,18.32
07 AAA 082,Peugeot,Fluence,3,25.08,2024-01-16,134,33.42
07 AAA 082,Peugeot,Fluence,3,25.08,2024-01-17,127,29.45
07 AAA 082,Peugeot,Fluence,3,25.08,2024-01-18,116,24.11
07 AAA 082,Peugeot,Fluence,3,25.08,2024-01-19,88,20.29
07 AAA 082,Peugeot,Fluence,3,25.08,2024-01-20,141,38.88
07 AAA 082,Peugeot,Fluence,3,25.08,2024-01-21,45,14.9
07 AAA 082,Peugeot,Fluence,3,25.08,2024-01-22,294,86.43
07 AAA 082,Peugeot,Fluence,3,25.08,2024-01-23,70,15.61
07 AAA 082,Peugeot,Fluence,3,25.08,2024-01-24,286,65.39
07 AAA 082,Peugeot,Fluence,3,25.08,2024-01-25,292,66.78
07 AAA 082,Peugeot,Fluence,3,25.08,2024-01-26,92,25.31
07 AAA 082,Peugeot,Fluence,3,25.08,2024-01-27,194,60.17
07 AAA 082,Peugeot,Fluence,3,25.08,2024-01-28,159,59.32
07 AAA 082,Peugeot,Fluence,3,25.08,2024-01-29,68,14.57
07 AAA 082,Peugeot,Fluence,3,25.08,2024-01-30,95,25.92
07 AAA 082,Peugeot,Fluence,3,25.08,2024-01-31,289,88.27
07 AAA 082,Peugeot,Fluence,3,25.08,2024-02-01,150,51.14
07 AAA 082,Peugeot,Fluence,3,25.08,2024-02-02,239,72.03
07 AAA 082,Peugeot,Fluence,3,25.08,2024-02-03,149,42.19
07 AAA 082,Peugeot,Fluence,3,25.08,2024-02-04,202,48.74
07 AAA 082,Peugeot,Fluence,3,25.08,2024-02-05,69,20.62
07 AAA 082,Peugeot,Fluence,3,25.08,2024-02-06,283,73.16
07 AAA 082,Peugeot,Fluence,3,25.08,2024-02-07,263,76.94
07 AAA 082,Peugeot,Fluence,3,25.08,2024-02-08,194,70.23
07 AAA 082,Peugeot,Fluence,3,25.08,2024-02-09,244,77.27
07 AAA 082,Peugeot,Fluence,3,25.08,2024-02-10,267,53.92
07 AAA 082,Peugeot,Fluence,3,25.08,2024-02-11,116,29.22
07 AAA 082,Peugeot,Fluence,3,25.08,2024-02-12,253,72.25
07 AAA 082,Peugeot,Fluence,3,25.08,2024-02-13,282,73.24
07 AAA 082,Peugeot,Fluence,3,25.08,2024-02-14,284,61.25
07 AAA 082,Peugeot,Fluence,3,25.08,2024-02-15,88,25.31
07 AAA 082,Peugeot,Fluence,3,25.08,2024-02-16,149,34.57
07 AAA 082,Peugeot,Fluence,3,25.08,2024-02-17,57,11.81
07 AAA 082,Peugeot,Fluence,3,25.08,2024-02-18,147,48.3
07 AAA 082,Peugeot,Fluence,3,25.08,2024-02-19,161,57.16
07 AAA 082,Peugeot,Fluence,3,25.08,2024-02-20,107,22.0
07 AAA 082,Peugeot,Fluence,3,25.08,2024-02-21,42,8.86
07 AAA 082,Peugeot,Fluence,3,25.08,2024-02-22,203,44.43
07 AAA 082,Peugeot,Fluence,3,25.08,2024-02-23,178,53.12
07 AAA 082,Peugeot,Fluence,3,25.08,2024-02-24,220,74.04
07 AAA 082,Peugeot,Fluence,3,25.08,2024-02-25,224,50.14
07 AAA 082,Peugeot,Fluence,3,25.08,2024-02-26,160,57.54
07 AAA 082,Peugeot,Fluence,3,25.08,2024-02-27,184,56.6
07 AAA 082,Peugeot,Fluence,3,25.08,2024-02-28,172,47.02
07 AAA 082,Peugeot,Fluence,3,25.08,2024-02-29,171,39.67
07 AAA 082,Peugeot,Fluence,3,25.08,2024-03-01,220,55.0
07 AAA 082,Peugeot,Fluence,3,25.08,2024-03-02,135,43.4
07 AAA 082,Peugeot,Fluence,3,25.08,2024-03-03,102,32.66
07 AAA 082,Peugeot,Fluence,3,25.08,2024-03-04,153,45.88
07 AAA 082,Peugeot,Fluence,3,25.08,2024-03-05,113,27.34
07 AAA 082,Peugeot,Fluence,3,25.08,2024-03-06,183,55.6
07 AAA 082,Peugeot,Fluence,3,25.08,2024-03-07,89,18.23
07 AAA 082,Peugeot,Fluence,3,25.08,2024-03-08,249,78.21
07 AAA 082,Peugeot,Fluence,3,25.08,2024-03-09,40,13.46
07 AAA 082,Peugeot,Fluence,3,25.08,2024-03-10,225,61.2
07 AAA 082,Peugeot,Fluence,3,25.08,2024-03-11,182,37.41
07 AAA 082,Peugeot,Fluence,3,25.08,2024-03-12,252,79.65
07 AAA 082,Peugeot,Fluence,3,25.08,2024-03-13,76,18.08
07 AAA 082,Peugeot,Fluence,3,25.08,2024-03-14,259,56.22
07 AAA 082,Peugeot,Fluence,3,25.08,2024-03-15,171,38.75
07 AAA 082,Peugeot,Fluence,3,25.08,2024-03-16,228,50.13
07 AAA 082,Peugeot,Fluence,3,25.08,2024-03-17,43,11.02
07 AAA 082,Peugeot,Fluence,3,25.08,2024-03-18,214,44.31
07 AAA 082,Peugeot,Fluence,3,25.08,2024-03-19,79,15.85
07 AAA 082,Peugeot,Fluence,3,25.08,2024-03-20,194,55.18
07 AAA 082,Peugeot,Fluence,3,25.08,2024-03-21,204,61.78
07 AAA 082,Peugeot,Fluence,3,25.08,2024-03-22,228,60.85
07 AAA 082,Peugeot,Fluence,3,25.08,2024-03-23,225,71.31
07 AAA 082,Peugeot,Fluence,3,25.08,2024-03-24,160,47.88
07 AAA 082,Peugeot,Fluence,3,25.08,2024-03-25,226,66.86
07 AAA 082,Peugeot,Fluence,3,25.08,2024-03-26,83,21.24
07 AAA 082,Peugeot,Fluence,3,25.08,2024-03-27,242,50.36
07 AAA 082,Peugeot,Fluence,3,25.08,2024-03-28,131,41.74
07 AAA 082,Peugeot,Fluence,3,25.08,2024-03-29,196,42.67
07 AAA 082,Peugeot,Fluence,3,25.08,2024-03-30,229,65.6
07 AAA 082,Peugeot,Fluence,3,25.08,2024-03-31,252,80.27
07 AAA 082,Peugeot,Fluence,3,25.08,2024-04-01,115,35.58
07 AAA 082,Peugeot,Fluence,3,25.08,2024-04-02,182,56.55
07 AAA 082,Peugeot,Fluence,3,25.08,2024-04-03,294,77.49
07 AAA 082,Peugeot,Fluence,3,25.08,2024-04-04,282,67.34
07 AAA 082,Peugeot,Fluence,3,25.08,2024-04-05,172,39.68
07 AAA 082,Peugeot,Fluence,3,25.08,2024-04-06,75,19.5
07 AAA 082,Peugeot,Fluence,3,25.08,2024-04-07,81,19.35
07 AAA 082,Peugeot,Fluence,3,25.08,2024-04-08,219,74.74
07 AAA 082,Peugeot,Fluence,3,25.08,2024-04-09,297,64.09
07 AAA 082,Peugeot,Fluence,3,25.08,2024-04-10,272,87.86
07 AAA 082,Peugeot,Fluence,3,25.08,2024-04-11,144,45.57
07 AAA 082,Peugeot,Fluence,3,25.08,2024-04-12,46,10.25
07 AAA 082,Peugeot,Fluence,3,25.08,2024-04-13,57,19.87
07 AAA 082,Peugeot,Fluence,3,25.08,2024-04-14,298,78.65
07 AAA 082,Peugeot,Fluence,3,25.08,2024-04-15,92,33.94
07 AAA 082,Peugeot,Fluence,3,25.08,2024-04-16,256,66.7
07 AAA 082,Peugeot,Fluence,3,25.08,2024-04-17,261,96.92
07 AAA 082,Peugeot,Fluence,3,25.08,2024-04-18,128,32.86
07 AAA 082,Peugeot,Fluence,3,25.08,2024-04-19,63,19.17
07 AAA 082,Peugeot,Fluence,3,25.08,2024-04-20,205,49.49
07 AAA 082,Peugeot,Fluence,3,25.08,2024-04-21,106,24.08
07 AAA 082,Peugeot,Fluence,3,25.08,2024-04-22,229,63.96
07 AAA 082,Peugeot,Fluence,3,25.08,2024-04-23,110,38.1
07 AAA 082,Peugeot,Fluence,3,25.08,2024-04-24,182,37.22
07 AAA 082,Peugeot,Fluence,3,25.08,2024-04-25,205,63.78
07 AAA 082,Peugeot,Fluence,3,25.08,2024-04-26,191,63.85
07 AAA 082,Peugeot,Fluence,3,25.08,2024-04-27,153,32.53
07 AAA 082,Peugeot,Fluence,3,25.08,2024-04-28,107,32.92
07 AAA 082,Peugeot,Fluence,3,25.08,2024-04-29,234,73.09
07 AAA 083,Ford,Fluence,2,9.11,2024-01-01,263,31.52
07 AAA 083,Ford,Fluence,2,9.11,2024-01-02,114,8.92
07 AAA 083,Ford,Fluence,2,9.11,2024-01-03,293,22.57
07 AAA 083,Ford,Fluence,2,9.11,2024-01-04,292,23.6
07 AAA 083,Ford,Fluence,2,9.11,2024-01-05,219,22.73
07 AAA 083,Ford,Fluence,2,9.11,2024-01-06,82,6.82
07 AAA 083,Ford,Fluence,2,9.11,2024-01-07,161,20.68
07 AAA 083,Ford,Fluence,2,9.11,2024-01-08,298,39.53
07 AAA 083,Ford,Fluence,2,9.11,2024-01-09,194,14.14
07 AAA 083,Ford,Fluence,2,9.11,2024-01-10,141,11.31
07 AAA 083,Ford,Fluence,2,9.11,2024-01-11,121,10.8
07 AAA 083,Ford,Fluence,2,9.11,2024-01-12,120,15.28
07 AAA 083,Ford,Fluence,2,9.11,2024-01-13,127,16.13
07 AAA 083,Ford,Fluence,2,9.11,2024-01-14,257,22.12
07 AAA 083,Ford,Fluence,2,9.11,2024-01-15,128,14.44
07 AAA 083,Ford,Fluence,2,9.11,2024-01-16,134,17.53
07 AAA 083,Ford,Fluence,2,9.11,2024-01-17,139,16.85
07 AAA 083,Ford,Fluence,2,9.11,2024-01-18,248,18.6
07 AAA 083,Ford,Fluence,2,9.11,2024-01-19,223,17.03
07 AAA 083,Ford,Fluence,2,9.11,2024-01-20,42,5.39
07 AAA 083,Ford,Fluence,2,9.11,2024-01-21,183,13.91
07 AAA 083,Ford,Fluence,2,9.11,2024-01-22,266,26.0
07 AAA 083,Ford,Fluence,2,9.11,2024-01-23,208,17.71
07 AAA 083,Ford,Fluence,2,9.11,2024-01-24,212,21.53
07 AAA 083,Ford,Fluence,2,9.11,2024-01-25,234,17.74
07 AAA 083,Ford,Fluence,2,9.11,2024-01-26,48,6.16
07 AAA 083,Ford,Fluence,2,9.11,2024-01-27,69,8.37
07 AAA 083,Ford,Fluence,2,9.11,2024-01-28,172,19.67
07 AAA 083,Ford,Fluence,2,9.11,2024-01-29,273,33.08
07 AAA 083,Ford,Fluence,2,9.11,2024-01-30,129,11.87
07 AAA 083,Ford,Fluence,2,9.11,2024-01-31,96,9.26
07 AAA 083,Ford,Fluence,2,9.11,2024-02-01,121,11.81
07 AAA 083,Ford,Fluence,2,9.11,2024-02-02,260,22.1
07 AAA 083,Ford,Fluence,2,9.11,2024-02-03,181,23.58
07 AAA 083,Ford,Fluence,2,9.11,2024-02-04,86,10.52
07 AAA 083,Ford,Fluence,2,9.11,2024-02-05,44,5.02
07 AAA 083,Ford,Fluence,2,9.11,2024-02-06,215,18.24
07 AAA 083,Ford,Fluence,2,9.11,2024-02-07,274,25.91
07 AAA 083,Ford,Fluence,2,9.11,2024-02-08,179,18.24
07 AAA 083,Ford,Fluence,2,9.11,2024-02-09,200,22.81
07 AAA 083,Ford,Fluence,2,9.11,2024-02-10,238,26.67
07 AAA 083,Ford,Fluence,2,9.11,2024-02-11,221,25.74
07 AAA 083,Ford,Fluence,2,9.11,2024-02-12,87,9.13
07 AAA 083,Ford,Fluence,2,9.11,2024-02-13,268,26.89
07 AAA 083,Ford,Fluence,2,9.11,2024-02-14,100,10.56
07 AAA 083,Ford,Fluence,2,9.11,2024-02-15,243,29.82
07 AAA 083,Ford,Fluence,2,9.11,2024-02-16,197,17.53
07 AAA 083,Ford,Fluence,2,9.11,2024-02-17,136,14.92
07 AAA 083,Ford,Fluence,2,9.11,2024-02-18,287,28.54
07 AAA 083,Ford,Fluence,2,9.11,2024-02-19,98,12.95
07 AAA 083,Ford,Fluence,2,9.11,2024-02-20,85,8.96
07 AAA 083,Ford,Fluence,2,9.11,2024-02-21,131,17.31
07 AAA 083,Ford,Fluence,2,9.11,2024-02-22,256,23.71
07 AAA 083,Ford,Fluence,2,9.11,2024-02-23,151,17.38
07 AAA 083,Ford,Fluence,2,9.11,2024-02-24,84,6.56
07 AAA 083,Ford,Fluence,2,9.11,2024-02-25,299,24.83
07 AAA 083,Ford,Fluence,2,9.11,2024-02-26,298,25.05
07 AAA 083,Ford,Fluence,2,9.11,2024-02-27,231,28.77
07 AAA 083,Ford,Fluence,2,9.11,2024-02-28,56,6.08
07 AAA 083,Ford,Fluence,2,9.11,2024-02-29,88,10.18
07 AAA 083,Ford,Fluence,2,9.11,2024-03-01,155,17.16
07 AAA 083,Ford,Fluence,2,9.11,2024-03-02,201,15.06
07 AAA 083,Ford,Fluence,2,9.11,2024-03-03,202,20.71
07 AAA 083,Ford,Fluence,2,9.11,2024-03-04,112,11.8
07 AAA 083,Ford,Fluence,2,9.11,2024-03-05,256,33.0
07 AAA 083,Ford,Fluence,2,9.11,2024-03-06,252,27.55
07 AAA 083,Ford,Fluence,2,9.11,2024-03-07,266,30.95
07 AAA 083,Ford,Fluence,2,9.11,2024-03-08,154,17.32
07 AAA 083,Ford,Fluence,2,9.11,2024-03-09,204,16.27
07 AAA 083,Ford,Fluence,2,9.11,2024-03-10,115,8.77
07 AAA 083,Ford,Fluence,2,9.11,2024-03-11,49,5.82
07 AAA 083,Ford,Fluence,2,9.11,2024-03-12,237,31.43
07 AAA 083,Ford,Fluence,2,9.11,2024-03-13,221,25.92
07 AAA 083,Ford,Fluence,2,9.11,2024-03-14,175,16.77
07 AAA 083,Ford,Fluence,2,9.11,2024-03-15,238,17.68
07 AAA 083,Ford,Fluence,2,9.11,2024-03-16,79,9.47
07 AAA 083,Ford,Fluence,2,9.11,2024-03-17,159,17.33
07 AAA 083,Ford,Fluence,2,9.11,2024-03-18,271,36.49
07 AAA 083,Ford,Fluence,2,9.11,2024-03-19,87,8.31
07 AAA 083,Ford,Fluence,2,9.11,2024-03-20,213,24.61
07 AAA 083,Ford,Fluence,2,9.11,2024-03-21,182,22.65
07 AAA 083,Ford,Fluence,2,9.11,2024-03-22,104,11.99
07 AAA 083,Ford,Fluence,2,9.11,2024-03-23,42,3.3
07 AAA 083,Ford,Fluence,2,9.11,2024-03-24,269,28.84
07 AAA 083,Ford,Fluence,2,9.11,2024-03-25,119,14.6
07 AAA 083,Ford,Fluence,2,9.11,2024-03-26,221,25.28
07 AAA 083,Ford,Fluence,2,9.11,2024-03-27,288,29.21
07 AAA 083,Ford,Fluence,2,9.11,2024-03-28,112,11.26
07 AAA 083,Ford,Fluence,2,9.11,2024-03-29,258,33.5
07 AAA 083,Ford,Fluence,2,9.11,2024-03-30,100,8.29
07 AAA 083,Ford,Fluence,2,9.11,2024-03-31,125,14.41
07 AAA 083,Ford,Fluence,2,9.11,2024-04-01,118,11.03
07 AAA 083,Ford,Fluence,2,9.11,2024-04-02,273,26.14
07 AAA 083,Ford,Fluence,2,9.11,2024-04-03,285,29.03
07 AAA 083,Ford,Fluence,2,9.11,2024-04-04,100,11.05
07 AAA 083,Ford,Fluence,2,9.11,2024-04-05,233,23.27
07 AAA 083,Ford,Fluence,2,9.11,2024-04-06,172,18.62
07 AAA 083,Ford,Fluence,2,9.11,2024-04-07,54,4.91
07 AAA 083,Ford,Fluence,2,9.11,2024-04-08,45,4.84
07 AAA 083,Ford,Fluence,2,9.11,2024-04-09,288,21.03
07 AAA 083,Ford,Fluence,2,9.11,2024-04-10,267,20.58
07 AAA 083,Ford,Fluence,2,9.11,2024-04-11,91,8.84
07 AAA 083,Ford,Fluence,2,9.11,2024-04-12,238,23.46
07 AAA 083,Ford,Fluence,2,9.11,2024-04-13,48,6.55
07 AAA 083,Ford,Fluence,2,9.11,2024-04-14,171,19.51
07 AAA 083,Ford,Fluence,2,9.11,2024-04-15,141,10.87
07 AAA 083,Ford,Fluence,2,9.11,2024-04-16,57,4.88
07 AAA 083,Ford,Fluence,2,9.11,2024-04-17,68,7.72
07 AAA 083,Ford,Fluence,2,9.11,2024-04-18,58,5.11
07 AAA 083,Ford,Fluence,2,9.11,2024-04-19,44,3.89
07 AAA 083,Ford,Fluence,2,9.11,2024-04-20,224,24.2
07 AAA 083,Ford,Fluence,2,9.11,2024-04-21,130,15.74
07 AAA 083,Ford,Fluence,2,9.11,2024-04-22,218,28.04
07 AAA 083,Ford,Fluence,2,9.11,2024-04-23,173,21.96
07 AAA 083,Ford,Fluence,2,9.11,2024-04-24,273,37.18
07 AAA 083,Ford,Fluence,2,9.11,2024-04-25,168,19.11
07 AAA 083,Ford,Fluence,2,9.11,2024-04-26,235,18.8
07 AAA 083,Ford,Fluence,2,9.11,2024-04-27,198,24.07
07 AAA 083,Ford,Fluence,2,9.11,2024-04-28,265,27.12
07 AAA 083,Ford,Fluence,2,9.11,2024-04-29,259,23.62
07 AAA 084,Renault,Atego,3,24.99,2024-01-01,255,79.75
07 AAA 084,Renault,Atego,3,24.99,2024-01-02,128,43.32
07 AAA 084,Renault,Atego,3,24.99,2024-01-03,73,19.27
07 AAA 084,Renault,Atego,3,24.99,2024-01-04,176,54.37
07 AAA 084,Renault,Atego,3,24.99,2024-01-05,84,25.2
07 AAA 084,Renault,Atego,3,24.99,2024-01-06,87,19.13
07 AAA 084,Renault,Atego,3,24.99,2024-01-07,196,56.62
07 AAA 084,Renault,Atego,3,24.99,2024-01-08,226,75.94
07 AAA 084,Renault,Atego,3,24.99,2024-01-09,300,63.55
07 AAA 084,Renault,Atego,3,24.99,2024-01-10,147,40.68
07 AAA 084,Renault,Atego,3,24.99,2024-01-11,248,67.32
07 AAA 084,Renault,Atego,3,24.99,2024-01-12,57,15.67
07 AAA 084,Renault,Atego,3,24.99,2024-01-13,297,95.84
07 AAA 084,Renault,Atego,3,24.99,2024-01-14,145,38.48
07 AAA 084,Renault,Atego,3,24.99,2024-01-15,149,54.26
07 AAA 084,Renault,Atego,3,24.99,2024-01-16,218,49.16
07 AAA 084,Renault,Atego,3,24.99,2024-01-17,80,17.42
07 AAA 084,Renault,Atego,3,24.99,2024-01-18,265,74.6
07 AAA 084,Renault,Atego,3,24.99,2024-01-19,134,33.97
07 AAA 084,Renault,Atego,3,24.99,2024-01-20,50,16.24
07 AAA 084,Renault,Atego,3,24.99,2024-01-21,220,55.27
07 AAA 084,Renault,Atego,3,24.99,2024-01-22,286,95.66
07 AAA 084,Renault,Atego,3,24.99,2024-01-23,215,47.45
07 AAA 084,Renault,Atego,3,24.99,2024-01-24,256,73.62
07 AAA 084,Renault,Atego,3,24.99,2024-01-25,177,42.3
07 AAA 084,Renault,Atego,3,24.99,2024-01-26,188,64.92
07 AAA 084,Renault,Atego,3,24.99,2024-01-27,72,20.32
07 AAA 084,Renault,Atego,3,24.99,2024-01-28,109,25.9
07 AAA 084,Renault,Atego,3,24.99,2024-01-29,90,29.34
07 AAA 084,Renault,Atego,3,24.99,2024-01-30,158,43.95
07 AAA 084,Renault,Atego,3,24.99,2024-01-31,264,90.02
07 AAA 084,Renault,Atego,3,24.99,2024-02-01,51,12.07
07 AAA 084,Renault,Atego,3,24.99,2024-02-02,44,15.54
07 AAA 084,Renault,Atego,3,24.99,2024-02-03,80,20.32
07 AAA 084,Renault,Atego,3,24.99,2024-02-04,79,23.24
07 AAA 084,Renault,Atego,3,24.99,2024-02-05,264,57.52
07 AAA 084,Renault,Atego,3,24.99,2024-02-06,49,13.46
07 AAA 084,Renault,Atego,3,24.99,2024-02-07,155,41.31
07 AAA 084,Renault,Atego,3,24.99,2024-02-08,208,60.04
07 AAA 084,Renault,Atego,3,24.99,2024-02-09,119,29.76
07 AAA 084,Renault,Atego,3,24.99,2024-02-10,178,66.15
07 AAA 084,Renault,Atego,3,24.99,2024-02-11,108,24.31
07 AAA 084,Renault,Atego,3,24.99,2024-02-12,40,8.69
07 AAA 084,Renault,Atego,3,24.99,2024-02-13,261,58.84
07 AAA 084,Renault,Atego,3,24.99,2024-02-14,78,21.2
07 AAA 084,Renault,Atego,3,24.99,2024-02-15,191,50.71
07 AAA 084,Renault,Atego,3,24.99,2024-02-16,64,17.58
07 AAA 084,Renault,Atego,3,24.99,2024-02-17,135,37.53
07 AAA 084,Renault,Atego,3,24.99,2024-02-18,219,48.03
07 AAA 084,Renault,Atego,3,24.99,2024-02-19,113,28.9
07 AAA 084,Renault,Atego,3,24.99,2024-02-20,287,104.53
07 AAA 084,Renault,Atego,3,24.99,2024-02-21,111,27.71
07 AAA 084,Renault,Atego,3,24.99,2024-02-22,271,82.35
07 AAA 084,Renault,Atego,3,24.99,2024-02-23,87,27.13
07 AAA 084,Renault,Atego,3,24.99,2024-02-24,69,18.38
07 AAA 084,Renault,Atego,3,24.99,2024-02-25,276,63.79
07 AAA 084,Renault,Atego,3,24.99,2024-02-26,82,25.04
07 AAA 084,Renault,Atego,3,24.99,2024-02-27,111,39.78
07 AAA 084,Renault,Atego,3,24.99,2024-02-28,267,96.87
07 AAA 084,Renault,Atego,3,24.99,2024-02-29,270,92.77
07 AAA 084,Renault,Atego,3,24.99,2024-03-01,183,37.73
07 AAA 084,Renault,Atego,3,24.99,2024-03-02,252,51.37
07 AAA 084,Renault,Atego,3,24.99,2024-03-03,180,52.33
07 AAA 084,Renault,Atego,3,24.99,2024-03-04,129,27.72
07 AAA 084,Renault,Atego,3,24.99,2024-03-05,147,33.73
07 AAA 084,Renault,Atego,3,24.99,2024-03-06,48,12.9
07 AAA 084,Renault,Atego,3,24.99,2024-03-07,279,103.67
07 AAA 084,Renault,Atego,3,24.99,2024-03-08,93,23.5
07 AAA 084,Renault,Atego,3,24.99,2024-03-09,135,38.13
07 AAA 084,Renault,Atego,3,24.99,2024-03-10,142,37.62
07 AAA 084,Renault,Atego,3,24.99,2024-03-11,276,63.13
07 AAA 084,Renault,Atego,3,24.99,2024-03-12,287,63.04
07 AAA 084,Renault,Atego,3,24.99,2024-03-13,256,72.05
07 AAA 084,Renault,Atego,3,24.99,2024-03-14,206,58.3
07 AAA 084,Renault,Atego,3,24.99,2024-03-15,236,69.97
07 AAA 084,Renault,Atego,3,24.99,2024-03-16,285,88.0
07 AAA 084,Renault,Atego,3,24.99,2024-03-17,260,57.02
07 AAA 084,Renault,Atego,3,24.99,2024-03-18,167,60.18
07 AAA 084,Renault,Atego,3,24.99,2024-03-19,184,46.04
07 AAA 084,Renault,Atego,3,24.99,2024-03-20,41,15.27
07 AAA 084,Renault,Atego,3,24.99,2024-03-21,114,38.74
07 AAA 084,Renault,Atego,3,24.99,2024-03-22,256,66.54
07 AAA 084,Renault,Atego,3,24.99,2024-03-23,254,77.77
07 AAA 084,Renault,Atego,3,24.99,2024-03-24,124,39.93
07 AAA 084,Renault,Atego,3,24.99,2024-03-25,185,43.45
07 AAA 084,Renault,Atego,3,24.99,2024-03-26,168,47.05
07 AAA 084,Renault,Atego,3,24.99,2024-03-27,189,40.89
07 AAA 084,Renault,Atego,3,24.99,2024-03-28,106,38.19
07 AAA 084,Renault,Atego,3,24.99,2024-03-29,192,66.79
07 AAA 084,Renault,Atego,3,24.99,2024-03-30,65,18.91
07 AAA 084,Renault,Atego,3,24.99,2024-03-31,95,23.94
07 AAA 084,Renault,Atego,3,24.99,2024-04-01,58,11.64
07 AAA 084,Renault,Atego,3,24.99,2024-04-02,151,43.94
07 AAA 084,Renault,Atego,3,24.99,2024-04-03,75,27.96
07 AAA 084,Renault,Atego,3,24.99,2024-04-04,270,57.81
07 AAA 084,Renault,Atego,3,24.99,2024-04-05,87,18.12
07 AAA 084,Renault,Atego,3,24.99,2024-04-06,58,19.58
07 AAA 084,Renault,Atego,3,24.99,2024-04-07,208,73.17
07 AAA 084,Renault,Atego,3,24.99,2024-04-08,182,63.25
07 AAA 084,Renault,Atego,3,24.99,2024-04-09,112,34.4
07 AAA 084,Renault,Atego,3,24.99,2024-04-10,262,94.39
07 AAA 084,Renault,Atego,3,24.99,2024-04-11,232,55.4
07 AAA 084,Renault,Atego,3,24.99,2024-04-12,110,24.11
07 AAA 084,Renault,Atego,3,24.99,2024-04-13,246,81.81
07 AAA 084,Renault,Atego,3,24.99,2024-04-14,94,23.15
07 AAA 084,Renault,Atego,3,24.99,2024-04-15,172,51.04
07 AAA 084,Renault,Atego,3,24.99,2024-04-16,229,56.07
07 AAA 084,Renault,Atego,3,24.99,2024-04-17,54,18.95
07 AAA 084,Renault,Atego,3,24.99,2024-04-18,139,35.05
07 AAA 084,Renault,Atego,3,24.99,2024-04-19,60,19.14
07 AAA 084,Renault,Atego,3,24.99,2024-04-20,155,55.73
07 AAA 084,Renault,Atego,3,24.99,2024-04-21,190,40.73
07 AAA 084,Renault,Atego,3,24.99,2024-04-22,155,46.84
07 AAA 084,Renault,Atego,3,24.99,2024-04-23,61,16.05
07 AAA 084,Renault,Atego,3,24.99,2024-04-24,214,51.78
07 AAA 084,Renault,Atego,3,24.99,2024-04-25,219,59.36
07 AAA 084,Renault,Atego,3,24.99,2024-04-26,94,33.71
07 AAA 084,Renault,Atego,3,24.99,2024-04-27,170,61.54
07 AAA 084,Renault,Atego,3,24.99,2024-04-28,200,60.81
07 AAA 084,Renault,Atego,3,24.99,2024-04-29,63,22.46
07 AAA 085,Fiat,Transit,3,24.89,2024-01-01,93,28.44
07 AAA 085,Fiat,Transit,3,24.89,2024-01-02,133,46.09
07 AAA 085,Fiat,Transit,3,24.89,2024-01-03,70,15.58
07 AAA 085,Fiat,Transit,3,24.89,2024-01-04,95,32.39
07 AAA 085,Fiat,Transit,3,24.89,2024-01-05,216,55.01
07 AAA 085,Fiat,Transit,3,24.89,2024-01-06,167,58.49
07 AAA 085,Fiat,Transit,3,24.89,2024-01-07,59,14.45
07 AAA 085,Fiat,Transit,3,24.89,2024-01-08,247,81.93
07 AAA 085,Fiat,Transit,3,24.89,2024-01-09,112,39.58
07 AAA 085,Fiat,Transit,3,24.89,2024-01-10,95,27.24
07 AAA 085,Fiat,Transit,3,24.89,2024-01-11,103,25.14
07 AAA 085,Fiat,Transit,3,24.89,2024-01-12,120,32.57
07 AAA 085,Fiat,Transit,3,24.89,2024-01-13,187,42.2
07 AAA 085,Fiat,Transit,3,24.89,2024-01-14,260,63.43
07 AAA 085,Fiat,Transit,3,24.89,2024-01-15,111,27.13
07 AAA 085,Fiat,Transit,3,24.89,2024-01-16,292,83.81
07 AAA 085,Fiat,Transit,3,24.89,2024-01-17,295,105.67
07 AAA 085,Fiat,Transit,3,24.89,2024-01-18,50,17.87
07 AAA 085,Fiat,Transit,3,24.89,2024-01-19,159,42.42
07 AAA 085,Fiat,Transit,3,24.89,2024-01-20,143,34.15
07 AAA 085,Fiat,Transit,3,24.89,2024-01-21,138,49.82
07 AAA 085,Fiat,Transit,3,24.89,2024-01-22,271,73.5
07 AAA 085,Fiat,Transit,3,24.89,2024-01-23,147,35.1
07 AAA 085,Fiat,Transit,3,24.89,2024-01-24,267,91.35
07 AAA 085,Fiat,Transit,3,24.89,2024-01-25,163,36.82
07 AAA 085,Fiat,Transit,3,24.89,2024-01-26,213,68.31
07 AAA 085,Fiat,Transit,3,24.89,2024-01-27,283,70.03
07 AAA 085,Fiat,Transit,3,24.89,2024-01-28,153,34.5
07 AAA 085,Fiat,Transit,3,24.89,2024-01-29,266,68.46
07 AAA 085,Fiat,Transit,3,24.89,2024-01-30,266,75.06
07 AAA 085,Fiat,Transit,3,24.89,2024-01-31,191,57.15
07 AAA 085,Fiat,Transit,3,24.89,2024-02-01,228,55.13
07 AAA 085,Fiat,Transit,3,24.89,2024-02-02,276,61.55
07 AAA 085,Fiat,Transit,3,24.89,2024-02-03,105,22.78
07 AAA 085,Fiat,Transit,3,24.89,2024-02-04,121,31.69
07 AAA 085,Fiat,Transit,3,24.89,2024-02-05,65,19.01
07 AAA 085,Fiat,Transit,3,24.89,2024-02-06,88,31.42
07 AAA 085,Fiat,Transit,3,24.89,2024-02-07,184,56.96
07 AAA 085,Fiat,Transit,3,24.89,2024-02-08,87,29.19
07 AAA 085,Fiat,Transit,3,24.89,2024-02-09,127,29.01
07 AAA 085,Fiat,Transit,3,24.89,2024-02-10,126,46.75
07 AAA 085,Fiat,Transit,3,24.89,2024-02-11,192,60.36
07 AAA 085,Fiat,Transit,3,24.89,2024-02-12,41,12.32
07 AAA 085,Fiat,Transit,3,24.89,2024-02-13,288,82.18
07 AAA 085,Fiat,Transit,3,24.89,2024-02-14,153,32.06
07 AAA 085,Fiat,Transit,3,24.89,2024-02-15,149,36.79
07 AAA 085,Fiat,Transit,3,24.89,2024-02-16,103,34.07
07 AAA 085,Fiat,Transit,3,24.89,2024-02-17,241,84.81
07 AAA 085,Fiat,Transit,3,24.89,2024-02-18,182,58.25
07 AAA 085,Fiat,Transit,3,24.89,2024-02-19,75,23.48
07 AAA 085,Fiat,Transit,3,24.89,2024-02-20,45,9.34
07 AAA 085,Fiat,Transit,3,24.89,2024-02-21,40,8.28
07 AAA 085,Fiat,Transit,3,24.89,2024-02-22,224,51.21
07 AAA 085,Fiat,Transit,3,24.89,2024-02-23,80,27.51
07 AAA 085,Fiat,Transit,3,24.89,2024-02-24,108,35.91
07 AAA 085,Fiat,Transit,3,24.89,2024-02-25,197,59.98
07 AAA 085,Fiat,Transit,3,24.89,2024-02-26,107,39.74
07 AAA 085,Fiat,Transit,3,24.89,2024-02-27,102,37.92
07 AAA 085,Fiat,Transit,3,24.89,2024-02-28,96,27.09
07 AAA 085,Fiat,Transit,3,24.89,2024-02-29,146,40.08
07 AAA 085,Fiat,Transit,3,24.89,2024-03-01,96,20.28
07 AAA 085,Fiat,Transit,3,24.89,2024-03-02,95,26.03
07 AAA 085,Fiat,Transit,3,24.89,2024-03-03,84,17.88
07 AAA 085,Fiat,Transit,3,24.89,2024-03-04,131,39.14
07 AAA 085,Fiat,Transit,3,24.89,2024-03-05,287,59.75
07 AAA 085,Fiat,Transit,3,24.89,2024-03-06,264,94.1
07 AAA 085,Fiat,Transit,3,24.89,2024-03-07,296,81.75
07 AAA 085,Fiat,Transit,3,24.89,2024-03-08,56,11.86
07 AAA 085,Fiat,Transit,3,24.89,2024-03-09,162,52.77
07 AAA 085,Fiat,Transit,3,24.89,2024-03-10,165,34.16
07 AAA 085,Fiat,Transit,3,24.89,2024-03-11,287,81.55
07 AAA 085,Fiat,Transit,3,24.89,2024-03-12,50,12.78
07 AAA 085,Fiat,Transit,3,24.89,2024-03-13,185,48.55
07 AAA 085,Fiat,Transit,3,24.89,2024-03-14,159,52.84
07 AAA 085,Fiat,Transit,3,24.89,2024-03-15,196,55.34
07 AAA 085,Fiat,Transit,3,24.89,2024-03-16,266,81.22
07 AAA 085,Fiat,Transit,3,24.89,2024-03-17,254,57.48
07 AAA 085,Fiat,Transit,3,24.89,2024-03-18,198,55.88
07 AAA 085,Fiat,Transit,3,24.89,2024-03-19,273,90.36
07 AAA 085,Fiat,Transit,3,24.89,2024-03-20,138,51.31
07 AAA 085,Fiat,Transit,3,24.89,2024-03-21,298,78.81
07 AAA 085,Fiat,Transit,3,24.89,2024-03-22,110,32.04
07 AAA 085,Fiat,Transit,3,24.89,2024-03-23,196,70.74
07 AAA 085,Fiat,Transit,3,24.89,2024-03-24,138,31.09
07 AAA 085,Fiat,Transit,3,24.89,2024-03-25,155,34.36
07 AAA 085,Fiat,Transit,3,24.89,2024-03-26,150,32.15
07 AAA 085,Fiat,Transit,3,24.89,2024-03-27,244,70.07
07 AAA 085,Fiat,Transit,3,24.89,2024-03-28,237,86.34
07 AAA 085,Fiat,Transit,3,24.89,2024-03-29,237,88.16
07 AAA 085,Fiat,Transit,3,24.89,2024-03-30,142,35.78
07 AAA 085,Fiat,Transit,3,24.89,2024-03-31,238,76.1
07 AAA 085,Fiat,Transit,3,24.89,2024-04-01,90,23.93
07 AAA 085,Fiat,Transit,3,24.89,2024-04-02,295,68.92
07 AAA 085,Fiat,Transit,3,24.89,2024-04-03,247,83.44
07 AAA 085,Fiat,Transit,3,24.89,2024-04-04,171,41.77
07 AAA 085,Fiat,Transit,3,24.89,2024-04-05,110,26.41
07 AAA 085,Fiat,Transit,3,24.89,2024-04-06,224,55.01
07 AAA 085,Fiat,Transit,3,24.89,2024-04-07,86,28.23
07 AAA 085,Fiat,Transit,3,24.89,2024-04-08,157,52.31
07 AAA 085,Fiat,Transit,3,24.89,2024-04-09,184,54.23
07 AAA 085,Fiat,Transit,3,24.89,2024-04-10,78,18.18
07 AAA 085,Fiat,Transit,3,24.89,2024-04-11,230,60.53
07 AAA 085,Fiat,Transit,3,24.89,2024-04-12,201,65.3
07 AAA 085,Fiat,Transit,3,24.89,2024-04-13,191,71.05
07 AAA 085,Fiat,Transit,3,24.89,2024-04-14,279,80.25
07 AAA 085,Fiat,Transit,3,24.89,2024-04-15,141,40.12
07 AAA 085,Fiat,Transit,3,24.89,2024-04-16,153,42.29
07 AAA 085,Fiat,Transit,3,24.89,2024-04-17,263,72.35
07 AAA 085,Fiat,Transit,3,24.89,2024-04-18,172,38.93
07 AAA 085,Fiat,Transit,3,24.89,2024-04-19,263,67.46
07 AAA 085,Fiat,Transit,3,24.89,2024-04-20,274,100.8
07 AAA 085,Fiat,Transit,3,24.89,2024-04-21,53,18.61
07 AAA 085,Fiat,Transit,3,24.89,2024-04-22,197,54.59
07 AAA 085,Fiat,Transit,3,24.89,2024-04-23,79,22.97
07 AAA 085,Fiat,Transit,3,24.89,2024-04-24,124,34.51
07 AAA 085,Fiat,Transit,3,24.89,2024-04-25,269,80.92
07 AAA 085,Fiat,Transit,3,24.89,2024-04-26,105,24.24
07 AAA 085,Fiat,Transit,3,24.89,2024-04-27,288,99.11
07 AAA 085,Fiat,Transit,3,24.89,2024-04-28,209,50.36
07 AAA 085,Fiat,Transit,3,24.89,2024-04-29,120,37.11
07 AAA 086,Fiat,Transit,3,25.79,2024-01-01,290,83.02
07 AAA 086,Fiat,Transit,3,25.79,2024-01-02,233,87.98
07 AAA 086,Fiat,Transit,3,25.79,2024-01-03,80,30.36
07 AAA 086,Fiat,Transit,3,25.79,2024-01-04,238,68.07
07 AAA 086,Fiat,Transit,3,25.79,2024-01-05,53,11.36
07 AAA 086,Fiat,Transit,3,25.79,2024-01-06,176,67.65
07 AAA 086,Fiat,Transit,3,25.79,2024-01-07,300,78.25
07 AAA 086,Fiat,Transit,3,25.79,2024-01-08,217,48.09
07 AAA 086,Fiat,Transit,3,25.79,2024-01-09,225,76.57
07 AAA 086,Fiat,Transit,3,25.79,2024-01-10,78,17.7
07 AAA 086,Fiat,Transit,3,25.79,2024-01-11,167,36.07
07 AAA 086,Fiat,Transit,3,25.79,2024-01-12,49,13.62
07 AAA 086,Fiat,Transit,3,25.79,2024-01-13,126,31.05
07 AAA 086,Fiat,Transit,3,25.79,2024-01-14,145,51.0
07 AAA 086,Fiat,Transit,3,25.79,2024-01-15,145,29.99
07 AAA 086,Fiat,Transit,3,25.79,2024-01-16,203,61.44
07 AAA 086,Fiat,Transit,3,25.79,2024-01-17,89,28.37
07 AAA 086,Fiat,Transit,3,25.79,2024-01-18,47,16.96
07 AAA 086,Fiat,Transit,3,25.79,2024-01-19,143,40.06
07 AAA 086,Fiat,Transit,3,25.79,2024-01-20,168,62.66
07 AAA 086,Fiat,Transit,3,25.79,2024-01-21,156,60.03
07 AAA 086,Fiat,Transit,3,25.79,2024-01-22,117,29.51
07 AAA 086,Fiat,Transit,3,25.79,2024-01-23,163,53.77
07 AAA 086,Fiat,Transit,3,25.79,2024-01-24,97,27.91
07 AAA 086,Fiat,Transit,3,25.79,2024-01-25,109,27.89
07 AAA 086,Fiat,Transit,3,25.79,2024-01-26,139,41.17
07 AAA 086,Fiat,Transit,3,25.79,2024-01-27,289,98.78
07 AAA 086,Fiat,Transit,3,25.79,2024-01-28,61,13.23
07 AAA 086,Fiat,Transit,3,25.79,2024-01-29,242,53.19
07 AAA 086,Fiat,Transit,3,25.79,2024-01-30,67,19.88
07 AAA 086,Fiat,Transit,3,25.79,2024-01-31,255,70.8
07 AAA 086,Fiat,Transit,3,25.79,2024-02-01,121,45.69
07 AAA 086,Fiat,Transit,3,25.79,2024-02-02,136,47.8
07 AAA 086,Fiat,Transit,3,25.79,2024-02-03,297,85.31
07 AAA 086,Fiat,Transit,3,25.79,2024-02-04,150,52.05
07 AAA 086,Fiat,Transit,3,25.79,2024-02-05,271,89.63
07 AAA 086,Fiat,Transit,3,25.79,2024-02-06,122,34.22
07 AAA 086,Fiat,Transit,3,25.79,2024-02-07,246,87.94
07 AAA 086,Fiat,Transit,3,25.79,2024-02-08,258,87.88
07 AAA 086,Fiat,Transit,3,25.79,2024-02-09,156,50.5
07 AAA 086,Fiat,Transit,3,25.79,2024-02-10,130,42.29
07 AAA 086,Fiat,Transit,3,25.79,2024-02-11,121,32.47
07 AAA 086,Fiat,Transit,3,25.79,2024-02-12,178,37.84
07 AAA 086,Fiat,Transit,3,25.79,2024-02-13,212,60.61
07 AAA 086,Fiat,Transit,3,25.79,2024-02-14,215,54.2
07 AAA 086,Fiat,Transit,3,25.79,2024-02-15,168,54.58
07 AAA 086,Fiat,Transit,3,25.79,2024-02-16,97,30.19
07 AAA 086,Fiat,Transit,3,25.79,2024-02-17,43,12.79
07 AAA 086,Fiat,Transit,3,25.79,2024-02-18,179,55.92
07 AAA 086,Fiat,Transit,3,25.79,2024-02-19,217,52.82
07 AAA 086,Fiat,Transit,3,25.79,2024-02-20,179,51.7
07 AAA 086,Fiat,Transit,3,25.79,2024-02-21,199,70.09
07 AAA 086,Fiat,Transit,3,25.79,2024-02-22,135,33.79
07 AAA 086,Fiat,Transit,3,25.79,2024-02-23,97,27.92
07 AAA 086,Fiat,Transit,3,25.79,2024-02-24,129,39.46
07 AAA 086,Fiat,Transit,3,25.79,2024-02-25,239,53.41
07 AAA 086,Fiat,Transit,3,25.79,2024-02-26,235,63.27
07 AAA 086,Fiat,Transit,3,25.79,2024-02-27,148,43.15
07 AAA 086,Fiat,Transit,3,25.79,2024-02-28,40,8.33
07 AAA 086,Fiat,Transit,3,25.79,2024-02-29,74,21.01
07 AAA 086,Fiat,Transit,3,25.79,2024-03-01,171,37.14
07 AAA 086,Fiat,Transit,3,25.79,2024-03-02,265,96.71
07 AAA 086,Fiat,Transit,3,25.79,2024-03-03,265,99.6
07 AAA 086,Fiat,Transit,3,25.79,2024-03-04,75,27.18
07 AAA 086,Fiat,Transit,3,25.79,2024-03-05,105,31.84
07 AAA 086,Fiat,Transit,3,25.79,2024-03-06,46,9.87
07 AAA 086,Fiat,Transit,3,25.79,2024-03-07,72,27.59
07 AAA 086,Fiat,Transit,3,25.79,2024-03-08,134,46.97
07 AAA 086,Fiat,Transit,3,25.79,2024-03-09,124,40.09
07 AAA 086,Fiat,Transit,3,25.79,2024-03-10,177,44.57
07 AAA 086,Fiat,Transit,3,25.79,2024-03-11,273,97.66
07 AAA 086,Fiat,Transit,3,25.79,2024-03-12,108,24.11
07 AAA 086,Fiat,Transit,3,25.79,2024-03-13,210,54.95
07 AAA 086,Fiat,Transit,3,25.79,2024-03-14,291,108.87
07 AAA 086,Fiat,Transit,3,25.79,2024-03-15,175,57.88
07 AAA 086,Fiat,Transit,3,25.79,2024-03-16,104,39.63
07 AAA 086,Fiat,Transit,3,25.79,2024-03-17,129,44.87
07 AAA 086,Fiat,Transit,3,25.79,2024-03-18,227,52.23
07 AAA 086,Fiat,Transit,3,25.79,2024-03-19,140,33.84
07 AAA 086,Fiat,Transit,3,25.79,2024-03-20,82,20.92
07 AAA 086,Fiat,Transit,3,25.79,2024-03-21,181,44.24
07 AAA 086,Fiat,Transit,3,25.79,2024-03-22,227,84.76
07 AAA 086,Fiat,Transit,3,25.79,2024-03-23,47,12.5
07 AAA 086,Fiat,Transit,3,25.79,2024-03-24,84,20.04
07 AAA 086,Fiat,Transit,3,25.79,2024-03-25,80,18.99
07 AAA 086,Fiat,Transit,3,25.79,2024-03-26,233,63.32
07 AAA 086,Fiat,Transit,3,25.79,2024-03-27,148,38.38
07 AAA 086,Fiat,Transit,3,25.79,2024-03-28,138,47.68
07 AAA 086,Fiat,Transit,3,25.79,2024-03-29,61,13.7
07 AAA 086,Fiat,Transit,3,25.79,2024-03-30,208,64.64
07 AAA 086,Fiat,Transit,3,25.79,2024-03-31,278,83.88
07 AAA 086,Fiat,Transit,3,25.79,2024-04-01,288,62.46
07 AAA 086,Fiat,Transit,3,25.79,2024-04-02,153,43.89
07 AAA 086,Fiat,Transit,3,25.79,2024-04-03,126,32.95
07 AAA 086,Fiat,Transit,3,25.79,2024-04-04,49,14.19
07 AAA 086,Fiat,Transit,3,25.79,2024-04-05,253,80.3
07 AAA 086,Fiat,Transit,3,25.79,2024-04-06,298,81.59
07 AAA 086,Fiat,Transit,3,25.79,2024-04-07,140,49.9
07 AAA 086,Fiat,Transit,3,25.79,2024-04-08,195,64.74
07 AAA 086,Fiat,Transit,3,25.79,2024-04-09,203,76.16
07 AAA 086,Fiat,Transit,3,25.79,2024-04-10,40,9.89
07 AAA 086,Fiat,Transit,3,25.79,2024-04-11,170,42.26
07 AAA 086,Fiat,Transit,3,25.79,2024-04-12,291,62.07
07 AAA 086,Fiat,Transit,3,25.79,2024-04-13,160,55.59
07 AAA 086,Fiat,Transit,3,25.79,2024-04-14,262,87.34
07 AAA 086,Fiat,Transit,3,25.79,2024-04-15,208,76.84
07 AAA 086,Fiat,Transit,3,25.79,2024-04-16,177,42.37
07 AAA 086,Fiat,Transit,3,25.79,2024-04-17,55,17.44
07 AAA 086,Fiat,Transit,3,25.79,2024-04-18,130,29.17
07 AAA 086,Fiat,Transit,3,25.79,2024-04-19,285,89.35
07 AAA 086,Fiat,Transit,3,25.79,2024-04-20,299,66.45
07 AAA 086,Fiat,Transit,3,25.79,2024-04-21,265,80.99
07 AAA 086,Fiat,Transit,3,25.79,2024-04-22,183,46.24
07 AAA 086,Fiat,Transit,3,25.79,2024-04-23,205,44.81
07 AAA 086,Fiat,Transit,3,25.79,2024-04-24,190,54.95
07 AAA 086,Fiat,Transit,3,25.79,2024-04-25,151,33.34
07 AAA 086,Fiat,Transit,3,25.79,2024-04-26,41,8.81
07 AAA 086,Fiat,Transit,3,25.79,2024-04-27,98,32.86
07 AAA 086,Fiat,Transit,3,25.79,2024-04-28,79,23.69
07 AAA 086,Fiat,Transit,3,25.79,2024-04-29,85,23.43
07 AAA 087,Ford,Doblo,1,12.64,2024-01-01,66,6.94
07 AAA 087,Ford,Doblo,1,12.64,2024-01-02,96,11.8
07 AAA 087,Ford,Doblo,1,12.64,2024-01-03,118,15.53
07 AAA 087,Ford,Doblo,1,12.64,2024-01-04,115,13.93
07 AAA 087,Ford,Doblo,1,12.64,2024-01-05,295,55.76
07 AAA 087,Ford,Doblo,1,12.64,2024-01-06,91,11.34
07 AAA 087,Ford,Doblo,1,12.64,2024-01-07,120,18.7
07 AAA 087,Ford,Doblo,1,12.64,2024-01-08,116,13.34
07 AAA 087,Ford,Doblo,1,12.64,2024-01-09,298,32.46
07 AAA 087,Ford,Doblo,1,12.64,2024-01-10,43,6.37
07 AAA 087,Ford,Doblo,1,12.64,2024-01-11,294,48.88
07 AAA 087,Ford,Doblo,1,12.64,2024-01-12,269,30.25
07 AAA 087,Ford,Doblo,1,12.64,2024-01-13,62,7.11
07 AAA 087,Ford,Doblo,1,12.64,2024-01-14,90,15.17
07 AAA 087,Ford,Doblo,1,12.64,2024-01-15,75,12.78
07 AAA 087,Ford,Doblo,1,12.64,2024-01-16,150,22.19
07 AAA 087,Ford,Doblo,1,12.64,2024-01-17,239,41.64
07 AAA 087,Ford,Doblo,1,12.64,2024-01-18,218,37.65
07 AAA 087,Ford,Doblo,1,12.64,2024-01-19,289,37.59
07 AAA 087,Ford,Doblo,1,12.64,2024-01-20,300,47.47
07 AAA 087,Ford,Doblo,1,12.64,2024-01-21,179,30.34
07 AAA 087,Ford,Doblo,1,12.64,2024-01-22,154,26.68
07 AAA 087,Ford,Doblo,1,12.64,2024-01-23,81,13.99
07 AAA 087,Ford,Doblo,1,12.64,2024-01-24,54,10.23
07 AAA 087,Ford,Doblo,1,12.64,2024-01-25,47,8.24
07 AAA 087,Ford,Doblo,1,12.64,2024-01-26,180,23.52
07 AAA 087,Ford,Doblo,1,12.64,2024-01-27,180,33.63
07 AAA 087,Ford,Doblo,1,12.64,2024-01-28,136,19.18
07 AAA 087,Ford,Doblo,1,12.64,2024-01-29,133,19.58
07 AAA 087,Ford,Doblo,1,12.64,2024-01-30,200,32.88
07 AAA 087,Ford,Doblo,1,12.64,2024-01-31,98,16.73
07 AAA 087,Ford,Doblo,1,12.64,2024-02-01,121,16.28
07 AAA 087,Ford,Doblo,1,12.64,2024-02-02,207,21.94
07 AAA 087,Ford,Doblo,1,12.64,2024-02-03,207,35.45
07 AAA 087,Ford,Doblo,1,12.64,2024-02-04,224,30.28
07 AAA 087,Ford,Doblo,1,12.64,2024-02-05,159,27.85
07 AAA 087,Ford,Doblo,1,12.64,2024-02-06,103,11.02
07 AAA 087,Ford,Doblo,1,12.64,2024-02-07,263,38.29
07 AAA 087,Ford,Doblo,1,12.64,2024-02-08,269,27.3
07 AAA 087,Ford,Doblo,1,12.64,2024-02-09,116,18.24
07 AAA 087,Ford,Doblo,1,12.64,2024-02-10,291,42.45
07 AAA 087,Ford,Doblo,1,12.64,2024-02-11,257,30.95
07 AAA 087,Ford,Doblo,1,12.64,2024-02-12,55,8.21
07 AAA 087,Ford,Doblo,1,12.64,2024-02-13,163,18.26
07 AAA 087,Ford,Doblo,1,12.64,2024-02-14,265,48.7
07 AAA 087,Ford,Doblo,1,12.64,2024-02-15,131,19.95
07 AAA 087,Ford,Doblo,1,12.64,2024-02-16,81,13.04
07 AAA 087,Ford,Doblo,1,12.64,2024-02-17,84,10.78
07 AAA 087,Ford,Doblo,1,12.64,2024-02-18,43,5.03
07 AAA 087,Ford,Doblo,1,12.64,2024-02-19,197,25.19
07 AAA 087,Ford,Doblo,1,12.64,2024-02-20,295,50.8
07 AAA 087,Ford,Doblo,1,12.64,2024-02-21,91,9.62
07 AAA 087,Ford,Doblo,1,12.64,2024-02-22,195,33.48
07 AAA 087,Ford,Doblo,1,12.64,2024-02-23,179,28.37
07 AAA 087,Ford,Doblo,1,12.64,2024-02-24,183,28.39
07 AAA 087,Ford,Doblo,1,12.64,2024-02-25,257,42.81
07 AAA 087,Ford,Doblo,1,12.64,2024-02-26,91,12.79
07 AAA 087,Ford,Doblo,1,12.64,2024-02-27,210,31.81
07 AAA 087,Ford,Doblo,1,12.64,2024-02-28,84,15.35
07 AAA 087,Ford,Doblo,1,12.64,2024-02-29,215,38.26
07 AAA 087,Ford,Doblo,1,12.64,2024-03-01,55,8.94
07 AAA 087,Ford,Doblo,1,12.64,2024-03-02,217,27.96
07 AAA 087,Ford,Doblo,1,12.64,2024-03-03,134,18.43
07 AAA 087,Ford,Doblo,1,12.64,2024-03-04,65,10.96
07 AAA 087,Ford,Doblo,1,12.64,2024-03-05,295,36.81
07 AAA 087,Ford,Doblo,1,12.64,2024-03-06,173,24.62
07 AAA 087,Ford,Doblo,1,12.64,2024-03-07,116,12.34
07 AAA 087,Ford,Doblo,1,12.64,2024-03-08,246,33.61
07 AAA 087,Ford,Doblo,1,12.64,2024-03-09,89,9.81
07 AAA 087,Ford,Doblo,1,12.64,2024-03-10,48,5.6
07 AAA 087,Ford,Doblo,1,12.64,2024-03-11,45,7.25
07 AAA 087,Ford,Doblo,1,12.64,2024-03-12,149,24.98
07 AAA 087,Ford,Doblo,1,12.64,2024-03-13,152,25.8
07 AAA 087,Ford,Doblo,1,12.64,2024-03-14,264,30.07
07 AAA 087,Ford,Doblo,1,12.64,2024-03-15,239,37.88
07 AAA 087,Ford,Doblo,1,12.64,2024-03-16,232,27.81
07 AAA 087,Ford,Doblo,1,12.64,2024-03-17,89,13.5
07 AAA 087,Ford,Doblo,1,12.64,2024-03-18,281,53.11
07 AAA 087,Ford,Doblo,1,12.64,2024-03-19,125,17.27
07 AAA 087,Ford,Doblo,1,12.64,2024-03-20,167,31.48
07 AAA 087,Ford,Doblo,1,12.64,2024-03-21,57,6.99
07 AAA 087,Ford,Doblo,1,12.64,2024-03-22,275,49.83
07 AAA 087,Ford,Doblo,1,12.64,2024-03-23,188,35.45
07 AAA 087,Ford,Doblo,1,12.64,2024-03-24,104,10.62
07 AAA 087,Ford,Doblo,1,12.64,2024-03-25,116,20.41
07 AAA 087,Ford,Doblo,1,12.64,2024-03-26,223,35.91
07 AAA 087,Ford,Doblo,1,12.64,2024-03-27,213,35.26
07 AAA 087,Ford,Doblo,1,12.64,2024-03-28,62,8.8
07 AAA 087,Ford,Doblo,1,12.64,2024-03-29,194,34.13
07 AAA 087,Ford,Doblo,1,12.64,2024-03-30,165,29.37
07 AAA 087,Ford,Doblo,1,12.64,2024-03-31,209,23.42
07 AAA 087,Ford,Doblo,1,12.64,2024-04-01,139,23.15
07 AAA 087,Ford,Doblo,1,12.64,2024-04-02,126,19.54
07 AAA 087,Ford,Doblo,1,12.64,2024-04-03,251,34.09
07 AAA 087,Ford,Doblo,1,12.64,2024-04-04,165,21.24
07 AAA 087,Ford,Doblo,1,12.64,2024-04-05,208,35.44
07 AAA 087,Ford,Doblo,1,12.64,2024-04-06,291,33.11
07 AAA 087,Ford,Doblo,1,12.64,2024-04-07,205,29.74
07 AAA 087,Ford,Doblo,1,12.64,2024-04-08,118,15.53
07 AAA 087,Ford,Doblo,1,12.64,2024-04-09,186,26.37
07 AAA 087,Ford,Doblo,1,12.64,2024-04-10,106,11.9
07 AAA 087,Ford,Doblo,1,12.64,2024-04-11,270,27.61
07 AAA 087,Ford,Doblo,1,12.64,2024-04-12,130,13.2
07 AAA 087,Ford,Doblo,1,12.64,2024-04-13,100,12.06
07 AAA 087,Ford,Doblo,1,12.64,2024-04-14,84,12.43
07 AAA 087,Ford,Doblo,1,12.64,2024-04-15,268,50.26
07 AAA 087,Ford,Doblo,1,12.64,2024-04-16,169,31.57
07 AAA 087,Ford,Doblo,1,12.64,2024-04-17,46,7.89
07 AAA 087,Ford,Doblo,1,12.64,2024-04-18,297,49.72
07 AAA 087,Ford,Doblo,1,12.64,2024-04-19,212,30.27
07 AAA 087,Ford,Doblo,1,12.64,2024-04-20,80,14.43
07 AAA 087,Ford,Doblo,1,12.64,2024-04-21,220,33.15
07 AAA 087,Ford,Doblo,1,12.64,2024-04-22,104,16.31
07 AAA 087,Ford,Doblo,1,12.64,2024-04-23,198,23.55
07 AAA 087,Ford,Doblo,1,12.64,2024-04-24,245,41.34
07 AAA 087,Ford,Doblo,1,12.64,2024-04-25,182,25.4
07 AAA 087,Ford,Doblo,1,12.64,2024-04-26,82,11.72
07 AAA 087,Ford,Doblo,1,12.64,2024-04-27,138,15.55
07 AAA 087,Ford,Doblo,1,12.64,2024-04-28,65,9.37
07 AAA 087,Ford,Doblo,1,12.64,2024-04-29,144,16.85
07 AAA 088,Peugeot,Doblo,4,8.15,2024-01-01,109,11.1
07 AAA 088,Peugeot,Doblo,4,8.15,2024-01-02,259,29.58
07 AAA 088,Peugeot,Doblo,4,8.15,2024-01-03,274,32.16
07 AAA 088,Peugeot,Doblo,4,8.15,2024-01-04,84,7.17
07 AAA 088,Peugeot,Doblo,4,8.15,2024-01-05,268,24.59
07 AAA 088,Peugeot,Doblo,4,8.15,2024-01-06,55,5.25
07 AAA 088,Peugeot,Doblo,4,8.15,2024-01-07,120,11.48
07 AAA 088,Peugeot,Doblo,4,8.15,2024-01-08,256,25.11
07 AAA 088,Peugeot,Doblo,4,8.15,2024-01-09,130,8.94
07 AAA 088,Peugeot,Doblo,4,8.15,2024-01-10,64,4.31
07 AAA 088,Peugeot,Doblo,4,8.15,2024-01-11,295,34.39
07 AAA 088,Peugeot,Doblo,4,8.15,2024-01-12,226,24.08
07 AAA 088,Peugeot,Doblo,4,8.15,2024-01-13,243,19.55
07 AAA 088,Peugeot,Doblo,4,8.15,2024-01-14,144,14.44
07 AAA 088,Peugeot,Doblo,4,8.15,2024-01-15,111,7.46
07 AAA 088,Peugeot,Doblo,4,8.15,2024-01-16,244,24.64
07 AAA 088,Peugeot,Doblo,4,8.15,2024-01-17,292,32.33
07 AAA 088,Peugeot,Doblo,4,8.15,2024-01-18,146,9.96
07 AAA 088,Peugeot,Doblo,4,8.15,2024-01-19,41,4.05
07 AAA 088,Peugeot,Doblo,4,8.15,2024-01-20,47,5.48
07 AAA 088,Peugeot,Doblo,4,8.15,2024-01-21,270,26.21
07 AAA 088,Peugeot,Doblo,4,8.15,2024-01-22,83,8.12
07 AAA 088,Peugeot,Doblo,4,8.15,2024-01-23,174,12.2
07 AAA 088,Peugeot,Doblo,4,8.15,2024-01-24,180,19.95
07 AAA 088,Peugeot,Doblo,4,8.15,2024-01-25,173,18.88
07 AAA 088,Peugeot,Doblo,4,8.15,2024-01-26,280,27.63
07 AAA 088,Peugeot,Doblo,4,8.15,2024-01-27,107,10.25
07 AAA 088,Peugeot,Doblo,4,8.15,2024-01-28,94,6.32
07 AAA 088,Peugeot,Doblo,4,8.15,2024-01-29,114,8.77
07 AAA 088,Peugeot,Doblo,4,8.15,2024-01-30,134,9.26
07 AAA 088,Peugeot,Doblo,4,8.15,2024-01-31,131,8.97
07 AAA 088,Peugeot,Doblo,4,8.15,2024-02-01,297,27.63
07 AAA 088,Peugeot,Doblo,4,8.15,2024-02-02,200,24.26
07 AAA 088,Peugeot,Doblo,4,8.15,2024-02-03,217,17.6
07 AAA 088,Peugeot,Doblo,4,8.15,2024-02-04,171,12.7
07 AAA 088,Peugeot,Doblo,4,8.15,2024-02-05,225,25.92
07 AAA 088,Peugeot,Doblo,4,8.15,2024-02-06,174,20.81
07 AAA 088,Peugeot,Doblo,4,8.15,2024-02-07,220,21.43
07 AAA 088,Peugeot,Doblo,4,8.15,2024-02-08,123,14.26
07 AAA 088,Peugeot,Doblo,4,8.15,2024-02-09,275,23.69
07 AAA 088,Peugeot,Doblo,4,8.15,2024-02-10,121,13.97
07 AAA 088,Peugeot,Doblo,4,8.15,2024-02-11,109,9.5
07 AAA 088,Peugeot,Doblo,4,8.15,2024-02-12,196,21.99
07 AAA 088,Peugeot,Doblo,4,8.15,2024-02-13,106,12.43
07 AAA 088,Peugeot,Doblo,4,8.15,2024-02-14,43,4.49
07 AAA 088,Peugeot,Doblo,4,8.15,2024-02-15,194,14.58
07 AAA 088,Peugeot,Doblo,4,8.15,2024-02-16,139,10.23
07 AAA 088,Peugeot,Doblo,4,8.15,2024-02-17,236,23.65
07 AAA 088,Peugeot,Doblo,4,8.15,2024-02-18,78,7.15
07 AAA 088,Peugeot,Doblo,4,8.15,2024-02-19,168,15.94
07 AAA 088,Peugeot,Doblo,4,8.15,2024-02-20,118,10.47
07 AAA 088,Peugeot,Doblo,4,8.15,2024-02-21,199,20.8
07 AAA 088,Peugeot,Doblo,4,8.15,2024-02-22,57,4.37
07 AAA 088,Peugeot,Doblo,4,8.15,2024-02-23,235,25.5
07 AAA 088,Peugeot,Doblo,4,8.15,2024-02-24,202,17.94
07 AAA 088,Peugeot,Doblo,4,8.15,2024-02-25,59,6.64
07 AAA 088,Peugeot,Doblo,4,8.15,2024-02-26,194,19.91
07 AAA 088,Peugeot,Doblo,4,8.15,2024-02-27,158,12.76
07 AAA 088,Peugeot,Doblo,4,8.15,2024-02-28,83,6.76
07 AAA 088,Peugeot,Doblo,4,8.15,2024-02-29,300,33.16
07 AAA 088,Peugeot,Doblo,4,8.15,2024-03-01,295,28.2
07 AAA 088,Peugeot,Doblo,4,8.15,2024-03-02,117,13.15
07 AAA 088,Peugeot,Doblo,4,8.15,2024-03-03,93,8.06
07 AAA 088,Peugeot,Doblo,4,8.15,2024-03-04,73,8.14
07 AAA 088,Peugeot,Doblo,4,8.15,2024-03-05,53,4.41
07 AAA 088,Peugeot,Doblo,4,8.15,2024-03-06,191,18.92
07 AAA 088,Peugeot,Doblo,4,8.15,2024-03-07,278,20.25
07 AAA 088,Peugeot,Doblo,4,8.15,2024-03-08,54,5.33
07 AAA 088,Peugeot,Doblo,4,8.15,2024-03-09,243,18.02
07 AAA 088,Peugeot,Doblo,4,8.15,2024-03-10,75,7.15
07 AAA 088,Peugeot,Doblo,4,8.15,2024-03-11,263,25.91
07 AAA 088,Peugeot,Doblo,4,8.15,2024-03-12,224,26.49
07 AAA 088,Peugeot,Doblo,4,8.15,2024-03-13,217,15.88
07 AAA 088,Peugeot,Doblo,4,8.15,2024-03-14,181,18.62
07 AAA 088,Peugeot,Doblo,4,8.15,2024-03-15,236,19.39
07 AAA 088,Peugeot,Doblo,4,8.15,2024-03-16,164,17.98
07 AAA 088,Peugeot,Doblo,4,8.15,2024-03-17,232,25.71
07 AAA 088,Peugeot,Doblo,4,8.15,2024-03-18,147,16.48
07 AAA 088,Peugeot,Doblo,4,8.15,2024-03-19,271,28.6
07 AAA 088,Peugeot,Doblo,4,8.15,2024-03-20,270,25.49
07 AAA 088,Peugeot,Doblo,4,8.15,2024-03-21,209,19.92
07 AAA 088,Peugeot,Doblo,4,8.15,2024-03-22,193,12.61
07 AAA 088,Peugeot,Doblo,4,8.15,2024-03-23,204,13.96
07 AAA 088,Peugeot,Doblo,4,8.15,2024-03-24,144,15.69
07 AAA 088,Peugeot,Doblo,4,8.15,2024-03-25,254,21.79
07 AAA 088,Peugeot,Doblo,4,8.15,2024-03-26,202,15.33
07 AAA 088,Peugeot,Doblo,4,8.15,2024-03-27,78,6.39
07 AAA 088,Peugeot,Doblo,4,8.15,2024-03-28,52,5.44
07 AAA 088,Peugeot,Doblo,4,8.15,2024-03-29,71,5.61
07 AAA 088,Peugeot,Doblo,4,8.15,2024-03-30,230,18.23
07 AAA 088,Peugeot,Doblo,4,8.15,2024-03-31,286,33.3
07 AAA 088,Peugeot,Doblo,4,8.15,2024-04-01,163,14.18
07 AAA 088,Peugeot,Doblo,4,8.15,2024-04-02,119,12.7
07 AAA 088,Peugeot,Doblo,4,8.15,2024-04-03,130,15.17
07 AAA 088,Peugeot,Doblo,4,8.15,2024-04-04,294,24.1
07 AAA 088,Peugeot,Doblo,4,8.15,2024-04-05,159,19.22
07 AAA 088,Peugeot,Doblo,4,8.15,2024-04-06,110,7.21
07 AAA 088,Peugeot,Doblo,4,8.15,2024-04-07,143,9.56
07 AAA 088,Peugeot,Doblo,4,8.15,2024-04-08,133,15.05
07 AAA 088,Peugeot,Doblo,4,8.15,2024-04-09,183,12.91
07 AAA 088,Peugeot,Doblo,4,8.15,2024-04-10,45,4.36
07 AAA 088,Peugeot,Doblo,4,8.15,2024-04-11,83,10.13
07 AAA 088,Peugeot,Doblo,4,8.15,2024-04-12,135,11.09
07 AAA 088,Peugeot,Doblo,4,8.15,2024-04-13,103,12.4
07 AAA 088,Peugeot,Doblo,4,8.15,2024-04-14,209,19.35
07 AAA 088,Peugeot,Doblo,4,8.15,2024-04-15,262,27.79
07 AAA 088,Peugeot,Doblo,4,8.15,2024-04-16,187,22.41
07 AAA 088,Peugeot,Doblo,4,8.15,2024-04-17,103,7.31
07 AAA 088,Peugeot,Doblo,4,8.15,2024-04-18,125,9.52
07 AAA 088,Peugeot,Doblo,4,8.15,2024-04-19,168,15.38
07 AAA 088,Peugeot,Doblo,4,8.15,2024-04-20,155,16.2
07 AAA 088,Peugeot,Doblo,4,8.15,2024-04-21,155,12.78
07 AAA 088,Peugeot,Doblo,4,8.15,2024-04-22,204,24.54
07 AAA 088,Peugeot,Doblo,4,8.15,2024-04-23,214,19.96
07 AAA 088,Peugeot,Doblo,4,8.15,2024-04-24,204,17.03
07 AAA 088,Peugeot,Doblo,4,8.15,2024-04-25,141,15.12
07 AAA 088,Peugeot,Doblo,4,8.15,2024-04-26,127,14.5
07 AAA 088,Peugeot,Doblo,4,8.15,2024-04-27,199,13.1
07 AAA 088,Peugeot,Doblo,4,8.15,2024-04-28,185,20.64
07 AAA 088,Peugeot,Doblo,4,8.15,2024-04-29,238,19.25
07 AAA 089,Volkswagen,Doblo,2,10.8,2024-01-01,215,26.66
07 AAA 089,Volkswagen,Doblo,2,10.8,2024-01-02,234,37.81
07 AAA 089,Volkswagen,Doblo,2,10.8,2024-01-03,127,15.99
07 AAA 089,Volkswagen,Doblo,2,10.8,2024-01-04,91,9.51
07 AAA 089,Volkswagen,Doblo,2,10.8,2024-01-05,182,29.02
07 AAA 089,Volkswagen,Doblo,2,10.8,2024-01-06,290,29.19
07 AAA 089,Volkswagen,Doblo,2,10.8,2024-01-07,115,10.49
07 AAA 089,Volkswagen,Doblo,2,10.8,2024-01-08,199,19.46
07 AAA 089,Volkswagen,Doblo,2,10.8,2024-01-09,132,14.88
07 AAA 089,Volkswagen,Doblo,2,10.8,2024-01-10,43,5.34
07 AAA 089,Volkswagen,Doblo,2,10.8,2024-01-11,119,18.35
07 AAA 089,Volkswagen,Doblo,2,10.8,2024-01-12,243,21.84
07 AAA 089,Volkswagen,Doblo,2,10.8,2024-01-13,161,23.58
07 AAA 089,Volkswagen,Doblo,2,10.8,2024-01-14,130,14.26
07 AAA 089,Volkswagen,Doblo,2,10.8,2024-01-15,283,32.66
07 AAA 089,Volkswagen,Doblo,2,10.8,2024-01-16,111,15.09
07 AAA 089,Volkswagen,Doblo,2,10.8,2024-01-17,294,35.4
07 AAA 089,Volkswagen,Doblo,2,10.8,2024-01-18,53,6.87
07 AAA 089,Volkswagen,Doblo,2,10.8,2024-01-19,242,22.31
07 AAA 089,Volkswagen,Doblo,2,10.8,2024-01-20,111,11.79
07 AAA 089,Volkswagen,Doblo,2,10.8,2024-01-21,206,17.96
07 AAA 089,Volkswagen,Doblo,2,10.8,2024-01-22,261,30.1
07 AAA 089,Volkswagen,Doblo,2,10.8,2024-01-23,111,10.14
07 AAA 089,Volkswagen,Doblo,2,10.8,2024-01-24,207,18.07
07 AAA 089,Volkswagen,Doblo,2,10.8,2024-01-25,136,21.72
07 AAA 089,Volkswagen,Doblo,2,10.8,2024-01-26,91,11.33
07 AAA 089,Volkswagen,Doblo,2,10.8,2024-01-27,93,8.16
07 AAA 089,Volkswagen,Doblo,2,10.8,2024-01-28,55,4.89
07 AAA 089,Volkswagen,Doblo,2,10.8,2024-01-29,202,20.61
07 AAA 089,Volkswagen,Doblo,2,10.8,2024-01-30,62,8.32
07 AAA 089,Volkswagen,Doblo,2,10.8,2024-01-31,102,9.49
07 AAA 089,Volkswagen,Doblo,2,10.8,2024-02-01,142,15.38
07 AAA 089,Volkswagen,Doblo,2,10.8,2024-02-02,177,24.27
07 AAA 089,Volkswagen,Doblo,2,10.8,2024-02-03,240,27.07
07 AAA 089,Volkswagen,Doblo,2,10.8,2024-02-04,100,8.88
07 AAA 089,Volkswagen,Doblo,2,10.8,2024-02-05,247,34.56
07 AAA 089,Volkswagen,Doblo,2,10.8,2024-02-06,119,13.96
07 AAA 089,Volkswagen,Doblo,2,10.8,2024-02-07,295,40.02
07 AAA 089,Volkswagen,Doblo,2,10.8,2024-02-08,204,24.23
07 AAA 089,Volkswagen,Doblo,2,10.8,2024-02-09,250,29.46
07 AAA 089,Volkswagen,Doblo,2,10.8,2024-02-10,112,15.45
07 AAA 089,Volkswagen,Doblo,2,10.8,2024-02-11,221,31.16
07 AAA 089,Volkswagen,Doblo,2,10.8,2024-02-12,99,10.5
07 AAA 089,Volkswagen,Doblo,2,10.8,2024-02-13,200,17.45
07 AAA 089,Volkswagen,Doblo,2,10.8,2024-02-14,191,23.85
07 AAA 089,Volkswagen,Doblo,2,10.8,2024-02-15,139,20.05
07 AAA 089,Volkswagen,Doblo,2,10.8,2024-02-16,295,26.9
07 AAA 089,Volkswagen,Doblo,2,10.8,2024-02-17,254,32.44
07 AAA 089,Volkswagen,Doblo,2,10.8,2024-02-18,79,9.61
07 AAA 089,Volkswagen,Doblo,2,10.8,2024-02-19,80,7.32
07 AAA 089,Volkswagen,Doblo,2,10.8,2024-02-20,182,19.25
07 AAA 089,Volkswagen,Doblo,2,10.8,2024-02-21,250,33.54
07 AAA 089,Volkswagen,Doblo,2,10.8,2024-02-22,127,15.59
07 AAA 089,Volkswagen,Doblo,2,10.8,2024-02-23,293,44.77
07 AAA 089,Volkswagen,Doblo,2,10.8,2024-02-24,73,9.7
07 AAA 089,Volkswagen,Doblo,2,10.8,2024-02-25,248,26.35
07 AAA 089,Volkswagen,Doblo,2,10.8,2024-02-26,189,23.56
07 AAA 089,Volkswagen,Doblo,2,10.8,2024-02-27,286,32.1
07 AAA 089,Volkswagen,Doblo,2,10.8,2024-02-28,76,8.54
07 AAA 089,Volkswagen,Doblo,2,10.8,2024-02-29,245,31.0
07 AAA 089,Volkswagen,Doblo,2,10.8,2024-03-01,138,21.42
07 AAA 089,Volkswagen,Doblo,2,10.8,2024-03-02,215,26.49
07 AAA 089,Volkswagen,Doblo,2,10.8,2024-03-03,110,10.64
07 AAA 089,Volkswagen,Doblo,2,10.8,2024-03-04,169,18.08
07 AAA 089,Volkswagen,Doblo,2,10.8,2024-03-05,79,7.26
07 AAA 089,Volkswagen,Doblo,2,10.8,2024-03-06,87,8.52
07 AAA 089,Volkswagen,Doblo,2,10.8,2024-03-07,263,33.39
07 AAA 089,Volkswagen,Doblo,2,10.8,2024-03-08,75,8.17
07 AAA 089,Volkswagen,Doblo,2,10.8,2024-03-09,41,3.67
07 AAA 089,Volkswagen,Doblo,2,10.8,2024-03-10,269,25.8
07 AAA 089,Volkswagen,Doblo,2,10.8,2024-03-11,123,12.46
07 AAA 089,Volkswagen,Doblo,2,10.8,2024-03-12,199,18.62
07 AAA 089,Volkswagen,Doblo,2,10.8,2024-03-13,56,6.59
07 AAA 089,Volkswagen,Doblo,2,10.8,2024-03-14,107,16.63
07 AAA 089,Volkswagen,Doblo,2,10.8,2024-03-15,179,28.69
07 AAA 089,Volkswagen,Doblo,2,10.8,2024-03-16,164,22.26
07 AAA 089,Volkswagen,Doblo,2,10.8,2024-03-17,260,33.88
07 AAA 089,Volkswagen,Doblo,2,10.8,2024-03-18,286,32.37
07 AAA 089,Volkswagen,Doblo,2,10.8,2024-03-19,255,40.76
07 AAA 089,Volkswagen,Doblo,2,10.8,2024-03-20,79,12.1
07 AAA 089,Volkswagen,Doblo,2,10.8,2024-03-21,82,11.34
07 AAA 089,Volkswagen,Doblo,2,10.8,2024-03-22,103,13.86
07 AAA 089,Volkswagen,Doblo,2,10.8,2024-03-23,231,30.68
07 AAA 089,Volkswagen,Doblo,2,10.8,2024-03-24,277,42.67
07 AAA 089,Volkswagen,Doblo,2,10.8,2024-03-25,95,14.84
07 AAA 089,Volkswagen,Doblo,2,10.8,2024-03-26,133,20.99
07 AAA 089,Volkswagen,Doblo,2,10.8,2024-03-27,266,32.23
07 AAA 089,Volkswagen,Doblo,2,10.8,2024-03-28,152,19.31
07 AAA 089,Volkswagen,Doblo,2,10.8,2024-03-29,52,4.64
07 AAA 089,Volkswagen,Doblo,2,10.8,2024-03-30,255,22.61
07 AAA 089,Volkswagen,Doblo,2,10.8,2024-03-31,58,5.03
07 AAA 089,Volkswagen,Doblo,2,10.8,2024-04-01,243,35.34
07 AAA 089,Volkswagen,Doblo,2,10.8,2024-04-02,43,3.87
07 AAA 089,Volkswagen,Doblo,2,10.8,2024-04-03,217,28.76
07 AAA 089,Volkswagen,Doblo,2,10.8,2024-04-04,287,28.03
07 AAA 089,Volkswagen,Doblo,2,10.8,2024-04-05,163,23.71
07 AAA 089,Volkswagen,Doblo,2,10.8,2024-04-06,228,25.77
07 AAA 089,Volkswagen,Doblo,2,10.8,2024-04-07,256,22.86
07 AAA 089,Volkswagen,Doblo,2,10.8,2024-04-08,265,39.91
07 AAA 089,Volkswagen,Doblo,2,10.8,2024-04-09,163,19.93
07 AAA 089,Volkswagen,Doblo,2,10.8,2024-04-10,164,18.44
07 AAA 089,Volkswagen,Doblo,2,10.8,2024-04-11,183,21.85
07 AAA 089,Volkswagen,Doblo,2,10.8,2024-04-12,221,19.78
07 AAA 089,Volkswagen,Doblo,2,10.8,2024-04-13,68,8.13
07 AAA 089,Volkswagen,Doblo,2,10.8,2024-04-14,204,29.4
07 AAA 089,Volkswagen,Doblo,2,10.8,2024-04-15,107,15.71
07 AAA 089,Volkswagen,Doblo,2,10.8,2024-04-16,173,15.09
07 AAA 089,Volkswagen,Doblo,2,10.8,2024-04-17,201,25.23
07 AAA 089,Volkswagen,Doblo,2,10.8,2024-04-18,53,5.62
07 AAA 089,Volkswagen,Doblo,2,10.8,2024-04-19,176,23.18
07 AAA 089,Volkswagen,Doblo,2,10.8,2024-04-20,203,28.97
07 AAA 089,Volkswagen,Doblo,2,10.8,2024-04-21,168,22.59
07 AAA 089,Volkswagen,Doblo,2,10.8,2024-04-22,251,38.26
07 AAA 089,Volkswagen,Doblo,2,10.8,2024-04-23,180,23.5
07 AAA 089,Volkswagen,Doblo,2,10.8,2024-04-24,169,21.22
07 AAA 089,Volkswagen,Doblo,2,10.8,2024-04-25,242,32.55
07 AAA 089,Volkswagen,Doblo,2,10.8,2024-04-26,91,12.4
07 AAA 089,Volkswagen,Doblo,2,10.8,2024-04-27,210,24.88
07 AAA 089,Volkswagen,Doblo,2,10.8,2024-04-28,150,14.12
07 AAA 089,Volkswagen,Doblo,2,10.8,2024-04-29,58,8.61
07 AAA 090,Mercedes,Transit,3,25.49,2024-01-01,194,57.72
07 AAA 090,Mercedes,Transit,3,25.49,2024-01-02,219,45.93
07 AAA 090,Mercedes,Transit,3,25.49,2024-01-03,81,20.42
07 AAA 090,Mercedes,Transit,3,25.49,2024-01-04,139,41.21
07 AAA 090,Mercedes,Transit,3,25.49,2024-01-05,288,78.35
07 AAA 090,Mercedes,Transit,3,25.49,2024-01-06,62,15.62
07 AAA 090,Mercedes,Transit,3,25.49,2024-01-07,47,16.91
07 AAA 090,Mercedes,Transit,3,25.49,2024-01-08,144,33.4
07 AAA 090,Mercedes,Transit,3,25.49,2024-01-09,209,44.67
07 AAA 090,Mercedes,Transit,3,25.49,2024-01-10,78,20.08
07 AAA 090,Mercedes,Transit,3,25.49,2024-01-11,239,83.86
07 AAA 090,Mercedes,Transit,3,25.49,2024-01-12,40,9.94
07 AAA 090,Mercedes,Transit,3,25.49,2024-01-13,128,47.89
07 AAA 090,Mercedes,Transit,3,25.49,2024-01-14,287,68.66
07 AAA 090,Mercedes,Transit,3,25.49,2024-01-15,99,34.97
07 AAA 090,Mercedes,Transit,3,25.49,2024-01-16,72,21.01
07 AAA 090,Mercedes,Transit,3,25.49,2024-01-17,242,92.1
07 AAA 090,Mercedes,Transit,3,25.49,2024-01-18,166,40.16
07 AAA 090,Mercedes,Transit,3,25.49,2024-01-19,58,15.99
07 AAA 090,Mercedes,Transit,3,25.49,2024-01-20,54,14.77
07 AAA 090,Mercedes,Transit,3,25.49,2024-01-21,214,51.81
07 AAA 090,Mercedes,Transit,3,25.49,2024-01-22,58,15.39
07 AAA 090,Mercedes,Transit,3,25.49,2024-01-23,67,14.98
07 AAA 090,Mercedes,Transit,3,25.49,2024-01-24,268,78.78
07 AAA 090,Mercedes,Transit,3,25.49,2024-01-25,67,16.85
07 AAA 090,Mercedes,Transit,3,25.49,2024-01-26,136,39.25
07 AAA 090,Mercedes,Transit,3,25.49,2024-01-27,51,16.08
07 AAA 090,Mercedes,Transit,3,25.49,2024-01-28,41,9.53
07 AAA 090,Mercedes,Transit,3,25.49,2024-01-29,234,79.24
07 AAA 090,Mercedes,Transit,3,25.49,2024-01-30,166,53.16
07 AAA 090,Mercedes,Transit,3,25.49,2024-01-31,85,31.18
07 AAA 090,Mercedes,Transit,3,25.49,2024-02-01,274,85.04
07 AAA 090,Mercedes,Transit,3,25.49,2024-02-02,91,20.79
07 AAA 090,Mercedes,Transit,3,25.49,2024-02-03,84,19.35
07 AAA 090,Mercedes,Transit,3,25.49,2024-02-04,182,64.47
07 AAA 090,Mercedes,Transit,3,25.49,2024-02-05,202,65.44
07 AAA 090,Mercedes,Transit,3,25.49,2024-02-06,263,86.74
07 AAA 090,Mercedes,Transit,3,25.49,2024-02-07,284,89.07
07 AAA 090,Mercedes,Transit,3,25.49,2024-02-08,229,70.62
07 AAA 090,Mercedes,Transit,3,25.49,2024-02-09,86,28.05
07 AAA 090,Mercedes,Transit,3,25.49,2024-02-10,156,36.79
07 AAA 090,Mercedes,Transit,3,25.49,2024-02-11,296,93.79
07 AAA 090,Mercedes,Transit,3,25.49,2024-02-12,216,57.53
07 AAA 090,Mercedes,Transit,3,25.49,2024-02-13,130,44.69
07 AAA 090,Mercedes,Transit,3,25.49,2024-02-14,162,33.77
07 AAA 090,Mercedes,Transit,3,25.49,2024-02-15,298,67.2
07 AAA 090,Mercedes,Transit,3,25.49,2024-02-16,151,53.55
07 AAA 090,Mercedes,Transit,3,25.49,2024-02-17,228,70.72
07 AAA 090,Mercedes,Transit,3,25.49,2024-02-18,101,24.5
07 AAA 090,Mercedes,Transit,3,25.49,2024-02-19,147,52.63
07 AAA 090,Mercedes,Transit,3,25.49,2024-02-20,276,89.93
07 AAA 090,Mercedes,Transit,3,25.49,2024-02-21,129,35.23
07 AAA 090,Mercedes,Transit,3,25.49,2024-02-22,254,61.58
07 AAA 090,Mercedes,Transit,3,25.49,2024-02-23,128,39.58
07 AAA 090,Mercedes,Transit,3,25.49,2024-02-24,269,57.89
07 AAA 090,Mercedes,Transit,3,25.49,2024-02-25,232,48.91
07 AAA 090,Mercedes,Transit,3,25.49,2024-02-26,167,52.37
07 AAA 090,Mercedes,Transit,3,25.49,2024-02-27,127,45.55
07 AAA 090,Mercedes,Transit,3,25.49,2024-02-28,110,34.51
07 AAA 090,Mercedes,Transit,3,25.49,2024-02-29,160,39.61
07 AAA 090,Mercedes,Transit,3,25.49,2024-03-01,59,20.93
07 AAA 090,Mercedes,Transit,3,25.49,2024-03-02,280,103.94
07 AAA 090,Mercedes,Transit,3,25.49,2024-03-03,111,33.73
07 AAA 090,Mercedes,Transit,3,25.49,2024-03-04,216,64.93
07 AAA 090,Mercedes,Transit,3,25.49,2024-03-05,170,44.45
07 AAA 090,Mercedes,Transit,3,25.49,2024-03-06,156,52.3
07 AAA 090,Mercedes,Transit,3,25.49,2024-03-07,278,79.0
07 AAA 090,Mercedes,Transit,3,25.49,2024-03-08,291,109.01
07 AAA 090,Mercedes,Transit,3,25.49,2024-03-09,205,66.36
07 AAA 090,Mercedes,Transit,3,25.49,2024-03-10,294,100.6
07 AAA 090,Mercedes,Transit,3,25.49,2024-03-11,94,31.43
07 AAA 090,Mercedes,Transit,3,25.49,2024-03-12,155,52.94
07 AAA 090,Mercedes,Transit,3,25.49,2024-03-13,40,9.26
07 AAA 090,Mercedes,Transit,3,25.49,2024-03-14,166,47.51
07 AAA 090,Mercedes,Transit,3,25.49,2024-03-15,279,62.55
07 AAA 090,Mercedes,Transit,3,25.49,2024-03-16,64,21.42
07 AAA 090,Mercedes,Transit,3,25.49,2024-03-17,242,58.65
07 AAA 090,Mercedes,Transit,3,25.49,2024-03-18,74,22.81
07 AAA 090,Mercedes,Transit,3,25.49,2024-03-19,183,64.27
07 AAA 090,Mercedes,Transit,3,25.49,2024-03-20,138,40.48
07 AAA 090,Mercedes,Transit,3,25.49,2024-03-21,201,70.82
07 AAA 090,Mercedes,Transit,3,25.49,2024-03-22,59,22.27
07 AAA 090,Mercedes,Transit,3,25.49,2024-03-23,232,47.57
07 AAA 090,Mercedes,Transit,3,25.49,2024-03-24,124,25.7
07 AAA 090,Mercedes,Transit,3,25.49,2024-03-25,168,62.81
07 AAA 090,Mercedes,Transit,3,25.49,2024-03-26,123,37.76
07 AAA 090,Mercedes,Transit,3,25.49,2024-03-27,85,30.89
07 AAA 090,Mercedes,Transit,3,25.49,2024-03-28,185,48.43
07 AAA 090,Mercedes,Transit,3,25.49,2024-03-29,101,31.56
07 AAA 090,Mercedes,Transit,3,25.49,2024-03-30,58,15.35
07 AAA 090,Mercedes,Transit,3,25.49,2024-03-31,182,66.85
07 AAA 090,Mercedes,Transit,3,25.49,2024-04-01,123,34.36
07 AAA 090,Mercedes,Transit,3,25.49,2024-04-02,89,25.68
07 AAA 090,Mercedes,Transit,3,25.49,2024-04-03,120,40.14
07 AAA 090,Mercedes,Transit,3,25.49,2024-04-04,224,48.5
07 AAA 090,Mercedes,Transit,3,25.49,2024-04-05,190,50.49
07 AAA 090,Mercedes,Transit,3,25.49,2024-04-06,214,71.08
07 AAA 090,Mercedes,Transit,3,25.49,2024-04-07,148,41.43
07 AAA 090,Mercedes,Transit,3,25.49,2024-04-08,176,52.62
07 AAA 090,Mercedes,Transit,3,25.49,2024-04-09,155,38.87
07 AAA 090,Mercedes,Transit,3,25.49,2024-04-10,178,38.18
07 AAA 090,Mercedes,Transit,3,25.49,2024-04-11,90,25.87
07 AAA 090,Mercedes,Transit,3,25.49,2024-04-12,170,54.11
07 AAA 090,Mercedes,Transit,3,25.49,2024-04-13,66,23.15
07 AAA 090,Mercedes,Transit,3,25.49,2024-04-14,117,43.81
07 AAA 090,Mercedes,Transit,3,25.49,2024-04-15,295,84.1
07 AAA 090,Mercedes,Transit,3,25.49,2024-04-16,108,38.68
07 AAA 090,Mercedes,Transit,3,25.49,2024-04-17,74,15.55
07 AAA 090,Mercedes,Transit,3,25.49,2024-04-18,255,69.82
07 AAA 090,Mercedes,Transit,3,25.49,2024-04-19,238,77.7
07 AAA 090,Mercedes,Transit,3,25.49,2024-04-20,123,36.21
07 AAA 090,Mercedes,Transit,3,25.49,2024-04-21,177,37.23
07 AAA 090,Mercedes,Transit,3,25.49,2024-04-22,167,53.81
07 AAA 090,Mercedes,Transit,3,25.49,2024-04-23,73,16.16
07 AAA 090,Mercedes,Transit,3,25.49,2024-04-24,71,19.24
07 AAA 090,Mercedes,Transit,3,25.49,2024-04-25,276,96.56
07 AAA 090,Mercedes,Transit,3,25.49,2024-04-26,262,71.75
07 AAA 090,Mercedes,Transit,3,25.49,2024-04-27,137,51.69
07 AAA 090,Mercedes,Transit,3,25.49,2024-04-28,232,80.17
07 AAA 090,Mercedes,Transit,3,25.49,2024-04-29,285,81.72
07 AAA 091,Ford,Boxer,2,10.3,2024-01-01,158,16.72
07 AAA 091,Ford,Boxer,2,10.3,2024-01-02,52,6.85
07 AAA 091,Ford,Boxer,2,10.3,2024-01-03,46,6.01
07 AAA 091,Ford,Boxer,2,10.3,2024-01-04,212,22.96
07 AAA 091,Ford,Boxer,2,10.3,2024-01-05,286,39.15
07 AAA 091,Ford,Boxer,2,10.3,2024-01-06,227,26.22
07 AAA 091,Ford,Boxer,2,10.3,2024-01-07,170,25.56
07 AAA 091,Ford,Boxer,2,10.3,2024-01-08,254,32.65
07 AAA 091,Ford,Boxer,2,10.3,2024-01-09,90,11.1
07 AAA 091,Ford,Boxer,2,10.3,2024-01-10,162,15.49
07 AAA 091,Ford,Boxer,2,10.3,2024-01-11,258,29.11
07 AAA 091,Ford,Boxer,2,10.3,2024-01-12,261,34.42
07 AAA 091,Ford,Boxer,2,10.3,2024-01-13,137,16.2
07 AAA 091,Ford,Boxer,2,10.3,2024-01-14,229,34.65
07 AAA 091,Ford,Boxer,2,10.3,2024-01-15,228,31.29
07 AAA 091,Ford,Boxer,2,10.3,2024-01-16,257,24.76
07 AAA 091,Ford,Boxer,2,10.3,2024-01-17,72,8.86
07 AAA 091,Ford,Boxer,2,10.3,2024-01-18,165,15.22
07 AAA 091,Ford,Boxer,2,10.3,2024-01-19,81,10.34
07 AAA 091,Ford,Boxer,2,10.3,2024-01-20,144,14.61
07 AAA 091,Ford,Boxer,2,10.3,2024-01-21,100,15.16
07 AAA 091,Ford,Boxer,2,10.3,2024-01-22,154,23.31
07 AAA 091,Ford,Boxer,2,10.3,2024-01-23,264,36.48
07 AAA 091,Ford,Boxer,2,10.3,2024-01-24,153,14.97
07 AAA 091,Ford,Boxer,2,10.3,2024-01-25,271,41.36
07 AAA 091,Ford,Boxer,2,10.3,2024-01-26,210,27.11
07 AAA 091,Ford,Boxer,2,10.3,2024-01-27,49,7.12
07 AAA 091,Ford,Boxer,2,10.3,2024-01-28,133,12.56
07 AAA 091,Ford,Boxer,2,10.3,2024-01-29,155,14.1
07 AAA 091,Ford,Boxer,2,10.3,2024-01-30,130,14.66
07 AAA 091,Ford,Boxer,2,10.3,2024-01-31,101,11.27
07 AAA 091,Ford,Boxer,2,10.3,2024-02-01,225,25.36
07 AAA 091,Ford,Boxer,2,10.3,2024-02-02,55,8.45
07 AAA 091,Ford,Boxer,2,10.3,2024-02-03,143,19.34
07 AAA 091,Ford,Boxer,2,10.3,2024-02-04,110,10.96
07 AAA 091,Ford,Boxer,2,10.3,2024-02-05,288,24.36
07 AAA 091,Ford,Boxer,2,10.3,2024-02-06,212,24.44
07 AAA 091,Ford,Boxer,2,10.3,2024-02-07,198,25.62
07 AAA 091,Ford,Boxer,2,10.3,2024-02-08,215,22.39
07 AAA 091,Ford,Boxer,2,10.3,2024-02-09,57,6.29
07 AAA 091,Ford,Boxer,2,10.3,2024-02-10,173,17.91
07 AAA 091,Ford,Boxer,2,10.3,2024-02-11,85,7.4
07 AAA 091,Ford,Boxer,2,10.3,2024-02-12,86,11.27
07 AAA 091,Ford,Boxer,2,10.3,2024-02-13,230,28.08
07 AAA 091,Ford,Boxer,2,10.3,2024-02-14,141,20.8
07 AAA 091,Ford,Boxer,2,10.3,2024-02-15,121,17.32
07 AAA 091,Ford,Boxer,2,10.3,2024-02-16,217,33.38
07 AAA 091,Ford,Boxer,2,10.3,2024-02-17,216,32.35
07 AAA 091,Ford,Boxer,2,10.3,2024-02-18,66,6.77
07 AAA 091,Ford,Boxer,2,10.3,2024-02-19,278,38.54
07 AAA 091,Ford,Boxer,2,10.3,2024-02-20,279,35.31
07 AAA 091,Ford,Boxer,2,10.3,2024-02-21,135,18.1
07 AAA 091,Ford,Boxer,2,10.3,2024-02-22,114,16.43
07 AAA 091,Ford,Boxer,2,10.3,2024-02-23,182,23.17
07 AAA 091,Ford,Boxer,2,10.3,2024-02-24,247,36.36
07 AAA 091,Ford,Boxer,2,10.3,2024-02-25,162,24.1
07 AAA 091,Ford,Boxer,2,10.3,2024-02-26,59,6.17
07 AAA 091,Ford,Boxer,2,10.3,2024-02-27,79,11.05
07 AAA 091,Ford,Boxer,2,10.3,2024-02-28,50,4.17
07 AAA 091,Ford,Boxer,2,10.3,2024-02-29,72,7.45
07 AAA 091,Ford,Boxer,2,10.3,2024-03-01,156,18.15
07 AAA 091,Ford,Boxer,2,10.3,2024-03-02,195,27.6
07 AAA 091,Ford,Boxer,2,10.3,2024-03-03,248,21.28
07 AAA 091,Ford,Boxer,2,10.3,2024-03-04,109,12.78
07 AAA 091,Ford,Boxer,2,10.3,2024-03-05,171,22.16
07 AAA 091,Ford,Boxer,2,10.3,2024-03-06,87,9.95
07 AAA 091,Ford,Boxer,2,10.3,2024-03-07,208,20.6
07 AAA 091,Ford,Boxer,2,10.3,2024-03-08,296,45.5
07 AAA 091,Ford,Boxer,2,10.3,2024-03-09,201,20.78
07 AAA 091,Ford,Boxer,2,10.3,2024-03-10,285,24.38
07 AAA 091,Ford,Boxer,2,10.3,2024-03-11,213,25.18
07 AAA 091,Ford,Boxer,2,10.3,2024-03-12,95,13.91
07 AAA 091,Ford,Boxer,2,10.3,2024-03-13,248,24.92
07 AAA 091,Ford,Boxer,2,10.3,2024-03-14,270,26.66
07 AAA 091,Ford,Boxer,2,10.3,2024-03-15,168,24.11
07 AAA 091,Ford,Boxer,2,10.3,2024-03-16,154,13.76
07 AAA 091,Ford,Boxer,2,10.3,2024-03-17,148,20.99
07 AAA 091,Ford,Boxer,2,10.3,2024-03-18,282,35.69
07 AAA 091,Ford,Boxer,2,10.3,2024-03-19,228,32.2
07 AAA 091,Ford,Boxer,2,10.3,2024-03-20,51,4.87
07 AAA 091,Ford,Boxer,2,10.3,2024-03-21,261,29.62
07 AAA 091,Ford,Boxer,2,10.3,2024-03-22,207,22.64
07 AAA 091,Ford,Boxer,2,10.3,2024-03-23,56,5.72
07 AAA 091,Ford,Boxer,2,10.3,2024-03-24,140,14.47
07 AAA 091,Ford,Boxer,2,10.3,2024-03-25,194,29.96
07 AAA 091,Ford,Boxer,2,10.3,2024-03-26,100,9.12
07 AAA 091,Ford,Boxer,2,10.3,2024-03-27,166,24.95
07 AAA 091,Ford,Boxer,2,10.3,2024-03-28,62,8.77
07 AAA 091,Ford,Boxer,2,10.3,2024-03-29,232,29.42
07 AAA 091,Ford,Boxer,2,10.3,2024-03-30,103,11.41
07 AAA 091,Ford,Boxer,2,10.3,2024-03-31,243,37.24
07 AAA 091,Ford,Boxer,2,10.3,2024-04-01,224,24.95
07 AAA 091,Ford,Boxer,2,10.3,2024-04-02,131,20.15
07 AAA 091,Ford,Boxer,2,10.3,2024-04-03,162,24.17
07 AAA 091,Ford,Boxer,2,10.3,2024-04-04,263,23.65
07 AAA 091,Ford,Boxer,2,10.3,2024-04-05,208,18.12
07 AAA 091,Ford,Boxer,2,10.3,2024-04-06,145,12.77
07 AAA 091,Ford,Boxer,2,10.3,2024-04-07,278,36.77
07 AAA 091,Ford,Boxer,2,10.3,2024-04-08,200,23.41
07 AAA 091,Ford,Boxer,2,10.3,2024-04-09,86,9.84
07 AAA 091,Ford,Boxer,2,10.3,2024-04-10,247,23.76
07 AAA 091,Ford,Boxer,2,10.3,2024-04-11,56,7.16
07 AAA 091,Ford,Boxer,2,10.3,2024-04-12,192,26.99
07 AAA 091,Ford,Boxer,2,10.3,2024-04-13,218,18.64
07 AAA 091,Ford,Boxer,2,10.3,2024-04-14,45,4.7
07 AAA 091,Ford,Boxer,2,10.3,2024-04-15,257,29.72
07 AAA 091,Ford,Boxer,2,10.3,2024-04-16,77,6.89
07 AAA 091,Ford,Boxer,2,10.3,2024-04-17,227,34.14
07 AAA 091,Ford,Boxer,2,10.3,2024-04-18,233,30.95
07 AAA 091,Ford,Boxer,2,10.3,2024-04-19,277,31.47
07 AAA 091,Ford,Boxer,2,10.3,2024-04-20,223,25.31
07 AAA 091,Ford,Boxer,2,10.3,2024-04-21,151,21.11
07 AAA 091,Ford,Boxer,2,10.3,2024-04-22,284,29.34
07 AAA 091,Ford,Boxer,2,10.3,2024-04-23,194,27.31
07 AAA 091,Ford,Boxer,2,10.3,2024-04-24,167,23.31
07 AAA 091,Ford,Boxer,2,10.3,2024-04-25,204,21.78
07 AAA 091,Ford,Boxer,2,10.3,2024-04-26,136,16.31
07 AAA 091,Ford,Boxer,2,10.3,2024-04-27,108,15.27
07 AAA 091,Ford,Boxer,2,10.3,2024-04-28,137,17.47
07 AAA 091,Ford,Boxer,2,10.3,2024-04-29,194,22.29
07 AAA 092,Volkswagen,Caddy,1,12.31,2024-01-01,169,30.11
07 AAA 092,Volkswagen,Caddy,1,12.31,2024-01-02,226,29.75
07 AAA 092,Volkswagen,Caddy,1,12.31,2024-01-03,173,28.4
07 AAA 092,Volkswagen,Caddy,1,12.31,2024-01-04,267,30.2
07 AAA 092,Volkswagen,Caddy,1,12.31,2024-01-05,270,43.88
07 AAA 092,Volkswagen,Caddy,1,12.31,2024-01-06,260,37.38
07 AAA 092,Volkswagen,Caddy,1,12.31,2024-01-07,198,25.91
07 AAA 092,Volkswagen,Caddy,1,12.31,2024-01-08,100,11.32
07 AAA 092,Volkswagen,Caddy,1,12.31,2024-01-09,192,26.44
07 AAA 092,Volkswagen,Caddy,1,12.31,2024-01-10,286,44.39
07 AAA 092,Volkswagen,Caddy,1,12.31,2024-01-11,188,34.16
07 AAA 092,Volkswagen,Caddy,1,12.31,2024-01-12,254,42.04
07 AAA 092,Volkswagen,Caddy,1,12.31,2024-01-13,144,22.11
07 AAA 092,Volkswagen,Caddy,1,12.31,2024-01-14,246,37.87
07 AAA 092,Volkswagen,Caddy,1,12.31,2024-01-15,57,6.41
07 AAA 092,Volkswagen,Caddy,1,12.31,2024-01-16,296,32.15
07 AAA 092,Volkswagen,Caddy,1,12.31,2024-01-17,279,39.21
07 AAA 092,Volkswagen,Caddy,1,12.31,2024-01-18,261,26.59
07 AAA 092,Volkswagen,Caddy,1,12.31,2024-01-19,224,32.82
07 AAA 092,Volkswagen,Caddy,1,12.31,2024-01-20,91,16.76
07 AAA 092,Volkswagen,Caddy,1,12.31,2024-01-21,49,6.95
07 AAA 092,Volkswagen,Caddy,1,12.31,2024-01-22,182,24.99
07 AAA 092,Volkswagen,Caddy,1,12.31,2024-01-23,220,39.48
07 AAA 092,Volkswagen,Caddy,1,12.31,2024-01-24,186,28.61
07 AAA 092,Volkswagen,Caddy,1,12.31,2024-01-25,58,6.94
07 AAA 092,Volkswagen,Caddy,1,12.31,2024-01-26,248,33.49
07 AAA 092,Volkswagen,Caddy,1,12.31,2024-01-27,264,34.48
07 AAA 092,Volkswagen,Caddy,1,12.31,2024-01-28,233,37.49
07 AAA 092,Volkswagen,Caddy,1,12.31,2024-01-29,268,29.42
07 AAA 092,Volkswagen,Caddy,1,12.31,2024-01-30,256,26.47
07 AAA 092,Volkswagen,Caddy,1,12.31,2024-01-31,293,44.5
07 AAA 092,Volkswagen,Caddy,1,12.31,2024-02-01,143,15.38
07 AAA 092,Volkswagen,Caddy,1,12.31,2024-02-02,140,14.46
07 AAA 092,Volkswagen,Caddy,1,12.31,2024-02-03,177,24.67
07 AAA 092,Volkswagen,Caddy,1,12.31,2024-02-04,91,16.65
07 AAA 092,Volkswagen,Caddy,1,12.31,2024-02-05,214,31.55
07 AAA 092,Volkswagen,Caddy,1,12.31,2024-02-06,53,6.89
07 AAA 092,Volkswagen,Caddy,1,12.31,2024-02-07,241,39.63
07 AAA 092,Volkswagen,Caddy,1,12.31,2024-02-08,90,14.05
07 AAA 092,Volkswagen,Caddy,1,12.31,2024-02-09,173,27.51
07 AAA 092,Volkswagen,Caddy,1,12.31,2024-02-10,287,49.66
07 AAA 092,Volkswagen,Caddy,1,12.31,2024-02-11,258,30.38
07 AAA 092,Volkswagen,Caddy,1,12.31,2024-02-12,86,13.66
07 AAA 092,Volkswagen,Caddy,1,12.31,2024-02-13,72,11.36
07 AAA 092,Volkswagen,Caddy,1,12.31,2024-02-14,89,15.28
07 AAA 092,Volkswagen,Caddy,1,12.31,2024-02-15,275,28.54
07 AAA 092,Volkswagen,Caddy,1,12.31,2024-02-16,251,32.89
07 AAA 092,Volkswagen,Caddy,1,12.31,2024-02-17,55,8.44
07 AAA 092,Volkswagen,Caddy,1,12.31,2024-02-18,100,14.05
07 AAA 092,Volkswagen,Caddy,1,12.31,2024-02-19,270,36.0
07 AAA 092,Volkswagen,Caddy,1,12.31,2024-02-20,105,13.6
07 AAA 092,Volkswagen,Caddy,1,12.31,2024-02-21,123,14.78
07 AAA 092,Volkswagen,Caddy,1,12.31,2024-02-22,173,17.05
07 AAA 092,Volkswagen,Caddy,1,12.31,2024-02-23,85,14.55
07 AAA 092,Volkswagen,Caddy,1,12.31,2024-02-24,130,22.48
07 AAA 092,Volkswagen,Caddy,1,12.31,2024-02-25,76,10.34
07 AAA 092,Volkswagen,Caddy,1,12.31,2024-02-26,165,21.1
07 AAA 092,Volkswagen,Caddy,1,12.31,2024-02-27,49,8.45
07 AAA 092,Volkswagen,Caddy,1,12.31,2024-02-28,56,7.52
07 AAA 092,Volkswagen,Caddy,1,12.31,2024-02-29,88,10.76
07 AAA 092,Volkswagen,Caddy,1,12.31,2024-03-01,257,30.02
07 AAA 092,Volkswagen,Caddy,1,12.31,2024-03-02,169,28.94
07 AAA 092,Volkswagen,Caddy,1,12.31,2024-03-03,65,7.34
07 AAA 092,Volkswagen,Caddy,1,12.31,2024-03-04,298,40.75
07 AAA 092,Volkswagen,Caddy,1,12.31,2024-03-05,101,13.65
07 AAA 092,Volkswagen,Caddy,1,12.31,2024-03-06,88,12.38
07 AAA 092,Volkswagen,Caddy,1,12.31,2024-03-07,62,9.1
07 AAA 092,Volkswagen,Caddy,1,12.31,2024-03-08,138,20.97
07 AAA 092,Volkswagen,Caddy,1,12.31,2024-03-09,58,6.17
07 AAA 092,Volkswagen,Caddy,1,12.31,2024-03-10,113,16.92
07 AAA 092,Volkswagen,Caddy,1,12.31,2024-03-11,138,22.49
07 AAA 092,Volkswagen,Caddy,1,12.31,2024-03-12,148,16.13
07 AAA 092,Volkswagen,Caddy,1,12.31,2024-03-13,65,11.26
07 AAA 092,Volkswagen,Caddy,1,12.31,2024-03-14,78,11.45
07 AAA 092,Volkswagen,Caddy,1,12.31,2024-03-15,147,19.81
07 AAA 092,Volkswagen,Caddy,1,12.31,2024-03-16,195,33.78
07 AAA 092,Volkswagen,Caddy,1,12.31,2024-03-17,221,37.21
07 AAA 092,Volkswagen,Caddy,1,12.31,2024-03-18,141,17.77
07 AAA 092,Volkswagen,Caddy,1,12.31,2024-03-19,191,24.95
07 AAA 092,Volkswagen,Caddy,1,12.31,2024-03-20,231,42.43
07 AAA 092,Volkswagen,Caddy,1,12.31,2024-03-21,41,5.58
07 AAA 092,Volkswagen,Caddy,1,12.31,2024-03-22,290,38.51
07 AAA 092,Volkswagen,Caddy,1,12.31,2024-03-23,68,10.87
07 AAA 092,Volkswagen,Caddy,1,12.31,2024-03-24,127,19.3
07 AAA 092,Volkswagen,Caddy,1,12.31,2024-03-25,197,32.76
07 AAA 092,Volkswagen,Caddy,1,12.31,2024-03-26,179,31.77
07 AAA 092,Volkswagen,Caddy,1,12.31,2024-03-27,252,35.98
07 AAA 092,Volkswagen,Caddy,1,12.31,2024-03-28,129,14.68
07 AAA 092,Volkswagen,Caddy,1,12.31,2024-03-29,234,27.65
07 AAA 092,Volkswagen,Caddy,1,12.31,2024-03-30,239,26.87
07 AAA 092,Volkswagen,Caddy,1,12.31,2024-03-31,180,27.75
07 AAA 092,Volkswagen,Caddy,1,12.31,2024-04-01,97,17.83
07 AAA 092,Volkswagen,Caddy,1,12.31,2024-04-02,293,47.82
07 AAA 092,Volkswagen,Caddy,1,12.31,2024-04-03,157,28.42
07 AAA 092,Volkswagen,Caddy,1,12.31,2024-04-04,55,8.79
07 AAA 092,Volkswagen,Caddy,1,12.31,2024-04-05,127,17.77
07 AAA 092,Volkswagen,Caddy,1,12.31,2024-04-06,298,38.05
07 AAA 092,Volkswagen,Caddy,1,12.31,2024-04-07,243,39.98
07 AAA 092,Volkswagen,Caddy,1,12.31,2024-04-08,56,8.34
07 AAA 092,Volkswagen,Caddy,1,12.31,2024-04-09,120,21.39
07 AAA 092,Volkswagen,Caddy,1,12.31,2024-04-10,90,9.78
07 AAA 092,Volkswagen,Caddy,1,12.31,2024-04-11,244,30.66
07 AAA 092,Volkswagen,Caddy,1,12.31,2024-04-12,275,41.59
07 AAA 092,Volkswagen,Caddy,1,12.31,2024-04-13,51,7.4
07 AAA 092,Volkswagen,Caddy,1,12.31,2024-04-14,102,14.26
07 AAA 092,Volkswagen,Caddy,1,12.31,2024-04-15,96,14.76
07 AAA 092,Volkswagen,Caddy,1,12.31,2024-04-16,219,38.89
07 AAA 092,Volkswagen,Caddy,1,12.31,2024-04-17,207,34.48
07 AAA 092,Volkswagen,Caddy,1,12.31,2024-04-18,266,44.23
07 AAA 092,Volkswagen,Caddy,1,12.31,2024-04-19,88,10.09
07 AAA 092,Volkswagen,Caddy,1,12.31,2024-04-20,155,21.83
07 AAA 092,Volkswagen,Caddy,1,12.31,2024-04-21,225,24.51
07 AAA 092,Volkswagen,Caddy,1,12.31,2024-04-22,101,16.84
07 AAA 092,Volkswagen,Caddy,1,12.31,2024-04-23,173,30.87
07 AAA 092,Volkswagen,Caddy,1,12.31,2024-04-24,184,24.58
07 AAA 092,Volkswagen,Caddy,1,12.31,2024-04-25,52,8.86
07 AAA 092,Volkswagen,Caddy,1,12.31,2024-04-26,212,24.9
07 AAA 092,Volkswagen,Caddy,1,12.31,2024-04-27,238,41.29
07 AAA 092,Volkswagen,Caddy,1,12.31,2024-04-28,125,18.13
07 AAA 092,Volkswagen,Caddy,1,12.31,2024-04-29,186,28.61
07 AAA 093,Peugeot,Fluence,2,10.57,2024-01-01,240,28.4
07 AAA 093,Peugeot,Fluence,2,10.57,2024-01-02,236,25.87
07 AAA 093,Peugeot,Fluence,2,10.57,2024-01-03,67,9.34
07 AAA 093,Peugeot,Fluence,2,10.57,2024-01-04,135,17.64
07 AAA 093,Peugeot,Fluence,2,10.57,2024-01-05,176,24.45
07 AAA 093,Peugeot,Fluence,2,10.57,2024-01-06,293,35.06
07 AAA 093,Peugeot,Fluence,2,10.57,2024-01-07,81,12.76
07 AAA 093,Peugeot,Fluence,2,10.57,2024-01-08,138,13.83
07 AAA 093,Peugeot,Fluence,2,10.57,2024-01-09,295,44.55
07 AAA 093,Peugeot,Fluence,2,10.57,2024-01-10,121,14.1
07 AAA 093,Peugeot,Fluence,2,10.57,2024-01-11,105,12.85
07 AAA 093,Peugeot,Fluence,2,10.57,2024-01-12,87,9.84
07 AAA 093,Peugeot,Fluence,2,10.57,2024-01-13,213,30.19
07 AAA 093,Peugeot,Fluence,2,10.57,2024-01-14,176,18.05
07 AAA 093,Peugeot,Fluence,2,10.57,2024-01-15,299,27.15
07 AAA 093,Peugeot,Fluence,2,10.57,2024-01-16,109,16.25
07 AAA 093,Peugeot,Fluence,2,10.57,2024-01-17,186,20.48
07 AAA 093,Peugeot,Fluence,2,10.57,2024-01-18,50,5.67
07 AAA 093,Peugeot,Fluence,2,10.57,2024-01-19,273,27.87
07 AAA 093,Peugeot,Fluence,2,10.57,2024-01-20,87,11.1
07 AAA 093,Peugeot,Fluence,2,10.57,2024-01-21,130,15.25
07 AAA 093,Peugeot,Fluence,2,10.57,2024-01-22,141,15.35
07 AAA 093,Peugeot,Fluence,2,10.57,2024-01-23,186,21.59
07 AAA 093,Peugeot,Fluence,2,10.57,2024-01-24,245,38.46
07 AAA 093,Peugeot,Fluence,2,10.57,2024-01-25,129,11.12
07 AAA 093,Peugeot,Fluence,2,10.57,2024-01-26,152,17.61
07 AAA 093,Peugeot,Fluence,2,10.57,2024-01-27,150,23.42
07 AAA 093,Peugeot,Fluence,2,10.57,2024-01-28,276,23.54
07 AAA 093,Peugeot,Fluence,2,10.57,2024-01-29,103,15.3
07 AAA 093,Peugeot,Fluence,2,10.57,2024-01-30,63,9.96
07 AAA 093,Peugeot,Fluence,2,10.57,2024-01-31,123,12.4
07 AAA 093,Peugeot,Fluence,2,10.57,2024-02-01,106,13.36
07 AAA 093,Peugeot,Fluence,2,10.57,2024-02-02,72,7.96
07 AAA 093,Peugeot,Fluence,2,10.57,2024-02-03,157,16.5
07 AAA 093,Peugeot,Fluence,2,10.57,2024-02-04,173,14.97
07 AAA 093,Peugeot,Fluence,2,10.57,2024-02-05,209,32.96
07 AAA 093,Peugeot,Fluence,2,10.57,2024-02-06,233,33.32
07 AAA 093,Peugeot,Fluence,2,10.57,2024-02-07,250,25.99
07 AAA 093,Peugeot,Fluence,2,10.57,2024-02-08,58,7.39
07 AAA 093,Peugeot,Fluence,2,10.57,2024-02-09,64,8.64
07 AAA 093,Peugeot,Fluence,2,10.57,2024-02-10,59,5.31
07 AAA 093,Peugeot,Fluence,2,10.57,2024-02-11,247,32.27
07 AAA 093,Peugeot,Fluence,2,10.57,2024-02-12,42,5.44
07 AAA 093,Peugeot,Fluence,2,10.57,2024-02-13,52,4.85
07 AAA 093,Peugeot,Fluence,2,10.57,2024-02-14,93,11.26
07 AAA 093,Peugeot,Fluence,2,10.57,2024-02-15,114,14.31
07 AAA 093,Peugeot,Fluence,2,10.57,2024-02-16,57,7.57
07 AAA 093,Peugeot,Fluence,2,10.57,2024-02-17,297,46.82
07 AAA 093,Peugeot,Fluence,2,10.57,2024-02-18,216,25.57
07 AAA 093,Peugeot,Fluence,2,10.57,2024-02-19,244,22.77
07 AAA 093,Peugeot,Fluence,2,10.57,2024-02-20,222,23.57
07 AAA 093,Peugeot,Fluence,2,10.57,2024-02-21,114,13.19
07 AAA 093,Peugeot,Fluence,2,10.57,2024-02-22,57,7.7
07 AAA 093,Peugeot,Fluence,2,10.57,2024-02-23,100,12.55
07 AAA 093,Peugeot,Fluence,2,10.57,2024-02-24,79,7.32
07 AAA 093,Peugeot,Fluence,2,10.57,2024-02-25,195,21.37
07 AAA 093,Peugeot,Fluence,2,10.57,2024-02-26,249,35.59
07 AAA 093,Peugeot,Fluence,2,10.57,2024-02-27,277,41.0
07 AAA 093,Peugeot,Fluence,2,10.57,2024-02-28,220,28.66
07 AAA 093,Peugeot,Fluence,2,10.57,2024-02-29,40,6.01
07 AAA 093,Peugeot,Fluence,2,10.57,2024-03-01,189,18.42
07 AAA 093,Peugeot,Fluence,2,10.57,2024-03-02,149,18.34
07 AAA 093,Peugeot,Fluence,2,10.57,2024-03-03,221,33.15
07 AAA 093,Peugeot,Fluence,2,10.57,2024-03-04,177,17.97
07 AAA 093,Peugeot,Fluence,2,10.57,2024-03-05,167,20.39
07 AAA 093,Peugeot,Fluence,2,10.57,2024-03-06,272,28.91
07 AAA 093,Peugeot,Fluence,2,10.57,2024-03-07,83,8.35
07 AAA 093,Peugeot,Fluence,2,10.57,2024-03-08,241,23.22
07 AAA 093,Peugeot,Fluence,2,10.57,2024-03-09,194,27.79
07 AAA 093,Peugeot,Fluence,2,10.57,2024-03-10,269,23.19
07 AAA 093,Peugeot,Fluence,2,10.57,2024-03-11,167,23.56
07 AAA 093,Peugeot,Fluence,2,10.57,2024-03-12,59,7.21
07 AAA 093,Peugeot,Fluence,2,10.57,2024-03-13,192,20.2
07 AAA 093,Peugeot,Fluence,2,10.57,2024-03-14,116,15.92
07 AAA 093,Peugeot,Fluence,2,10.57,2024-03-15,203,27.93
07 AAA 093,Peugeot,Fluence,2,10.57,2024-03-16,243,21.56
07 AAA 093,Peugeot,Fluence,2,10.57,2024-03-17,273,31.81
07 AAA 093,Peugeot,Fluence,2,10.57,2024-03-18,84,13.1
07 AAA 093,Peugeot,Fluence,2,10.57,2024-03-19,151,23.6
07 AAA 093,Peugeot,Fluence,2,10.57,2024-03-20,299,33.67
07 AAA 093,Peugeot,Fluence,2,10.57,2024-03-21,295,36.31
07 AAA 093,Peugeot,Fluence,2,10.57,2024-03-22,211,29.15
07 AAA 093,Peugeot,Fluence,2,10.57,2024-03-23,221,23.01
07 AAA 093,Peugeot,Fluence,2,10.57,2024-03-24,230,35.71
07 AAA 093,Peugeot,Fluence,2,10.57,2024-03-25,222,26.66
07 AAA 093,Peugeot,Fluence,2,10.57,2024-03-26,239,37.41
07 AAA 093,Peugeot,Fluence,2,10.57,2024-03-27,71,8.96
07 AAA 093,Peugeot,Fluence,2,10.57,2024-03-28,268,34.28
07 AAA 093,Peugeot,Fluence,2,10.57,2024-03-29,150,21.24
07 AAA 093,Peugeot,Fluence,2,10.57,2024-03-30,246,32.78
07 AAA 093,Peugeot,Fluence,2,10.57,2024-03-31,84,10.55
07 AAA 093,Peugeot,Fluence,2,10.57,2024-04-01,260,30.15
07 AAA 093,Peugeot,Fluence,2,10.57,2024-04-02,108,9.43
07 AAA 093,Peugeot,Fluence,2,10.57,2024-04-03,174,22.61
07 AAA 093,Peugeot,Fluence,2,10.57,2024-04-04,231,23.75
07 AAA 093,Peugeot,Fluence,2,10.57,2024-04-05,300,36.54
07 AAA 093,Peugeot,Fluence,2,10.57,2024-04-06,154,16.68
07 AAA 093,Peugeot,Fluence,2,10.57,2024-04-07,252,27.51
07 AAA 093,Peugeot,Fluence,2,10.57,2024-04-08,102,9.2
07 AAA 093,Peugeot,Fluence,2,10.57,2024-04-09,173,21.8
07 AAA 093,Peugeot,Fluence,2,10.57,2024-04-10,216,29.05
07 AAA 093,Peugeot,Fluence,2,10.57,2024-04-11,152,16.14
07 AAA 093,Peugeot,Fluence,2,10.57,2024-04-12,259,35.28
07 AAA 093,Peugeot,Fluence,2,10.57,2024-04-13,297,43.86
07 AAA 093,Peugeot,Fluence,2,10.57,2024-04-14,118,10.41
07 AAA 093,Peugeot,Fluence,2,10.57,2024-04-15,48,7.54
07 AAA 093,Peugeot,Fluence,2,10.57,2024-04-16,82,8.13
07 AAA 093,Peugeot,Fluence,2,10.57,2024-04-17,95,10.07
07 AAA 093,Peugeot,Fluence,2,10.57,2024-04-18,233,26.02
07 AAA 093,Peugeot,Fluence,2,10.57,2024-04-19,133,20.82
07 AAA 093,Peugeot,Fluence,2,10.57,2024-04-20,196,28.05
07 AAA 093,Peugeot,Fluence,2,10.57,2024-04-21,134,17.55
07 AAA 093,Peugeot,Fluence,2,10.57,2024-04-22,198,24.33
07 AAA 093,Peugeot,Fluence,2,10.57,2024-04-23,93,9.56
07 AAA 093,Peugeot,Fluence,2,10.57,2024-04-24,65,7.81
07 AAA 093,Peugeot,Fluence,2,10.57,2024-04-25,262,25.24
07 AAA 093,Peugeot,Fluence,2,10.57,2024-04-26,201,28.82
07 AAA 093,Peugeot,Fluence,2,10.57,2024-04-27,162,16.2
07 AAA 093,Peugeot,Fluence,2,10.57,2024-04-28,164,15.3
07 AAA 093,Peugeot,Fluence,2,10.57,2024-04-29,248,25.32
07 AAA 094,Volkswagen,Caddy,1,12.79,2024-01-01,55,7.54
07 AAA 094,Volkswagen,Caddy,1,12.79,2024-01-02,292,41.07
07 AAA 094,Volkswagen,Caddy,1,12.79,2024-01-03,222,36.91
07 AAA 094,Volkswagen,Caddy,1,12.79,2024-01-04,300,37.89
07 AAA 094,Volkswagen,Caddy,1,12.79,2024-01-05,203,23.51
07 AAA 094,Volkswagen,Caddy,1,12.79,2024-01-06,145,16.38
07 AAA 094,Volkswagen,Caddy,1,12.79,2024-01-07,243,31.34
07 AAA 094,Volkswagen,Caddy,1,12.79,2024-01-08,247,35.2
07 AAA 094,Volkswagen,Caddy,1,12.79,2024-01-09,136,24.63
07 AAA 094,Volkswagen,Caddy,1,12.79,2024-01-10,48,7.37
07 AAA 094,Volkswagen,Caddy,1,12.79,2024-01-11,144,24.41
07 AAA 094,Volkswagen,Caddy,1,12.79,2024-01-12,109,15.38
07 AAA 094,Volkswagen,Caddy,1,12.79,2024-01-13,217,28.96
07 AAA 094,Volkswagen,Caddy,1,12.79,2024-01-14,182,19.81
07 AAA 094,Volkswagen,Caddy,1,12.79,2024-01-15,286,31.24
07 AAA 094,Volkswagen,Caddy,1,12.79,2024-01-16,173,18.38
07 AAA 094,Volkswagen,Caddy,1,12.79,2024-01-17,197,24.17
07 AAA 094,Volkswagen,Caddy,1,12.79,2024-01-18,265,36.54
07 AAA 094,Volkswagen,Caddy,1,12.79,2024-01-19,176,26.08
07 AAA 094,Volkswagen,Caddy,1,12.79,2024-01-20,84,15.29
07 AAA 094,Volkswagen,Caddy,1,12.79,2024-01-21,145,22.18
07 AAA 094,Volkswagen,Caddy,1,12.79,2024-01-22,231,27.71
07 AAA 094,Volkswagen,Caddy,1,12.79,2024-01-23,277,52.61
07 AAA 094,Volkswagen,Caddy,1,12.79,2024-01-24,68,12.2
07 AAA 094,Volkswagen,Caddy,1,12.79,2024-01-25,148,16.39
07 AAA 094,Volkswagen,Caddy,1,12.79,2024-01-26,247,44.06
07 AAA 094,Volkswagen,Caddy,1,12.79,2024-01-27,159,21.32
07 AAA 094,Volkswagen,Caddy,1,12.79,2024-01-28,155,18.6
07 AAA 094,Volkswagen,Caddy,1,12.79,2024-01-29,115,18.97
07 AAA 094,Volkswagen,Caddy,1,12.79,2024-01-30,62,10.33
07 AAA 094,Volkswagen,Caddy,1,12.79,2024-01-31,40,7.58
07 AAA 094,Volkswagen,Caddy,1,12.79,2024-02-01,220,30.23
07 AAA 094,Volkswagen,Caddy,1,12.79,2024-02-02,195,34.55
07 AAA 094,Volkswagen,Caddy,1,12.79,2024-02-03,155,23.74
07 AAA 094,Volkswagen,Caddy,1,12.79,2024-02-04,228,40.88
07 AAA 094,Volkswagen,Caddy,1,12.79,2024-02-05,66,7.03
07 AAA 094,Volkswagen,Caddy,1,12.79,2024-02-06,48,7.45
07 AAA 094,Volkswagen,Caddy,1,12.79,2024-02-07,297,49.97
07 AAA 094,Volkswagen,Caddy,1,12.79,2024-02-08,52,8.17
07 AAA 094,Volkswagen,Caddy,1,12.79,2024-02-09,165,29.88
07 AAA 094,Volkswagen,Caddy,1,12.79,2024-02-10,43,4.42
07 AAA 094,Volkswagen,Caddy,1,12.79,2024-02-11,124,22.46
07 AAA 094,Volkswagen,Caddy,1,12.79,2024-02-12,219,32.23
07 AAA 094,Volkswagen,Caddy,1,12.79,2024-02-13,107,13.96
07 AAA 094,Volkswagen,Caddy,1,12.79,2024-02-14,210,38.58
07 AAA 094,Volkswagen,Caddy,1,12.79,2024-02-15,227,28.27
07 AAA 094,Volkswagen,Caddy,1,12.79,2024-02-16,86,14.5
07 AAA 094,Volkswagen,Caddy,1,12.79,2024-02-17,276,30.05
07 AAA 094,Volkswagen,Caddy,1,12.79,2024-02-18,101,15.99
07 AAA 094,Volkswagen,Caddy,1,12.79,2024-02-19,79,9.99
07 AAA 094,Volkswagen,Caddy,1,12.79,2024-02-20,77,8.61
07 AAA 094,Volkswagen,Caddy,1,12.79,2024-02-21,191,22.47
07 AAA 094,Volkswagen,Caddy,1,12.79,2024-02-22,234,44.04
07 AAA 094,Volkswagen,Caddy,1,12.79,2024-02-23,163,29.65
07 AAA 094,Volkswagen,Caddy,1,12.79,2024-02-24,199,31.15
07 AAA 094,Volkswagen,Caddy,1,12.79,2024-02-25,221,24.08
07 AAA 094,Volkswagen,Caddy,1,12.79,2024-02-26,202,21.58
07 AAA 094,Volkswagen,Caddy,1,12.79,2024-02-27,85,13.97
07 AAA 094,Volkswagen,Caddy,1,12.79,2024-02-28,160,22.62
07 AAA 094,Volkswagen,Caddy,1,12.79,2024-02-29,141,19.0
07 AAA 094,Volkswagen,Caddy,1,12.79,2024-03-01,104,11.56
07 AAA 094,Volkswagen,Caddy,1,12.79,2024-03-02,232,41.17
07 AAA 094,Volkswagen,Caddy,1,12.79,2024-03-03,168,18.55
07 AAA 094,Volkswagen,Caddy,1,12.79,2024-03-04,183,19.02
07 AAA 094,Volkswagen,Caddy,1,12.79,2024-03-05,137,26.23
07 AAA 094,Volkswagen,Caddy,1,12.79,2024-03-06,229,34.71
07 AAA 094,Volkswagen,Caddy,1,12.79,2024-03-07,73,8.33
07 AAA 094,Volkswagen,Caddy,1,12.79,2024-03-08,112,19.6
07 AAA 094,Volkswagen,Caddy,1,12.79,2024-03-09,119,19.4
07 AAA 094,Volkswagen,Caddy,1,12.79,2024-03-10,295,56.56
07 AAA 094,Volkswagen,Caddy,1,12.79,2024-03-11,252,48.06
07 AAA 094,Volkswagen,Caddy,1,12.79,2024-03-12,157,19.75
07 AAA 094,Volkswagen,Caddy,1,12.79,2024-03-13,75,11.96
07 AAA 094,Volkswagen,Caddy,1,12.79,2024-03-14,289,53.62
07 AAA 094,Volkswagen,Caddy,1,12.79,2024-03-15,48,5.15
07 AAA 094,Volkswagen,Caddy,1,12.79,2024-03-16,189,24.08
07 AAA 094,Volkswagen,Caddy,1,12.79,2024-03-17,263,38.39
07 AAA 094,Volkswagen,Caddy,1,12.79,2024-03-18,200,22.71
07 AAA 094,Volkswagen,Caddy,1,12.79,2024-03-19,205,23.2
07 AAA 094,Volkswagen,Caddy,1,12.79,2024-03-20,277,31.09
07 AAA 094,Volkswagen,Caddy,1,12.79,2024-03-21,258,29.98
07 AAA 094,Volkswagen,Caddy,1,12.79,2024-03-22,149,16.53
07 AAA 094,Volkswagen,Caddy,1,12.79,2024-03-23,187,34.61
07 AAA 094,Volkswagen,Caddy,1,12.79,2024-03-24,171,27.2
07 AAA 094,Volkswagen,Caddy,1,12.79,2024-03-25,80,14.42
07 AAA 094,Volkswagen,Caddy,1,12.79,2024-03-26,285,50.49
07 AAA 094,Volkswagen,Caddy,1,12.79,2024-03-27,204,32.94
07 AAA 094,Volkswagen,Caddy,1,12.79,2024-03-28,44,7.7
07 AAA 094,Volkswagen,Caddy,1,12.79,2024-03-29,267,35.21
07 AAA 094,Volkswagen,Caddy,1,12.79,2024-03-30,65,11.91
07 AAA 094,Volkswagen,Caddy,1,12.79,2024-03-31,223,29.32
07 AAA 094,Volkswagen,Caddy,1,12.79,2024-04-01,215,40.15
07 AAA 094,Volkswagen,Caddy,1,12.79,2024-04-02,228,35.94
07 AAA 094,Volkswagen,Caddy,1,12.79,2024-04-03,124,20.42
07 AAA 094,Volkswagen,Caddy,1,12.79,2024-04-04,211,26.0
07 AAA 094,Volkswagen,Caddy,1,12.79,2024-04-05,271,28.93
07 AAA 094,Volkswagen,Caddy,1,12.79,2024-04-06,87,9.89
07 AAA 094,Volkswagen,Caddy,1,12.79,2024-04-07,231,33.98
07 AAA 094,Volkswagen,Caddy,1,12.79,2024-04-08,65,8.55
07 AAA 094,Volkswagen,Caddy,1,12.79,2024-04-09,205,37.75
07 AAA 094,Volkswagen,Caddy,1,12.79,2024-04-10,297,39.84
07 AAA 094,Volkswagen,Caddy,1,12.79,2024-04-11,150,26.22
07 AAA 094,Volkswagen,Caddy,1,12.79,2024-04-12,251,40.12
07 AAA 094,Volkswagen,Caddy,1,12.79,2024-04-13,133,22.51
07 AAA 094,Volkswagen,Caddy,1,12.79,2024-04-14,73,9.65
07 AAA 094,Volkswagen,Caddy,1,12.79,2024-04-15,295,44.24
07 AAA 094,Volkswagen,Caddy,1,12.79,2024-04-16,242,28.36
07 AAA 094,Volkswagen,Caddy,1,12.79,2024-04-17,204,23.32
07 AAA 094,Volkswagen,Caddy,1,12.79,2024-04-18,300,30.82
07 AAA 094,Volkswagen,Caddy,1,12.79,2024-04-19,132,20.16
07 AAA 094,Volkswagen,Caddy,1,12.79,2024-04-20,275,47.03
07 AAA 094,Volkswagen,Caddy,1,12.79,2024-04-21,162,20.7
07 AAA 094,Volkswagen,Caddy,1,12.79,2024-04-22,155,24.61
07 AAA 094,Volkswagen,Caddy,1,12.79,2024-04-23,129,15.34
07 AAA 094,Volkswagen,Caddy,1,12.79,2024-04-24,78,10.73
07 AAA 094,Volkswagen,Caddy,1,12.79,2024-04-25,138,14.78
07 AAA 094,Volkswagen,Caddy,1,12.79,2024-04-26,84,14.31
07 AAA 094,Volkswagen,Caddy,1,12.79,2024-04-27,178,28.7
07 AAA 094,Volkswagen,Caddy,1,12.79,2024-04-28,66,10.52
07 AAA 094,Volkswagen,Caddy,1,12.79,2024-04-29,223,30.38
07 AAA 095,Renault,Transit,1,12.06,2024-01-01,254,30.17
07 AAA 095,Renault,Transit,1,12.06,2024-01-02,210,23.83
07 AAA 095,Renault,Transit,1,12.06,2024-01-03,277,41.05
07 AAA 095,Renault,Transit,1,12.06,2024-01-04,228,37.05
07 AAA 095,Renault,Transit,1,12.06,2024-01-05,172,21.98
07 AAA 095,Renault,Transit,1,12.06,2024-01-06,151,17.73
07 AAA 095,Renault,Transit,1,12.06,2024-01-07,185,30.85
07 AAA 095,Renault,Transit,1,12.06,2024-01-08,207,33.52
07 AAA 095,Renault,Transit,1,12.06,2024-01-09,51,9.13
07 AAA 095,Renault,Transit,1,12.06,2024-01-10,280,32.97
07 AAA 095,Renault,Transit,1,12.06,2024-01-11,249,38.4
07 AAA 095,Renault,Transit,1,12.06,2024-01-12,155,23.29
07 AAA 095,Renault,Transit,1,12.06,2024-01-13,198,25.58
07 AAA 095,Renault,Transit,1,12.06,2024-01-14,263,41.47
07 AAA 095,Renault,Transit,1,12.06,2024-01-15,168,27.9
07 AAA 095,Renault,Transit,1,12.06,2024-01-16,160,25.79
07 AAA 095,Renault,Transit,1,12.06,2024-01-17,169,17.68
07 AAA 095,Renault,Transit,1,12.06,2024-01-18,69,6.79
07 AAA 095,Renault,Transit,1,12.06,2024-01-19,184,23.67
07 AAA 095,Renault,Transit,1,12.06,2024-01-20,204,29.34
07 AAA 095,Renault,Transit,1,12.06,2024-01-21,271,45.45
07 AAA 095,Renault,Transit,1,12.06,2024-01-22,159,16.77
07 AAA 095,Renault,Transit,1,12.06,2024-01-23,272,32.28
07 AAA 095,Renault,Transit,1,12.06,2024-01-24,177,21.64
07 AAA 095,Renault,Transit,1,12.06,2024-01-25,95,12.64
07 AAA 095,Renault,Transit,1,12.06,2024-01-26,179,18.44
07 AAA 095,Renault,Transit,1,12.06,2024-01-27,281,48.54
07 AAA 095,Renault,Transit,1,12.06,2024-01-28,54,7.68
07 AAA 095,Renault,Transit,1,12.06,2024-01-29,64,9.48
07 AAA 095,Renault,Transit,1,12.06,2024-01-30,98,10.28
07 AAA 095,Renault,Transit,1,12.06,2024-01-31,268,26.46
07 AAA 095,Renault,Transit,1,12.06,2024-02-01,135,13.38
07 AAA 095,Renault,Transit,1,12.06,2024-02-02,115,20.66
07 AAA 095,Renault,Transit,1,12.06,2024-02-03,192,31.22
07 AAA 095,Renault,Transit,1,12.06,2024-02-04,126,15.74
07 AAA 095,Renault,Transit,1,12.06,2024-02-05,160,22.61
07 AAA 095,Renault,Transit,1,12.06,2024-02-06,168,19.45
07 AAA 095,Renault,Transit,1,12.06,2024-02-07,168,27.86
07 AAA 095,Renault,Transit,1,12.06,2024-02-08,276,28.65
07 AAA 095,Renault,Transit,1,12.06,2024-02-09,237,24.76
07 AAA 095,Renault,Transit,1,12.06,2024-02-10,126,14.78
07 AAA 095,Renault,Transit,1,12.06,2024-02-11,278,28.78
07 AAA 095,Renault,Transit,1,12.06,2024-02-12,107,18.83
07 AAA 095,Renault,Transit,1,12.06,2024-02-13,274,31.15
07 AAA 095,Renault,Transit,1,12.06,2024-02-14,200,21.89
07 AAA 095,Renault,Transit,1,12.06,2024-02-15,185,32.04
07 AAA 095,Renault,Transit,1,12.06,2024-02-16,257,32.4
07 AAA 095,Renault,Transit,1,12.06,2024-02-17,203,21.37
07 AAA 095,Renault,Transit,1,12.06,2024-02-18,219,36.72
07 AAA 095,Renault,Transit,1,12.06,2024-02-19,267,27.57
07 AAA 095,Renault,Transit,1,12.06,2024-02-20,134,13.78
07 AAA 095,Renault,Transit,1,12.06,2024-02-21,44,6.64
07 AAA 095,Renault,Transit,1,12.06,2024-02-22,257,34.39
07 AAA 095,Renault,Transit,1,12.06,2024-02-23,55,6.88
07 AAA 095,Renault,Transit,1,12.06,2024-02-24,241,33.86
07 AAA 095,Renault,Transit,1,12.06,2024-02-25,197,27.78
07 AAA 095,Renault,Transit,1,12.06,2024-02-26,241,43.36
07 AAA 095,Renault,Transit,1,12.06,2024-02-27,300,42.48
07 AAA 095,Renault,Transit,1,12.06,2024-02-28,249,38.99
07 AAA 095,Renault,Transit,1,12.06,2024-02-29,117,15.4
07 AAA 095,Renault,Transit,1,12.06,2024-03-01,146,24.6
07 AAA 095,Renault,Transit,1,12.06,2024-03-02,44,4.91
07 AAA 095,Renault,Transit,1,12.06,2024-03-03,245,42.96
07 AAA 095,Renault,Transit,1,12.06,2024-03-04,283,40.53
07 AAA 095,Renault,Transit,1,12.06,2024-03-05,183,24.5
07 AAA 095,Renault,Transit,1,12.06,2024-03-06,160,26.36
07 AAA 095,Renault,Transit,1,12.06,2024-03-07,256,28.91
07 AAA 095,Renault,Transit,1,12.06,2024-03-08,265,36.94
07 AAA 095,Renault,Transit,1,12.06,2024-03-09,202,20.87
07 AAA 095,Renault,Transit,1,12.06,2024-03-10,84,10.96
07 AAA 095,Renault,Transit,1,12.06,2024-03-11,234,26.5
07 AAA 095,Renault,Transit,1,12.06,2024-03-12,101,9.79
07 AAA 095,Renault,Transit,1,12.06,2024-03-13,44,5.88
07 AAA 095,Renault,Transit,1,12.06,2024-03-14,272,29.51
07 AAA 095,Renault,Transit,1,12.06,2024-03-15,293,46.9
07 AAA 095,Renault,Transit,1,12.06,2024-03-16,118,19.94
07 AAA 095,Renault,Transit,1,12.06,2024-03-17,293,49.1
07 AAA 095,Renault,Transit,1,12.06,2024-03-18,202,27.85
07 AAA 095,Renault,Transit,1,12.06,2024-03-19,273,32.75
07 AAA 095,Renault,Transit,1,12.06,2024-03-20,290,47.06
07 AAA 095,Renault,Transit,1,12.06,2024-03-21,168,18.9
07 AAA 095,Renault,Transit,1,12.06,2024-03-22,194,21.08
07 AAA 095,Renault,Transit,1,12.06,2024-03-23,169,25.36
07 AAA 095,Renault,Transit,1,12.06,2024-03-24,229,24.79
07 AAA 095,Renault,Transit,1,12.06,2024-03-25,87,9.11
07 AAA 095,Renault,Transit,1,12.06,2024-03-26,74,10.49
07 AAA 095,Renault,Transit,1,12.06,2024-03-27,123,19.48
07 AAA 095,Renault,Transit,1,12.06,2024-03-28,86,15.03
07 AAA 095,Renault,Transit,1,12.06,2024-03-29,98,16.73
07 AAA 095,Renault,Transit,1,12.06,2024-03-30,238,37.35
07 AAA 095,Renault,Transit,1,12.06,2024-03-31,259,31.48
07 AAA 095,Renault,Transit,1,12.06,2024-04-01,262,45.97
07 AAA 095,Renault,Transit,1,12.06,2024-04-02,138,22.5
07 AAA 095,Renault,Transit,1,12.06,2024-04-03,269,26.76
07 AAA 095,Renault,Transit,1,12.06,2024-04-04,100,16.86
07 AAA 095,Renault,Transit,1,12.06,2024-04-05,197,21.19
07 AAA 095,Renault,Transit,1,12.06,2024-04-06,147,15.91
07 AAA 095,Renault,Transit,1,12.06,2024-04-07,104,11.47
07 AAA 095,Renault,Transit,1,12.06,2024-04-08,281,32.01
07 AAA 095,Renault,Transit,1,12.06,2024-04-09,291,34.46
07 AAA 095,Renault,Transit,1,12.06,2024-04-10,84,9.04
07 AAA 095,Renault,Transit,1,12.06,2024-04-11,137,19.14
07 AAA 095,Renault,Transit,1,12.06,2024-04-12,279,46.32
07 AAA 095,Renault,Transit,1,12.06,2024-04-13,58,6.95
07 AAA 095,Renault,Transit,1,12.06,2024-04-14,156,16.15
07 AAA 095,Renault,Transit,1,12.06,2024-04-15,110,14.48
07 AAA 095,Renault,Transit,1,12.06,2024-04-16,59,9.38
07 AAA 095,Renault,Transit,1,12.06,2024-04-17,165,24.41
07 AAA 095,Renault,Transit,1,12.06,2024-04-18,167,16.15
07 AAA 095,Renault,Transit,1,12.06,2024-04-19,277,30.35
07 AAA 095,Renault,Transit,1,12.06,2024-04-20,50,5.93
07 AAA 095,Renault,Transit,1,12.06,2024-04-21,214,33.25
07 AAA 095,Renault,Transit,1,12.06,2024-04-22,52,9.35
07 AAA 095,Renault,Transit,1,12.06,2024-04-23,105,13.08
07 AAA 095,Renault,Transit,1,12.06,2024-04-24,170,22.74
07 AAA 095,Renault,Transit,1,12.06,2024-04-25,82,14.4
07 AAA 095,Renault,Transit,1,12.06,2024-04-26,90,10.56
07 AAA 095,Renault,Transit,1,12.06,2024-04-27,139,21.82
07 AAA 095,Renault,Transit,1,12.06,2024-04-28,147,22.7
07 AAA 095,Renault,Transit,1,12.06,2024-04-29,97,15.77
07 AAA 096,Volkswagen,Caddy,4,8.86,2024-01-01,176,13.28
07 AAA 096,Volkswagen,Caddy,4,8.86,2024-01-02,89,8.56
07 AAA 096,Volkswagen,Caddy,4,8.86,2024-01-03,139,10.08
07 AAA 096,Volkswagen,Caddy,4,8.86,2024-01-04,292,22.13
07 AAA 096,Volkswagen,Caddy,4,8.86,2024-01-05,57,5.44
07 AAA 096,Volkswagen,Caddy,4,8.86,2024-01-06,105,13.01
07 AAA 096,Volkswagen,Caddy,4,8.86,2024-01-07,283,26.68
07 AAA 096,Volkswagen,Caddy,4,8.86,2024-01-08,187,14.71
07 AAA 096,Volkswagen,Caddy,4,8.86,2024-01-09,83,10.5
07 AAA 096,Volkswagen,Caddy,4,8.86,2024-01-10,100,12.98
07 AAA 096,Volkswagen,Caddy,4,8.86,2024-01-11,109,14.21
07 AAA 096,Volkswagen,Caddy,4,8.86,2024-01-12,186,15.12
07 AAA 096,Volkswagen,Caddy,4,8.86,2024-01-13,149,18.32
07 AAA 096,Volkswagen,Caddy,4,8.86,2024-01-14,206,26.48
07 AAA 096,Volkswagen,Caddy,4,8.86,2024-01-15,290,36.19
07 AAA 096,Volkswagen,Caddy,4,8.86,2024-01-16,90,7.33
07 AAA 096,Volkswagen,Caddy,4,8.86,2024-01-17,92,9.27
07 AAA 096,Volkswagen,Caddy,4,8.86,2024-01-18,160,20.48
07 AAA 096,Volkswagen,Caddy,4,8.86,2024-01-19,96,11.4
07 AAA 096,Volkswagen,Caddy,4,8.86,2024-01-20,269,33.73
07 AAA 096,Volkswagen,Caddy,4,8.86,2024-01-21,140,15.72
07 AAA 096,Volkswagen,Caddy,4,8.86,2024-01-22,292,20.82
07 AAA 096,Volkswagen,Caddy,4,8.86,2024-01-23,205,25.75
07 AAA 096,Volkswagen,Caddy,4,8.86,2024-01-24,174,14.82
07 AAA 096,Volkswagen,Caddy,4,8.86,2024-01-25,276,32.73
07 AAA 096,Volkswagen,Caddy,4,8.86,2024-01-26,276,27.83
07 AAA 096,Volkswagen,Caddy,4,8.86,2024-01-27,137,12.4
07 AAA 096,Volkswagen,Caddy,4,8.86,2024-01-28,184,14.5
07 AAA 096,Volkswagen,Caddy,4,8.86,2024-01-29,242,19.27
07 AAA 096,Volkswagen,Caddy,4,8.86,2024-01-30,50,5.48
07 AAA 096,Volkswagen,Caddy,4,8.86,2024-01-31,181,19.38
07 AAA 096,Volkswagen,Caddy,4,8.86,2024-02-01,208,21.42
07 AAA 096,Volkswagen,Caddy,4,8.86,2024-02-02,239,17.27
07 AAA 096,Volkswagen,Caddy,4,8.86,2024-02-03,99,9.68
07 AAA 096,Volkswagen,Caddy,4,8.86,2024-02-04,247,18.57
07 AAA 096,Volkswagen,Caddy,4,8.86,2024-02-05,143,18.89
07 AAA 096,Volkswagen,Caddy,4,8.86,2024-02-06,288,31.54
07 AAA 096,Volkswagen,Caddy,4,8.86,2024-02-07,75,6.47
07 AAA 096,Volkswagen,Caddy,4,8.86,2024-02-08,195,21.28
07 AAA 096,Volkswagen,Caddy,4,8.86,2024-02-09,287,22.96
07 AAA 096,Volkswagen,Caddy,4,8.86,2024-02-10,255,32.89
07 AAA 096,Volkswagen,Caddy,4,8.86,2024-02-11,106,12.34
07 AAA 096,Volkswagen,Caddy,4,8.86,2024-02-12,259,29.37
07 AAA 096,Volkswagen,Caddy,4,8.86,2024-02-13,129,15.9
07 AAA 096,Volkswagen,Caddy,4,8.86,2024-02-14,137,14.31
07 AAA 096,Volkswagen,Caddy,4,8.86,2024-02-15,230,25.85
07 AAA 096,Volkswagen,Caddy,4,8.86,2024-02-16,48,5.92
07 AAA 096,Volkswagen,Caddy,4,8.86,2024-02-17,45,3.27
07 AAA 096,Volkswagen,Caddy,4,8.86,2024-02-18,198,19.9
07 AAA 096,Volkswagen,Caddy,4,8.86,2024-02-19,185,20.48
07 AAA 096,Volkswagen,Caddy,4,8.86,2024-02-20,167,17.12
07 AAA 096,Volkswagen,Caddy,4,8.86,2024-02-21,92,11.55
07 AAA 096,Volkswagen,Caddy,4,8.86,2024-02-22,113,12.36
07 AAA 096,Volkswagen,Caddy,4,8.86,2024-02-23,153,18.9
07 AAA 096,Volkswagen,Caddy,4,8.86,2024-02-24,247,31.44
07 AAA 096,Volkswagen,Caddy,4,8.86,2024-02-25,193,23.12
07 AAA 096,Volkswagen,Caddy,4,8.86,2024-02-26,112,9.02
07 AAA 096,Volkswagen,Caddy,4,8.86,2024-02-27,48,4.32
07 AAA 096,Volkswagen,Caddy,4,8.86,2024-02-28,131,15.17
07 AAA 096,Volkswagen,Caddy,4,8.86,2024-02-29,129,9.48
07 AAA 096,Volkswagen,Caddy,4,8.86,2024-03-01,49,4.8
07 AAA 096,Volkswagen,Caddy,4,8.86,2024-03-02,245,19.44
07 AAA 096,Volkswagen,Caddy,4,8.86,2024-03-03,256,21.7
07 AAA 096,Volkswagen,Caddy,4,8.86,2024-03-04,89,11.53
07 AAA 096,Volkswagen,Caddy,4,8.86,2024-03-05,89,10.29
07 AAA 096,Volkswagen,Caddy,4,8.86,2024-03-06,196,24.85
07 AAA 096,Volkswagen,Caddy,4,8.86,2024-03-07,203,24.94
07 AAA 096,Volkswagen,Caddy,4,8.86,2024-03-08,268,23.54
07 AAA 096,Volkswagen,Caddy,4,8.86,2024-03-09,134,12.05
07 AAA 096,Volkswagen,Caddy,4,8.86,2024-03-10,223,26.37
07 AAA 096,Volkswagen,Caddy,4,8.86,2024-03-11,64,7.66
07 AAA 096,Volkswagen,Caddy,4,8.86,2024-03-12,227,22.11
07 AAA 096,Volkswagen,Caddy,4,8.86,2024-03-13,282,33.62
07 AAA 096,Volkswagen,Caddy,4,8.86,2024-03-14,211,25.98
07 AAA 096,Volkswagen,Caddy,4,8.86,2024-03-15,296,38.64
07 AAA 096,Volkswagen,Caddy,4,8.86,2024-03-16,198,26.23
07 AAA 096,Volkswagen,Caddy,4,8.86,2024-03-17,197,20.96
07 AAA 096,Volkswagen,Caddy,4,8.86,2024-03-18,287,31.93
07 AAA 096,Volkswagen,Caddy,4,8.86,2024-03-19,72,5.33
07 AAA 096,Volkswagen,Caddy,4,8.86,2024-03-20,282,29.04
07 AAA 096,Volkswagen,Caddy,4,8.86,2024-03-21,281,27.36
07 AAA 096,Volkswagen,Caddy,4,8.86,2024-03-22,164,13.9
07 AAA 096,Volkswagen,Caddy,4,8.86,2024-03-23,120,13.12
07 AAA 096,Volkswagen,Caddy,4,8.86,2024-03-24,224,29.46
07 AAA 096,Volkswagen,Caddy,4,8.86,2024-03-25,196,15.43
07 AAA 096,Volkswagen,Caddy,4,8.86,2024-03-26,54,4.82
07 AAA 096,Volkswagen,Caddy,4,8.86,2024-03-27,284,26.07
07 AAA 096,Volkswagen,Caddy,4,8.86,2024-03-28,239,25.37
07 AAA 096,Volkswagen,Caddy,4,8.86,2024-03-29,207,24.5
07 AAA 096,Volkswagen,Caddy,4,8.86,2024-03-30,246,30.47
07 AAA 096,Volkswagen,Caddy,4,8.86,2024-03-31,105,9.11
07 AAA 096,Volkswagen,Caddy,4,8.86,2024-04-01,71,5.36
07 AAA 096,Volkswagen,Caddy,4,8.86,2024-04-02,239,22.91
07 AAA 096,Volkswagen,Caddy,4,8.86,2024-04-03,124,13.22
07 AAA 096,Volkswagen,Caddy,4,8.86,2024-04-04,275,20.56
07 AAA 096,Volkswagen,Caddy,4,8.86,2024-04-05,107,8.51
07 AAA 096,Volkswagen,Caddy,4,8.86,2024-04-06,296,26.6
07 AAA 096,Volkswagen,Caddy,4,8.86,2024-04-07,203,19.92
07 AAA 096,Volkswagen,Caddy,4,8.86,2024-04-08,66,5.76
07 AAA 096,Volkswagen,Caddy,4,8.86,2024-04-09,277,31.63
07 AAA 096,Volkswagen,Caddy,4,8.86,2024-04-10,230,26.79
07 AAA 096,Volkswagen,Caddy,4,8.86,2024-04-11,297,39.01
07 AAA 096,Volkswagen,Caddy,4,8.86,2024-04-12,126,10.16
07 AAA 096,Volkswagen,Caddy,4,8.86,2024-04-13,139,15.03
07 AAA 096,Volkswagen,Caddy,4,8.86,2024-04-14,169,14.39
07 AAA 096,Volkswagen,Caddy,4,8.86,2024-04-15,278,35.04
07 AAA 096,Volkswagen,Caddy,4,8.86,2024-04-16,75,6.03
07 AAA 096,Volkswagen,Caddy,4,8.86,2024-04-17,111,10.19
07 AAA 096,Volkswagen,Caddy,4,8.86,2024-04-18,167,13.96
07 AAA 096,Volkswagen,Caddy,4,8.86,2024-04-19,186,17.9
07 AAA 096,Volkswagen,Caddy,4,8.86,2024-04-20,179,19.73
07 AAA 096,Volkswagen,Caddy,4,8.86,2024-04-21,297,35.79
07 AAA 096,Volkswagen,Caddy,4,8.86,2024-04-22,50,5.19
07 AAA 096,Volkswagen,Caddy,4,8.86,2024-04-23,242,22.39
07 AAA 096,Volkswagen,Caddy,4,8.86,2024-04-24,237,26.02
07 AAA 096,Volkswagen,Caddy,4,8.86,2024-04-25,42,5.06
07 AAA 096,Volkswagen,Caddy,4,8.86,2024-04-26,189,22.36
07 AAA 096,Volkswagen,Caddy,4,8.86,2024-04-27,269,35.63
07 AAA 096,Volkswagen,Caddy,4,8.86,2024-04-28,210,18.8
07 AAA 096,Volkswagen,Caddy,4,8.86,2024-04-29,138,14.63
07 AAA 097,Fiat,Doblo,3,24.54,2024-01-01,266,88.61
07 AAA 097,Fiat,Doblo,3,24.54,2024-01-02,238,63.86
07 AAA 097,Fiat,Doblo,3,24.54,2024-01-03,100,28.24
07 AAA 097,Fiat,Doblo,3,24.54,2024-01-04,51,14.48
07 AAA 097,Fiat,Doblo,3,24.54,2024-01-05,133,36.83
07 AAA 097,Fiat,Doblo,3,24.54,2024-01-06,68,19.55
07 AAA 097,Fiat,Doblo,3,24.54,2024-01-07,82,22.33
07 AAA 097,Fiat,Doblo,3,24.54,2024-01-08,287,83.98
07 AAA 097,Fiat,Doblo,3,24.54,2024-01-09,118,29.05
07 AAA 097,Fiat,Doblo,3,24.54,2024-01-10,137,29.62
07 AAA 097,Fiat,Doblo,3,24.54,2024-01-11,273,94.94
07 AAA 097,Fiat,Doblo,3,24.54,2024-01-12,127,32.52
07 AAA 097,Fiat,Doblo,3,24.54,2024-01-13,211,68.41
07 AAA 097,Fiat,Doblo,3,24.54,2024-01-14,203,55.08
07 AAA 097,Fiat,Doblo,3,24.54,2024-01-15,197,70.86
07 AAA 097,Fiat,Doblo,3,24.54,2024-01-16,67,20.91
07 AAA 097,Fiat,Doblo,3,24.54,2024-01-17,242,78.06
07 AAA 097,Fiat,Doblo,3,24.54,2024-01-18,136,42.68
07 AAA 097,Fiat,Doblo,3,24.54,2024-01-19,184,36.7
07 AAA 097,Fiat,Doblo,3,24.54,2024-01-20,221,62.06
07 AAA 097,Fiat,Doblo,3,24.54,2024-01-21,141,45.83
07 AAA 097,Fiat,Doblo,3,24.54,2024-01-22,185,52.11
07 AAA 097,Fiat,Doblo,3,24.54,2024-01-23,96,28.91
07 AAA 097,Fiat,Doblo,3,24.54,2024-01-24,225,52.24
07 AAA 097,Fiat,Doblo,3,24.54,2024-01-25,63,22.37
07 AAA 097,Fiat,Doblo,3,24.54,2024-01-26,217,78.21
07 AAA 097,Fiat,Doblo,3,24.54,2024-01-27,292,90.29
07 AAA 097,Fiat,Doblo,3,24.54,2024-01-28,49,12.07
07 AAA 097,Fiat,Doblo,3,24.54,2024-01-29,170,43.58
07 AAA 097,Fiat,Doblo,3,24.54,2024-01-30,200,53.5
07 AAA 097,Fiat,Doblo,3,24.54,2024-01-31,196,54.68
07 AAA 097,Fiat,Doblo,3,24.54,2024-02-01,152,45.7
07 AAA 097,Fiat,Doblo,3,24.54,2024-02-02,75,15.66
07 AAA 097,Fiat,Doblo,3,24.54,2024-02-03,290,73.29
07 AAA 097,Fiat,Doblo,3,24.54,2024-02-04,233,68.55
07 AAA 097,Fiat,Doblo,3,24.54,2024-02-05,149,31.98
07 AAA 097,Fiat,Doblo,3,24.54,2024-02-06,154,40.72
07 AAA 097,Fiat,Doblo,3,24.54,2024-02-07,96,23.53
07 AAA 097,Fiat,Doblo,3,24.54,2024-02-08,276,74.08
07 AAA 097,Fiat,Doblo,3,24.54,2024-02-09,277,70.07
07 AAA 097,Fiat,Doblo,3,24.54,2024-02-10,266,87.96
07 AAA 097,Fiat,Doblo,3,24.54,2024-02-11,289,102.02
07 AAA 097,Fiat,Doblo,3,24.54,2024-02-12,43,14.79
07 AAA 097,Fiat,Doblo,3,24.54,2024-02-13,81,16.24
07 AAA 097,Fiat,Doblo,3,24.54,2024-02-14,282,82.09
07 AAA 097,Fiat,Doblo,3,24.54,2024-02-15,63,16.31
07 AAA 097,Fiat,Doblo,3,24.54,2024-02-16,271,77.83
07 AAA 097,Fiat,Doblo,3,24.54,2024-02-17,280,63.39
07 AAA 097,Fiat,Doblo,3,24.54,2024-02-18,51,12.01
07 AAA 097,Fiat,Doblo,3,24.54,2024-02-19,222,77.46
07 AAA 097,Fiat,Doblo,3,24.54,2024-02-20,264,63.06
07 AAA 097,Fiat,Doblo,3,24.54,2024-02-21,138,32.87
07 AAA 097,Fiat,Doblo,3,24.54,2024-02-22,180,41.88
07 AAA 097,Fiat,Doblo,3,24.54,2024-02-23,175,44.69
07 AAA 097,Fiat,Doblo,3,24.54,2024-02-24,174,59.0
07 AAA 097,Fiat,Doblo,3,24.54,2024-02-25,276,85.0
07 AAA 097,Fiat,Doblo,3,24.54,2024-02-26,164,38.72
07 AAA 097,Fiat,Doblo,3,24.54,2024-02-27,235,84.75
07 AAA 097,Fiat,Doblo,3,24.54,2024-02-28,171,53.77
07 AAA 097,Fiat,Doblo,3,24.54,2024-02-29,190,67.55
07 AAA 097,Fiat,Doblo,3,24.54,2024-03-01,129,33.06
07 AAA 097,Fiat,Doblo,3,24.54,2024-03-02,197,60.47
07 AAA 097,Fiat,Doblo,3,24.54,2024-03-03,297,64.74
07 AAA 097,Fiat,Doblo,3,24.54,2024-03-04,229,48.0
07 AAA 097,Fiat,Doblo,3,24.54,2024-03-05,74,27.15
07 AAA 097,Fiat,Doblo,3,24.54,2024-03-06,287,77.11
07 AAA 097,Fiat,Doblo,3,24.54,2024-03-07,64,20.38
07 AAA 097,Fiat,Doblo,3,24.54,2024-03-08,97,26.7
07 AAA 097,Fiat,Doblo,3,24.54,2024-03-09,82,24.41
07 AAA 097,Fiat,Doblo,3,24.54,2024-03-10,158,33.05
07 AAA 097,Fiat,Doblo,3,24.54,2024-03-11,285,62.78
07 AAA 097,Fiat,Doblo,3,24.54,2024-03-12,105,35.8
07 AAA 097,Fiat,Doblo,3,24.54,2024-03-13,54,11.84
07 AAA 097,Fiat,Doblo,3,24.54,2024-03-14,45,9.81
07 AAA 097,Fiat,Doblo,3,24.54,2024-03-15,111,30.18
07 AAA 097,Fiat,Doblo,3,24.54,2024-03-16,77,17.22
07 AAA 097,Fiat,Doblo,3,24.54,2024-03-17,90,22.59
07 AAA 097,Fiat,Doblo,3,24.54,2024-03-18,177,43.78
07 AAA 097,Fiat,Doblo,3,24.54,2024-03-19,41,13.45
07 AAA 097,Fiat,Doblo,3,24.54,2024-03-20,294,96.37
07 AAA 097,Fiat,Doblo,3,24.54,2024-03-21,245,52.14
07 AAA 097,Fiat,Doblo,3,24.54,2024-03-22,220,72.39
07 AAA 097,Fiat,Doblo,3,24.54,2024-03-23,137,37.32
07 AAA 097,Fiat,Doblo,3,24.54,2024-03-24,58,13.98
07 AAA 097,Fiat,Doblo,3,24.54,2024-03-25,79,15.9
07 AAA 097,Fiat,Doblo,3,24.54,2024-03-26,203,59.89
07 AAA 097,Fiat,Doblo,3,24.54,2024-03-27,244,71.95
07 AAA 097,Fiat,Doblo,3,24.54,2024-03-28,128,28.92
07 AAA 097,Fiat,Doblo,3,24.54,2024-03-29,110,34.62
07 AAA 097,Fiat,Doblo,3,24.54,2024-03-30,184,41.12
07 AAA 097,Fiat,Doblo,3,24.54,2024-03-31,167,39.16
07 AAA 097,Fiat,Doblo,3,24.54,2024-04-01,242,49.27
07 AAA 097,Fiat,Doblo,3,24.54,2024-04-02,61,12.04
07 AAA 097,Fiat,Doblo,3,24.54,2024-04-03,230,77.71
07 AAA 097,Fiat,Doblo,3,24.54,2024-04-04,256,63.94
07 AAA 097,Fiat,Doblo,3,24.54,2024-04-05,248,83.66
07 AAA 097,Fiat,Doblo,3,24.54,2024-04-06,50,13.33
07 AAA 097,Fiat,Doblo,3,24.54,2024-04-07,246,71.62
07 AAA 097,Fiat,Doblo,3,24.54,2024-04-08,101,35.21
07 AAA 097,Fiat,Doblo,3,24.54,2024-04-09,154,55.38
07 AAA 097,Fiat,Doblo,3,24.54,2024-04-10,111,40.32
07 AAA 097,Fiat,Doblo,3,24.54,2024-04-11,46,13.57
07 AAA 097,Fiat,Doblo,3,24.54,2024-04-12,114,35.02
07 AAA 097,Fiat,Doblo,3,24.54,2024-04-13,113,40.14
07 AAA 097,Fiat,Doblo,3,24.54,2024-04-14,96,29.76
07 AAA 097,Fiat,Doblo,3,24.54,2024-04-15,207,49.31
07 AAA 097,Fiat,Doblo,3,24.54,2024-04-16,270,67.4
07 AAA 097,Fiat,Doblo,3,24.54,2024-04-17,260,55.3
07 AAA 097,Fiat,Doblo,3,24.54,2024-04-18,175,36.52
07 AAA 097,Fiat,Doblo,3,24.54,2024-04-19,46,11.91
07 AAA 097,Fiat,Doblo,3,24.54,2024-04-20,116,27.71
07 AAA 097,Fiat,Doblo,3,24.54,2024-04-21,41,9.25
07 AAA 097,Fiat,Doblo,3,24.54,2024-04-22,197,54.14
07 AAA 097,Fiat,Doblo,3,24.54,2024-04-23,229,48.24
07 AAA 097,Fiat,Doblo,3,24.54,2024-04-24,248,70.06
07 AAA 097,Fiat,Doblo,3,24.54,2024-04-25,156,56.76
07 AAA 097,Fiat,Doblo,3,24.54,2024-04-26,194,55.24
07 AAA 097,Fiat,Doblo,3,24.54,2024-04-27,194,69.01
07 AAA 097,Fiat,Doblo,3,24.54,2024-04-28,118,33.76
07 AAA 097,Fiat,Doblo,3,24.54,2024-04-29,104,21.81
07 AAA 098,Volkswagen,Boxer,4,7.57,2024-01-01,221,21.47
07 AAA 098,Volkswagen,Boxer,4,7.57,2024-01-02,211,18.09
07 AAA 098,Volkswagen,Boxer,4,7.57,2024-01-03,108,9.19
07 AAA 098,Volkswagen,Boxer,4,7.57,2024-01-04,98,8.4
07 AAA 098,Volkswagen,Boxer,4,7.57,2024-01-05,206,16.83
07 AAA 098,Volkswagen,Boxer,4,7.57,2024-01-06,227,14.18
07 AAA 098,Volkswagen,Boxer,4,7.57,2024-01-07,176,13.56
07 AAA 098,Volkswagen,Boxer,4,7.57,2024-01-08,115,12.92
07 AAA 098,Volkswagen,Boxer,4,7.57,2024-01-09,246,15.14
07 AAA 098,Volkswagen,Boxer,4,7.57,2024-01-10,46,4.83
07 AAA 098,Volkswagen,Boxer,4,7.57,2024-01-11,252,26.03
07 AAA 098,Volkswagen,Boxer,4,7.57,2024-01-12,290,20.57
07 AAA 098,Volkswagen,Boxer,4,7.57,2024-01-13,257,25.21
07 AAA 098,Volkswagen,Boxer,4,7.57,2024-01-14,154,10.82
07 AAA 098,Volkswagen,Boxer,4,7.57,2024-01-15,298,18.42
07 AAA 098,Volkswagen,Boxer,4,7.57,2024-01-16,189,12.62
07 AAA 098,Volkswagen,Boxer,4,7.57,2024-01-17,68,4.82
07 AAA 098,Volkswagen,Boxer,4,7.57,2024-01-18,281,28.16
07 AAA 098,Volkswagen,Boxer,4,7.57,2024-01-19,92,6.07
07 AAA 098,Volkswagen,Boxer,4,7.57,2024-01-20,62,5.79
07 AAA 098,Volkswagen,Boxer,4,7.57,2024-01-21,250,24.67
07 AAA 098,Volkswagen,Boxer,4,7.57,2024-01-22,291,25.48
07 AAA 098,Volkswagen,Boxer,4,7.57,2024-01-23,178,17.91
07 AAA 098,Volkswagen,Boxer,4,7.57,2024-01-24,228,24.31
07 AAA 098,Volkswagen,Boxer,4,7.57,2024-01-25,294,29.63
07 AAA 098,Volkswagen,Boxer,4,7.57,2024-01-26,65,6.78
07 AAA 098,Volkswagen,Boxer,4,7.57,2024-01-27,67,7.32
07 AAA 098,Volkswagen,Boxer,4,7.57,2024-01-28,80,6.39
07 AAA 098,Volkswagen,Boxer,4,7.57,2024-01-29,174,16.58
07 AAA 098,Volkswagen,Boxer,4,7.57,2024-01-30,179,13.68
07 AAA 098,Volkswagen,Boxer,4,7.57,2024-01-31,129,12.24
07 AAA 098,Volkswagen,Boxer,4,7.57,2024-02-01,258,26.62
07 AAA 098,Volkswagen,Boxer,4,7.57,2024-02-02,228,24.42
07 AAA 098,Volkswagen,Boxer,4,7.57,2024-02-03,272,18.47
07 AAA 098,Volkswagen,Boxer,4,7.57,2024-02-04,284,22.52
07 AAA 098,Volkswagen,Boxer,4,7.57,2024-02-05,134,11.85
07 AAA 098,Volkswagen,Boxer,4,7.57,2024-02-06,161,14.61
07 AAA 098,Volkswagen,Boxer,4,7.57,2024-02-07,206,13.46
07 AAA 098,Volkswagen,Boxer,4,7.57,2024-02-08,262,18.85
07 AAA 098,Volkswagen,Boxer,4,7.57,2024-02-09,262,16.59
07 AAA 098,Volkswagen,Boxer,4,7.57,2024-02-10,118,12.05
07 AAA 098,Volkswagen,Boxer,4,7.57,2024-02-11,290,30.14
07 AAA 098,Volkswagen,Boxer,4,7.57,2024-02-12,250,20.04
07 AAA 098,Volkswagen,Boxer,4,7.57,2024-02-13,144,12.25
07 AAA 098,Volkswagen,Boxer,4,7.57,2024-02-14,143,12.63
07 AAA 098,Volkswagen,Boxer,4,7.57,2024-02-15,174,15.26
07 AAA 098,Volkswagen,Boxer,4,7.57,2024-02-16,290,25.43
07 AAA 098,Volkswagen,Boxer,4,7.57,2024-02-17,279,20.28
07 AAA 098,Volkswagen,Boxer,4,7.57,2024-02-18,59,4.97
07 AAA 098,Volkswagen,Boxer,4,7.57,2024-02-19,71,6.95
07 AAA 098,Volkswagen,Boxer,4,7.57,2024-02-20,108,8.55
07 AAA 098,Volkswagen,Boxer,4,7.57,2024-02-21,105,8.03
07 AAA 098,Volkswagen,Boxer,4,7.57,2024-02-22,254,22.04
07 AAA 098,Volkswagen,Boxer,4,7.57,2024-02-23,107,11.54
07 AAA 098,Volkswagen,Boxer,4,7.57,2024-02-24,111,9.6
07 AAA 098,Volkswagen,Boxer,4,7.57,2024-02-25,135,13.4
07 AAA 098,Volkswagen,Boxer,4,7.57,2024-02-26,53,4.73
07 AAA 098,Volkswagen,Boxer,4,7.57,2024-02-27,107,11.65
07 AAA 098,Volkswagen,Boxer,4,7.57,2024-02-28,45,2.79
07 AAA 098,Volkswagen,Boxer,4,7.57,2024-02-29,220,23.23
07 AAA 098,Volkswagen,Boxer,4,7.57,2024-03-01,184,18.17
07 AAA 098,Volkswagen,Boxer,4,7.57,2024-03-02,289,24.55
07 AAA 098,Volkswagen,Boxer,4,7.57,2024-03-03,242,26.58
07 AAA 098,Volkswagen,Boxer,4,7.57,2024-03-04,112,7.61
07 AAA 098,Volkswagen,Boxer,4,7.57,2024-03-05,231,15.1
07 AAA 098,Volkswagen,Boxer,4,7.57,2024-03-06,144,8.86
07 AAA 098,Volkswagen,Boxer,4,7.57,2024-03-07,125,11.29
07 AAA 098,Volkswagen,Boxer,4,7.57,2024-03-08,186,13.22
07 AAA 098,Volkswagen,Boxer,4,7.57,2024-03-09,42,3.99
07 AAA 098,Volkswagen,Boxer,4,7.57,2024-03-10,231,20.04
07 AAA 098,Volkswagen,Boxer,4,7.57,2024-03-11,211,19.44
07 AAA 098,Volkswagen,Boxer,4,7.57,2024-03-12,185,19.73
07 AAA 098,Volkswagen,Boxer,4,7.57,2024-03-13,176,10.67
07 AAA 098,Volkswagen,Boxer,4,7.57,2024-03-14,259,22.42
07 AAA 098,Volkswagen,Boxer,4,7.57,2024-03-15,173,12.54
07 AAA 098,Volkswagen,Boxer,4,7.57,2024-03-16,297,24.94
07 AAA 098,Volkswagen,Boxer,4,7.57,2024-03-17,247,26.17
07 AAA 098,Volkswagen,Boxer,4,7.57,2024-03-18,139,13.05
07 AAA 098,Volkswagen,Boxer,4,7.57,2024-03-19,84,8.78
07 AAA 098,Volkswagen,Boxer,4,7.57,2024-03-20,236,24.28
07 AAA 098,Volkswagen,Boxer,4,7.57,2024-03-21,131,8.43
07 AAA 098,Volkswagen,Boxer,4,7.57,2024-03-22,59,4.6
07 AAA 098,Volkswagen,Boxer,4,7.57,2024-03-23,260,19.02
07 AAA 098,Volkswagen,Boxer,4,7.57,2024-03-24,48,2.95
07 AAA 098,Volkswagen,Boxer,4,7.57,2024-03-25,247,26.86
07 AAA 098,Volkswagen,Boxer,4,7.57,2024-03-26,41,2.85
07 AAA 098,Volkswagen,Boxer,4,7.57,2024-03-27,101,9.22
07 AAA 098,Volkswagen,Boxer,4,7.57,2024-03-28,283,24.11
07 AAA 098,Volkswagen,Boxer,4,7.57,2024-03-29,236,22.56
07 AAA 098,Volkswagen,Boxer,4,7.57,2024-03-30,264,24.36
07 AAA 098,Volkswagen,Boxer,4,7.57,2024-03-31,244,15.56
07 AAA 098,Volkswagen,Boxer,4,7.57,2024-04-01,208,22.39
07 AAA 098,Volkswagen,Boxer,4,7.57,2024-04-02,237,15.27
07 AAA 098,Volkswagen,Boxer,4,7.57,2024-04-03,187,20.49
07 AAA 098,Volkswagen,Boxer,4,7.57,2024-04-04,105,8.49
07 AAA 098,Volkswagen,Boxer,4,7.57,2024-04-05,74,7.66
07 AAA 098,Volkswagen,Boxer,4,7.57,2024-04-06,213,21.54
07 AAA 098,Volkswagen,Boxer,4,7.57,2024-04-07,44,3.74
07 AAA 098,Volkswagen,Boxer,4,7.57,2024-04-08,269,28.76
07 AAA 098,Volkswagen,Boxer,4,7.57,2024-04-09,138,12.42
07 AAA 098,Volkswagen,Boxer,4,7.57,2024-04-10,235,20.69
07 AAA 098,Volkswagen,Boxer,4,7.57,2024-04-11,275,31.19
07 AAA 098,Volkswagen,Boxer,4,7.57,2024-04-12,153,12.47
07 AAA 098,Volkswagen,Boxer,4,7.57,2024-04-13,283,31.56
07 AAA 098,Volkswagen,Boxer,4,7.57,2024-04-14,225,14.28
07 AAA 098,Volkswagen,Boxer,4,7.57,2024-04-15,60,5.13
07 AAA 098,Volkswagen,Boxer,4,7.57,2024-04-16,254,16.05
07 AAA 098,Volkswagen,Boxer,4,7.57,2024-04-17,231,24.66
07 AAA 098,Volkswagen,Boxer,4,7.57,2024-04-18,254,23.61
07 AAA 098,Volkswagen,Boxer,4,7.57,2024-04-19,167,17.78
07 AAA 098,Volkswagen,Boxer,4,7.57,2024-04-20,45,3.74
07 AAA 098,Volkswagen,Boxer,4,7.57,2024-04-21,130,13.14
07 AAA 098,Volkswagen,Boxer,4,7.57,2024-04-22,180,20.22
07 AAA 098,Volkswagen,Boxer,4,7.57,2024-04-23,190,15.83
07 AAA 098,Volkswagen,Boxer,4,7.57,2024-04-24,241,21.54
07 AAA 098,Volkswagen,Boxer,4,7.57,2024-04-25,299,18.77
07 AAA 098,Volkswagen,Boxer,4,7.57,2024-04-26,70,5.28
07 AAA 098,Volkswagen,Boxer,4,7.57,2024-04-27,271,29.32
07 AAA 098,Volkswagen,Boxer,4,7.57,2024-04-28,108,7.66
07 AAA 098,Volkswagen,Boxer,4,7.57,2024-04-29,89,7.3
07 AAA 099,Mercedes,Fluence,1,11.06,2024-01-01,63,7.63
07 AAA 099,Mercedes,Fluence,1,11.06,2024-01-02,69,8.68
07 AAA 099,Mercedes,Fluence,1,11.06,2024-01-03,222,27.22
07 AAA 099,Mercedes,Fluence,1,11.06,2024-01-04,232,37.6
07 AAA 099,Mercedes,Fluence,1,11.06,2024-01-05,239,37.13
07 AAA 099,Mercedes,Fluence,1,11.06,2024-01-06,44,5.07
07 AAA 099,Mercedes,Fluence,1,11.06,2024-01-07,220,31.27
07 AAA 099,Mercedes,Fluence,1,11.06,2024-01-08,181,21.83
07 AAA 099,Mercedes,Fluence,1,11.06,2024-01-09,214,24.15
07 AAA 099,Mercedes,Fluence,1,11.06,2024-01-10,186,21.19
07 AAA 099,Mercedes,Fluence,1,11.06,2024-01-11,156,20.34
07 AAA 099,Mercedes,Fluence,1,11.06,2024-01-12,296,31.12
07 AAA 099,Mercedes,Fluence,1,11.06,2024-01-13,76,7.59
07 AAA 099,Mercedes,Fluence,1,11.06,2024-01-14,227,24.31
07 AAA 099,Mercedes,Fluence,1,11.06,2024-01-15,227,21.37
07 AAA 099,Mercedes,Fluence,1,11.06,2024-01-16,89,10.1
07 AAA 099,Mercedes,Fluence,1,11.06,2024-01-17,109,13.5
07 AAA 099,Mercedes,Fluence,1,11.06,2024-01-18,182,17.31
07 AAA 099,Mercedes,Fluence,1,11.06,2024-01-19,151,19.01
07 AAA 099,Mercedes,Fluence,1,11.06,2024-01-20,206,21.78
07 AAA 099,Mercedes,Fluence,1,11.06,2024-01-21,242,23.62
07 AAA 099,Mercedes,Fluence,1,11.06,2024-01-22,229,24.52
07 AAA 099,Mercedes,Fluence,1,11.06,2024-01-23,262,32.3
07 AAA 099,Mercedes,Fluence,1,11.06,2024-01-24,114,14.62
07 AAA 099,Mercedes,Fluence,1,11.06,2024-01-25,63,6.53
07 AAA 099,Mercedes,Fluence,1,11.06,2024-01-26,105,10.95
07 AAA 099,Mercedes,Fluence,1,11.06,2024-01-27,83,13.34
07 AAA 099,Mercedes,Fluence,1,11.06,2024-01-28,197,21.34
07 AAA 099,Mercedes,Fluence,1,11.06,2024-01-29,243,34.95
07 AAA 099,Mercedes,Fluence,1,11.06,2024-01-30,52,6.5
07 AAA 099,Mercedes,Fluence,1,11.06,2024-01-31,50,5.47
07 AAA 099,Mercedes,Fluence,1,11.06,2024-02-01,245,35.67
07 AAA 099,Mercedes,Fluence,1,11.06,2024-02-02,61,6.08
07 AAA 099,Mercedes,Fluence,1,11.06,2024-02-03,157,18.5
07 AAA 099,Mercedes,Fluence,1,11.06,2024-02-04,241,23.05
07 AAA 099,Mercedes,Fluence,1,11.06,2024-02-05,261,39.0
07 AAA 099,Mercedes,Fluence,1,11.06,2024-02-06,74,7.76
07 AAA 099,Mercedes,Fluence,1,11.06,2024-02-07,83,8.13
07 AAA 099,Mercedes,Fluence,1,11.06,2024-02-08,254,29.75
07 AAA 099,Mercedes,Fluence,1,11.06,2024-02-09,273,28.15
07 AAA 099,Mercedes,Fluence,1,11.06,2024-02-10,227,35.52
07 AAA 099,Mercedes,Fluence,1,11.06,2024-02-11,269,30.86
07 AAA 099,Mercedes,Fluence,1,11.06,2024-02-12,144,21.84
07 AAA 099,Mercedes,Fluence,1,11.06,2024-02-13,130,19.46
07 AAA 099,Mercedes,Fluence,1,11.06,2024-02-14,128,14.04
07 AAA 099,Mercedes,Fluence,1,11.06,2024-02-15,42,6.38
07 AAA 099,Mercedes,Fluence,1,11.06,2024-02-16,52,7.0
07 AAA 099,Mercedes,Fluence,1,11.06,2024-02-17,261,25.83
07 AAA 099,Mercedes,Fluence,1,11.06,2024-02-18,256,38.67
07 AAA 099,Mercedes,Fluence,1,11.06,2024-02-19,48,7.04
07 AAA 099,Mercedes,Fluence,1,11.06,2024-02-20,84,7.94
07 AAA 099,Mercedes,Fluence,1,11.06,2024-02-21,251,32.07
07 AAA 099,Mercedes,Fluence,1,11.06,2024-02-22,237,29.26
07 AAA 099,Mercedes,Fluence,1,11.06,2024-02-23,227,24.25
07 AAA 099,Mercedes,Fluence,1,11.06,2024-02-24,272,29.82
07 AAA 099,Mercedes,Fluence,1,11.06,2024-02-25,165,21.02
07 AAA 099,Mercedes,Fluence,1,11.06,2024-02-26,179,29.01
07 AAA 099,Mercedes,Fluence,1,11.06,2024-02-27,202,33.4
07 AAA 099,Mercedes,Fluence,1,11.06,2024-02-28,279,36.36
07 AAA 099,Mercedes,Fluence,1,11.06,2024-02-29,179,28.44
07 AAA 099,Mercedes,Fluence,1,11.06,2024-03-01,180,24.65
07 AAA 099,Mercedes,Fluence,1,11.06,2024-03-02,253,37.71
07 AAA 099,Mercedes,Fluence,1,11.06,2024-03-03,260,29.81
07 AAA 099,Mercedes,Fluence,1,11.06,2024-03-04,99,12.37
07 AAA 099,Mercedes,Fluence,1,11.06,2024-03-05,47,5.72
07 AAA 099,Mercedes,Fluence,1,11.06,2024-03-06,113,16.51
07 AAA 099,Mercedes,Fluence,1,11.06,2024-03-07,45,6.13
07 AAA 099,Mercedes,Fluence,1,11.06,2024-03-08,189,23.78
07 AAA 099,Mercedes,Fluence,1,11.06,2024-03-09,160,17.14
07 AAA 099,Mercedes,Fluence,1,11.06,2024-03-10,151,16.8
07 AAA 099,Mercedes,Fluence,1,11.06,2024-03-11,56,6.29
07 AAA 099,Mercedes,Fluence,1,11.06,2024-03-12,251,28.61
07 AAA 099,Mercedes,Fluence,1,11.06,2024-03-13,236,22.6
07 AAA 099,Mercedes,Fluence,1,11.06,2024-03-14,252,27.01
07 AAA 099,Mercedes,Fluence,1,11.06,2024-03-15,298,38.85
07 AAA 099,Mercedes,Fluence,1,11.06,2024-03-16,94,14.59
07 AAA 099,Mercedes,Fluence,1,11.06,2024-03-17,263,32.79
07 AAA 099,Mercedes,Fluence,1,11.06,2024-03-18,198,27.38
07 AAA 099,Mercedes,Fluence,1,11.06,2024-03-19,267,38.91
07 AAA 099,Mercedes,Fluence,1,11.06,2024-03-20,234,24.39
07 AAA 099,Mercedes,Fluence,1,11.06,2024-03-21,242,28.76
07 AAA 099,Mercedes,Fluence,1,11.06,2024-03-22,249,38.2
07 AAA 099,Mercedes,Fluence,1,11.06,2024-03-23,125,14.15
07 AAA 099,Mercedes,Fluence,1,11.06,2024-03-24,299,35.55
07 AAA 099,Mercedes,Fluence,1,11.06,2024-03-25,248,38.41
07 AAA 099,Mercedes,Fluence,1,11.06,2024-03-26,242,29.62
07 AAA 099,Mercedes,Fluence,1,11.06,2024-03-27,155,15.82
07 AAA 099,Mercedes,Fluence,1,11.06,2024-03-28,148,18.18
07 AAA 099,Mercedes,Fluence,1,11.06,2024-03-29,115,14.32
07 AAA 099,Mercedes,Fluence,1,11.06,2024-03-30,175,26.86
07 AAA 099,Mercedes,Fluence,1,11.06,2024-03-31,176,27.76
07 AAA 099,Mercedes,Fluence,1,11.06,2024-04-01,184,17.92
07 AAA 099,Mercedes,Fluence,1,11.06,2024-04-02,292,29.77
07 AAA 099,Mercedes,Fluence,1,11.06,2024-04-03,239,35.66
07 AAA 099,Mercedes,Fluence,1,11.06,2024-04-04,96,9.06
07 AAA 099,Mercedes,Fluence,1,11.06,2024-04-05,151,18.37
07 AAA 099,Mercedes,Fluence,1,11.06,2024-04-06,141,13.43
07 AAA 099,Mercedes,Fluence,1,11.06,2024-04-07,299,41.92
07 AAA 099,Mercedes,Fluence,1,11.06,2024-04-08,74,9.21
07 AAA 099,Mercedes,Fluence,1,11.06,2024-04-09,105,12.79
07 AAA 099,Mercedes,Fluence,1,11.06,2024-04-10,122,19.27
07 AAA 099,Mercedes,Fluence,1,11.06,2024-04-11,89,9.47
07 AAA 099,Mercedes,Fluence,1,11.06,2024-04-12,47,7.31
07 AAA 099,Mercedes,Fluence,1,11.06,2024-04-13,222,36.38
07 AAA 099,Mercedes,Fluence,1,11.06,2024-04-14,292,43.76
07 AAA 099,Mercedes,Fluence,1,11.06,2024-04-15,133,19.0
07 AAA 099,Mercedes,Fluence,1,11.06,2024-04-16,282,32.27
07 AAA 099,Mercedes,Fluence,1,11.06,2024-04-17,282,31.32
07 AAA 099,Mercedes,Fluence,1,11.06,2024-04-18,198,23.33
07 AAA 099,Mercedes,Fluence,1,11.06,2024-04-19,141,19.84
07 AAA 099,Mercedes,Fluence,1,11.06,2024-04-20,161,19.09
07 AAA 099,Mercedes,Fluence,1,11.06,2024-04-21,139,15.71
07 AAA 099,Mercedes,Fluence,1,11.06,2024-04-22,94,14.29
07 AAA 099,Mercedes,Fluence,1,11.06,2024-04-23,163,23.14
07 AAA 099,Mercedes,Fluence,1,11.06,2024-04-24,248,37.42
07 AAA 099,Mercedes,Fluence,1,11.06,2024-04-25,95,10.54
07 AAA 099,Mercedes,Fluence,1,11.06,2024-04-26,87,10.96
07 AAA 099,Mercedes,Fluence,1,11.06,2024-04-27,291,29.68
07 AAA 099,Mercedes,Fluence,1,11.06,2024-04-28,193,24.8
07 AAA 099,Mercedes,Fluence,1,11.06,2024-04-29,129,13.45
07 AAA 100,Mercedes,Boxer,3,24.6,2024-01-01,71,17.63
07 AAA 100,Mercedes,Boxer,3,24.6,2024-01-02,41,11.19
07 AAA 100,Mercedes,Boxer,3,24.6,2024-01-03,74,19.03
07 AAA 100,Mercedes,Boxer,3,24.6,2024-01-04,257,89.59
07 AAA 100,Mercedes,Boxer,3,24.6,2024-01-05,58,20.42
07 AAA 100,Mercedes,Boxer,3,24.6,2024-01-06,83,20.74
07 AAA 100,Mercedes,Boxer,3,24.6,2024-01-07,236,72.98
07 AAA 100,Mercedes,Boxer,3,24.6,2024-01-08,269,91.01
07 AAA 100,Mercedes,Boxer,3,24.6,2024-01-09,201,58.58
07 AAA 100,Mercedes,Boxer,3,24.6,2024-01-10,277,100.86
07 AAA 100,Mercedes,Boxer,3,24.6,2024-01-11,215,57.95
07 AAA 100,Mercedes,Boxer,3,24.6,2024-01-12,288,73.03
07 AAA 100,Mercedes,Boxer,3,24.6,2024-01-13,193,58.53
07 AAA 100,Mercedes,Boxer,3,24.6,2024-01-14,156,55.33
07 AAA 100,Mercedes,Boxer,3,24.6,2024-01-15,47,11.68
07 AAA 100,Mercedes,Boxer,3,24.6,2024-01-16,71,15.66
07 AAA 100,Mercedes,Boxer,3,24.6,2024-01-17,129,25.76
07 AAA 100,Mercedes,Boxer,3,24.6,2024-01-18,277,100.34
07 AAA 100,Mercedes,Boxer,3,24.6,2024-01-19,256,62.7
07 AAA 100,Mercedes,Boxer,3,24.6,2024-01-20,119,40.28
07 AAA 100,Mercedes,Boxer,3,24.6,2024-01-21,259,83.62
07 AAA 100,Mercedes,Boxer,3,24.6,2024-01-22,119,24.52
07 AAA 100,Mercedes,Boxer,3,24.6,2024-01-23,101,31.99
07 AAA 100,Mercedes,Boxer,3,24.6,2024-01-24,112,22.53
07 AAA 100,Mercedes,Boxer,3,24.6,2024-01-25,205,40.42
07 AAA 100,Mercedes,Boxer,3,24.6,2024-01-26,284,74.6
07 AAA 100,Mercedes,Boxer,3,24.6,2024-01-27,158,56.48
07 AAA 100,Mercedes,Boxer,3,24.6,2024-01-28,80,24.05
07 AAA 100,Mercedes,Boxer,3,24.6,2024-01-29,283,64.5
07 AAA 100,Mercedes,Boxer,3,24.6,2024-01-30,42,12.46
07 AAA 100,Mercedes,Boxer,3,24.6,2024-01-31,78,19.26
07 AAA 100,Mercedes,Boxer,3,24.6,2024-02-01,169,56.65
07 AAA 100,Mercedes,Boxer,3,24.6,2024-02-02,221,67.1
07 AAA 100,Mercedes,Boxer,3,24.6,2024-02-03,244,85.12
07 AAA 100,Mercedes,Boxer,3,24.6,2024-02-04,95,20.49
07 AAA 100,Mercedes,Boxer,3,24.6,2024-02-05,166,49.1
07 AAA 100,Mercedes,Boxer,3,24.6,2024-02-06,206,72.2
07 AAA 100,Mercedes,Boxer,3,24.6,2024-02-07,155,46.08
07 AAA 100,Mercedes,Boxer,3,24.6,2024-02-08,45,9.65
07 AAA 100,Mercedes,Boxer,3,24.6,2024-02-09,250,91.02
07 AAA 100,Mercedes,Boxer,3,24.6,2024-02-10,54,19.24
07 AAA 100,Mercedes,Boxer,3,24.6,2024-02-11,120,32.68
07 AAA 100,Mercedes,Boxer,3,24.6,2024-02-12,245,61.03
07 AAA 100,Mercedes,Boxer,3,24.6,2024-02-13,75,26.08
07 AAA 100,Mercedes,Boxer,3,24.6,2024-02-14,178,58.17
07 AAA 100,Mercedes,Boxer,3,24.6,2024-02-15,235,80.67
07 AAA 100,Mercedes,Boxer,3,24.6,2024-02-16,270,99.16
07 AAA 100,Mercedes,Boxer,3,24.6,2024-02-17,272,68.79
07 AAA 100,Mercedes,Boxer,3,24.6,2024-02-18,191,51.6
07 AAA 100,Mercedes,Boxer,3,24.6,2024-02-19,113,32.13
07 AAA 100,Mercedes,Boxer,3,24.6,2024-02-20,138,28.2
07 AAA 100,Mercedes,Boxer,3,24.6,2024-02-21,133,31.3
07 AAA 100,Mercedes,Boxer,3,24.6,2024-02-22,182,66.99
07 AAA 100,Mercedes,Boxer,3,24.6,2024-02-23,73,20.36
07 AAA 100,Mercedes,Boxer,3,24.6,2024-02-24,55,16.99
07 AAA 100,Mercedes,Boxer,3,24.6,2024-02-25,140,46.38
07 AAA 100,Mercedes,Boxer,3,24.6,2024-02-26,204,64.59
07 AAA 100,Mercedes,Boxer,3,24.6,2024-02-27,94,33.21
07 AAA 100,Mercedes,Boxer,3,24.6,2024-02-28,88,25.49
07 AAA 100,Mercedes,Boxer,3,24.6,2024-02-29,59,20.88
07 AAA 100,Mercedes,Boxer,3,24.6,2024-03-01,181,62.33
07 AAA 100,Mercedes,Boxer,3,24.6,2024-03-02,243,60.57
07 AAA 100,Mercedes,Boxer,3,24.6,2024-03-03,41,8.11
07 AAA 100,Mercedes,Boxer,3,24.6,2024-03-04,43,14.02
07 AAA 100,Mercedes,Boxer,3,24.6,2024-03-05,299,79.72
07 AAA 100,Mercedes,Boxer,3,24.6,2024-03-06,171,61.39
07 AAA 100,Mercedes,Boxer,3,24.6,2024-03-07,251,91.78
07 AAA 100,Mercedes,Boxer,3,24.6,2024-03-08,237,65.99
07 AAA 100,Mercedes,Boxer,3,24.6,2024-03-09,129,35.96
07 AAA 100,Mercedes,Boxer,3,24.6,2024-03-10,130,41.83
07 AAA 100,Mercedes,Boxer,3,24.6,2024-03-11,79,24.01
07 AAA 100,Mercedes,Boxer,3,24.6,2024-03-12,226,72.92
07 AAA 100,Mercedes,Boxer,3,24.6,2024-03-13,195,41.37
07 AAA 100,Mercedes,Boxer,3,24.6,2024-03-14,87,21.77
07 AAA 100,Mercedes,Boxer,3,24.6,2024-03-15,88,19.02
07 AAA 100,Mercedes,Boxer,3,24.6,2024-03-16,76,17.22
07 AAA 100,Mercedes,Boxer,3,24.6,2024-03-17,73,25.41
07 AAA 100,Mercedes,Boxer,3,24.6,2024-03-18,268,76.81
07 AAA 100,Mercedes,Boxer,3,24.6,2024-03-19,136,37.22
07 AAA 100,Mercedes,Boxer,3,24.6,2024-03-20,281,94.69
07 AAA 100,Mercedes,Boxer,3,24.6,2024-03-21,155,40.76
07 AAA 100,Mercedes,Boxer,3,24.6,2024-03-22,170,57.21
07 AAA 100,Mercedes,Boxer,3,24.6,2024-03-23,73,16.28
07 AAA 100,Mercedes,Boxer,3,24.6,2024-03-24,163,32.54
07 AAA 100,Mercedes,Boxer,3,24.6,2024-03-25,165,56.13
07 AAA 100,Mercedes,Boxer,3,24.6,2024-03-26,172,50.5
07 AAA 100,Mercedes,Boxer,3,24.6,2024-03-27,288,82.07
07 AAA 100,Mercedes,Boxer,3,24.6,2024-03-28,126,43.63
07 AAA 100,Mercedes,Boxer,3,24.6,2024-03-29,106,21.57
07 AAA 100,Mercedes,Boxer,3,24.6,2024-03-30,145,32.56
07 AAA 100,Mercedes,Boxer,3,24.6,2024-03-31,110,34.56
07 AAA 100,Mercedes,Boxer,3,24.6,2024-04-01,185,56.09
07 AAA 100,Mercedes,Boxer,3,24.6,2024-04-02,124,25.68
07 AAA 100,Mercedes,Boxer,3,24.6,2024-04-03,99,34.51
07 AAA 100,Mercedes,Boxer,3,24.6,2024-04-04,200,47.26
07 AAA 100,Mercedes,Boxer,3,24.6,2024-04-05,162,34.9
07 AAA 100,Mercedes,Boxer,3,24.6,2024-04-06,203,73.05
07 AAA 100,Mercedes,Boxer,3,24.6,2024-04-07,154,56.78
07 AAA 100,Mercedes,Boxer,3,24.6,2024-04-08,245,60.85
07 AAA 100,Mercedes,Boxer,3,24.6,2024-04-09,197,50.78
07 AAA 100,Mercedes,Boxer,3,24.6,2024-04-10,126,27.67
07 AAA 100,Mercedes,Boxer,3,24.6,2024-04-11,254,55.02
07 AAA 100,Mercedes,Boxer,3,24.6,2024-04-12,209,61.08
07 AAA 100,Mercedes,Boxer,3,24.6,2024-04-13,181,58.32
07 AAA 100,Mercedes,Boxer,3,24.6,2024-04-14,166,49.5
07 AAA 100,Mercedes,Boxer,3,24.6,2024-04-15,225,64.78
07 AAA 100,Mercedes,Boxer,3,24.6,2024-04-16,131,36.33
07 AAA 100,Mercedes,Boxer,3,24.6,2024-04-17,153,52.36
07 AAA 100,Mercedes,Boxer,3,24.6,2024-04-18,285,76.62
07 AAA 100,Mercedes,Boxer,3,24.6,2024-04-19,201,68.12
07 AAA 100,Mercedes,Boxer,3,24.6,2024-04-20,248,53.92
07 AAA 100,Mercedes,Boxer,3,24.6,2024-04-21,154,44.87
07 AAA 100,Mercedes,Boxer,3,24.6,2024-04-22,113,33.31
07 AAA 100,Mercedes,Boxer,3,24.6,2024-04-23,239,69.65
07 AAA 100,Mercedes,Boxer,3,24.6,2024-04-24,195,71.77
07 AAA 100,Mercedes,Boxer,3,24.6,2024-04-25,260,72.15
07 AAA 100,Mercedes,Boxer,3,24.6,2024-04-26,289,66.42
07 AAA 100,Mercedes,Boxer,3,24.6,2024-04-27,298,83.58
07 AAA 100,Mercedes,Boxer,3,24.6,2024-04-28,195,39.41
07 AAA 100,Mercedes,Boxer,3,24.6,2024-04-29,219,79.3
