plate_number,brand,model,department_id,standard_fuel_per_100km,usage_date,daily_km,fuel_liters
07 AAA 001,Fiat,Doblo,3,24.55,2024-01-01,71,21.35
07 AAA 001,Fiat,Doblo,3,24.55,2024-01-02,201,48.9
07 AAA 001,Fiat,Doblo,3,24.55,2024-01-03,72,21.87
07 AAA 001,Fiat,Doblo,3,24.55,2024-01-04,290,66.6
07 AAA 001,Fiat,Doblo,3,24.55,2024-01-05,278,77.6
07 AAA 001,Fiat,Doblo,3,24.55,2024-01-06,218,50.55
07 AAA 001,Fiat,Doblo,3,24.55,2024-01-07,84,27.63
07 AAA 001,Fiat,Doblo,3,24.55,2024-01-08,292,64.38
07 AAA 001,Fiat,Doblo,3,24.55,2024-01-09,114,23.77
07 AAA 001,Fiat,Doblo,3,24.55,2024-01-10,108,24.28
07 AAA 001,Fiat,Doblo,3,24.55,2024-01-11,248,76.3
07 AAA 001,Fiat,Doblo,3,24.55,2024-01-12,231,81.33
07 AAA 001,Fiat,Doblo,3,24.55,2024-01-13,171,52.88
07 AAA 001,Fiat,Doblo,3,24.55,2024-01-14,116,26.47
07 AAA 001,Fiat,Doblo,3,24.55,2024-01-15,114,28.45
07 AAA 001,Fiat,Doblo,3,24.55,2024-01-16,115,38.03
07 AAA 001,Fiat,Doblo,3,24.55,2024-01-17,79,20.55
07 AAA 001,Fiat,Doblo,3,24.55,2024-01-18,289,86.97
07 AAA 001,Fiat,Doblo,3,24.55,2024-01-19,185,61.76
07 AAA 001,Fiat,Doblo,3,24.55,2024-01-20,268,58.92
07 AAA 001,Fiat,Doblo,3,24.55,2024-01-21,103,35.61
07 AAA 001,Fiat,Doblo,3,24.55,2024-01-22,136,46.36
07 AAA 001,Fiat,Doblo,3,24.55,2024-01-23,236,63.49
07 AAA 001,Fiat,Doblo,3,24.55,2024-01-24,142,46.73
07 AAA 001,Fiat,Doblo,3,24.55,2024-01-25,297,72.99
07 AAA 001,Fiat,Doblo,3,24.55,2024-01-26,278,56.38
07 AAA 001,Fiat,Doblo,3,24.55,2024-01-27,48,12.42
07 AAA 001,Fiat,Doblo,3,24.55,2024-01-28,206,59.73
07 AAA 001,Fiat,Doblo,3,24.55,2024-01-29,169,37.83
07 AAA 001,Fiat,Doblo,3,24.55,2024-01-30,130,33.95
07 AAA 001,Fiat,Doblo,3,24.55,2024-01-31,147,40.51
07 AAA 001,Fiat,Doblo,3,24.55,2024-02-01,205,45.94
07 AAA 001,Fiat,Doblo,3,24.55,2024-02-02,123,30.43
07 AAA 001,Fiat,Doblo,3,24.55,2024-02-03,270,59.54
07 AAA 001,Fiat,Doblo,3,24.55,2024-02-04,282,62.38
07 AAA 001,Fiat,Doblo,3,24.55,2024-02-05,150,37.47
07 AAA 001,Fiat,Doblo,3,24.55,2024-02-06,279,73.16
07 AAA 001,Fiat,Doblo,3,24.55,2024-02-07,217,73.65
07 AAA 001,Fiat,Doblo,3,24.55,2024-02-08,108,25.28
07 AAA 001,Fiat,Doblo,3,24.55,2024-02-09,104,30.45
07 AAA 001,Fiat,Doblo,3,24.55,2024-02-10,187,55.52
07 AAA 001,Fiat,Doblo,3,24.55,2024-02-11,257,86.71
07 AAA 001,Fiat,Doblo,3,24.55,2024-02-12,292,71.02
07 AAA 001,Fiat,Doblo,3,24.55,2024-02-13,109,21.76
07 AAA 001,Fiat,Doblo,3,24.55,2024-02-14,125,27.69
07 AAA 001,Fiat,Doblo,3,24.55,2024-02-15,64,13.31
07 AAA 001,Fiat,Doblo,3,24.55,2024-02-16,92,20.57
07 AAA 001,Fiat,Doblo,3,24.55,2024-02-17,196,66.45
07 AAA 001,Fiat,Doblo,3,24.55,2024-02-18,100,27.07
07 AAA 001,Fiat,Doblo,3,24.55,2024-02-19,266,90.37
07 AAA 001,Fiat,Doblo,3,24.55,2024-02-20,249,89.98
07 AAA 001,Fiat,Doblo,3,24.55,2024-02-21,246,54.74
07 AAA 001,Fiat,Doblo,3,24.55,2024-02-22,284,80.46
07 AAA 001,Fiat,Doblo,3,24.55,2024-02-23,275,62.48
07 AAA 001,Fiat,Doblo,3,24.55,2024-02-24,214,65.81
07 AAA 001,Fiat,Doblo,3,24.55,2024-02-25,215,58.83
07 AAA 001,Fiat,Doblo,3,24.55,2024-02-26,124,34.9
07 AAA 001,Fiat,Doblo,3,24.55,2024-02-27,57,16.59
07 AAA 001,Fiat,Doblo,3,24.55,2024-02-28,116,36.0
07 AAA 001,Fiat,Doblo,3,24.55,2024-02-29,89,25.33
07 AAA 001,Fiat,Doblo,3,24.55,2024-03-01,244,81.61
07 AAA 001,Fiat,Doblo,3,24.55,2024-03-02,248,55.92
07 AAA 001,Fiat,Doblo,3,24.55,2024-03-03,217,76.73
07 AAA 001,Fiat,Doblo,3,24.55,2024-03-04,265,71.81
07 AAA 001,Fiat,Doblo,3,24.55,2024-03-05,140,38.85
07 AAA 001,Fiat,Doblo,3,24.55,2024-03-06,295,72.97
07 AAA 001,Fiat,Doblo,3,24.55,2024-03-07,129,31.29
07 AAA 001,Fiat,Doblo,3,24.55,2024-03-08,290,73.84
07 AAA 001,Fiat,Doblo,3,24.55,2024-03-09,111,31.89
07 AAA 001,Fiat,Doblo,3,24.55,2024-03-10,178,41.29
07 AAA 001,Fiat,Doblo,3,24.55,2024-03-11,90,21.31
07 AAA 001,Fiat,Doblo,3,24.55,2024-03-12,209,70.37
07 AAA 001,Fiat,Doblo,3,24.55,2024-03-13,148,51.72
07 AAA 001,Fiat,Doblo,3,24.55,2024-03-14,197,58.78
07 AAA 001,Fiat,Doblo,3,24.55,2024-03-15,143,40.18
07 AAA 001,Fiat,Doblo,3,24.55,2024-03-16,256,92.13
07 AAA 001,Fiat,Doblo,3,24.55,2024-03-17,136,43.41
07 AAA 001,Fiat,Doblo,3,24.55,2024-03-18,86,19.69
07 AAA 001,Fiat,Doblo,3,24.55,2024-03-19,216,69.31
07 AAA 001,Fiat,Doblo,3,24.55,2024-03-20,228,58.72
07 AAA 001,Fiat,Doblo,3,24.55,2024-03-21,57,12.96
07 AAA 001,Fiat,Doblo,3,24.55,2024-03-22,241,71.84
07 AAA 001,Fiat,Doblo,3,24.55,2024-03-23,296,63.95
07 AAA 001,Fiat,Doblo,3,24.55,2024-03-24,163,50.63
07 AAA 001,Fiat,Doblo,3,24.55,2024-03-25,49,16.52
07 AAA 001,Fiat,Doblo,3,24.55,2024-03-26,226,57.95
07 AAA 001,Fiat,Doblo,3,24.55,2024-03-27,69,16.47
07 AAA 001,Fiat,Doblo,3,24.55,2024-03-28,150,49.17
07 AAA 001,Fiat,Doblo,3,24.55,2024-03-29,94,24.31
07 AAA 001,Fiat,Doblo,3,24.55,2024-03-30,98,29.25
07 AAA 001,Fiat,Doblo,3,24.55,2024-03-31,277,57.11
07 AAA 001,Fiat,Doblo,3,24.55,2024-04-01,230,77.27
07 AAA 001,Fiat,Doblo,3,24.55,2024-04-02,300,69.38
07 AAA 001,Fiat,Doblo,3,24.55,2024-04-03,190,56.06
07 AAA 001,Fiat,Doblo,3,24.55,2024-04-04,74,17.08
07 AAA 001,Fiat,Doblo,3,24.55,2024-04-05,268,86.78
07 AAA 001,Fiat,Doblo,3,24.55,2024-04-06,275,74.74
07 AAA 001,Fiat,Doblo,3,24.55,2024-04-07,185,41.41
07 AAA 001,Fiat,Doblo,3,24.55,2024-04-08,203,40.86
07 AAA 001,Fiat,Doblo,3,24.55,2024-04-09,149,33.22
07 AAA 001,Fiat,Doblo,3,24.55,2024-04-10,181,38.41
07 AAA 001,Fiat,Doblo,3,24.55,2024-04-11,57,20.18
07 AAA 001,Fiat,Doblo,3,24.55,2024-04-12,288,70.8
07 AAA 001,Fiat,Doblo,3,24.55,2024-04-13,269,83.04
07 AAA 001,Fiat,Doblo,3,24.55,2024-04-14,177,50.37
07 AAA 001,Fiat,Doblo,3,24.55,2024-04-15,117,37.35
07 AAA 001,Fiat,Doblo,3,24.55,2024-04-16,298,63.09
07 AAA 001,Fiat,Doblo,3,24.55,2024-04-17,163,51.01
07 AAA 001,Fiat,Doblo,3,24.55,2024-04-18,284,91.74
07 AAA 001,Fiat,Doblo,3,24.55,2024-04-19,263,82.45
07 AAA 001,Fiat,Doblo,3,24.55,2024-04-20,103,32.4
07 AAA 001,Fiat,Doblo,3,24.55,2024-04-21,201,72.92
07 AAA 001,Fiat,Doblo,3,24.55,2024-04-22,184,40.45
07 AAA 001,Fiat,Doblo,3,24.55,2024-04-23,120,41.33
07 AAA 001,Fiat,Doblo,3,24.55,2024-04-24,140,34.47
07 AAA 001,Fiat,Doblo,3,24.55,2024-04-25,224,74.09
07 AAA 001,Fiat,Doblo,3,24.55,2024-04-26,165,34.23
07 AAA 001,Fiat,Doblo,3,24.55,2024-04-27,92,20.51
07 AAA 001,Fiat,Doblo,3,24.55,2024-04-28,288,84.16
07 AAA 001,Fiat,Doblo,3,24.55,2024-04-29,150,50.7
07 AAA 002,Renault,Doblo,4,7.42,2024-01-01,145,16.11
07 AAA 002,Renault,Doblo,4,7.42,2024-01-02,108,6.54
07 AAA 002,Renault,Doblo,4,7.42,2024-01-03,286,29.11
07 AAA 002,Renault,Doblo,4,7.42,2024-01-04,82,7.51
07 AAA 002,Renault,Doblo,4,7.42,2024-01-05,60,3.6
07 AAA 002,Renault,Doblo,4,7.42,2024-01-06,258,22.46
07 AAA 002,Renault,Doblo,4,7.42,2024-01-07,94,8.2
07 AAA 002,Renault,Doblo,4,7.42,2024-01-08,289,23.65
07 AAA 002,Renault,Doblo,4,7.42,2024-01-09,119,11.62
07 AAA 002,Renault,Doblo,4,7.42,2024-01-10,118,8.1
07 AAA 002,Renault,Doblo,4,7.42,2024-01-11,202,14.3
07 AAA 002,Renault,Doblo,4,7.42,2024-01-12,295,31.84
07 AAA 002,Renault,Doblo,4,7.42,2024-01-13,101,10.2
07 AAA 002,Renault,Doblo,4,7.42,2024-01-14,293,26.68
07 AAA 002,Renault,Doblo,4,7.42,2024-01-15,245,17.27
07 AAA 002,Renault,Doblo,4,7.42,2024-01-16,120,10.32
07 AAA 002,Renault,Doblo,4,7.42,2024-01-17,252,15.05
07 AAA 002,Renault,Doblo,4,7.42,2024-01-18,144,13.33
07 AAA 002,Renault,Doblo,4,7.42,2024-01-19,288,24.52
07 AAA 002,Renault,Doblo,4,7.42,2024-01-20,251,18.44
07 AAA 002,Renault,Doblo,4,7.42,2024-01-21,61,3.84
07 AAA 002,Renault,Doblo,4,7.42,2024-01-22,85,8.97
07 AAA 002,Renault,Doblo,4,7.42,2024-01-23,238,17.43
07 AAA 002,Renault,Doblo,4,7.42,2024-01-24,106,7.27
07 AAA 002,Renault,Doblo,4,7.42,2024-01-25,270,21.59
07 AAA 002,Renault,Doblo,4,7.42,2024-01-26,210,16.92
07 AAA 002,Renault,Doblo,4,7.42,2024-01-27,69,6.66
07 AAA 002,Renault,Doblo,4,7.42,2024-01-28,179,13.1
07 AAA 002,Renault,Doblo,4,7.42,2024-01-29,40,3.99
07 AAA 002,Renault,Doblo,4,7.42,2024-01-30,200,15.78
07 AAA 002,Renault,Doblo,4,7.42,2024-01-31,238,17.92
07 AAA 002,Renault,Doblo,4,7.42,2024-02-01,281,20.15
07 AAA 002,Renault,Doblo,4,7.42,2024-02-02,77,7.69
07 AAA 002,Renault,Doblo,4,7.42,2024-02-03,205,20.88
07 AAA 002,Renault,Doblo,4,7.42,2024-02-04,112,7.2
07 AAA 002,Renault,Doblo,4,7.42,2024-02-05,258,28.11
07 AAA 002,Renault,Doblo,4,7.42,2024-02-06,235,22.86
07 AAA 002,Renault,Doblo,4,7.42,2024-02-07,229,21.97
07 AAA 002,Renault,Doblo,4,7.42,2024-02-08,245,20.79
07 AAA 002,Renault,Doblo,4,7.42,2024-02-09,115,8.08
07 AAA 002,Renault,Doblo,4,7.42,2024-02-10,136,12.08
07 AAA 002,Renault,Doblo,4,7.42,2024-02-11,278,19.5
07 AAA 002,Renault,Doblo,4,7.42,2024-02-12,77,6.74
07 AAA 002,Renault,Doblo,4,7.42,2024-02-13,63,5.86
07 AAA 002,Renault,Doblo,4,7.42,2024-02-14,164,16.69
07 AAA 002,Renault,Doblo,4,7.42,2024-02-15,238,16.76
07 AAA 002,Renault,Doblo,4,7.42,2024-02-16,196,12.47
07 AAA 002,Renault,Doblo,4,7.42,2024-02-17,209,15.72
07 AAA 002,Renault,Doblo,4,7.42,2024-02-18,206,16.38
07 AAA 002,Renault,Doblo,4,7.42,2024-02-19,236,20.65
07 AAA 002,Renault,Doblo,4,7.42,2024-02-20,185,15.12
07 AAA 002,Renault,Doblo,4,7.42,2024-02-21,279,16.98
07 AAA 002,Renault,Doblo,4,7.42,2024-02-22,274,23.82
07 AAA 002,Renault,Doblo,4,7.42,2024-02-23,210,17.81
07 AAA 002,Renault,Doblo,4,7.42,2024-02-24,81,4.81
07 AAA 002,Renault,Doblo,4,7.42,2024-02-25,108,7.45
07 AAA 002,Renault,Doblo,4,7.42,2024-02-26,188,17.27
07 AAA 002,Renault,Doblo,4,7.42,2024-02-27,270,21.03
07 AAA 002,Renault,Doblo,4,7.42,2024-02-28,254,15.8
07 AAA 002,Renault,Doblo,4,7.42,2024-02-29,143,11.43
07 AAA 002,Renault,Doblo,4,7.42,2024-03-01,115,10.2
07 AAA 002,Renault,Doblo,4,7.42,2024-03-02,166,11.58
07 AAA 002,Renault,Doblo,4,7.42,2024-03-03,257,17.76
07 AAA 002,Renault,Doblo,4,7.42,2024-03-04,248,16.8
07 AAA 002,Renault,Doblo,4,7.42,2024-03-05,151,16.47
07 AAA 002,Renault,Doblo,4,7.42,2024-03-06,233,17.92
07 AAA 002,Renault,Doblo,4,7.42,2024-03-07,186,19.38
07 AAA 002,Renault,Doblo,4,7.42,2024-03-08,95,9.15
07 AAA 002,Renault,Doblo,4,7.42,2024-03-09,123,7.86
07 AAA 002,Renault,Doblo,4,7.42,2024-03-10,89,6.87
07 AAA 002,Renault,Doblo,4,7.42,2024-03-11,217,13.31
07 AAA 002,Renault,Doblo,4,7.42,2024-03-12,178,18.37
07 AAA 002,Renault,Doblo,4,7.42,2024-03-13,134,11.06
07 AAA 002,Renault,Doblo,4,7.42,2024-03-14,128,12.4
07 AAA 002,Renault,Doblo,4,7.42,2024-03-15,112,10.39
07 AAA 002,Renault,Doblo,4,7.42,2024-03-16,55,5.92
07 AAA 002,Renault,Doblo,4,7.42,2024-03-17,144,13.16
07 AAA 002,Renault,Doblo,4,7.42,2024-03-18,292,29.74
07 AAA 002,Renault,Doblo,4,7.42,2024-03-19,206,16.3
07 AAA 002,Renault,Doblo,4,7.42,2024-03-20,261,20.32
07 AAA 002,Renault,Doblo,4,7.42,2024-03-21,263,26.46
07 AAA 002,Renault,Doblo,4,7.42,2024-03-22,111,8.07
07 AAA 002,Renault,Doblo,4,7.42,2024-03-23,161,17.18
07 AAA 002,Renault,Doblo,4,7.42,2024-03-24,194,15.95
07 AAA 002,Renault,Doblo,4,7.42,2024-03-25,207,21.15
07 AAA 002,Renault,Doblo,4,7.42,2024-03-26,174,15.87
07 AAA 002,Renault,Doblo,4,7.42,2024-03-27,163,11.43
07 AAA 002,Renault,Doblo,4,7.42,2024-03-28,224,23.75
07 AAA 002,Renault,Doblo,4,7.42,2024-03-29,98,8.52
07 AAA 002,Renault,Doblo,4,7.42,2024-03-30,236,15.77
07 AAA 002,Renault,Doblo,4,7.42,2024-03-31,48,4.27
07 AAA 002,Renault,Doblo,4,7.42,2024-04-01,280,25.56
07 AAA 002,Renault,Doblo,4,7.42,2024-04-02,136,12.21
07 AAA 002,Renault,Doblo,4,7.42,2024-04-03,289,30.15
07 AAA 002,Renault,Doblo,4,7.42,2024-04-04,154,15.92
07 AAA 002,Renault,Doblo,4,7.42,2024-04-05,110,7.47
07 AAA 002,Renault,Doblo,4,7.42,2024-04-06,91,8.8
07 AAA 002,Renault,Doblo,4,7.42,2024-04-07,179,11.83
07 AAA 002,Renault,Doblo,4,7.42,2024-04-08,199,16.88
07 AAA 002,Renault,Doblo,4,7.42,2024-04-09,207,12.29
07 AAA 002,Renault,Doblo,4,7.42,2024-04-10,290,21.75
07 AAA 002,Renault,Doblo,4,7.42,2024-04-11,153,11.61
07 AAA 002,Renault,Doblo,4,7.42,2024-04-12,48,3.53
07 AAA 002,Renault,Doblo,4,7.42,2024-04-13,216,16.04
07 AAA 002,Renault,Doblo,4,7.42,2024-04-14,288,29.67
07 AAA 002,Renault,Doblo,4,7.42,2024-04-15,179,16.42
07 AAA 002,Renault,Doblo,4,7.42,2024-04-16,238,15.85
07 AAA 002,Renault,Doblo,4,7.42,2024-04-17,271,26.25
07 AAA 002,Renault,Doblo,4,7.42,2024-04-18,185,14.64
07 AAA 002,Renault,Doblo,4,7.42,2024-04-19,54,4.27
07 AAA 002,Renault,Doblo,4,7.42,2024-04-20,43,3.42
07 AAA 002,Renault,Doblo,4,7.42,2024-04-21,44,2.66
07 AAA 002,Renault,Doblo,4,7.42,2024-04-22,273,24.39
07 AAA 002,Renault,Doblo,4,7.42,2024-04-23,185,16.0
07 AAA 002,Renault,Doblo,4,7.42,2024-04-24,229,23.46
07 AAA 002,Renault,Doblo,4,7.42,2024-04-25,74,7.51
07 AAA 002,Renault,Doblo,4,7.42,2024-04-26,109,9.6
07 AAA 002,Renault,Doblo,4,7.42,2024-04-27,70,7.46
07 AAA 002,Renault,Doblo,4,7.42,2024-04-28,57,3.74
07 AAA 002,Renault,Doblo,4,7.42,2024-04-29,73,5.21
07 AAA 003,Ford,Caddy,4,8.53,2024-01-01,205,18.69
07 AAA 003,Ford,Caddy,4,8.53,2024-01-02,76,6.61
07 AAA 003,Ford,Caddy,4,8.53,2024-01-03,40,4.48
07 AAA 003,Ford,Caddy,4,8.53,2024-01-04,141,14.96
07 AAA 003,Ford,Caddy,4,8.53,2024-01-05,198,24.83
07 AAA 003,Ford,Caddy,4,8.53,2024-01-06,243,28.07
07 AAA 003,Ford,Caddy,4,8.53,2024-01-07,67,6.81
07 AAA 003,Ford,Caddy,4,8.53,2024-01-08,175,18.47
07 AAA 003,Ford,Caddy,4,8.53,2024-01-09,278,22.49
07 AAA 003,Ford,Caddy,4,8.53,2024-01-10,166,11.52
07 AAA 003,Ford,Caddy,4,8.53,2024-01-11,294,23.45
07 AAA 003,Ford,Caddy,4,8.53,2024-01-12,190,13.83
07 AAA 003,Ford,Caddy,4,8.53,2024-01-13,279,27.51
07 AAA 003,Ford,Caddy,4,8.53,2024-01-14,100,9.52
07 AAA 003,Ford,Caddy,4,8.53,2024-01-15,180,19.43
07 AAA 003,Ford,Caddy,4,8.53,2024-01-16,45,3.34
07 AAA 003,Ford,Caddy,4,8.53,2024-01-17,209,15.1
07 AAA 003,Ford,Caddy,4,8.53,2024-01-18,220,24.55
07 AAA 003,Ford,Caddy,4,8.53,2024-01-19,188,16.42
07 AAA 003,Ford,Caddy,4,8.53,2024-01-20,50,3.51
07 AAA 003,Ford,Caddy,4,8.53,2024-01-21,256,24.14
07 AAA 003,Ford,Caddy,4,8.53,2024-01-22,284,29.74
07 AAA 003,Ford,Caddy,4,8.53,2024-01-23,84,6.89
07 AAA 003,Ford,Caddy,4,8.53,2024-01-24,55,6.57
07 AAA 003,Ford,Caddy,4,8.53,2024-01-25,196,21.64
07 AAA 003,Ford,Caddy,4,8.53,2024-01-26,58,6.14
07 AAA 003,Ford,Caddy,4,8.53,2024-01-27,191,15.42
07 AAA 003,Ford,Caddy,4,8.53,2024-01-28,122,9.67
07 AAA 003,Ford,Caddy,4,8.53,2024-01-29,100,7.04
07 AAA 003,Ford,Caddy,4,8.53,2024-01-30,221,22.82
07 AAA 003,Ford,Caddy,4,8.53,2024-01-31,63,7.65
07 AAA 003,Ford,Caddy,4,8.53,2024-02-01,176,22.15
07 AAA 003,Ford,Caddy,4,8.53,2024-02-02,44,4.3
07 AAA 003,Ford,Caddy,4,8.53,2024-02-03,94,6.57
07 AAA 003,Ford,Caddy,4,8.53,2024-02-04,300,37.11
07 AAA 003,Ford,Caddy,4,8.53,2024-02-05,156,19.41
07 AAA 003,Ford,Caddy,4,8.53,2024-02-06,112,12.04
07 AAA 003,Ford,Caddy,4,8.53,2024-02-07,278,24.1
07 AAA 003,Ford,Caddy,4,8.53,2024-02-08,258,28.2
07 AAA 003,Ford,Caddy,4,8.53,2024-02-09,101,12.26
07 AAA 003,Ford,Caddy,4,8.53,2024-02-10,108,10.85
07 AAA 003,Ford,Caddy,4,8.53,2024-02-11,57,6.66
07 AAA 003,Ford,Caddy,4,8.53,2024-02-12,239,26.03
07 AAA 003,Ford,Caddy,4,8.53,2024-02-13,173,17.88
07 AAA 003,Ford,Caddy,4,8.53,2024-02-14,184,22.86
07 AAA 003,Ford,Caddy,4,8.53,2024-02-15,175,13.89
07 AAA 003,Ford,Caddy,4,8.53,2024-02-16,283,27.43
07 AAA 003,Ford,Caddy,4,8.53,2024-02-17,238,23.32
07 AAA 003,Ford,Caddy,4,8.53,2024-02-18,93,10.3
07 AAA 003,Ford,Caddy,4,8.53,2024-02-19,193,13.74
07 AAA 003,Ford,Caddy,4,8.53,2024-02-20,249,24.39
07 AAA 003,Ford,Caddy,4,8.53,2024-02-21,126,14.66
07 AAA 003,Ford,Caddy,4,8.53,2024-02-22,141,17.16
07 AAA 003,Ford,Caddy,4,8.53,2024-02-23,295,30.45
07 AAA 003,Ford,Caddy,4,8.53,2024-02-24,85,10.81
07 AAA 003,Ford,Caddy,4,8.53,2024-02-25,115,8.49
07 AAA 003,Ford,Caddy,4,8.53,2024-02-26,115,9.08
07 AAA 003,Ford,Caddy,4,8.53,2024-02-27,282,26.23
07 AAA 003,Ford,Caddy,4,8.53,2024-02-28,96,9.59
07 AAA 003,Ford,Caddy,4,8.53,2024-02-29,221,17.24
07 AAA 003,Ford,Caddy,4,8.53,2024-03-01,172,11.76
07 AAA 003,Ford,Caddy,4,8.53,2024-03-02,82,10.29
07 AAA 003,Ford,Caddy,4,8.53,2024-03-03,44,4.28
07 AAA 003,Ford,Caddy,4,8.53,2024-03-04,211,20.07
07 AAA 003,Ford,Caddy,4,8.53,2024-03-05,250,18.24
07 AAA 003,Ford,Caddy,4,8.53,2024-03-06,236,17.95
07 AAA 003,Ford,Caddy,4,8.53,2024-03-07,233,16.7
07 AAA 003,Ford,Caddy,4,8.53,2024-03-08,288,21.9
07 AAA 003,Ford,Caddy,4,8.53,2024-03-09,99,9.95
07 AAA 003,Ford,Caddy,4,8.53,2024-03-10,258,21.5
07 AAA 003,Ford,Caddy,4,8.53,2024-03-11,135,13.19
07 AAA 003,Ford,Caddy,4,8.53,2024-03-12,288,35.7
07 AAA 003,Ford,Caddy,4,8.53,2024-03-13,47,5.2
07 AAA 003,Ford,Caddy,4,8.53,2024-03-14,53,4.14
07 AAA 003,Ford,Caddy,4,8.53,2024-03-15,139,11.34
07 AAA 003,Ford,Caddy,4,8.53,2024-03-16,200,23.5
07 AAA 003,Ford,Caddy,4,8.53,2024-03-17,241,27.62
07 AAA 003,Ford,Caddy,4,8.53,2024-03-18,270,22.51
07 AAA 003,Ford,Caddy,4,8.53,2024-03-19,239,18.32
07 AAA 003,Ford,Caddy,4,8.53,2024-03-20,154,17.04
07 AAA 003,Ford,Caddy,4,8.53,2024-03-21,112,8.01
07 AAA 003,Ford,Caddy,4,8.53,2024-03-22,252,19.24
07 AAA 003,Ford,Caddy,4,8.53,2024-03-23,56,5.02
07 AAA 003,Ford,Caddy,4,8.53,2024-03-24,299,34.51
07 AAA 003,Ford,Caddy,4,8.53,2024-03-25,47,4.26
07 AAA 003,Ford,Caddy,4,8.53,2024-03-26,269,30.66
07 AAA 003,Ford,Caddy,4,8.53,2024-03-27,260,24.09
07 AAA 003,Ford,Caddy,4,8.53,2024-03-28,226,19.58
07 AAA 003,Ford,Caddy,4,8.53,2024-03-29,225,27.84
07 AAA 003,Ford,Caddy,4,8.53,2024-03-30,237,29.67
07 AAA 003,Ford,Caddy,4,8.53,2024-03-31,87,9.37
07 AAA 003,Ford,Caddy,4,8.53,2024-04-01,190,16.53
07 AAA 003,Ford,Caddy,4,8.53,2024-04-02,216,26.92
07 AAA 003,Ford,Caddy,4,8.53,2024-04-03,232,16.2
07 AAA 003,Ford,Caddy,4,8.53,2024-04-04,91,11.2
07 AAA 003,Ford,Caddy,4,8.53,2024-04-05,224,15.5
07 AAA 003,Ford,Caddy,4,8.53,2024-04-06,235,19.67
07 AAA 003,Ford,Caddy,4,8.53,2024-04-07,52,4.18
07 AAA 003,Ford,Caddy,4,8.53,2024-04-08,134,16.41
07 AAA 003,Ford,Caddy,4,8.53,2024-04-09,149,16.9
07 AAA 003,Ford,Caddy,4,8.53,2024-04-10,251,19.25
07 AAA 003,Ford,Caddy,4,8.53,2024-04-11,212,17.83
07 AAA 003,Ford,Caddy,4,8.53,2024-04-12,268,23.87
07 AAA 003,Ford,Caddy,4,8.53,2024-04-13,135,15.31
07 AAA 003,Ford,Caddy,4,8.53,2024-04-14,179,14.27
07 AAA 003,Ford,Caddy,4,8.53,2024-04-15,181,19.25
07 AAA 003,Ford,Caddy,4,8.53,2024-04-16,97,12.05
07 AAA 003,Ford,Caddy,4,8.53,2024-04-17,259,19.05
07 AAA 003,Ford,Caddy,4,8.53,2024-04-18,44,3.77
07 AAA 003,Ford,Caddy,4,8.53,2024-04-19,175,14.46
07 AAA 003,Ford,Caddy,4,8.53,2024-04-20,186,18.56
07 AAA 003,Ford,Caddy,4,8.53,2024-04-21,137,15.95
07 AAA 003,Ford,Caddy,4,8.53,2024-04-22,115,13.63
07 AAA 003,Ford,Caddy,4,8.53,2024-04-23,114,12.0
07 AAA 003,Ford,Caddy,4,8.53,2024-04-24,174,17.33
07 AAA 003,Ford,Caddy,4,8.53,2024-04-25,134,12.18
07 AAA 003,Ford,Caddy,4,8.53,2024-04-26,203,20.14
07 AAA 003,Ford,Caddy,4,8.53,2024-04-27,85,7.16
07 AAA 003,Ford,Caddy,4,8.53,2024-04-28,170,19.58
07 AAA 003,Ford,Caddy,4,8.53,2024-04-29,144,10.68
07 AAA 004,Fiat,Doblo,2,9.9,2024-01-01,230,18.77
07 AAA 004,Fiat,Doblo,2,9.9,2024-01-02,87,11.8
07 AAA 004,Fiat,Doblo,2,9.9,2024-01-03,215,17.45
07 AAA 004,Fiat,Doblo,2,9.9,2024-01-04,210,21.84
07 AAA 004,Fiat,Doblo,2,9.9,2024-01-05,247,29.21
07 AAA 004,Fiat,Doblo,2,9.9,2024-01-06,171,14.89
07 AAA 004,Fiat,Doblo,2,9.9,2024-01-07,94,13.86
07 AAA 004,Fiat,Doblo,2,9.9,2024-01-08,281,25.29
07 AAA 004,Fiat,Doblo,2,9.9,2024-01-09,285,29.86
07 AAA 004,Fiat,Doblo,2,9.9,2024-01-10,95,10.26
07 AAA 004,Fiat,Doblo,2,9.9,2024-01-11,123,15.68
07 AAA 004,Fiat,Doblo,2,9.9,2024-01-12,190,18.49
07 AAA 004,Fiat,Doblo,2,9.9,2024-01-13,236,25.02
07 AAA 004,Fiat,Doblo,2,9.9,2024-01-14,136,16.3
07 AAA 004,Fiat,Doblo,2,9.9,2024-01-15,86,10.92
07 AAA 004,Fiat,Doblo,2,9.9,2024-01-16,125,15.43
07 AAA 004,Fiat,Doblo,2,9.9,2024-01-17,249,20.11
07 AAA 004,Fiat,Doblo,2,9.9,2024-01-18,57,7.44
07 AAA 004,Fiat,Doblo,2,9.9,2024-01-19,294,26.91
07 AAA 004,Fiat,Doblo,2,9.9,2024-01-20,206,25.76
07 AAA 004,Fiat,Doblo,2,9.9,2024-01-21,95,10.73
07 AAA 004,Fiat,Doblo,2,9.9,2024-01-22,80,10.96
07 AAA 004,Fiat,Doblo,2,9.9,2024-01-23,215,27.2
07 AAA 004,Fiat,Doblo,2,9.9,2024-01-24,72,9.21
07 AAA 004,Fiat,Doblo,2,9.9,2024-01-25,249,24.89
07 AAA 004,Fiat,Doblo,2,9.9,2024-01-26,139,12.83
07 AAA 004,Fiat,Doblo,2,9.9,2024-01-27,287,23.12
07 AAA 004,Fiat,Doblo,2,9.9,2024-01-28,271,22.32
07 AAA 004,Fiat,Doblo,2,9.9,2024-01-29,48,6.51
07 AAA 004,Fiat,Doblo,2,9.9,2024-01-30,75,7.07
07 AAA 004,Fiat,Doblo,2,9.9,2024-01-31,48,4.86
07 AAA 004,Fiat,Doblo,2,9.9,2024-02-01,133,14.42
07 AAA 004,Fiat,Doblo,2,9.9,2024-02-02,158,13.85
07 AAA 004,Fiat,Doblo,2,9.9,2024-02-03,133,14.15
07 AAA 004,Fiat,Doblo,2,9.9,2024-02-04,246,27.53
07 AAA 004,Fiat,Doblo,2,9.9,2024-02-05,88,10.35
07 AAA 004,Fiat,Doblo,2,9.9,2024-02-06,40,5.26
07 AAA 004,Fiat,Doblo,2,9.9,2024-02-07,71,5.77
07 AAA 004,Fiat,Doblo,2,9.9,2024-02-08,118,14.99
07 AAA 004,Fiat,Doblo,2,9.9,2024-02-09,278,26.28
07 AAA 004,Fiat,Doblo,2,9.9,2024-02-10,41,5.1
07 AAA 004,Fiat,Doblo,2,9.9,2024-02-11,222,32.96
07 AAA 004,Fiat,Doblo,2,9.9,2024-02-12,120,16.41
07 AAA 004,Fiat,Doblo,2,9.9,2024-02-13,174,19.43
07 AAA 004,Fiat,Doblo,2,9.9,2024-02-14,169,23.97
07 AAA 004,Fiat,Doblo,2,9.9,2024-02-15,250,27.48
07 AAA 004,Fiat,Doblo,2,9.9,2024-02-16,295,32.21
07 AAA 004,Fiat,Doblo,2,9.9,2024-02-17,289,41.36
07 AAA 004,Fiat,Doblo,2,9.9,2024-02-18,224,33.14
07 AAA 004,Fiat,Doblo,2,9.9,2024-02-19,161,21.07
07 AAA 004,Fiat,Doblo,2,9.9,2024-02-20,172,24.02
07 AAA 004,Fiat,Doblo,2,9.9,2024-02-21,175,14.06
07 AAA 004,Fiat,Doblo,2,9.9,2024-02-22,266,23.87
07 AAA 004,Fiat,Doblo,2,9.9,2024-02-23,296,26.79
07 AAA 004,Fiat,Doblo,2,9.9,2024-02-24,180,17.95
07 AAA 004,Fiat,Doblo,2,9.9,2024-02-25,48,6.81
07 AAA 004,Fiat,Doblo,2,9.9,2024-02-26,107,13.13
07 AAA 004,Fiat,Doblo,2,9.9,2024-02-27,76,7.67
07 AAA 004,Fiat,Doblo,2,9.9,2024-02-28,120,12.07
07 AAA 004,Fiat,Doblo,2,9.9,2024-02-29,207,23.56
07 AAA 004,Fiat,Doblo,2,9.9,2024-03-01,163,15.38
07 AAA 004,Fiat,Doblo,2,9.9,2024-03-02,236,23.48
07 AAA 004,Fiat,Doblo,2,9.9,2024-03-03,59,5.84
07 AAA 004,Fiat,Doblo,2,9.9,2024-03-04,272,29.44
07 AAA 004,Fiat,Doblo,2,9.9,2024-03-05,97,12.16
07 AAA 004,Fiat,Doblo,2,9.9,2024-03-06,53,4.5
07 AAA 004,Fiat,Doblo,2,9.9,2024-03-07,96,11.68
07 AAA 004,Fiat,Doblo,2,9.9,2024-03-08,212,28.62
07 AAA 004,Fiat,Doblo,2,9.9,2024-03-09,189,19.54
07 AAA 004,Fiat,Doblo,2,9.9,2024-03-10,112,10.69
07 AAA 004,Fiat,Doblo,2,9.9,2024-03-11,111,10.97
07 AAA 004,Fiat,Doblo,2,9.9,2024-03-12,71,8.38
07 AAA 004,Fiat,Doblo,2,9.9,2024-03-13,247,28.41
07 AAA 004,Fiat,Doblo,2,9.9,2024-03-14,271,25.12
07 AAA 004,Fiat,Doblo,2,9.9,2024-03-15,64,7.02
07 AAA 004,Fiat,Doblo,2,9.9,2024-03-16,229,27.03
07 AAA 004,Fiat,Doblo,2,9.9,2024-03-17,118,16.18
07 AAA 004,Fiat,Doblo,2,9.9,2024-03-18,250,36.78
07 AAA 004,Fiat,Doblo,2,9.9,2024-03-19,133,17.12
07 AAA 004,Fiat,Doblo,2,9.9,2024-03-20,121,12.5
07 AAA 004,Fiat,Doblo,2,9.9,2024-03-21,149,21.88
07 AAA 004,Fiat,Doblo,2,9.9,2024-03-22,161,15.02
07 AAA 004,Fiat,Doblo,2,9.9,2024-03-23,238,19.11
07 AAA 004,Fiat,Doblo,2,9.9,2024-03-24,68,8.72
07 AAA 004,Fiat,Doblo,2,9.9,2024-03-25,231,27.08
07 AAA 004,Fiat,Doblo,2,9.9,2024-03-26,227,25.62
07 AAA 004,Fiat,Doblo,2,9.9,2024-03-27,140,12.32
07 AAA 004,Fiat,Doblo,2,9.9,2024-03-28,45,5.48
07 AAA 004,Fiat,Doblo,2,9.9,2024-03-29,93,12.17
07 AAA 004,Fiat,Doblo,2,9.9,2024-03-30,107,9.38
07 AAA 004,Fiat,Doblo,2,9.9,2024-03-31,291,38.78
07 AAA 004,Fiat,Doblo,2,9.9,2024-04-01,124,14.22
07 AAA 004,Fiat,Doblo,2,9.9,2024-04-02,264,38.45
07 AAA 004,Fiat,Doblo,2,9.9,2024-04-03,99,13.9
07 AAA 004,Fiat,Doblo,2,9.9,2024-04-04,142,20.83
07 AAA 004,Fiat,Doblo,2,9.9,2024-04-05,235,22.24
07 AAA 004,Fiat,Doblo,2,9.9,2024-04-06,145,12.51
07 AAA 004,Fiat,Doblo,2,9.9,2024-04-07,236,32.1
07 AAA 004,Fiat,Doblo,2,9.9,2024-04-08,167,24.11
07 AAA 004,Fiat,Doblo,2,9.9,2024-04-09,181,18.55
07 AAA 004,Fiat,Doblo,2,9.9,2024-04-10,70,7.1
07 AAA 004,Fiat,Doblo,2,9.9,2024-04-11,46,3.98
07 AAA 004,Fiat,Doblo,2,9.9,2024-04-12,149,17.16
07 AAA 004,Fiat,Doblo,2,9.9,2024-04-13,100,11.02
07 AAA 004,Fiat,Doblo,2,9.9,2024-04-14,181,18.51
07 AAA 004,Fiat,Doblo,2,9.9,2024-04-15,290,31.43
07 AAA 004,Fiat,Doblo,2,9.9,2024-04-16,205,28.22
07 AAA 004,Fiat,Doblo,2,9.9,2024-04-17,55,6.41
07 AAA 004,Fiat,Doblo,2,9.9,2024-04-18,289,38.47
07 AAA 004,Fiat,Doblo,2,9.9,2024-04-19,138,12.23
07 AAA 004,Fiat,Doblo,2,9.9,2024-04-20,216,23.72
07 AAA 004,Fiat,Doblo,2,9.9,2024-04-21,100,13.08
07 AAA 004,Fiat,Doblo,2,9.9,2024-04-22,80,11.75
07 AAA 004,Fiat,Doblo,2,9.9,2024-04-23,263,22.25
07 AAA 004,Fiat,Doblo,2,9.9,2024-04-24,134,14.78
07 AAA 004,Fiat,Doblo,2,9.9,2024-04-25,69,7.85
07 AAA 004,Fiat,Doblo,2,9.9,2024-04-26,124,10.11
07 AAA 004,Fiat,Doblo,2,9.9,2024-04-27,43,5.03
07 AAA 004,Fiat,Doblo,2,9.9,2024-04-28,279,23.99
07 AAA 004,Fiat,Doblo,2,9.9,2024-04-29,260,27.14
07 AAA 005,Peugeot,Caddy,3,24.12,2024-01-01,270,79.02
07 AAA 005,Peugeot,Caddy,3,24.12,2024-01-02,144,49.53
07 AAA 005,Peugeot,Caddy,3,24.12,2024-01-03,298,76.29
07 AAA 005,Peugeot,Caddy,3,24.12,2024-01-04,61,19.57
07 AAA 005,Peugeot,Caddy,3,24.12,2024-01-05,104,33.16
07 AAA 005,Peugeot,Caddy,3,24.12,2024-01-06,116,26.32
07 AAA 005,Peugeot,Caddy,3,24.12,2024-01-07,74,20.95
07 AAA 005,Peugeot,Caddy,3,24.12,2024-01-08,80,17.71
07 AAA 005,Peugeot,Caddy,3,24.12,2024-01-09,177,46.13
07 AAA 005,Peugeot,Caddy,3,24.12,2024-01-10,49,13.65
07 AAA 005,Peugeot,Caddy,3,24.12,2024-01-11,225,57.89
07 AAA 005,Peugeot,Caddy,3,24.12,2024-01-12,218,59.15
07 AAA 005,Peugeot,Caddy,3,24.12,2024-01-13,135,46.03
07 AAA 005,Peugeot,Caddy,3,24.12,2024-01-14,187,39.97
07 AAA 005,Peugeot,Caddy,3,24.12,2024-01-15,89,21.51
07 AAA 005,Peugeot,Caddy,3,24.12,2024-01-16,96,24.4
07 AAA 005,Peugeot,Caddy,3,24.12,2024-01-17,150,51.07
07 AAA 005,Peugeot,Caddy,3,24.12,2024-01-18,259,65.54
07 AAA 005,Peugeot,Caddy,3,24.12,2024-01-19,66,14.93
07 AAA 005,Peugeot,Caddy,3,24.12,2024-01-20,155,41.21
07 AAA 005,Peugeot,Caddy,3,24.12,2024-01-21,237,85.73
07 AAA 005,Peugeot,Caddy,3,24.12,2024-01-22,156,31.03
07 AAA 005,Peugeot,Caddy,3,24.12,2024-01-23,84,17.9
07 AAA 005,Peugeot,Caddy,3,24.12,2024-01-24,57,19.75
07 AAA 005,Peugeot,Caddy,3,24.12,2024-01-25,258,58.29
07 AAA 005,Peugeot,Caddy,3,24.12,2024-01-26,285,82.51
07 AAA 005,Peugeot,Caddy,3,24.12,2024-01-27,271,94.08
07 AAA 005,Peugeot,Caddy,3,24.12,2024-01-28,117,36.09
07 AAA 005,Peugeot,Caddy,3,24.12,2024-01-29,247,67.69
07 AAA 005,Peugeot,Caddy,3,24.12,2024-01-30,276,57.55
07 AAA 005,Peugeot,Caddy,3,24.12,2024-01-31,50,15.88
07 AAA 005,Peugeot,Caddy,3,24.12,2024-02-01,272,62.44
07 AAA 005,Peugeot,Caddy,3,24.12,2024-02-02,147,32.74
07 AAA 005,Peugeot,Caddy,3,24.12,2024-02-03,288,70.74
07 AAA 005,Peugeot,Caddy,3,24.12,2024-02-04,120,39.02
07 AAA 005,Peugeot,Caddy,3,24.12,2024-02-05,266,58.35
07 AAA 005,Peugeot,Caddy,3,24.12,2024-02-06,253,90.02
07 AAA 005,Peugeot,Caddy,3,24.12,2024-02-07,144,42.08
07 AAA 005,Peugeot,Caddy,3,24.12,2024-02-08,179,60.36
07 AAA 005,Peugeot,Caddy,3,24.12,2024-02-09,172,51.55
07 AAA 005,Peugeot,Caddy,3,24.12,2024-02-10,284,101.43
07 AAA 005,Peugeot,Caddy,3,24.12,2024-02-11,98,21.96
07 AAA 005,Peugeot,Caddy,3,24.12,2024-02-12,118,23.71
07 AAA 005,Peugeot,Caddy,3,24.12,2024-02-13,251,53.88
07 AAA 005,Peugeot,Caddy,3,24.12,2024-02-14,154,31.69
07 AAA 005,Peugeot,Caddy,3,24.12,2024-02-15,56,16.0
07 AAA 005,Peugeot,Caddy,3,24.12,2024-02-16,60,21.61
07 AAA 005,Peugeot,Caddy,3,24.12,2024-02-17,214,69.65
07 AAA 005,Peugeot,Caddy,3,24.12,2024-02-18,127,38.03
07 AAA 005,Peugeot,Caddy,3,24.12,2024-02-19,210,48.68
07 AAA 005,Peugeot,Caddy,3,24.12,2024-02-20,159,50.04
07 AAA 005,Peugeot,Caddy,3,24.12,2024-02-21,151,49.28
07 AAA 005,Peugeot,Caddy,3,24.12,2024-02-22,121,40.78
07 AAA 005,Peugeot,Caddy,3,24.12,2024-02-23,56,18.28
07 AAA 005,Peugeot,Caddy,3,24.12,2024-02-24,179,36.84
07 AAA 005,Peugeot,Caddy,3,24.12,2024-02-25,208,50.57
07 AAA 005,Peugeot,Caddy,3,24.12,2024-02-26,196,41.27
07 AAA 005,Peugeot,Caddy,3,24.12,2024-02-27,207,68.38
07 AAA 005,Peugeot,Caddy,3,24.12,2024-02-28,293,69.5
07 AAA 005,Peugeot,Caddy,3,24.12,2024-02-29,175,42.69
07 AAA 005,Peugeot,Caddy,3,24.12,2024-03-01,230,48.14
07 AAA 005,Peugeot,Caddy,3,24.12,2024-03-02,257,74.77
07 AAA 005,Peugeot,Caddy,3,24.12,2024-03-03,170,36.04
07 AAA 005,Peugeot,Caddy,3,24.12,2024-03-04,70,17.52
07 AAA 005,Peugeot,Caddy,3,24.12,2024-03-05,136,40.62
07 AAA 005,Peugeot,Caddy,3,24.12,2024-03-06,283,86.69
07 AAA 005,Peugeot,Caddy,3,24.12,2024-03-07,122,43.63
07 AAA 005,Peugeot,Caddy,3,24.12,2024-03-08,127,39.56
07 AAA 005,Peugeot,Caddy,3,24.12,2024-03-09,84,28.12
07 AAA 005,Peugeot,Caddy,3,24.12,2024-03-10,178,40.21
07 AAA 005,Peugeot,Caddy,3,24.12,2024-03-11,61,12.24
07 AAA 005,Peugeot,Caddy,3,24.12,2024-03-12,252,69.31
07 AAA 005,Peugeot,Caddy,3,24.12,2024-03-13,49,12.25
07 AAA 005,Peugeot,Caddy,3,24.12,2024-03-14,259,65.05
07 AAA 005,Peugeot,Caddy,3,24.12,2024-03-15,210,49.71
07 AAA 005,Peugeot,Caddy,3,24.12,2024-03-16,85,22.46
07 AAA 005,Peugeot,Caddy,3,24.12,2024-03-17,58,18.12
07 AAA 005,Peugeot,Caddy,3,24.12,2024-03-18,92,31.75
07 AAA 005,Peugeot,Caddy,3,24.12,2024-03-19,218,45.07
07 AAA 005,Peugeot,Caddy,3,24.12,2024-03-20,163,36.55
07 AAA 005,Peugeot,Caddy,3,24.12,2024-03-21,275,55.99
07 AAA 005,Peugeot,Caddy,3,24.12,2024-03-22,108,36.49
07 AAA 005,Peugeot,Caddy,3,24.12,2024-03-23,107,34.83
07 AAA 005,Peugeot,Caddy,3,24.12,2024-03-24,223,74.22
07 AAA 005,Peugeot,Caddy,3,24.12,2024-03-25,148,41.34
07 AAA 005,Peugeot,Caddy,3,24.12,2024-03-26,148,31.11
07 AAA 005,Peugeot,Caddy,3,24.12,2024-03-27,121,30.37
07 AAA 005,Peugeot,Caddy,3,24.12,2024-03-28,228,57.69
07 AAA 005,Peugeot,Caddy,3,24.12,2024-03-29,278,72.1
07 AAA 005,Peugeot,Caddy,3,24.12,2024-03-30,189,43.04
07 AAA 005,Peugeot,Caddy,3,24.12,2024-03-31,146,45.36
07 AAA 005,Peugeot,Caddy,3,24.12,2024-04-01,279,88.68
07 AAA 005,Peugeot,Caddy,3,24.12,2024-04-02,267,85.98
07 AAA 005,Peugeot,Caddy,3,24.12,2024-04-03,222,69.26
07 AAA 005,Peugeot,Caddy,3,24.12,2024-04-04,69,18.55
07 AAA 005,Peugeot,Caddy,3,24.12,2024-04-05,123,32.01
07 AAA 005,Peugeot,Caddy,3,24.12,2024-04-06,42,14.08
07 AAA 005,Peugeot,Caddy,3,24.12,2024-04-07,266,81.6
07 AAA 005,Peugeot,Caddy,3,24.12,2024-04-08,253,56.2
07 AAA 005,Peugeot,Caddy,3,24.12,2024-04-09,156,53.28
07 AAA 005,Peugeot,Caddy,3,24.12,2024-04-10,107,23.11
07 AAA 005,Peugeot,Caddy,3,24.12,2024-04-11,263,84.74
07 AAA 005,Peugeot,Caddy,3,24.12,2024-04-12,235,61.97
07 AAA 005,Peugeot,Caddy,3,24.12,2024-04-13,106,35.27
07 AAA 005,Peugeot,Caddy,3,24.12,2024-04-14,266,95.63
07 AAA 005,Peugeot,Caddy,3,24.12,2024-04-15,207,71.67
07 AAA 005,Peugeot,Caddy,3,24.12,2024-04-16,174,50.99
07 AAA 005,Peugeot,Caddy,3,24.12,2024-04-17,145,32.14
07 AAA 005,Peugeot,Caddy,3,24.12,2024-04-18,92,21.45
07 AAA 005,Peugeot,Caddy,3,24.12,2024-04-19,141,43.53
07 AAA 005,Peugeot,Caddy,3,24.12,2024-04-20,247,55.76
07 AAA 005,Peugeot,Caddy,3,24.12,2024-04-21,40,8.91
07 AAA 005,Peugeot,Caddy,3,24.12,2024-04-22,53,13.54
07 AAA 005,Peugeot,Caddy,3,24.12,2024-04-23,108,22.06
07 AAA 005,Peugeot,Caddy,3,24.12,2024-04-24,269,77.42
07 AAA 005,Peugeot,Caddy,3,24.12,2024-04-25,165,32.54
07 AAA 005,Peugeot,Caddy,3,24.12,2024-04-26,49,15.27
07 AAA 005,Peugeot,Caddy,3,24.12,2024-04-27,98,24.59
07 AAA 005,Peugeot,Caddy,3,24.12,2024-04-28,153,44.1
07 AAA 005,Peugeot,Caddy,3,24.12,2024-04-29,51,18.32
07 AAA 006,Volkswagen,Boxer,4,7.45,2024-01-01,193,12.66
07 AAA 006,Volkswagen,Boxer,4,7.45,2024-01-02,190,18.0
07 AAA 006,Volkswagen,Boxer,4,7.45,2024-01-03,88,9.74
07 AAA 006,Volkswagen,Boxer,4,7.45,2024-01-04,49,3.93
07 AAA 006,Volkswagen,Boxer,4,7.45,2024-01-05,168,14.83
07 AAA 006,Volkswagen,Boxer,4,7.45,2024-01-06,219,16.1
07 AAA 006,Volkswagen,Boxer,4,7.45,2024-01-07,117,12.18
07 AAA 006,Volkswagen,Boxer,4,7.45,2024-01-08,182,13.21
07 AAA 006,Volkswagen,Boxer,4,7.45,2024-01-09,297,32.64
07 AAA 006,Volkswagen,Boxer,4,7.45,2024-01-10,229,21.46
07 AAA 006,Volkswagen,Boxer,4,7.45,2024-01-11,294,28.52
07 AAA 006,Volkswagen,Boxer,4,7.45,2024-01-12,77,5.06
07 AAA 006,Volkswagen,Boxer,4,7.45,2024-01-13,237,25.65
07 AAA 006,Volkswagen,Boxer,4,7.45,2024-01-14,91,6.94
07 AAA 006,Volkswagen,Boxer,4,7.45,2024-01-15,277,25.97
07 AAA 006,Volkswagen,Boxer,4,7.45,2024-01-16,143,10.94
07 AAA 006,Volkswagen,Boxer,4,7.45,2024-01-17,216,13.58
07 AAA 006,Volkswagen,Boxer,4,7.45,2024-01-18,269,25.9
07 AAA 006,Volkswagen,Boxer,4,7.45,2024-01-19,221,22.74
07 AAA 006,Volkswagen,Boxer,4,7.45,2024-01-20,263,21.22
07 AAA 006,Volkswagen,Boxer,4,7.45,2024-01-21,74,7.95
07 AAA 006,Volkswagen,Boxer,4,7.45,2024-01-22,133,10.33
07 AAA 006,Volkswagen,Boxer,4,7.45,2024-01-23,237,23.16
07 AAA 006,Volkswagen,Boxer,4,7.45,2024-01-24,235,20.77
07 AAA 006,Volkswagen,Boxer,4,7.45,2024-01-25,264,16.2
07 AAA 006,Volkswagen,Boxer,4,7.45,2024-01-26,154,12.81
07 AAA 006,Volkswagen,Boxer,4,7.45,2024-01-27,286,18.12
07 AAA 006,Volkswagen,Boxer,4,7.45,2024-01-28,140,11.1
07 AAA 006,Volkswagen,Boxer,4,7.45,2024-01-29,63,4.84
07 AAA 006,Volkswagen,Boxer,4,7.45,2024-01-30,236,15.38
07 AAA 006,Volkswagen,Boxer,4,7.45,2024-01-31,118,11.0
07 AAA 006,Volkswagen,Boxer,4,7.45,2024-02-01,291,24.05
07 AAA 006,Volkswagen,Boxer,4,7.45,2024-02-02,284,30.27
07 AAA 006,Volkswagen,Boxer,4,7.45,2024-02-03,192,21.32
07 AAA 006,Volkswagen,Boxer,4,7.45,2024-02-04,209,13.18
07 AAA 006,Volkswagen,Boxer,4,7.45,2024-02-05,131,11.6
07 AAA 006,Volkswagen,Boxer,4,7.45,2024-02-06,161,10.89
07 AAA 006,Volkswagen,Boxer,4,7.45,2024-02-07,147,12.94
07 AAA 006,Volkswagen,Boxer,4,7.45,2024-02-08,243,21.34
07 AAA 006,Volkswagen,Boxer,4,7.45,2024-02-09,214,21.68
07 AAA 006,Volkswagen,Boxer,4,7.45,2024-02-10,164,16.28
07 AAA 006,Volkswagen,Boxer,4,7.45,2024-02-11,48,5.31
07 AAA 006,Volkswagen,Boxer,4,7.45,2024-02-12,245,18.81
07 AAA 006,Volkswagen,Boxer,4,7.45,2024-02-13,94,7.72
07 AAA 006,Volkswagen,Boxer,4,7.45,2024-02-14,205,13.18
07 AAA 006,Volkswagen,Boxer,4,7.45,2024-02-15,222,13.29
07 AAA 006,Volkswagen,Boxer,4,7.45,2024-02-16,72,7.17
07 AAA 006,Volkswagen,Boxer,4,7.45,2024-02-17,94,10.24
07 AAA 006,Volkswagen,Boxer,4,7.45,2024-02-18,204,20.93
07 AAA 006,Volkswagen,Boxer,4,7.45,2024-02-19,158,11.37
07 AAA 006,Volkswagen,Boxer,4,7.45,2024-02-20,119,10.1
07 AAA 006,Volkswagen,Boxer,4,7.45,2024-02-21,66,6.17
07 AAA 006,Volkswagen,Boxer,4,7.45,2024-02-22,178,13.55
07 AAA 006,Volkswagen,Boxer,4,7.45,2024-02-23,180,14.81
07 AAA 006,Volkswagen,Boxer,4,7.45,2024-02-24,285,28.01
07 AAA 006,Volkswagen,Boxer,4,7.45,2024-02-25,90,6.88
07 AAA 006,Volkswagen,Boxer,4,7.45,2024-02-26,243,22.56
07 AAA 006,Volkswagen,Boxer,4,7.45,2024-02-27,290,17.84
07 AAA 006,Volkswagen,Boxer,4,7.45,2024-02-28,275,24.95
07 AAA 006,Volkswagen,Boxer,4,7.45,2024-02-29,142,12.78
07 AAA 006,Volkswagen,Boxer,4,7.45,2024-03-01,196,12.26
07 AAA 006,Volkswagen,Boxer,4,7.45,2024-03-02,168,10.67
07 AAA 006,Volkswagen,Boxer,4,7.45,2024-03-03,131,8.6
07 AAA 006,Volkswagen,Boxer,4,7.45,2024-03-04,243,22.33
07 AAA 006,Volkswagen,Boxer,4,7.45,2024-03-05,197,12.89
07 AAA 006,Volkswagen,Boxer,4,7.45,2024-03-06,51,5.39
07 AAA 006,Volkswagen,Boxer,4,7.45,2024-03-07,100,7.1
07 AAA 006,Volkswagen,Boxer,4,7.45,2024-03-08,198,18.12
07 AAA 006,Volkswagen,Boxer,4,7.45,2024-03-09,299,26.84
07 AAA 006,Volkswagen,Boxer,4,7.45,2024-03-10,239,16.2
07 AAA 006,Volkswagen,Boxer,4,7.45,2024-03-11,77,5.43
07 AAA 006,Volkswagen,Boxer,4,7.45,2024-03-12,268,16.0
07 AAA 006,Volkswagen,Boxer,4,7.45,2024-03-13,48,5.22
07 AAA 006,Volkswagen,Boxer,4,7.45,2024-03-14,297,19.96
07 AAA 006,Volkswagen,Boxer,4,7.45,2024-03-15,236,22.15
07 AAA 006,Volkswagen,Boxer,4,7.45,2024-03-16,70,7.51
07 AAA 006,Volkswagen,Boxer,4,7.45,2024-03-17,252,23.55
07 AAA 006,Volkswagen,Boxer,4,7.45,2024-03-18,143,11.6
07 AAA 006,Volkswagen,Boxer,4,7.45,2024-03-19,128,12.14
07 AAA 006,Volkswagen,Boxer,4,7.45,2024-03-20,43,2.86
07 AAA 006,Volkswagen,Boxer,4,7.45,2024-03-21,84,6.39
07 AAA 006,Volkswagen,Boxer,4,7.45,2024-03-22,125,13.06
07 AAA 006,Volkswagen,Boxer,4,7.45,2024-03-23,229,16.09
07 AAA 006,Volkswagen,Boxer,4,7.45,2024-03-24,185,11.57
07 AAA 006,Volkswagen,Boxer,4,7.45,2024-03-25,56,3.42
07 AAA 006,Volkswagen,Boxer,4,7.45,2024-03-26,190,18.55
07 AAA 006,Volkswagen,Boxer,4,7.45,2024-03-27,220,15.75
07 AAA 006,Volkswagen,Boxer,4,7.45,2024-03-28,178,18.52
07 AAA 006,Volkswagen,Boxer,4,7.45,2024-03-29,65,6.72
07 AAA 006,Volkswagen,Boxer,4,7.45,2024-03-30,44,4.71
07 AAA 006,Volkswagen,Boxer,4,7.45,2024-03-31,73,6.09
07 AAA 006,Volkswagen,Boxer,4,7.45,2024-04-01,152,11.78
07 AAA 006,Volkswagen,Boxer,4,7.45,2024-04-02,171,14.26
07 AAA 006,Volkswagen,Boxer,4,7.45,2024-04-03,101,10.83
07 AAA 006,Volkswagen,Boxer,4,7.45,2024-04-04,273,18.94
07 AAA 006,Volkswagen,Boxer,4,7.45,2024-04-05,117,7.19
07 AAA 006,Volkswagen,Boxer,4,7.45,2024-04-06,294,26.8
07 AAA 006,Volkswagen,Boxer,4,7.45,2024-04-07,224,17.99
07 AAA 006,Volkswagen,Boxer,4,7.45,2024-04-08,155,12.42
07 AAA 006,Volkswagen,Boxer,4,7.45,2024-04-09,233,23.0
07 AAA 006,Volkswagen,Boxer,4,7.45,2024-04-10,146,14.0
07 AAA 006,Volkswagen,Boxer,4,7.45,2024-04-11,126,10.24
07 AAA 006,Volkswagen,Boxer,4,7.45,2024-04-12,105,6.85
07 AAA 006,Volkswagen,Boxer,4,7.45,2024-04-13,122,9.23
07 AAA 006,Volkswagen,Boxer,4,7.45,2024-04-14,211,21.36
07 AAA 006,Volkswagen,Boxer,4,7.45,2024-04-15,183,18.5
07 AAA 006,Volkswagen,Boxer,4,7.45,2024-04-16,300,20.48
07 AAA 006,Volkswagen,Boxer,4,7.45,2024-04-17,62,3.94
07 AAA 006,Volkswagen,Boxer,4,7.45,2024-04-18,75,5.92
07 AAA 006,Volkswagen,Boxer,4,7.45,2024-04-19,141,9.52
07 AAA 006,Volkswagen,Boxer,4,7.45,2024-04-20,196,14.9
07 AAA 006,Volkswagen,Boxer,4,7.45,2024-04-21,96,6.8
07 AAA 006,Volkswagen,Boxer,4,7.45,2024-04-22,146,9.47
07 AAA 006,Volkswagen,Boxer,4,7.45,2024-04-23,293,28.56
07 AAA 006,Volkswagen,Boxer,4,7.45,2024-04-24,151,14.83
07 AAA 006,Volkswagen,Boxer,4,7.45,2024-04-25,199,12.88
07 AAA 006,Volkswagen,Boxer,4,7.45,2024-04-26,183,13.32
07 AAA 006,Volkswagen,Boxer,4,7.45,2024-04-27,216,17.49
07 AAA 006,Volkswagen,Boxer,4,7.45,2024-04-28,181,14.29
07 AAA 006,Volkswagen,Boxer,4,7.45,2024-04-29,144,14.64
07 AAA 007,Renault,Caddy,4,8.96,2024-01-01,62,5.95
07 AAA 007,Renault,Caddy,4,8.96,2024-01-02,188,24.73
07 AAA 007,Renault,Caddy,4,8.96,2024-01-03,247,26.53
07 AAA 007,Renault,Caddy,4,8.96,2024-01-04,193,22.54
07 AAA 007,Renault,Caddy,4,8.96,2024-01-05,126,13.5
07 AAA 007,Renault,Caddy,4,8.96,2024-01-06,257,18.42
07 AAA 007,Renault,Caddy,4,8.96,2024-01-07,237,28.08
07 AAA 007,Renault,Caddy,4,8.96,2024-01-08,240,25.3
07 AAA 007,Renault,Caddy,4,8.96,2024-01-09,83,6.84
07 AAA 007,Renault,Caddy,4,8.96,2024-01-10,58,5.74
07 AAA 007,Renault,Caddy,4,8.96,2024-01-11,261,28.32
07 AAA 007,Renault,Caddy,4,8.96,2024-01-12,62,5.89
07 AAA 007,Renault,Caddy,4,8.96,2024-01-13,228,20.58
07 AAA 007,Renault,Caddy,4,8.96,2024-01-14,203,18.96
07 AAA 007,Renault,Caddy,4,8.96,2024-01-15,97,12.32
07 AAA 007,Renault,Caddy,4,8.96,2024-01-16,251,28.12
07 AAA 007,Renault,Caddy,4,8.96,2024-01-17,232,17.84
07 AAA 007,Renault,Caddy,4,8.96,2024-01-18,194,16.61
07 AAA 007,Renault,Caddy,4,8.96,2024-01-19,40,4.15
07 AAA 007,Renault,Caddy,4,8.96,2024-01-20,254,21.87
07 AAA 007,Renault,Caddy,4,8.96,2024-01-21,265,31.17
07 AAA 007,Renault,Caddy,4,8.96,2024-01-22,51,5.53
07 AAA 007,Renault,Caddy,4,8.96,2024-01-23,150,11.64
07 AAA 007,Renault,Caddy,4,8.96,2024-01-24,106,13.04
07 AAA 007,Renault,Caddy,4,8.96,2024-01-25,220,28.3
07 AAA 007,Renault,Caddy,4,8.96,2024-01-26,212,15.68
07 AAA 007,Renault,Caddy,4,8.96,2024-01-27,198,23.12
07 AAA 007,Renault,Caddy,4,8.96,2024-01-28,234,24.38
07 AAA 007,Renault,Caddy,4,8.96,2024-01-29,103,8.77
07 AAA 007,Renault,Caddy,4,8.96,2024-01-30,70,9.03
07 AAA 007,Renault,Caddy,4,8.96,2024-01-31,149,15.94
07 AAA 007,Renault,Caddy,4,8.96,2024-02-01,76,6.95
07 AAA 007,Renault,Caddy,4,8.96,2024-02-02,49,4.07
07 AAA 007,Renault,Caddy,4,8.96,2024-02-03,217,23.12
07 AAA 007,Renault,Caddy,4,8.96,2024-02-04,77,8.26
07 AAA 007,Renault,Caddy,4,8.96,2024-02-05,182,23.63
07 AAA 007,Renault,Caddy,4,8.96,2024-02-06,176,14.47
07 AAA 007,Renault,Caddy,4,8.96,2024-02-07,181,16.83
07 AAA 007,Renault,Caddy,4,8.96,2024-02-08,110,13.98
07 AAA 007,Renault,Caddy,4,8.96,2024-02-09,91,12.15
07 AAA 007,Renault,Caddy,4,8.96,2024-02-10,233,18.46
07 AAA 007,Renault,Caddy,4,8.96,2024-02-11,121,15.37
07 AAA 007,Renault,Caddy,4,8.96,2024-02-12,255,18.48
07 AAA 007,Renault,Caddy,4,8.96,2024-02-13,44,5.61
07 AAA 007,Renault,Caddy,4,8.96,2024-02-14,109,9.87
07 AAA 007,Renault,Caddy,4,8.96,2024-02-15,274,29.56
07 AAA 007,Renault,Caddy,4,8.96,2024-02-16,46,4.85
07 AAA 007,Renault,Caddy,4,8.96,2024-02-17,300,34.66
07 AAA 007,Renault,Caddy,4,8.96,2024-02-18,230,28.36
07 AAA 007,Renault,Caddy,4,8.96,2024-02-19,216,28.92
07 AAA 007,Renault,Caddy,4,8.96,2024-02-20,54,6.68
07 AAA 007,Renault,Caddy,4,8.96,2024-02-21,66,8.59
07 AAA 007,Renault,Caddy,4,8.96,2024-02-22,178,22.3
07 AAA 007,Renault,Caddy,4,8.96,2024-02-23,121,10.69
07 AAA 007,Renault,Caddy,4,8.96,2024-02-24,96,9.96
07 AAA 007,Renault,Caddy,4,8.96,2024-02-25,246,29.0
07 AAA 007,Renault,Caddy,4,8.96,2024-02-26,138,17.25
07 AAA 007,Renault,Caddy,4,8.96,2024-02-27,80,7.09
07 AAA 007,Renault,Caddy,4,8.96,2024-02-28,85,6.29
07 AAA 007,Renault,Caddy,4,8.96,2024-02-29,175,14.0
07 AAA 007,Renault,Caddy,4,8.96,2024-03-01,78,9.02
07 AAA 007,Renault,Caddy,4,8.96,2024-03-02,161,11.82
07 AAA 007,Renault,Caddy,4,8.96,2024-03-03,51,4.55
07 AAA 007,Renault,Caddy,4,8.96,2024-03-04,250,18.89
07 AAA 007,Renault,Caddy,4,8.96,2024-03-05,193,22.49
07 AAA 007,Renault,Caddy,4,8.96,2024-03-06,127,12.49
07 AAA 007,Renault,Caddy,4,8.96,2024-03-07,107,10.61
07 AAA 007,Renault,Caddy,4,8.96,2024-03-08,148,17.0
07 AAA 007,Renault,Caddy,4,8.96,2024-03-09,289,31.89
07 AAA 007,Renault,Caddy,4,8.96,2024-03-10,129,10.97
07 AAA 007,Renault,Caddy,4,8.96,2024-03-11,198,25.81
07 AAA 007,Renault,Caddy,4,8.96,2024-03-12,76,6.21
07 AAA 007,Renault,Caddy,4,8.96,2024-03-13,266,26.52
07 AAA 007,Renault,Caddy,4,8.96,2024-03-14,263,32.92
07 AAA 007,Renault,Caddy,4,8.96,2024-03-15,186,19.96
07 AAA 007,Renault,Caddy,4,8.96,2024-03-16,236,30.27
07 AAA 007,Renault,Caddy,4,8.96,2024-03-17,228,30.05
07 AAA 007,Renault,Caddy,4,8.96,2024-03-18,99,7.19
07 AAA 007,Renault,Caddy,4,8.96,2024-03-19,114,10.14
07 AAA 007,Renault,Caddy,4,8.96,2024-03-20,49,3.85
07 AAA 007,Renault,Caddy,4,8.96,2024-03-21,164,14.71
07 AAA 007,Renault,Caddy,4,8.96,2024-03-22,186,19.26
07 AAA 007,Renault,Caddy,4,8.96,2024-03-23,195,24.58
07 AAA 007,Renault,Caddy,4,8.96,2024-03-24,112,11.6
07 AAA 007,Renault,Caddy,4,8.96,2024-03-25,205,17.21
07 AAA 007,Renault,Caddy,4,8.96,2024-03-26,284,30.44
07 AAA 007,Renault,Caddy,4,8.96,2024-03-27,190,18.69
07 AAA 007,Renault,Caddy,4,8.96,2024-03-28,139,15.1
07 AAA 007,Renault,Caddy,4,8.96,2024-03-29,250,24.69
07 AAA 007,Renault,Caddy,4,8.96,2024-03-30,172,12.93
07 AAA 007,Renault,Caddy,4,8.96,2024-03-31,157,11.3
07 AAA 007,Renault,Caddy,4,8.96,2024-04-01,251,18.72
07 AAA 007,Renault,Caddy,4,8.96,2024-04-02,93,8.65
07 AAA 007,Renault,Caddy,4,8.96,2024-04-03,57,7.08
07 AAA 007,Renault,Caddy,4,8.96,2024-04-04,62,5.33
07 AAA 007,Renault,Caddy,4,8.96,2024-04-05,114,11.64
07 AAA 007,Renault,Caddy,4,8.96,2024-04-06,211,16.41
07 AAA 007,Renault,Caddy,4,8.96,2024-04-07,136,15.39
07 AAA 007,Renault,Caddy,4,8.96,2024-04-08,172,17.19
07 AAA 007,Renault,Caddy,4,8.96,2024-04-09,61,5.77
07 AAA 007,Renault,Caddy,4,8.96,2024-04-10,100,7.46
07 AAA 007,Renault,Caddy,4,8.96,2024-04-11,71,6.0
07 AAA 007,Renault,Caddy,4,8.96,2024-04-12,225,17.6
07 AAA 007,Renault,Caddy,4,8.96,2024-04-13,113,14.73
07 AAA 007,Renault,Caddy,4,8.96,2024-04-14,212,16.96
07 AAA 007,Renault,Caddy,4,8.96,2024-04-15,231,23.79
07 AAA 007,Renault,Caddy,4,8.96,2024-04-16,86,9.62
07 AAA 007,Renault,Caddy,4,8.96,2024-04-17,108,13.35
07 AAA 007,Renault,Caddy,4,8.96,2024-04-18,175,21.04
07 AAA 007,Renault,Caddy,4,8.96,2024-04-19,58,6.76
07 AAA 007,Renault,Caddy,4,8.96,2024-04-20,41,4.74
07 AAA 007,Renault,Caddy,4,8.96,2024-04-21,178,19.97
07 AAA 007,Renault,Caddy,4,8.96,2024-04-22,45,5.5
07 AAA 007,Renault,Caddy,4,8.96,2024-04-23,160,14.46
07 AAA 007,Renault,Caddy,4,8.96,2024-04-24,57,4.58
07 AAA 007,Renault,Caddy,4,8.96,2024-04-25,76,9.87
07 AAA 007,Renault,Caddy,4,8.96,2024-04-26,276,30.63
07 AAA 007,Renault,Caddy,4,8.96,2024-04-27,190,14.38
07 AAA 007,Renault,Caddy,4,8.96,2024-04-28,109,11.2
07 AAA 007,Renault,Caddy,4,8.96,2024-04-29,240,17.72
07 AAA 008,Peugeot,Boxer,2,9.86,2024-01-01,201,18.37
07 AAA 008,Peugeot,Boxer,2,9.86,2024-01-02,251,27.15
07 AAA 008,Peugeot,Boxer,2,9.86,2024-01-03,270,30.03
07 AAA 008,Peugeot,Boxer,2,9.86,2024-01-04,106,11.1
07 AAA 008,Peugeot,Boxer,2,9.86,2024-01-05,75,9.12
07 AAA 008,Peugeot,Boxer,2,9.86,2024-01-06,238,28.31
07 AAA 008,Peugeot,Boxer,2,9.86,2024-01-07,290,39.66
07 AAA 008,Peugeot,Boxer,2,9.86,2024-01-08,83,8.38
07 AAA 008,Peugeot,Boxer,2,9.86,2024-01-09,142,16.2
07 AAA 008,Peugeot,Boxer,2,9.86,2024-01-10,44,5.21
07 AAA 008,Peugeot,Boxer,2,9.86,2024-01-11,57,8.19
07 AAA 008,Peugeot,Boxer,2,9.86,2024-01-12,268,27.22
07 AAA 008,Peugeot,Boxer,2,9.86,2024-01-13,95,12.36
07 AAA 008,Peugeot,Boxer,2,9.86,2024-01-14,256,36.83
07 AAA 008,Peugeot,Boxer,2,9.86,2024-01-15,121,12.36
07 AAA 008,Peugeot,Boxer,2,9.86,2024-01-16,104,12.85
07 AAA 008,Peugeot,Boxer,2,9.86,2024-01-17,186,20.89
07 AAA 008,Peugeot,Boxer,2,9.86,2024-01-18,77,6.98
07 AAA 008,Peugeot,Boxer,2,9.86,2024-01-19,199,20.35
07 AAA 008,Peugeot,Boxer,2,9.86,2024-01-20,280,36.08
07 AAA 008,Peugeot,Boxer,2,9.86,2024-01-21,60,5.62
07 AAA 008,Peugeot,Boxer,2,9.86,2024-01-22,69,6.92
07 AAA 008,Peugeot,Boxer,2,9.86,2024-01-23,300,39.14
07 AAA 008,Peugeot,Boxer,2,9.86,2024-01-24,184,18.01
07 AAA 008,Peugeot,Boxer,2,9.86,2024-01-25,76,9.21
07 AAA 008,Peugeot,Boxer,2,9.86,2024-01-26,145,20.06
07 AAA 008,Peugeot,Boxer,2,9.86,2024-01-27,224,19.51
07 AAA 008,Peugeot,Boxer,2,9.86,2024-01-28,298,34.69
07 AAA 008,Peugeot,Boxer,2,9.86,2024-01-29,292,29.64
07 AAA 008,Peugeot,Boxer,2,9.86,2024-01-30,235,30.9
07 AAA 008,Peugeot,Boxer,2,9.86,2024-01-31,187,23.1
07 AAA 008,Peugeot,Boxer,2,9.86,2024-02-01,185,18.4
07 AAA 008,Peugeot,Boxer,2,9.86,2024-02-02,66,7.41
07 AAA 008,Peugeot,Boxer,2,9.86,2024-02-03,258,33.16
07 AAA 008,Peugeot,Boxer,2,9.86,2024-02-04,197,24.06
07 AAA 008,Peugeot,Boxer,2,9.86,2024-02-05,80,6.93
07 AAA 008,Peugeot,Boxer,2,9.86,2024-02-06,117,10.49
07 AAA 008,Peugeot,Boxer,2,9.86,2024-02-07,58,4.63
07 AAA 008,Peugeot,Boxer,2,9.86,2024-02-08,167,22.62
07 AAA 008,Peugeot,Boxer,2,9.86,2024-02-09,85,11.23
07 AAA 008,Peugeot,Boxer,2,9.86,2024-02-10,69,9.48
07 AAA 008,Peugeot,Boxer,2,9.86,2024-02-11,168,13.98
07 AAA 008,Peugeot,Boxer,2,9.86,2024-02-12,275,39.53
07 AAA 008,Peugeot,Boxer,2,9.86,2024-02-13,95,11.39
07 AAA 008,Peugeot,Boxer,2,9.86,2024-02-14,96,12.91
07 AAA 008,Peugeot,Boxer,2,9.86,2024-02-15,44,5.01
07 AAA 008,Peugeot,Boxer,2,9.86,2024-02-16,276,25.4
07 AAA 008,Peugeot,Boxer,2,9.86,2024-02-17,154,13.42
07 AAA 008,Peugeot,Boxer,2,9.86,2024-02-18,228,20.6
07 AAA 008,Peugeot,Boxer,2,9.86,2024-02-19,250,20.04
07 AAA 008,Peugeot,Boxer,2,9.86,2024-02-20,114,15.22
07 AAA 008,Peugeot,Boxer,2,9.86,2024-02-21,175,22.42
07 AAA 008,Peugeot,Boxer,2,9.86,2024-02-22,277,27.44
07 AAA 008,Peugeot,Boxer,2,9.86,2024-02-23,161,15.11
07 AAA 008,Peugeot,Boxer,2,9.86,2024-02-24,109,11.55
07 AAA 008,Peugeot,Boxer,2,9.86,2024-02-25,281,24.57
07 AAA 008,Peugeot,Boxer,2,9.86,2024-02-26,213,29.12
07 AAA 008,Peugeot,Boxer,2,9.86,2024-02-27,223,25.12
07 AAA 008,Peugeot,Boxer,2,9.86,2024-02-28,90,13.3
07 AAA 008,Peugeot,Boxer,2,9.86,2024-02-29,163,19.92
07 AAA 008,Peugeot,Boxer,2,9.86,2024-03-01,107,15.35
07 AAA 008,Peugeot,Boxer,2,9.86,2024-03-02,52,6.13
07 AAA 008,Peugeot,Boxer,2,9.86,2024-03-03,151,17.76
07 AAA 008,Peugeot,Boxer,2,9.86,2024-03-04,287,36.35
07 AAA 008,Peugeot,Boxer,2,9.86,2024-03-05,292,26.55
07 AAA 008,Peugeot,Boxer,2,9.86,2024-03-06,133,12.63
07 AAA 008,Peugeot,Boxer,2,9.86,2024-03-07,178,16.24
07 AAA 008,Peugeot,Boxer,2,9.86,2024-03-08,168,23.87
07 AAA 008,Peugeot,Boxer,2,9.86,2024-03-09,190,28.07
07 AAA 008,Peugeot,Boxer,2,9.86,2024-03-10,209,19.01
07 AAA 008,Peugeot,Boxer,2,9.86,2024-03-11,107,14.46
07 AAA 008,Peugeot,Boxer,2,9.86,2024-03-12,137,11.51
07 AAA 008,Peugeot,Boxer,2,9.86,2024-03-13,254,20.67
07 AAA 008,Peugeot,Boxer,2,9.86,2024-03-14,42,6.06
07 AAA 008,Peugeot,Boxer,2,9.86,2024-03-15,267,32.67
07 AAA 008,Peugeot,Boxer,2,9.86,2024-03-16,205,17.3
07 AAA 008,Peugeot,Boxer,2,9.86,2024-03-17,140,12.55
07 AAA 008,Peugeot,Boxer,2,9.86,2024-03-18,60,8.79
07 AAA 008,Peugeot,Boxer,2,9.86,2024-03-19,268,35.73
07 AAA 008,Peugeot,Boxer,2,9.86,2024-03-20,276,25.59
07 AAA 008,Peugeot,Boxer,2,9.86,2024-03-21,246,22.08
07 AAA 008,Peugeot,Boxer,2,9.86,2024-03-22,160,14.62
07 AAA 008,Peugeot,Boxer,2,9.86,2024-03-23,93,11.78
07 AAA 008,Peugeot,Boxer,2,9.86,2024-03-24,207,19.43
07 AAA 008,Peugeot,Boxer,2,9.86,2024-03-25,257,32.02
07 AAA 008,Peugeot,Boxer,2,9.86,2024-03-26,168,14.39
07 AAA 008,Peugeot,Boxer,2,9.86,2024-03-27,294,24.17
07 AAA 008,Peugeot,Boxer,2,9.86,2024-03-28,142,11.46
07 AAA 008,Peugeot,Boxer,2,9.86,2024-03-29,252,34.08
07 AAA 008,Peugeot,Boxer,2,9.86,2024-03-30,284,26.6
07 AAA 008,Peugeot,Boxer,2,9.86,2024-03-31,297,36.25
07 AAA 008,Peugeot,Boxer,2,9.86,2024-04-01,220,24.03
07 AAA 008,Peugeot,Boxer,2,9.86,2024-04-02,102,12.79
07 AAA 008,Peugeot,Boxer,2,9.86,2024-04-03,41,3.99
07 AAA 008,Peugeot,Boxer,2,9.86,2024-04-04,183,22.13
07 AAA 008,Peugeot,Boxer,2,9.86,2024-04-05,140,11.37
07 AAA 008,Peugeot,Boxer,2,9.86,2024-04-06,129,11.51
07 AAA 008,Peugeot,Boxer,2,9.86,2024-04-07,163,14.19
07 AAA 008,Peugeot,Boxer,2,9.86,2024-04-08,203,22.08
07 AAA 008,Peugeot,Boxer,2,9.86,2024-04-09,94,11.66
07 AAA 008,Peugeot,Boxer,2,9.86,2024-04-10,147,18.43
07 AAA 008,Peugeot,Boxer,2,9.86,2024-04-11,100,8.93
07 AAA 008,Peugeot,Boxer,2,9.86,2024-04-12,232,27.12
07 AAA 008,Peugeot,Boxer,2,9.86,2024-04-13,84,9.82
07 AAA 008,Peugeot,Boxer,2,9.86,2024-04-14,67,6.19
07 AAA 008,Peugeot,Boxer,2,9.86,2024-04-15,53,5.08
07 AAA 008,Peugeot,Boxer,2,9.86,2024-04-16,91,12.28
07 AAA 008,Peugeot,Boxer,2,9.86,2024-04-17,90,8.63
07 AAA 008,Peugeot,Boxer,2,9.86,2024-04-18,221,25.91
07 AAA 008,Peugeot,Boxer,2,9.86,2024-04-19,169,15.11
07 AAA 008,Peugeot,Boxer,2,9.86,2024-04-20,96,12.21
07 AAA 008,Peugeot,Boxer,2,9.86,2024-04-21,221,27.37
07 AAA 008,Peugeot,Boxer,2,9.86,2024-04-22,67,8.15
07 AAA 008,Peugeot,Boxer,2,9.86,2024-04-23,147,21.33
07 AAA 008,Peugeot,Boxer,2,9.86,2024-04-24,248,22.22
07 AAA 008,Peugeot,Boxer,2,9.86,2024-04-25,258,20.85
07 AAA 008,Peugeot,Boxer,2,9.86,2024-04-26,116,14.96
07 AAA 008,Peugeot,Boxer,2,9.86,2024-04-27,88,6.98
07 AAA 008,Peugeot,Boxer,2,9.86,2024-04-28,112,12.64
07 AAA 008,Peugeot,Boxer,2,9.86,2024-04-29,171,14.34
07 AAA 009,Volkswagen,Transit,4,7.37,2024-01-01,98,10.64
07 AAA 009,Volkswagen,Transit,4,7.37,2024-01-02,99,7.47
07 AAA 009,Volkswagen,Transit,4,7.37,2024-01-03,71,6.56
07 AAA 009,Volkswagen,Transit,4,7.37,2024-01-04,56,3.38
07 AAA 009,Volkswagen,Transit,4,7.37,2024-01-05,215,19.38
07 AAA 009,Volkswagen,Transit,4,7.37,2024-01-06,274,26.32
07 AAA 009,Volkswagen,Transit,4,7.37,2024-01-07,150,15.7
07 AAA 009,Volkswagen,Transit,4,7.37,2024-01-08,189,12.19
07 AAA 009,Volkswagen,Transit,4,7.37,2024-01-09,173,18.46
07 AAA 009,Volkswagen,Transit,4,7.37,2024-01-10,162,12.23
07 AAA 009,Volkswagen,Transit,4,7.37,2024-01-11,237,25.17
07 AAA 009,Volkswagen,Transit,4,7.37,2024-01-12,256,18.94
07 AAA 009,Volkswagen,Transit,4,7.37,2024-01-13,73,6.4
07 AAA 009,Volkswagen,Transit,4,7.37,2024-01-14,293,30.33
07 AAA 009,Volkswagen,Transit,4,7.37,2024-01-15,115,12.26
07 AAA 009,Volkswagen,Transit,4,7.37,2024-01-16,238,19.11
07 AAA 009,Volkswagen,Transit,4,7.37,2024-01-17,104,10.54
07 AAA 009,Volkswagen,Transit,4,7.37,2024-01-18,72,7.41
07 AAA 009,Volkswagen,Transit,4,7.37,2024-01-19,206,16.13
07 AAA 009,Volkswagen,Transit,4,7.37,2024-01-20,136,9.33
07 AAA 009,Volkswagen,Transit,4,7.37,2024-01-21,184,13.41
07 AAA 009,Volkswagen,Transit,4,7.37,2024-01-22,232,24.13
07 AAA 009,Volkswagen,Transit,4,7.37,2024-01-23,219,19.04
07 AAA 009,Volkswagen,Transit,4,7.37,2024-01-24,197,18.41
07 AAA 009,Volkswagen,Transit,4,7.37,2024-01-25,67,6.26
07 AAA 009,Volkswagen,Transit,4,7.37,2024-01-26,229,19.28
07 AAA 009,Volkswagen,Transit,4,7.37,2024-01-27,125,10.67
07 AAA 009,Volkswagen,Transit,4,7.37,2024-01-28,41,2.87
07 AAA 009,Volkswagen,Transit,4,7.37,2024-01-29,91,6.96
07 AAA 009,Volkswagen,Transit,4,7.37,2024-01-30,130,11.46
07 AAA 009,Volkswagen,Transit,4,7.37,2024-01-31,170,15.18
07 AAA 009,Volkswagen,Transit,4,7.37,2024-02-01,195,14.68
07 AAA 009,Volkswagen,Transit,4,7.37,2024-02-02,65,5.32
07 AAA 009,Volkswagen,Transit,4,7.37,2024-02-03,68,6.51
07 AAA 009,Volkswagen,Transit,4,7.37,2024-02-04,299,21.39
07 AAA 009,Volkswagen,Transit,4,7.37,2024-02-05,246,17.59
07 AAA 009,Volkswagen,Transit,4,7.37,2024-02-06,133,11.2
07 AAA 009,Volkswagen,Transit,4,7.37,2024-02-07,272,16.47
07 AAA 009,Volkswagen,Transit,4,7.37,2024-02-08,161,11.21
07 AAA 009,Volkswagen,Transit,4,7.37,2024-02-09,115,9.26
07 AAA 009,Volkswagen,Transit,4,7.37,2024-02-10,228,19.8
07 AAA 009,Volkswagen,Transit,4,7.37,2024-02-11,82,8.28
07 AAA 009,Volkswagen,Transit,4,7.37,2024-02-12,286,20.86
07 AAA 009,Volkswagen,Transit,4,7.37,2024-02-13,221,18.8
07 AAA 009,Volkswagen,Transit,4,7.37,2024-02-14,183,13.2
07 AAA 009,Volkswagen,Transit,4,7.37,2024-02-15,151,11.76
07 AAA 009,Volkswagen,Transit,4,7.37,2024-02-16,120,8.97
07 AAA 009,Volkswagen,Transit,4,7.37,2024-02-17,166,14.37
07 AAA 009,Volkswagen,Transit,4,7.37,2024-02-18,154,12.05
07 AAA 009,Volkswagen,Transit,4,7.37,2024-02-19,265,28.74
07 AAA 009,Volkswagen,Transit,4,7.37,2024-02-20,296,27.14
07 AAA 009,Volkswagen,Transit,4,7.37,2024-02-21,225,22.24
07 AAA 009,Volkswagen,Transit,4,7.37,2024-02-22,223,22.32
07 AAA 009,Volkswagen,Transit,4,7.37,2024-02-23,116,7.16
07 AAA 009,Volkswagen,Transit,4,7.37,2024-02-24,56,4.62
07 AAA 009,Volkswagen,Transit,4,7.37,2024-02-25,165,16.06
07 AAA 009,Volkswagen,Transit,4,7.37,2024-02-26,92,6.83
07 AAA 009,Volkswagen,Transit,4,7.37,2024-02-27,174,10.75
07 AAA 009,Volkswagen,Transit,4,7.37,2024-02-28,74,7.86
07 AAA 009,Volkswagen,Transit,4,7.37,2024-02-29,156,16.34
07 AAA 009,Volkswagen,Transit,4,7.37,2024-03-01,66,4.74
07 AAA 009,Volkswagen,Transit,4,7.37,2024-03-02,151,16.05
07 AAA 009,Volkswagen,Transit,4,7.37,2024-03-03,186,18.16
07 AAA 009,Volkswagen,Transit,4,7.37,2024-03-04,42,4.53
07 AAA 009,Volkswagen,Transit,4,7.37,2024-03-05,176,11.1
07 AAA 009,Volkswagen,Transit,4,7.37,2024-03-06,216,20.02
07 AAA 009,Volkswagen,Transit,4,7.37,2024-03-07,40,3.22
07 AAA 009,Volkswagen,Transit,4,7.37,2024-03-08,54,3.38
07 AAA 009,Volkswagen,Transit,4,7.37,2024-03-09,292,17.29
07 AAA 009,Volkswagen,Transit,4,7.37,2024-03-10,208,19.91
07 AAA 009,Volkswagen,Transit,4,7.37,2024-03-11,259,21.16
07 AAA 009,Volkswagen,Transit,4,7.37,2024-03-12,298,17.75
07 AAA 009,Volkswagen,Transit,4,7.37,2024-03-13,175,12.56
07 AAA 009,Volkswagen,Transit,4,7.37,2024-03-14,194,11.96
07 AAA 009,Volkswagen,Transit,4,7.37,2024-03-15,73,6.75
07 AAA 009,Volkswagen,Transit,4,7.37,2024-03-16,142,13.33
07 AAA 009,Volkswagen,Transit,4,7.37,2024-03-17,231,20.16
07 AAA 009,Volkswagen,Transit,4,7.37,2024-03-18,93,6.88
07 AAA 009,Volkswagen,Transit,4,7.37,2024-03-19,200,15.25
07 AAA 009,Volkswagen,Transit,4,7.37,2024-03-20,228,15.58
07 AAA 009,Volkswagen,Transit,4,7.37,2024-03-21,217,14.84
07 AAA 009,Volkswagen,Transit,4,7.37,2024-03-22,250,20.13
07 AAA 009,Volkswagen,Transit,4,7.37,2024-03-23,167,13.41
07 AAA 009,Volkswagen,Transit,4,7.37,2024-03-24,47,3.1
07 AAA 009,Volkswagen,Transit,4,7.37,2024-03-25,46,4.76
07 AAA 009,Volkswagen,Transit,4,7.37,2024-03-26,137,10.81
07 AAA 009,Volkswagen,Transit,4,7.37,2024-03-27,153,9.25
07 AAA 009,Volkswagen,Transit,4,7.37,2024-03-28,175,13.34
07 AAA 009,Volkswagen,Transit,4,7.37,2024-03-29,75,8.12
07 AAA 009,Volkswagen,Transit,4,7.37,2024-03-30,204,12.04
07 AAA 009,Volkswagen,Transit,4,7.37,2024-03-31,240,16.96
07 AAA 009,Volkswagen,Transit,4,7.37,2024-04-01,97,6.16
07 AAA 009,Volkswagen,Transit,4,7.37,2024-04-02,66,6.1
07 AAA 009,Volkswagen,Transit,4,7.37,2024-04-03,112,9.27
07 AAA 009,Volkswagen,Transit,4,7.37,2024-04-04,287,20.48
07 AAA 009,Volkswagen,Transit,4,7.37,2024-04-05,53,5.39
07 AAA 009,Volkswagen,Transit,4,7.37,2024-04-06,227,16.49
07 AAA 009,Volkswagen,Transit,4,7.37,2024-04-07,69,4.65
07 AAA 009,Volkswagen,Transit,4,7.37,2024-04-08,293,19.2
07 AAA 009,Volkswagen,Transit,4,7.37,2024-04-09,59,5.57
07 AAA 009,Volkswagen,Transit,4,7.37,2024-04-10,137,12.26
07 AAA 009,Volkswagen,Transit,4,7.37,2024-04-11,51,5.02
07 AAA 009,Volkswagen,Transit,4,7.37,2024-04-12,164,13.54
07 AAA 009,Volkswagen,Transit,4,7.37,2024-04-13,191,20.01
07 AAA 009,Volkswagen,Transit,4,7.37,2024-04-14,210,18.07
07 AAA 009,Volkswagen,Transit,4,7.37,2024-04-15,275,29.35
07 AAA 009,Volkswagen,Transit,4,7.37,2024-04-16,120,10.56
07 AAA 009,Volkswagen,Transit,4,7.37,2024-04-17,198,17.44
07 AAA 009,Volkswagen,Transit,4,7.37,2024-04-18,135,12.89
07 AAA 009,Volkswagen,Transit,4,7.37,2024-04-19,255,21.78
07 AAA 009,Volkswagen,Transit,4,7.37,2024-04-20,298,30.37
07 AAA 009,Volkswagen,Transit,4,7.37,2024-04-21,220,23.93
07 AAA 009,Volkswagen,Transit,4,7.37,2024-04-22,225,23.88
07 AAA 009,Volkswagen,Transit,4,7.37,2024-04-23,289,24.8
07 AAA 009,Volkswagen,Transit,4,7.37,2024-04-24,212,14.08
07 AAA 009,Volkswagen,Transit,4,7.37,2024-04-25,227,13.76
07 AAA 009,Volkswagen,Transit,4,7.37,2024-04-26,228,14.73
07 AAA 009,Volkswagen,Transit,4,7.37,2024-04-27,118,8.08
07 AAA 009,Volkswagen,Transit,4,7.37,2024-04-28,79,5.32
07 AAA 009,Volkswagen,Transit,4,7.37,2024-04-29,104,7.0
07 AAA 010,Peugeot,Caddy,3,24.0,2024-01-01,49,15.98
07 AAA 010,Peugeot,Caddy,3,24.0,2024-01-02,183,57.64
07 AAA 010,Peugeot,Caddy,3,24.0,2024-01-03,100,21.95
07 AAA 010,Peugeot,Caddy,3,24.0,2024-01-04,198,55.24
07 AAA 010,Peugeot,Caddy,3,24.0,2024-01-05,95,33.86
07 AAA 010,Peugeot,Caddy,3,24.0,2024-01-06,179,38.03
07 AAA 010,Peugeot,Caddy,3,24.0,2024-01-07,187,38.61
07 AAA 010,Peugeot,Caddy,3,24.0,2024-01-08,184,52.7
07 AAA 010,Peugeot,Caddy,3,24.0,2024-01-09,286,78.07
07 AAA 010,Peugeot,Caddy,3,24.0,2024-01-10,166,40.51
07 AAA 010,Peugeot,Caddy,3,24.0,2024-01-11,240,48.96
07 AAA 010,Peugeot,Caddy,3,24.0,2024-01-12,54,12.25
07 AAA 010,Peugeot,Caddy,3,24.0,2024-01-13,151,42.57
07 AAA 010,Peugeot,Caddy,3,24.0,2024-01-14,193,37.6
07 AAA 010,Peugeot,Caddy,3,24.0,2024-01-15,160,54.35
07 AAA 010,Peugeot,Caddy,3,24.0,2024-01-16,105,34.89
07 AAA 010,Peugeot,Caddy,3,24.0,2024-01-17,236,78.25
07 AAA 010,Peugeot,Caddy,3,24.0,2024-01-18,272,92.33
07 AAA 010,Peugeot,Caddy,3,24.0,2024-01-19,169,41.29
07 AAA 010,Peugeot,Caddy,3,24.0,2024-01-20,240,56.66
07 AAA 010,Peugeot,Caddy,3,24.0,2024-01-21,283,81.19
07 AAA 010,Peugeot,Caddy,3,24.0,2024-01-22,206,63.56
07 AAA 010,Peugeot,Caddy,3,24.0,2024-01-23,272,82.52
07 AAA 010,Peugeot,Caddy,3,24.0,2024-01-24,58,13.82
07 AAA 010,Peugeot,Caddy,3,24.0,2024-01-25,42,8.43
07 AAA 010,Peugeot,Caddy,3,24.0,2024-01-26,100,23.61
07 AAA 010,Peugeot,Caddy,3,24.0,2024-01-27,71,19.25
07 AAA 010,Peugeot,Caddy,3,24.0,2024-01-28,253,71.92
07 AAA 010,Peugeot,Caddy,3,24.0,2024-01-29,134,43.49
07 AAA 010,Peugeot,Caddy,3,24.0,2024-01-30,226,56.42
07 AAA 010,Peugeot,Caddy,3,24.0,2024-01-31,239,58.81
07 AAA 010,Peugeot,Caddy,3,24.0,2024-02-01,259,76.72
07 AAA 010,Peugeot,Caddy,3,24.0,2024-02-02,241,70.67
07 AAA 010,Peugeot,Caddy,3,24.0,2024-02-03,287,97.11
07 AAA 010,Peugeot,Caddy,3,24.0,2024-02-04,211,64.56
07 AAA 010,Peugeot,Caddy,3,24.0,2024-02-05,254,68.28
07 AAA 010,Peugeot,Caddy,3,24.0,2024-02-06,99,21.3
07 AAA 010,Peugeot,Caddy,3,24.0,2024-02-07,237,58.15
07 AAA 010,Peugeot,Caddy,3,24.0,2024-02-08,132,39.83
07 AAA 010,Peugeot,Caddy,3,24.0,2024-02-09,179,44.27
07 AAA 010,Peugeot,Caddy,3,24.0,2024-02-10,121,33.07
07 AAA 010,Peugeot,Caddy,3,24.0,2024-02-11,83,24.59
07 AAA 010,Peugeot,Caddy,3,24.0,2024-02-12,178,48.36
07 AAA 010,Peugeot,Caddy,3,24.0,2024-02-13,146,35.38
07 AAA 010,Peugeot,Caddy,3,24.0,2024-02-14,83,27.66
07 AAA 010,Peugeot,Caddy,3,24.0,2024-02-15,160,37.1
07 AAA 010,Peugeot,Caddy,3,24.0,2024-02-16,60,15.37
07 AAA 010,Peugeot,Caddy,3,24.0,2024-02-17,74,19.57
07 AAA 010,Peugeot,Caddy,3,24.0,2024-02-18,277,79.9
07 AAA 010,Peugeot,Caddy,3,24.0,2024-02-19,135,31.5
07 AAA 010,Peugeot,Caddy,3,24.0,2024-02-20,177,48.51
07 AAA 010,Peugeot,Caddy,3,24.0,2024-02-21,67,20.81
07 AAA 010,Peugeot,Caddy,3,24.0,2024-02-22,139,27.76
07 AAA 010,Peugeot,Caddy,3,24.0,2024-02-23,279,90.36
07 AAA 010,Peugeot,Caddy,3,24.0,2024-02-24,65,19.41
07 AAA 010,Peugeot,Caddy,3,24.0,2024-02-25,269,60.17
07 AAA 010,Peugeot,Caddy,3,24.0,2024-02-26,77,26.51
07 AAA 010,Peugeot,Caddy,3,24.0,2024-02-27,287,84.05
07 AAA 010,Peugeot,Caddy,3,24.0,2024-02-28,45,10.19
07 AAA 010,Peugeot,Caddy,3,24.0,2024-02-29,271,63.7
07 AAA 010,Peugeot,Caddy,3,24.0,2024-03-01,285,80.51
07 AAA 010,Peugeot,Caddy,3,24.0,2024-03-02,134,41.07
07 AAA 010,Peugeot,Caddy,3,24.0,2024-03-03,109,25.48
07 AAA 010,Peugeot,Caddy,3,24.0,2024-03-04,189,48.08
07 AAA 010,Peugeot,Caddy,3,24.0,2024-03-05,117,24.2
07 AAA 010,Peugeot,Caddy,3,24.0,2024-03-06,157,46.74
07 AAA 010,Peugeot,Caddy,3,24.0,2024-03-07,260,76.43
07 AAA 010,Peugeot,Caddy,3,24.0,2024-03-08,115,32.48
07 AAA 010,Peugeot,Caddy,3,24.0,2024-03-09,137,45.37
07 AAA 010,Peugeot,Caddy,3,24.0,2024-03-10,101,30.69
07 AAA 010,Peugeot,Caddy,3,24.0,2024-03-11,137,46.27
07 AAA 010,Peugeot,Caddy,3,24.0,2024-03-12,290,69.31
07 AAA 010,Peugeot,Caddy,3,24.0,2024-03-13,288,81.65
07 AAA 010,Peugeot,Caddy,3,24.0,2024-03-14,153,33.81
07 AAA 010,Peugeot,Caddy,3,24.0,2024-03-15,242,66.47
07 AAA 010,Peugeot,Caddy,3,24.0,2024-03-16,210,63.52
07 AAA 010,Peugeot,Caddy,3,24.0,2024-03-17,183,48.92
07 AAA 010,Peugeot,Caddy,3,24.0,2024-03-18,140,29.02
07 AAA 010,Peugeot,Caddy,3,24.0,2024-03-19,288,58.0
07 AAA 010,Peugeot,Caddy,3,24.0,2024-03-20,85,24.78
07 AAA 010,Peugeot,Caddy,3,24.0,2024-03-21,213,64.39
07 AAA 010,Peugeot,Caddy,3,24.0,2024-03-22,68,18.51
07 AAA 010,Peugeot,Caddy,3,24.0,2024-03-23,115,27.35
07 AAA 010,Peugeot,Caddy,3,24.0,2024-03-24,125,37.14
07 AAA 010,Peugeot,Caddy,3,24.0,2024-03-25,101,24.96
07 AAA 010,Peugeot,Caddy,3,24.0,2024-03-26,256,56.17
07 AAA 010,Peugeot,Caddy,3,24.0,2024-03-27,83,24.46
07 AAA 010,Peugeot,Caddy,3,24.0,2024-03-28,270,58.15
07 AAA 010,Peugeot,Caddy,3,24.0,2024-03-29,51,12.93
07 AAA 010,Peugeot,Caddy,3,24.0,2024-03-30,145,28.62
07 AAA 010,Peugeot,Caddy,3,24.0,2024-03-31,148,48.76
07 AAA 010,Peugeot,Caddy,3,24.0,2024-04-01,124,26.49
07 AAA 010,Peugeot,Caddy,3,24.0,2024-04-02,296,99.69
07 AAA 010,Peugeot,Caddy,3,24.0,2024-04-03,59,14.29
07 AAA 010,Peugeot,Caddy,3,24.0,2024-04-04,238,70.16
07 AAA 010,Peugeot,Caddy,3,24.0,2024-04-05,245,49.78
07 AAA 010,Peugeot,Caddy,3,24.0,2024-04-06,284,57.7
07 AAA 010,Peugeot,Caddy,3,24.0,2024-04-07,89,22.74
07 AAA 010,Peugeot,Caddy,3,24.0,2024-04-08,262,87.89
07 AAA 010,Peugeot,Caddy,3,24.0,2024-04-09,54,18.73
07 AAA 010,Peugeot,Caddy,3,24.0,2024-04-10,245,59.79
07 AAA 010,Peugeot,Caddy,3,24.0,2024-04-11,176,60.65
07 AAA 010,Peugeot,Caddy,3,24.0,2024-04-12,192,44.57
07 AAA 010,Peugeot,Caddy,3,24.0,2024-04-13,198,38.83
07 AAA 010,Peugeot,Caddy,3,24.0,2024-04-14,133,47.51
07 AAA 010,Peugeot,Caddy,3,24.0,2024-04-15,146,37.58
07 AAA 010,Peugeot,Caddy,3,24.0,2024-04-16,85,18.24
07 AAA 010,Peugeot,Caddy,3,24.0,2024-04-17,193,55.25
07 AAA 010,Peugeot,Caddy,3,24.0,2024-04-18,40,14.21
07 AAA 010,Peugeot,Caddy,3,24.0,2024-04-19,244,79.72
07 AAA 010,Peugeot,Caddy,3,24.0,2024-04-20,195,69.8
07 AAA 010,Peugeot,Caddy,3,24.0,2024-04-21,135,39.3
07 AAA 010,Peugeot,Caddy,3,24.0,2024-04-22,183,56.78
07 AAA 010,Peugeot,Caddy,3,24.0,2024-04-23,203,70.2
07 AAA 010,Peugeot,Caddy,3,24.0,2024-04-24,146,46.85
07 AAA 010,Peugeot,Caddy,3,24.0,2024-04-25,260,68.92
07 AAA 010,Peugeot,Caddy,3,24.0,2024-04-26,177,51.22
07 AAA 010,Peugeot,Caddy,3,24.0,2024-04-27,160,46.47
07 AAA 010,Peugeot,Caddy,3,24.0,2024-04-28,120,29.12
07 AAA 010,Peugeot,Caddy,3,24.0,2024-04-29,41,9.41
07 AAA 011,Fiat,Atego,3,25.17,2024-01-01,235,48.99
07 AAA 011,Fiat,Atego,3,25.17,2024-01-02,61,21.41
07 AAA 011,Fiat,Atego,3,25.17,2024-01-03,238,52.87
07 AAA 011,Fiat,Atego,3,25.17,2024-01-04,88,23.36
07 AAA 011,Fiat,Atego,3,25.17,2024-01-05,124,32.59
07 AAA 011,Fiat,Atego,3,25.17,2024-01-06,212,53.93
07 AAA 011,Fiat,Atego,3,25.17,2024-01-07,218,68.04
07 AAA 011,Fiat,Atego,3,25.17,2024-01-08,199,68.08
07 AAA 011,Fiat,Atego,3,25.17,2024-01-09,62,20.62
07 AAA 011,Fiat,Atego,3,25.17,2024-01-10,150,44.87
07 AAA 011,Fiat,Atego,3,25.17,2024-01-11,259,54.98
07 AAA 011,Fiat,Atego,3,25.17,2024-01-12,265,61.91
07 AAA 011,Fiat,Atego,3,25.17,2024-01-13,41,11.96
07 AAA 011,Fiat,Atego,3,25.17,2024-01-14,151,40.63
07 AAA 011,Fiat,Atego,3,25.17,2024-01-15,182,40.12
07 AAA 011,Fiat,Atego,3,25.17,2024-01-16,291,94.2
07 AAA 011,Fiat,Atego,3,25.17,2024-01-17,209,53.3
07 AAA 011,Fiat,Atego,3,25.17,2024-01-18,193,46.55
07 AAA 011,Fiat,Atego,3,25.17,2024-01-19,268,58.71
07 AAA 011,Fiat,Atego,3,25.17,2024-01-20,42,15.44
07 AAA 011,Fiat,Atego,3,25.17,2024-01-21,52,15.72
07 AAA 011,Fiat,Atego,3,25.17,2024-01-22,262,72.09
07 AAA 011,Fiat,Atego,3,25.17,2024-01-23,263,67.08
07 AAA 011,Fiat,Atego,3,25.17,2024-01-24,123,28.01
07 AAA 011,Fiat,Atego,3,25.17,2024-01-25,248,83.75
07 AAA 011,Fiat,Atego,3,25.17,2024-01-26,273,100.61
07 AAA 011,Fiat,Atego,3,25.17,2024-01-27,193,44.51
07 AAA 011,Fiat,Atego,3,25.17,2024-01-28,186,67.36
07 AAA 011,Fiat,Atego,3,25.17,2024-01-29,146,37.86
07 AAA 011,Fiat,Atego,3,25.17,2024-01-30,242,49.72
07 AAA 011,Fiat,Atego,3,25.17,2024-01-31,73,26.42
07 AAA 011,Fiat,Atego,3,25.17,2024-02-01,281,60.17
07 AAA 011,Fiat,Atego,3,25.17,2024-02-02,243,65.5
07 AAA 011,Fiat,Atego,3,25.17,2024-02-03,122,30.16
07 AAA 011,Fiat,Atego,3,25.17,2024-02-04,165,62.11
07 AAA 011,Fiat,Atego,3,25.17,2024-02-05,240,50.47
07 AAA 011,Fiat,Atego,3,25.17,2024-02-06,220,71.55
07 AAA 011,Fiat,Atego,3,25.17,2024-02-07,116,43.43
07 AAA 011,Fiat,Atego,3,25.17,2024-02-08,228,76.98
07 AAA 011,Fiat,Atego,3,25.17,2024-02-09,229,63.38
07 AAA 011,Fiat,Atego,3,25.17,2024-02-10,82,18.51
07 AAA 011,Fiat,Atego,3,25.17,2024-02-11,47,13.84
07 AAA 011,Fiat,Atego,3,25.17,2024-02-12,241,61.42
07 AAA 011,Fiat,Atego,3,25.17,2024-02-13,124,30.52
07 AAA 011,Fiat,Atego,3,25.17,2024-02-14,267,54.79
07 AAA 011,Fiat,Atego,3,25.17,2024-02-15,82,18.74
07 AAA 011,Fiat,Atego,3,25.17,2024-02-16,122,33.75
07 AAA 011,Fiat,Atego,3,25.17,2024-02-17,266,73.97
07 AAA 011,Fiat,Atego,3,25.17,2024-02-18,218,70.47
07 AAA 011,Fiat,Atego,3,25.17,2024-02-19,115,26.51
07 AAA 011,Fiat,Atego,3,25.17,2024-02-20,113,41.51
07 AAA 011,Fiat,Atego,3,25.17,2024-02-21,290,67.68
07 AAA 011,Fiat,Atego,3,25.17,2024-02-22,255,63.54
07 AAA 011,Fiat,Atego,3,25.17,2024-02-23,209,56.75
07 AAA 011,Fiat,Atego,3,25.17,2024-02-24,233,77.19
07 AAA 011,Fiat,Atego,3,25.17,2024-02-25,63,23.04
07 AAA 011,Fiat,Atego,3,25.17,2024-02-26,165,51.85
07 AAA 011,Fiat,Atego,3,25.17,2024-02-27,236,75.0
07 AAA 011,Fiat,Atego,3,25.17,2024-02-28,216,71.91
07 AAA 011,Fiat,Atego,3,25.17,2024-02-29,168,47.97
07 AAA 011,Fiat,Atego,3,25.17,2024-03-01,270,60.62
07 AAA 011,Fiat,Atego,3,25.17,2024-03-02,128,31.99
07 AAA 011,Fiat,Atego,3,25.17,2024-03-03,135,47.93
07 AAA 011,Fiat,Atego,3,25.17,2024-03-04,206,61.03
07 AAA 011,Fiat,Atego,3,25.17,2024-03-05,243,59.17
07 AAA 011,Fiat,Atego,3,25.17,2024-03-06,165,50.27
07 AAA 011,Fiat,Atego,3,25.17,2024-03-07,69,21.85
07 AAA 011,Fiat,Atego,3,25.17,2024-03-08,299,67.65
07 AAA 011,Fiat,Atego,3,25.17,2024-03-09,102,37.91
07 AAA 011,Fiat,Atego,3,25.17,2024-03-10,126,42.56
07 AAA 011,Fiat,Atego,3,25.17,2024-03-11,75,24.79
07 AAA 011,Fiat,Atego,3,25.17,2024-03-12,125,46.27
07 AAA 011,Fiat,Atego,3,25.17,2024-03-13,181,51.54
07 AAA 011,Fiat,Atego,3,25.17,2024-03-14,101,25.31
07 AAA 011,Fiat,Atego,3,25.17,2024-03-15,215,47.35
07 AAA 011,Fiat,Atego,3,25.17,2024-03-16,287,95.43
07 AAA 011,Fiat,Atego,3,25.17,2024-03-17,227,76.55
07 AAA 011,Fiat,Atego,3,25.17,2024-03-18,280,73.77
07 AAA 011,Fiat,Atego,3,25.17,2024-03-19,71,25.05
07 AAA 011,Fiat,Atego,3,25.17,2024-03-20,120,28.26
07 AAA 011,Fiat,Atego,3,25.17,2024-03-21,140,38.43
07 AAA 011,Fiat,Atego,3,25.17,2024-03-22,109,28.68
07 AAA 011,Fiat,Atego,3,25.17,2024-03-23,48,10.51
07 AAA 011,Fiat,Atego,3,25.17,2024-03-24,66,24.45
07 AAA 011,Fiat,Atego,3,25.17,2024-03-25,158,55.34
07 AAA 011,Fiat,Atego,3,25.17,2024-03-26,264,85.67
07 AAA 011,Fiat,Atego,3,25.17,2024-03-27,168,42.87
07 AAA 011,Fiat,Atego,3,25.17,2024-03-28,218,62.94
07 AAA 011,Fiat,Atego,3,25.17,2024-03-29,81,18.75
07 AAA 011,Fiat,Atego,3,25.17,2024-03-30,251,61.03
07 AAA 011,Fiat,Atego,3,25.17,2024-03-31,85,20.19
07 AAA 011,Fiat,Atego,3,25.17,2024-04-01,74,26.17
07 AAA 011,Fiat,Atego,3,25.17,2024-04-02,131,33.59
07 AAA 011,Fiat,Atego,3,25.17,2024-04-03,52,19.6
07 AAA 011,Fiat,Atego,3,25.17,2024-04-04,247,54.81
07 AAA 011,Fiat,Atego,3,25.17,2024-04-05,57,15.91
07 AAA 011,Fiat,Atego,3,25.17,2024-04-06,160,52.87
07 AAA 011,Fiat,Atego,3,25.17,2024-04-07,205,42.64
07 AAA 011,Fiat,Atego,3,25.17,2024-04-08,171,41.51
07 AAA 011,Fiat,Atego,3,25.17,2024-04-09,217,73.05
07 AAA 011,Fiat,Atego,3,25.17,2024-04-10,69,14.61
07 AAA 011,Fiat,Atego,3,25.17,2024-04-11,168,43.83
07 AAA 011,Fiat,Atego,3,25.17,2024-04-12,197,71.46
07 AAA 011,Fiat,Atego,3,25.17,2024-04-13,187,63.88
07 AAA 011,Fiat,Atego,3,25.17,2024-04-14,121,29.09
07 AAA 011,Fiat,Atego,3,25.17,2024-04-15,117,30.29
07 AAA 011,Fiat,Atego,3,25.17,2024-04-16,148,36.51
07 AAA 011,Fiat,Atego,3,25.17,2024-04-17,273,69.13
07 AAA 011,Fiat,Atego,3,25.17,2024-04-18,143,43.05
07 AAA 011,Fiat,Atego,3,25.17,2024-04-19,102,34.68
07 AAA 011,Fiat,Atego,3,25.17,2024-04-20,257,90.21
07 AAA 011,Fiat,Atego,3,25.17,2024-04-21,151,48.27
07 AAA 011,Fiat,Atego,3,25.17,2024-04-22,265,84.36
07 AAA 011,Fiat,Atego,3,25.17,2024-04-23,151,41.36
07 AAA 011,Fiat,Atego,3,25.17,2024-04-24,45,14.29
07 AAA 011,Fiat,Atego,3,25.17,2024-04-25,154,50.94
07 AAA 011,Fiat,Atego,3,25.17,2024-04-26,99,23.85
07 AAA 011,Fiat,Atego,3,25.17,2024-04-27,171,56.66
07 AAA 011,Fiat,Atego,3,25.17,2024-04-28,182,51.63
07 AAA 011,Fiat,Atego,3,25.17,2024-04-29,173,56.64
07 AAA 012,Peugeot,Atego,4,8.37,2024-01-01,191,15.12
07 AAA 012,Peugeot,Atego,4,8.37,2024-01-02,142,13.05
07 AAA 012,Peugeot,Atego,4,8.37,2024-01-03,115,9.7
07 AAA 012,Peugeot,Atego,4,8.37,2024-01-04,153,14.28
07 AAA 012,Peugeot,Atego,4,8.37,2024-01-05,60,4.96
07 AAA 012,Peugeot,Atego,4,8.37,2024-01-06,189,16.02
07 AAA 012,Peugeot,Atego,4,8.37,2024-01-07,286,24.95
07 AAA 012,Peugeot,Atego,4,8.37,2024-01-08,69,5.3
07 AAA 012,Peugeot,Atego,4,8.37,2024-01-09,262,21.39
07 AAA 012,Peugeot,Atego,4,8.37,2024-01-10,101,8.18
07 AAA 012,Peugeot,Atego,4,8.37,2024-01-11,215,24.77
07 AAA 012,Peugeot,Atego,4,8.37,2024-01-12,174,13.02
07 AAA 012,Peugeot,Atego,4,8.37,2024-01-13,199,17.25
07 AAA 012,Peugeot,Atego,4,8.37,2024-01-14,199,15.56
07 AAA 012,Peugeot,Atego,4,8.37,2024-01-15,49,5.08
07 AAA 012,Peugeot,Atego,4,8.37,2024-01-16,234,20.1
07 AAA 012,Peugeot,Atego,4,8.37,2024-01-17,77,8.16
07 AAA 012,Peugeot,Atego,4,8.37,2024-01-18,191,14.74
07 AAA 012,Peugeot,Atego,4,8.37,2024-01-19,108,11.81
07 AAA 012,Peugeot,Atego,4,8.37,2024-01-20,267,27.1
07 AAA 012,Peugeot,Atego,4,8.37,2024-01-21,263,20.36
07 AAA 012,Peugeot,Atego,4,8.37,2024-01-22,141,16.09
07 AAA 012,Peugeot,Atego,4,8.37,2024-01-23,183,17.69
07 AAA 012,Peugeot,Atego,4,8.37,2024-01-24,88,9.28
07 AAA 012,Peugeot,Atego,4,8.37,2024-01-25,287,35.69
07 AAA 012,Peugeot,Atego,4,8.37,2024-01-26,207,14.12
07 AAA 012,Peugeot,Atego,4,8.37,2024-01-27,271,26.55
07 AAA 012,Peugeot,Atego,4,8.37,2024-01-28,186,19.74
07 AAA 012,Peugeot,Atego,4,8.37,2024-01-29,168,19.49
07 AAA 012,Peugeot,Atego,4,8.37,2024-01-30,50,4.87
07 AAA 012,Peugeot,Atego,4,8.37,2024-01-31,261,32.01
07 AAA 012,Peugeot,Atego,4,8.37,2024-02-01,202,13.61
07 AAA 012,Peugeot,Atego,4,8.37,2024-02-02,109,10.96
07 AAA 012,Peugeot,Atego,4,8.37,2024-02-03,130,11.98
07 AAA 012,Peugeot,Atego,4,8.37,2024-02-04,298,23.86
07 AAA 012,Peugeot,Atego,4,8.37,2024-02-05,210,25.04
07 AAA 012,Peugeot,Atego,4,8.37,2024-02-06,194,15.8
07 AAA 012,Peugeot,Atego,4,8.37,2024-02-07,167,11.74
07 AAA 012,Peugeot,Atego,4,8.37,2024-02-08,265,22.15
07 AAA 012,Peugeot,Atego,4,8.37,2024-02-09,203,24.72
07 AAA 012,Peugeot,Atego,4,8.37,2024-02-10,62,6.06
07 AAA 012,Peugeot,Atego,4,8.37,2024-02-11,57,5.08
07 AAA 012,Peugeot,Atego,4,8.37,2024-02-12,97,10.22
07 AAA 012,Peugeot,Atego,4,8.37,2024-02-13,177,22.18
07 AAA 012,Peugeot,Atego,4,8.37,2024-02-14,251,17.52
07 AAA 012,Peugeot,Atego,4,8.37,2024-02-15,203,25.04
07 AAA 012,Peugeot,Atego,4,8.37,2024-02-16,290,22.06
07 AAA 012,Peugeot,Atego,4,8.37,2024-02-17,224,20.2
07 AAA 012,Peugeot,Atego,4,8.37,2024-02-18,84,7.31
07 AAA 012,Peugeot,Atego,4,8.37,2024-02-19,130,14.03
07 AAA 012,Peugeot,Atego,4,8.37,2024-02-20,56,5.69
07 AAA 012,Peugeot,Atego,4,8.37,2024-02-21,287,33.43
07 AAA 012,Peugeot,Atego,4,8.37,2024-02-22,184,22.55
07 AAA 012,Peugeot,Atego,4,8.37,2024-02-23,299,34.08
07 AAA 012,Peugeot,Atego,4,8.37,2024-02-24,291,33.65
07 AAA 012,Peugeot,Atego,4,8.37,2024-02-25,105,10.87
07 AAA 012,Peugeot,Atego,4,8.37,2024-02-26,98,10.22
07 AAA 012,Peugeot,Atego,4,8.37,2024-02-27,295,23.85
07 AAA 012,Peugeot,Atego,4,8.37,2024-02-28,130,14.21
07 AAA 012,Peugeot,Atego,4,8.37,2024-02-29,276,21.39
07 AAA 012,Peugeot,Atego,4,8.37,2024-03-01,132,14.75
07 AAA 012,Peugeot,Atego,4,8.37,2024-03-02,115,7.95
07 AAA 012,Peugeot,Atego,4,8.37,2024-03-03,252,18.65
07 AAA 012,Peugeot,Atego,4,8.37,2024-03-04,183,17.67
07 AAA 012,Peugeot,Atego,4,8.37,2024-03-05,277,24.66
07 AAA 012,Peugeot,Atego,4,8.37,2024-03-06,234,23.01
07 AAA 012,Peugeot,Atego,4,8.37,2024-03-07,291,30.49
07 AAA 012,Peugeot,Atego,4,8.37,2024-03-08,285,29.79
07 AAA 012,Peugeot,Atego,4,8.37,2024-03-09,52,4.87
07 AAA 012,Peugeot,Atego,4,8.37,2024-03-10,101,9.96
07 AAA 012,Peugeot,Atego,4,8.37,2024-03-11,204,20.19
07 AAA 012,Peugeot,Atego,4,8.37,2024-03-12,193,13.05
07 AAA 012,Peugeot,Atego,4,8.37,2024-03-13,224,23.67
07 AAA 012,Peugeot,Atego,4,8.37,2024-03-14,171,13.01
07 AAA 012,Peugeot,Atego,4,8.37,2024-03-15,184,14.06
07 AAA 012,Peugeot,Atego,4,8.37,2024-03-16,165,11.58
07 AAA 012,Peugeot,Atego,4,8.37,2024-03-17,51,6.19
07 AAA 012,Peugeot,Atego,4,8.37,2024-03-18,175,12.01
07 AAA 012,Peugeot,Atego,4,8.37,2024-03-19,152,10.24
07 AAA 012,Peugeot,Atego,4,8.37,2024-03-20,91,10.43
07 AAA 012,Peugeot,Atego,4,8.37,2024-03-21,272,22.2
07 AAA 012,Peugeot,Atego,4,8.37,2024-03-22,168,17.71
07 AAA 012,Peugeot,Atego,4,8.37,2024-03-23,97,9.0
07 AAA 012,Peugeot,Atego,4,8.37,2024-03-24,297,31.23
07 AAA 012,Peugeot,Atego,4,8.37,2024-03-25,237,16.92
07 AAA 012,Peugeot,Atego,4,8.37,2024-03-26,124,13.24
07 AAA 012,Peugeot,Atego,4,8.37,2024-03-27,232,18.38
07 AAA 012,Peugeot,Atego,4,8.37,2024-03-28,256,25.51
07 AAA 012,Peugeot,Atego,4,8.37,2024-03-29,148,14.96
07 AAA 012,Peugeot,Atego,4,8.37,2024-03-30,296,29.16
07 AAA 012,Peugeot,Atego,4,8.37,2024-03-31,207,25.83
07 AAA 012,Peugeot,Atego,4,8.37,2024-04-01,141,12.33
07 AAA 012,Peugeot,Atego,4,8.37,2024-04-02,178,15.5
07 AAA 012,Peugeot,Atego,4,8.37,2024-04-03,206,20.68
07 AAA 012,Peugeot,Atego,4,8.37,2024-04-04,189,20.98
07 AAA 012,Peugeot,Atego,4,8.37,2024-04-05,150,10.91
07 AAA 012,Peugeot,Atego,4,8.37,2024-04-06,196,18.5
07 AAA 012,Peugeot,Atego,4,8.37,2024-04-07,158,17.75
07 AAA 012,Peugeot,Atego,4,8.37,2024-04-08,212,16.17
07 AAA 012,Peugeot,Atego,4,8.37,2024-04-09,162,14.86
07 AAA 012,Peugeot,Atego,4,8.37,2024-04-10,136,9.16
07 AAA 012,Peugeot,Atego,4,8.37,2024-04-11,174,17.02
07 AAA 012,Peugeot,Atego,4,8.37,2024-04-12,246,16.64
07 AAA 012,Peugeot,Atego,4,8.37,2024-04-13,56,5.41
07 AAA 012,Peugeot,Atego,4,8.37,2024-04-14,175,17.12
07 AAA 012,Peugeot,Atego,4,8.37,2024-04-15,278,22.58
07 AAA 012,Peugeot,Atego,4,8.37,2024-04-16,134,15.75
07 AAA 012,Peugeot,Atego,4,8.37,2024-04-17,79,6.74
07 AAA 012,Peugeot,Atego,4,8.37,2024-04-18,157,13.3
07 AAA 012,Peugeot,Atego,4,8.37,2024-04-19,90,9.02
07 AAA 012,Peugeot,Atego,4,8.37,2024-04-20,292,35.24
07 AAA 012,Peugeot,Atego,4,8.37,2024-04-21,136,12.44
07 AAA 012,Peugeot,Atego,4,8.37,2024-04-22,231,15.57
07 AAA 012,Peugeot,Atego,4,8.37,2024-04-23,67,5.4
07 AAA 012,Peugeot,Atego,4,8.37,2024-04-24,160,11.41
07 AAA 012,Peugeot,Atego,4,8.37,2024-04-25,75,5.12
07 AAA 012,Peugeot,Atego,4,8.37,2024-04-26,154,10.85
07 AAA 012,Peugeot,Atego,4,8.37,2024-04-27,175,20.37
07 AAA 012,Peugeot,Atego,4,8.37,2024-04-28,109,12.59
07 AAA 012,Peugeot,Atego,4,8.37,2024-04-29,98,7.31
07 AAA 013,Renault,Fluence,1,12.21,2024-01-01,116,12.02
07 AAA 013,Renault,Fluence,1,12.21,2024-01-02,128,22.91
07 AAA 013,Renault,Fluence,1,12.21,2024-01-03,150,17.49
07 AAA 013,Renault,Fluence,1,12.21,2024-01-04,94,16.78
07 AAA 013,Renault,Fluence,1,12.21,2024-01-05,260,27.28
07 AAA 013,Renault,Fluence,1,12.21,2024-01-06,82,13.53
07 AAA 013,Renault,Fluence,1,12.21,2024-01-07,80,13.85
07 AAA 013,Renault,Fluence,1,12.21,2024-01-08,257,46.79
07 AAA 013,Renault,Fluence,1,12.21,2024-01-09,71,11.17
07 AAA 013,Renault,Fluence,1,12.21,2024-01-10,65,7.3
07 AAA 013,Renault,Fluence,1,12.21,2024-01-11,88,13.69
07 AAA 013,Renault,Fluence,1,12.21,2024-01-12,117,13.87
07 AAA 013,Renault,Fluence,1,12.21,2024-01-13,206,26.16
07 AAA 013,Renault,Fluence,1,12.21,2024-01-14,145,16.23
07 AAA 013,Renault,Fluence,1,12.21,2024-01-15,144,20.36
07 AAA 013,Renault,Fluence,1,12.21,2024-01-16,221,35.35
07 AAA 013,Renault,Fluence,1,12.21,2024-01-17,156,26.19
07 AAA 013,Renault,Fluence,1,12.21,2024-01-18,93,15.43
07 AAA 013,Renault,Fluence,1,12.21,2024-01-19,219,22.13
07 AAA 013,Renault,Fluence,1,12.21,2024-01-20,74,10.06
07 AAA 013,Renault,Fluence,1,12.21,2024-01-21,145,24.93
07 AAA 013,Renault,Fluence,1,12.21,2024-01-22,56,6.57
07 AAA 013,Renault,Fluence,1,12.21,2024-01-23,157,18.94
07 AAA 013,Renault,Fluence,1,12.21,2024-01-24,203,35.12
07 AAA 013,Renault,Fluence,1,12.21,2024-01-25,144,23.39
07 AAA 013,Renault,Fluence,1,12.21,2024-01-26,167,24.42
07 AAA 013,Renault,Fluence,1,12.21,2024-01-27,156,15.86
07 AAA 013,Renault,Fluence,1,12.21,2024-01-28,75,9.15
07 AAA 013,Renault,Fluence,1,12.21,2024-01-29,70,11.1
07 AAA 013,Renault,Fluence,1,12.21,2024-01-30,70,10.49
07 AAA 013,Renault,Fluence,1,12.21,2024-01-31,179,26.33
07 AAA 013,Renault,Fluence,1,12.21,2024-02-01,50,6.18
07 AAA 013,Renault,Fluence,1,12.21,2024-02-02,215,30.15
07 AAA 013,Renault,Fluence,1,12.21,2024-02-03,144,20.7
07 AAA 013,Renault,Fluence,1,12.21,2024-02-04,239,32.54
07 AAA 013,Renault,Fluence,1,12.21,2024-02-05,50,5.39
07 AAA 013,Renault,Fluence,1,12.21,2024-02-06,229,37.17
07 AAA 013,Renault,Fluence,1,12.21,2024-02-07,207,23.75
07 AAA 013,Renault,Fluence,1,12.21,2024-02-08,248,32.38
07 AAA 013,Renault,Fluence,1,12.21,2024-02-09,181,24.97
07 AAA 013,Renault,Fluence,1,12.21,2024-02-10,214,35.64
07 AAA 013,Renault,Fluence,1,12.21,2024-02-11,189,18.52
07 AAA 013,Renault,Fluence,1,12.21,2024-02-12,184,29.03
07 AAA 013,Renault,Fluence,1,12.21,2024-02-13,164,16.23
07 AAA 013,Renault,Fluence,1,12.21,2024-02-14,68,11.74
07 AAA 013,Renault,Fluence,1,12.21,2024-02-15,205,26.35
07 AAA 013,Renault,Fluence,1,12.21,2024-02-16,182,18.29
07 AAA 013,Renault,Fluence,1,12.21,2024-02-17,151,18.09
07 AAA 013,Renault,Fluence,1,12.21,2024-02-18,57,6.2
07 AAA 013,Renault,Fluence,1,12.21,2024-02-19,47,8.59
07 AAA 013,Renault,Fluence,1,12.21,2024-02-20,101,13.33
07 AAA 013,Renault,Fluence,1,12.21,2024-02-21,284,30.39
07 AAA 013,Renault,Fluence,1,12.21,2024-02-22,286,34.95
07 AAA 013,Renault,Fluence,1,12.21,2024-02-23,84,8.55
07 AAA 013,Renault,Fluence,1,12.21,2024-02-24,98,16.78
07 AAA 013,Renault,Fluence,1,12.21,2024-02-25,235,23.25
07 AAA 013,Renault,Fluence,1,12.21,2024-02-26,170,23.52
07 AAA 013,Renault,Fluence,1,12.21,2024-02-27,76,13.65
07 AAA 013,Renault,Fluence,1,12.21,2024-02-28,120,17.04
07 AAA 013,Renault,Fluence,1,12.21,2024-02-29,251,29.94
07 AAA 013,Renault,Fluence,1,12.21,2024-03-01,81,13.78
07 AAA 013,Renault,Fluence,1,12.21,2024-03-02,293,42.58
07 AAA 013,Renault,Fluence,1,12.21,2024-03-03,300,39.57
07 AAA 013,Renault,Fluence,1,12.21,2024-03-04,99,16.36
07 AAA 013,Renault,Fluence,1,12.21,2024-03-05,53,8.75
07 AAA 013,Renault,Fluence,1,12.21,2024-03-06,182,20.55
07 AAA 013,Renault,Fluence,1,12.21,2024-03-07,195,25.17
07 AAA 013,Renault,Fluence,1,12.21,2024-03-08,223,32.71
07 AAA 013,Renault,Fluence,1,12.21,2024-03-09,69,10.1
07 AAA 013,Renault,Fluence,1,12.21,2024-03-10,124,21.87
07 AAA 013,Renault,Fluence,1,12.21,2024-03-11,220,28.64
07 AAA 013,Renault,Fluence,1,12.21,2024-03-12,158,25.14
07 AAA 013,Renault,Fluence,1,12.21,2024-03-13,48,5.95
07 AAA 013,Renault,Fluence,1,12.21,2024-03-14,79,10.33
07 AAA 013,Renault,Fluence,1,12.21,2024-03-15,193,33.51
07 AAA 013,Renault,Fluence,1,12.21,2024-03-16,204,34.1
07 AAA 013,Renault,Fluence,1,12.21,2024-03-17,271,30.72
07 AAA 013,Renault,Fluence,1,12.21,2024-03-18,228,37.9
07 AAA 013,Renault,Fluence,1,12.21,2024-03-19,237,42.81
07 AAA 013,Renault,Fluence,1,12.21,2024-03-20,126,14.97
07 AAA 013,Renault,Fluence,1,12.21,2024-03-21,246,42.6
07 AAA 013,Renault,Fluence,1,12.21,2024-03-22,175,19.66
07 AAA 013,Renault,Fluence,1,12.21,2024-03-23,186,26.42
07 AAA 013,Renault,Fluence,1,12.21,2024-03-24,176,19.16
07 AAA 013,Renault,Fluence,1,12.21,2024-03-25,78,9.44
07 AAA 013,Renault,Fluence,1,12.21,2024-03-26,77,13.05
07 AAA 013,Renault,Fluence,1,12.21,2024-03-27,200,30.0
07 AAA 013,Renault,Fluence,1,12.21,2024-03-28,146,18.19
07 AAA 013,Renault,Fluence,1,12.21,2024-03-29,201,28.11
07 AAA 013,Renault,Fluence,1,12.21,2024-03-30,43,7.34
07 AAA 013,Renault,Fluence,1,12.21,2024-03-31,285,29.92
07 AAA 013,Renault,Fluence,1,12.21,2024-04-01,231,23.8
07 AAA 013,Renault,Fluence,1,12.21,2024-04-02,66,7.4
07 AAA 013,Renault,Fluence,1,12.21,2024-04-03,161,25.88
07 AAA 013,Renault,Fluence,1,12.21,2024-04-04,45,7.33
07 AAA 013,Renault,Fluence,1,12.21,2024-04-05,221,33.75
07 AAA 013,Renault,Fluence,1,12.21,2024-04-06,151,18.11
07 AAA 013,Renault,Fluence,1,12.21,2024-04-07,250,40.5
07 AAA 013,Renault,Fluence,1,12.21,2024-04-08,190,26.59
07 AAA 013,Renault,Fluence,1,12.21,2024-04-09,241,28.73
07 AAA 013,Renault,Fluence,1,12.21,2024-04-10,121,15.27
07 AAA 013,Renault,Fluence,1,12.21,2024-04-11,281,45.27
07 AAA 013,Renault,Fluence,1,12.21,2024-04-12,271,43.25
07 AAA 013,Renault,Fluence,1,12.21,2024-04-13,216,37.84
07 AAA 013,Renault,Fluence,1,12.21,2024-04-14,201,29.86
07 AAA 013,Renault,Fluence,1,12.21,2024-04-15,132,23.91
07 AAA 013,Renault,Fluence,1,12.21,2024-04-16,131,15.01
07 AAA 013,Renault,Fluence,1,12.21,2024-04-17,207,30.94
07 AAA 013,Renault,Fluence,1,12.21,2024-04-18,215,38.99
07 AAA 013,Renault,Fluence,1,12.21,2024-04-19,208,34.35
07 AAA 013,Renault,Fluence,1,12.21,2024-04-20,111,10.92
07 AAA 013,Renault,Fluence,1,12.21,2024-04-21,94,17.07
07 AAA 013,Renault,Fluence,1,12.21,2024-04-22,74,12.91
07 AAA 013,Renault,Fluence,1,12.21,2024-04-23,269,38.64
07 AAA 013,Renault,Fluence,1,12.21,2024-04-24,56,8.59
07 AAA 013,Renault,Fluence,1,12.21,2024-04-25,271,48.96
07 AAA 013,Renault,Fluence,1,12.21,2024-04-26,216,23.94
07 AAA 013,Renault,Fluence,1,12.21,2024-04-27,243,43.95
07 AAA 013,Renault,Fluence,1,12.21,2024-04-28,220,33.16
07 AAA 013,Renault,Fluence,1,12.21,2024-04-29,116,14.93
07 AAA 014,Ford,Fluence,2,10.64,2024-01-01,140,12.17
07 AAA 014,Ford,Fluence,2,10.64,2024-01-02,289,33.23
07 AAA 014,Ford,Fluence,2,10.64,2024-01-03,272,41.19
07 AAA 014,Ford,Fluence,2,10.64,2024-01-04,118,11.13
07 AAA 014,Ford,Fluence,2,10.64,2024-01-05,174,17.94
07 AAA 014,Ford,Fluence,2,10.64,2024-01-06,255,39.69
07 AAA 014,Ford,Fluence,2,10.64,2024-01-07,145,15.52
07 AAA 014,Ford,Fluence,2,10.64,2024-01-08,166,17.23
07 AAA 014,Ford,Fluence,2,10.64,2024-01-09,112,14.84
07 AAA 014,Ford,Fluence,2,10.64,2024-01-10,133,13.52
07 AAA 014,Ford,Fluence,2,10.64,2024-01-11,74,7.57
07 AAA 014,Ford,Fluence,2,10.64,2024-01-12,58,8.96
07 AAA 014,Ford,Fluence,2,10.64,2024-01-13,60,5.65
07 AAA 014,Ford,Fluence,2,10.64,2024-01-14,68,9.96
07 AAA 014,Ford,Fluence,2,10.64,2024-01-15,271,33.18
07 AAA 014,Ford,Fluence,2,10.64,2024-01-16,69,6.4
07 AAA 014,Ford,Fluence,2,10.64,2024-01-17,48,4.89
07 AAA 014,Ford,Fluence,2,10.64,2024-01-18,112,13.34
07 AAA 014,Ford,Fluence,2,10.64,2024-01-19,241,34.08
07 AAA 014,Ford,Fluence,2,10.64,2024-01-20,282,30.34
07 AAA 014,Ford,Fluence,2,10.64,2024-01-21,247,22.55
07 AAA 014,Ford,Fluence,2,10.64,2024-01-22,44,6.67
07 AAA 014,Ford,Fluence,2,10.64,2024-01-23,99,14.55
07 AAA 014,Ford,Fluence,2,10.64,2024-01-24,68,9.93
07 AAA 014,Ford,Fluence,2,10.64,2024-01-25,62,7.15
07 AAA 014,Ford,Fluence,2,10.64,2024-01-26,59,5.98
07 AAA 014,Ford,Fluence,2,10.64,2024-01-27,104,9.8
07 AAA 014,Ford,Fluence,2,10.64,2024-01-28,133,12.81
07 AAA 014,Ford,Fluence,2,10.64,2024-01-29,49,5.72
07 AAA 014,Ford,Fluence,2,10.64,2024-01-30,257,27.24
07 AAA 014,Ford,Fluence,2,10.64,2024-01-31,95,9.56
07 AAA 014,Ford,Fluence,2,10.64,2024-02-01,76,7.33
07 AAA 014,Ford,Fluence,2,10.64,2024-02-02,86,9.06
07 AAA 014,Ford,Fluence,2,10.64,2024-02-03,84,11.57
07 AAA 014,Ford,Fluence,2,10.64,2024-02-04,65,6.56
07 AAA 014,Ford,Fluence,2,10.64,2024-02-05,276,37.93
07 AAA 014,Ford,Fluence,2,10.64,2024-02-06,81,8.84
07 AAA 014,Ford,Fluence,2,10.64,2024-02-07,140,14.4
07 AAA 014,Ford,Fluence,2,10.64,2024-02-08,163,20.66
07 AAA 014,Ford,Fluence,2,10.64,2024-02-09,131,19.99
07 AAA 014,Ford,Fluence,2,10.64,2024-02-10,266,33.99
07 AAA 014,Ford,Fluence,2,10.64,2024-02-11,132,20.56
07 AAA 014,Ford,Fluence,2,10.64,2024-02-12,174,16.21
07 AAA 014,Ford,Fluence,2,10.64,2024-02-13,185,21.96
07 AAA 014,Ford,Fluence,2,10.64,2024-02-14,112,9.62
07 AAA 014,Ford,Fluence,2,10.64,2024-02-15,113,12.21
07 AAA 014,Ford,Fluence,2,10.64,2024-02-16,214,21.53
07 AAA 014,Ford,Fluence,2,10.64,2024-02-17,72,11.16
07 AAA 014,Ford,Fluence,2,10.64,2024-02-18,103,13.22
07 AAA 014,Ford,Fluence,2,10.64,2024-02-19,278,43.64
07 AAA 014,Ford,Fluence,2,10.64,2024-02-20,78,9.16
07 AAA 014,Ford,Fluence,2,10.64,2024-02-21,45,6.41
07 AAA 014,Ford,Fluence,2,10.64,2024-02-22,300,41.19
07 AAA 014,Ford,Fluence,2,10.64,2024-02-23,217,20.55
07 AAA 014,Ford,Fluence,2,10.64,2024-02-24,225,32.38
07 AAA 014,Ford,Fluence,2,10.64,2024-02-25,255,34.12
07 AAA 014,Ford,Fluence,2,10.64,2024-02-26,120,13.66
07 AAA 014,Ford,Fluence,2,10.64,2024-02-27,121,13.83
07 AAA 014,Ford,Fluence,2,10.64,2024-02-28,259,22.61
07 AAA 014,Ford,Fluence,2,10.64,2024-02-29,297,33.57
07 AAA 014,Ford,Fluence,2,10.64,2024-03-01,193,26.09
07 AAA 014,Ford,Fluence,2,10.64,2024-03-02,97,14.44
07 AAA 014,Ford,Fluence,2,10.64,2024-03-03,70,7.26
07 AAA 014,Ford,Fluence,2,10.64,2024-03-04,69,9.77
07 AAA 014,Ford,Fluence,2,10.64,2024-03-05,80,7.42
07 AAA 014,Ford,Fluence,2,10.64,2024-03-06,52,6.52
07 AAA 014,Ford,Fluence,2,10.64,2024-03-07,277,43.68
07 AAA 014,Ford,Fluence,2,10.64,2024-03-08,297,25.85
07 AAA 014,Ford,Fluence,2,10.64,2024-03-09,95,12.96
07 AAA 014,Ford,Fluence,2,10.64,2024-03-10,258,30.68
07 AAA 014,Ford,Fluence,2,10.64,2024-03-11,288,34.07
07 AAA 014,Ford,Fluence,2,10.64,2024-03-12,72,9.9
07 AAA 014,Ford,Fluence,2,10.64,2024-03-13,157,14.33
07 AAA 014,Ford,Fluence,2,10.64,2024-03-14,113,12.54
07 AAA 014,Ford,Fluence,2,10.64,2024-03-15,267,29.17
07 AAA 014,Ford,Fluence,2,10.64,2024-03-16,238,25.43
07 AAA 014,Ford,Fluence,2,10.64,2024-03-17,270,26.12
07 AAA 014,Ford,Fluence,2,10.64,2024-03-18,208,24.94
07 AAA 014,Ford,Fluence,2,10.64,2024-03-19,236,31.88
07 AAA 014,Ford,Fluence,2,10.64,2024-03-20,267,31.44
07 AAA 014,Ford,Fluence,2,10.64,2024-03-21,173,24.76
07 AAA 014,Ford,Fluence,2,10.64,2024-03-22,189,28.67
07 AAA 014,Ford,Fluence,2,10.64,2024-03-23,63,6.75
07 AAA 014,Ford,Fluence,2,10.64,2024-03-24,188,16.7
07 AAA 014,Ford,Fluence,2,10.64,2024-03-25,105,12.26
07 AAA 014,Ford,Fluence,2,10.64,2024-03-26,121,10.66
07 AAA 014,Ford,Fluence,2,10.64,2024-03-27,273,40.62
07 AAA 014,Ford,Fluence,2,10.64,2024-03-28,87,13.06
07 AAA 014,Ford,Fluence,2,10.64,2024-03-29,148,15.21
07 AAA 014,Ford,Fluence,2,10.64,2024-03-30,178,26.19
07 AAA 014,Ford,Fluence,2,10.64,2024-03-31,213,25.2
07 AAA 014,Ford,Fluence,2,10.64,2024-04-01,243,33.67
07 AAA 014,Ford,Fluence,2,10.64,2024-04-02,120,12.03
07 AAA 014,Ford,Fluence,2,10.64,2024-04-03,234,30.98
07 AAA 014,Ford,Fluence,2,10.64,2024-04-04,175,24.33
07 AAA 014,Ford,Fluence,2,10.64,2024-04-05,44,4.18
07 AAA 014,Ford,Fluence,2,10.64,2024-04-06,198,23.57
07 AAA 014,Ford,Fluence,2,10.64,2024-04-07,65,6.85
07 AAA 014,Ford,Fluence,2,10.64,2024-04-08,215,31.27
07 AAA 014,Ford,Fluence,2,10.64,2024-04-09,130,20.38
07 AAA 014,Ford,Fluence,2,10.64,2024-04-10,145,16.76
07 AAA 014,Ford,Fluence,2,10.64,2024-04-11,232,23.15
07 AAA 014,Ford,Fluence,2,10.64,2024-04-12,214,27.58
07 AAA 014,Ford,Fluence,2,10.64,2024-04-13,61,8.26
07 AAA 014,Ford,Fluence,2,10.64,2024-04-14,51,7.98
07 AAA 014,Ford,Fluence,2,10.64,2024-04-15,150,18.78
07 AAA 014,Ford,Fluence,2,10.64,2024-04-16,236,26.96
07 AAA 014,Ford,Fluence,2,10.64,2024-04-17,299,26.99
07 AAA 014,Ford,Fluence,2,10.64,2024-04-18,59,7.16
07 AAA 014,Ford,Fluence,2,10.64,2024-04-19,167,22.31
07 AAA 014,Ford,Fluence,2,10.64,2024-04-20,290,42.9
07 AAA 014,Ford,Fluence,2,10.64,2024-04-21,157,22.12
07 AAA 014,Ford,Fluence,2,10.64,2024-04-22,291,42.77
07 AAA 014,Ford,Fluence,2,10.64,2024-04-23,247,30.33
07 AAA 014,Ford,Fluence,2,10.64,2024-04-24,295,37.46
07 AAA 014,Ford,Fluence,2,10.64,2024-04-25,211,25.15
07 AAA 014,Ford,Fluence,2,10.64,2024-04-26,198,23.8
07 AAA 014,Ford,Fluence,2,10.64,2024-04-27,121,18.4
07 AAA 014,Ford,Fluence,2,10.64,2024-04-28,249,25.83
07 AAA 014,Ford,Fluence,2,10.64,2024-04-29,105,13.29
07 AAA 015,Fiat,Atego,4,8.35,2024-01-01,172,20.44
07 AAA 015,Fiat,Atego,4,8.35,2024-01-02,201,22.21
07 AAA 015,Fiat,Atego,4,8.35,2024-01-03,94,8.73
07 AAA 015,Fiat,Atego,4,8.35,2024-01-04,206,16.62
07 AAA 015,Fiat,Atego,4,8.35,2024-01-05,293,22.94
07 AAA 015,Fiat,Atego,4,8.35,2024-01-06,232,25.43
07 AAA 015,Fiat,Atego,4,8.35,2024-01-07,159,18.35
07 AAA 015,Fiat,Atego,4,8.35,2024-01-08,294,26.44
07 AAA 015,Fiat,Atego,4,8.35,2024-01-09,215,23.59
07 AAA 015,Fiat,Atego,4,8.35,2024-01-10,49,6.06
07 AAA 015,Fiat,Atego,4,8.35,2024-01-11,264,22.89
07 AAA 015,Fiat,Atego,4,8.35,2024-01-12,131,11.27
07 AAA 015,Fiat,Atego,4,8.35,2024-01-13,65,7.35
07 AAA 015,Fiat,Atego,4,8.35,2024-01-14,262,22.36
07 AAA 015,Fiat,Atego,4,8.35,2024-01-15,170,13.35
07 AAA 015,Fiat,Atego,4,8.35,2024-01-16,124,13.09
07 AAA 015,Fiat,Atego,4,8.35,2024-01-17,295,24.13
07 AAA 015,Fiat,Atego,4,8.35,2024-01-18,79,5.65
07 AAA 015,Fiat,Atego,4,8.35,2024-01-19,176,20.29
07 AAA 015,Fiat,Atego,4,8.35,2024-01-20,258,21.21
07 AAA 015,Fiat,Atego,4,8.35,2024-01-21,59,7.18
07 AAA 015,Fiat,Atego,4,8.35,2024-01-22,124,8.99
07 AAA 015,Fiat,Atego,4,8.35,2024-01-23,240,30.0
07 AAA 015,Fiat,Atego,4,8.35,2024-01-24,134,13.56
07 AAA 015,Fiat,Atego,4,8.35,2024-01-25,298,23.36
07 AAA 015,Fiat,Atego,4,8.35,2024-01-26,248,28.45
07 AAA 015,Fiat,Atego,4,8.35,2024-01-27,195,18.31
07 AAA 015,Fiat,Atego,4,8.35,2024-01-28,93,8.68
07 AAA 015,Fiat,Atego,4,8.35,2024-01-29,238,26.14
07 AAA 015,Fiat,Atego,4,8.35,2024-01-30,139,14.32
07 AAA 015,Fiat,Atego,4,8.35,2024-01-31,236,17.2
07 AAA 015,Fiat,Atego,4,8.35,2024-02-01,175,20.08
07 AAA 015,Fiat,Atego,4,8.35,2024-02-02,149,16.88
07 AAA 015,Fiat,Atego,4,8.35,2024-02-03,103,10.58
07 AAA 015,Fiat,Atego,4,8.35,2024-02-04,250,20.14
07 AAA 015,Fiat,Atego,4,8.35,2024-02-05,250,30.06
07 AAA 015,Fiat,Atego,4,8.35,2024-02-06,285,34.4
07 AAA 015,Fiat,Atego,4,8.35,2024-02-07,110,7.49
07 AAA 015,Fiat,Atego,4,8.35,2024-02-08,271,29.37
07 AAA 015,Fiat,Atego,4,8.35,2024-02-09,148,13.4
07 AAA 015,Fiat,Atego,4,8.35,2024-02-10,88,9.35
07 AAA 015,Fiat,Atego,4,8.35,2024-02-11,150,14.76
07 AAA 015,Fiat,Atego,4,8.35,2024-02-12,184,19.47
07 AAA 015,Fiat,Atego,4,8.35,2024-02-13,90,6.13
07 AAA 015,Fiat,Atego,4,8.35,2024-02-14,255,31.86
07 AAA 015,Fiat,Atego,4,8.35,2024-02-15,160,13.92
07 AAA 015,Fiat,Atego,4,8.35,2024-02-16,111,11.2
07 AAA 015,Fiat,Atego,4,8.35,2024-02-17,258,28.95
07 AAA 015,Fiat,Atego,4,8.35,2024-02-18,83,10.07
07 AAA 015,Fiat,Atego,4,8.35,2024-02-19,57,6.99
07 AAA 015,Fiat,Atego,4,8.35,2024-02-20,226,23.05
07 AAA 015,Fiat,Atego,4,8.35,2024-02-21,196,14.09
07 AAA 015,Fiat,Atego,4,8.35,2024-02-22,86,7.9
07 AAA 015,Fiat,Atego,4,8.35,2024-02-23,82,10.2
07 AAA 015,Fiat,Atego,4,8.35,2024-02-24,254,19.99
07 AAA 015,Fiat,Atego,4,8.35,2024-02-25,255,25.15
07 AAA 015,Fiat,Atego,4,8.35,2024-02-26,125,13.34
07 AAA 015,Fiat,Atego,4,8.35,2024-02-27,104,11.35
07 AAA 015,Fiat,Atego,4,8.35,2024-02-28,42,2.83
07 AAA 015,Fiat,Atego,4,8.35,2024-02-29,139,16.9
07 AAA 015,Fiat,Atego,4,8.35,2024-03-01,201,22.23
07 AAA 015,Fiat,Atego,4,8.35,2024-03-02,177,18.79
07 AAA 015,Fiat,Atego,4,8.35,2024-03-03,95,11.5
07 AAA 015,Fiat,Atego,4,8.35,2024-03-04,164,16.2
07 AAA 015,Fiat,Atego,4,8.35,2024-03-05,150,13.11
07 AAA 015,Fiat,Atego,4,8.35,2024-03-06,182,22.1
07 AAA 015,Fiat,Atego,4,8.35,2024-03-07,145,12.47
07 AAA 015,Fiat,Atego,4,8.35,2024-03-08,64,5.99
07 AAA 015,Fiat,Atego,4,8.35,2024-03-09,258,20.77
07 AAA 015,Fiat,Atego,4,8.35,2024-03-10,185,19.69
07 AAA 015,Fiat,Atego,4,8.35,2024-03-11,222,21.58
07 AAA 015,Fiat,Atego,4,8.35,2024-03-12,167,11.7
07 AAA 015,Fiat,Atego,4,8.35,2024-03-13,148,16.97
07 AAA 015,Fiat,Atego,4,8.35,2024-03-14,202,17.01
07 AAA 015,Fiat,Atego,4,8.35,2024-03-15,122,8.3
07 AAA 015,Fiat,Atego,4,8.35,2024-03-16,66,7.67
07 AAA 015,Fiat,Atego,4,8.35,2024-03-17,108,7.23
07 AAA 015,Fiat,Atego,4,8.35,2024-03-18,90,8.24
07 AAA 015,Fiat,Atego,4,8.35,2024-03-19,203,21.66
07 AAA 015,Fiat,Atego,4,8.35,2024-03-20,124,12.23
07 AAA 015,Fiat,Atego,4,8.35,2024-03-21,198,22.04
07 AAA 015,Fiat,Atego,4,8.35,2024-03-22,43,3.06
07 AAA 015,Fiat,Atego,4,8.35,2024-03-23,187,18.74
07 AAA 015,Fiat,Atego,4,8.35,2024-03-24,53,5.61
07 AAA 015,Fiat,Atego,4,8.35,2024-03-25,224,22.93
07 AAA 015,Fiat,Atego,4,8.35,2024-03-26,292,23.81
07 AAA 015,Fiat,Atego,4,8.35,2024-03-27,254,28.79
07 AAA 015,Fiat,Atego,4,8.35,2024-03-28,182,20.92
07 AAA 015,Fiat,Atego,4,8.35,2024-03-29,214,23.5
07 AAA 015,Fiat,Atego,4,8.35,2024-03-30,216,17.96
07 AAA 015,Fiat,Atego,4,8.35,2024-03-31,159,19.07
07 AAA 015,Fiat,Atego,4,8.35,2024-04-01,235,17.63
07 AAA 015,Fiat,Atego,4,8.35,2024-04-02,274,33.9
07 AAA 015,Fiat,Atego,4,8.35,2024-04-03,187,12.98
07 AAA 015,Fiat,Atego,4,8.35,2024-04-04,58,4.21
07 AAA 015,Fiat,Atego,4,8.35,2024-04-05,232,28.33
07 AAA 015,Fiat,Atego,4,8.35,2024-04-06,229,20.35
07 AAA 015,Fiat,Atego,4,8.35,2024-04-07,80,5.46
07 AAA 015,Fiat,Atego,4,8.35,2024-04-08,230,20.84
07 AAA 015,Fiat,Atego,4,8.35,2024-04-09,137,10.46
07 AAA 015,Fiat,Atego,4,8.35,2024-04-10,296,27.9
07 AAA 015,Fiat,Atego,4,8.35,2024-04-11,135,11.97
07 AAA 015,Fiat,Atego,4,8.35,2024-04-12,82,6.14
07 AAA 015,Fiat,Atego,4,8.35,2024-04-13,112,13.02
07 AAA 015,Fiat,Atego,4,8.35,2024-04-14,181,15.81
07 AAA 015,Fiat,Atego,4,8.35,2024-04-15,71,5.19
07 AAA 015,Fiat,Atego,4,8.35,2024-04-16,50,4.26
07 AAA 015,Fiat,Atego,4,8.35,2024-04-17,204,20.75
07 AAA 015,Fiat,Atego,4,8.35,2024-04-18,178,20.7
07 AAA 015,Fiat,Atego,4,8.35,2024-04-19,198,19.34
07 AAA 015,Fiat,Atego,4,8.35,2024-04-20,151,12.68
07 AAA 015,Fiat,Atego,4,8.35,2024-04-21,203,20.85
07 AAA 015,Fiat,Atego,4,8.35,2024-04-22,56,6.66
07 AAA 015,Fiat,Atego,4,8.35,2024-04-23,264,20.85
07 AAA 015,Fiat,Atego,4,8.35,2024-04-24,287,28.54
07 AAA 015,Fiat,Atego,4,8.35,2024-04-25,161,18.26
07 AAA 015,Fiat,Atego,4,8.35,2024-04-26,46,4.46
07 AAA 015,Fiat,Atego,4,8.35,2024-04-27,291,34.55
07 AAA 015,Fiat,Atego,4,8.35,2024-04-28,100,7.22
07 AAA 015,Fiat,Atego,4,8.35,2024-04-29,193,20.65
07 AAA 016,Fiat,Transit,3,24.59,2024-01-01,166,40.08
07 AAA 016,Fiat,Transit,3,24.59,2024-01-02,56,11.35
07 AAA 016,Fiat,Transit,3,24.59,2024-01-03,243,81.37
07 AAA 016,Fiat,Transit,3,24.59,2024-01-04,129,34.59
07 AAA 016,Fiat,Transit,3,24.59,2024-01-05,240,58.82
07 AAA 016,Fiat,Transit,3,24.59,2024-01-06,137,44.82
07 AAA 016,Fiat,Transit,3,24.59,2024-01-07,122,30.51
07 AAA 016,Fiat,Transit,3,24.59,2024-01-08,298,58.81
07 AAA 016,Fiat,Transit,3,24.59,2024-01-09,198,40.42
07 AAA 016,Fiat,Transit,3,24.59,2024-01-10,197,70.14
07 AAA 016,Fiat,Transit,3,24.59,2024-01-11,283,58.74
07 AAA 016,Fiat,Transit,3,24.59,2024-01-12,41,14.84
07 AAA 016,Fiat,Transit,3,24.59,2024-01-13,296,70.36
07 AAA 016,Fiat,Transit,3,24.59,2024-01-14,272,71.8
07 AAA 016,Fiat,Transit,3,24.59,2024-01-15,240,49.76
07 AAA 016,Fiat,Transit,3,24.59,2024-01-16,90,23.67
07 AAA 016,Fiat,Transit,3,24.59,2024-01-17,257,90.04
07 AAA 016,Fiat,Transit,3,24.59,2024-01-18,94,21.43
07 AAA 016,Fiat,Transit,3,24.59,2024-01-19,282,100.01
07 AAA 016,Fiat,Transit,3,24.59,2024-01-20,290,97.82
07 AAA 016,Fiat,Transit,3,24.59,2024-01-21,291,81.43
07 AAA 016,Fiat,Transit,3,24.59,2024-01-22,227,54.11
07 AAA 016,Fiat,Transit,3,24.59,2024-01-23,206,48.07
07 AAA 016,Fiat,Transit,3,24.59,2024-01-24,128,28.62
07 AAA 016,Fiat,Transit,3,24.59,2024-01-25,149,48.41
07 AAA 016,Fiat,Transit,3,24.59,2024-01-26,67,13.39
07 AAA 016,Fiat,Transit,3,24.59,2024-01-27,71,17.95
07 AAA 016,Fiat,Transit,3,24.59,2024-01-28,228,77.71
07 AAA 016,Fiat,Transit,3,24.59,2024-01-29,223,52.32
07 AAA 016,Fiat,Transit,3,24.59,2024-01-30,53,11.88
07 AAA 016,Fiat,Transit,3,24.59,2024-01-31,184,43.54
07 AAA 016,Fiat,Transit,3,24.59,2024-02-01,233,74.58
07 AAA 016,Fiat,Transit,3,24.59,2024-02-02,235,65.02
07 AAA 016,Fiat,Transit,3,24.59,2024-02-03,196,39.35
07 AAA 016,Fiat,Transit,3,24.59,2024-02-04,143,42.33
07 AAA 016,Fiat,Transit,3,24.59,2024-02-05,246,78.22
07 AAA 016,Fiat,Transit,3,24.59,2024-02-06,279,70.58
07 AAA 016,Fiat,Transit,3,24.59,2024-02-07,265,62.24
07 AAA 016,Fiat,Transit,3,24.59,2024-02-08,196,64.84
07 AAA 016,Fiat,Transit,3,24.59,2024-02-09,62,12.89
07 AAA 016,Fiat,Transit,3,24.59,2024-02-10,142,38.91
07 AAA 016,Fiat,Transit,3,24.59,2024-02-11,258,63.17
07 AAA 016,Fiat,Transit,3,24.59,2024-02-12,215,44.55
07 AAA 016,Fiat,Transit,3,24.59,2024-02-13,263,60.68
07 AAA 016,Fiat,Transit,3,24.59,2024-02-14,77,25.68
07 AAA 016,Fiat,Transit,3,24.59,2024-02-15,185,40.11
07 AAA 016,Fiat,Transit,3,24.59,2024-02-16,60,19.15
07 AAA 016,Fiat,Transit,3,24.59,2024-02-17,183,52.12
07 AAA 016,Fiat,Transit,3,24.59,2024-02-18,114,28.02
07 AAA 016,Fiat,Transit,3,24.59,2024-02-19,211,76.73
07 AAA 016,Fiat,Transit,3,24.59,2024-02-20,175,42.07
07 AAA 016,Fiat,Transit,3,24.59,2024-02-21,190,51.42
07 AAA 016,Fiat,Transit,3,24.59,2024-02-22,160,40.63
07 AAA 016,Fiat,Transit,3,24.59,2024-02-23,291,58.05
07 AAA 016,Fiat,Transit,3,24.59,2024-02-24,182,61.2
07 AAA 016,Fiat,Transit,3,24.59,2024-02-25,219,47.42
07 AAA 016,Fiat,Transit,3,24.59,2024-02-26,112,37.54
07 AAA 016,Fiat,Transit,3,24.59,2024-02-27,260,58.47
07 AAA 016,Fiat,Transit,3,24.59,2024-02-28,45,15.5
07 AAA 016,Fiat,Transit,3,24.59,2024-02-29,91,28.48
07 AAA 016,Fiat,Transit,3,24.59,2024-03-01,233,73.91
07 AAA 016,Fiat,Transit,3,24.59,2024-03-02,232,83.69
07 AAA 016,Fiat,Transit,3,24.59,2024-03-03,219,55.55
07 AAA 016,Fiat,Transit,3,24.59,2024-03-04,46,9.76
07 AAA 016,Fiat,Transit,3,24.59,2024-03-05,107,27.2
07 AAA 016,Fiat,Transit,3,24.59,2024-03-06,279,98.33
07 AAA 016,Fiat,Transit,3,24.59,2024-03-07,142,33.57
07 AAA 016,Fiat,Transit,3,24.59,2024-03-08,297,62.63
07 AAA 016,Fiat,Transit,3,24.59,2024-03-09,202,41.19
07 AAA 016,Fiat,Transit,3,24.59,2024-03-10,298,102.32
07 AAA 016,Fiat,Transit,3,24.59,2024-03-11,86,25.84
07 AAA 016,Fiat,Transit,3,24.59,2024-03-12,254,58.82
07 AAA 016,Fiat,Transit,3,24.59,2024-03-13,170,62.16
07 AAA 016,Fiat,Transit,3,24.59,2024-03-14,199,68.55
07 AAA 016,Fiat,Transit,3,24.59,2024-03-15,284,82.53
07 AAA 016,Fiat,Transit,3,24.59,2024-03-16,133,41.91
07 AAA 016,Fiat,Transit,3,24.59,2024-03-17,149,36.4
07 AAA 016,Fiat,Transit,3,24.59,2024-03-18,91,29.42
07 AAA 016,Fiat,Transit,3,24.59,2024-03-19,127,44.63
07 AAA 016,Fiat,Transit,3,24.59,2024-03-20,300,104.76
07 AAA 016,Fiat,Transit,3,24.59,2024-03-21,88,29.07
07 AAA 016,Fiat,Transit,3,24.59,2024-03-22,168,55.06
07 AAA 016,Fiat,Transit,3,24.59,2024-03-23,292,89.12
07 AAA 016,Fiat,Transit,3,24.59,2024-03-24,155,44.83
07 AAA 016,Fiat,Transit,3,24.59,2024-03-25,168,45.15
07 AAA 016,Fiat,Transit,3,24.59,2024-03-26,108,33.86
07 AAA 016,Fiat,Transit,3,24.59,2024-03-27,218,79.82
07 AAA 016,Fiat,Transit,3,24.59,2024-03-28,259,55.79
07 AAA 016,Fiat,Transit,3,24.59,2024-03-29,191,38.23
07 AAA 016,Fiat,Transit,3,24.59,2024-03-30,259,88.24
07 AAA 016,Fiat,Transit,3,24.59,2024-03-31,280,88.54
07 AAA 016,Fiat,Transit,3,24.59,2024-04-01,292,62.39
07 AAA 016,Fiat,Transit,3,24.59,2024-04-02,152,38.09
07 AAA 016,Fiat,Transit,3,24.59,2024-04-03,157,52.53
07 AAA 016,Fiat,Transit,3,24.59,2024-04-04,261,70.44
07 AAA 016,Fiat,Transit,3,24.59,2024-04-05,68,24.48
07 AAA 016,Fiat,Transit,3,24.59,2024-04-06,285,64.62
07 AAA 016,Fiat,Transit,3,24.59,2024-04-07,221,73.87
07 AAA 016,Fiat,Transit,3,24.59,2024-04-08,256,52.57
07 AAA 016,Fiat,Transit,3,24.59,2024-04-09,83,21.93
07 AAA 016,Fiat,Transit,3,24.59,2024-04-10,189,45.24
07 AAA 016,Fiat,Transit,3,24.59,2024-04-11,137,33.95
07 AAA 016,Fiat,Transit,3,24.59,2024-04-12,157,38.88
07 AAA 016,Fiat,Transit,3,24.59,2024-04-13,289,86.34
07 AAA 016,Fiat,Transit,3,24.59,2024-04-14,226,46.76
07 AAA 016,Fiat,Transit,3,24.59,2024-04-15,122,38.8
07 AAA 016,Fiat,Transit,3,24.59,2024-04-16,111,26.29
07 AAA 016,Fiat,Transit,3,24.59,2024-04-17,156,53.64
07 AAA 016,Fiat,Transit,3,24.59,2024-04-18,80,29.02
07 AAA 016,Fiat,Transit,3,24.59,2024-04-19,94,33.78
07 AAA 016,Fiat,Transit,3,24.59,2024-04-20,194,58.59
07 AAA 016,Fiat,Transit,3,24.59,2024-04-21,164,34.38
07 AAA 016,Fiat,Transit,3,24.59,2024-04-22,55,15.05
07 AAA 016,Fiat,Transit,3,24.59,2024-04-23,145,41.48
07 AAA 016,Fiat,Transit,3,24.59,2024-04-24,64,12.95
07 AAA 016,Fiat,Transit,3,24.59,2024-04-25,299,64.94
07 AAA 016,Fiat,Transit,3,24.59,2024-04-26,130,37.83
07 AAA 016,Fiat,Transit,3,24.59,2024-04-27,121,35.83
07 AAA 016,Fiat,Transit,3,24.59,2024-04-28,95,18.71
07 AAA 016,Fiat,Transit,3,24.59,2024-04-29,208,54.76
07 AAA 017,Peugeot,Doblo,2,9.11,2024-01-01,209,18.63
07 AAA 017,Peugeot,Doblo,2,9.11,2024-01-02,131,13.38
07 AAA 017,Peugeot,Doblo,2,9.11,2024-01-03,125,16.38
07 AAA 017,Peugeot,Doblo,2,9.11,2024-01-04,148,18.16
07 AAA 017,Peugeot,Doblo,2,9.11,2024-01-05,194,24.39
07 AAA 017,Peugeot,Doblo,2,9.11,2024-01-06,244,31.8
07 AAA 017,Peugeot,Doblo,2,9.11,2024-01-07,258,27.56
07 AAA 017,Peugeot,Doblo,2,9.11,2024-01-08,299,39.09
07 AAA 017,Peugeot,Doblo,2,9.11,2024-01-09,198,19.32
07 AAA 017,Peugeot,Doblo,2,9.11,2024-01-10,84,8.26
07 AAA 017,Peugeot,Doblo,2,9.11,2024-01-11,293,33.19
07 AAA 017,Peugeot,Doblo,2,9.11,2024-01-12,208,24.87
07 AAA 017,Peugeot,Doblo,2,9.11,2024-01-13,96,11.28
07 AAA 017,Peugeot,Doblo,2,9.11,2024-01-14,98,8.77
07 AAA 017,Peugeot,Doblo,2,9.11,2024-01-15,254,24.09
07 AAA 017,Peugeot,Doblo,2,9.11,2024-01-16,151,13.15
07 AAA 017,Peugeot,Doblo,2,9.11,2024-01-17,41,3.83
07 AAA 017,Peugeot,Doblo,2,9.11,2024-01-18,61,6.18
07 AAA 017,Peugeot,Doblo,2,9.11,2024-01-19,215,19.35
07 AAA 017,Peugeot,Doblo,2,9.11,2024-01-20,78,7.96
07 AAA 017,Peugeot,Doblo,2,9.11,2024-01-21,136,13.31
07 AAA 017,Peugeot,Doblo,2,9.11,2024-01-22,80,5.92
07 AAA 017,Peugeot,Doblo,2,9.11,2024-01-23,299,37.08
07 AAA 017,Peugeot,Doblo,2,9.11,2024-01-24,149,18.73
07 AAA 017,Peugeot,Doblo,2,9.11,2024-01-25,222,24.34
07 AAA 017,Peugeot,Doblo,2,9.11,2024-01-26,197,21.71
07 AAA 017,Peugeot,Doblo,2,9.11,2024-01-27,65,6.74
07 AAA 017,Peugeot,Doblo,2,9.11,2024-01-28,209,23.45
07 AAA 017,Peugeot,Doblo,2,9.11,2024-01-29,292,22.22
07 AAA 017,Peugeot,Doblo,2,9.11,2024-01-30,47,6.41
07 AAA 017,Peugeot,Doblo,2,9.11,2024-01-31,48,5.78
07 AAA 017,Peugeot,Doblo,2,9.11,2024-02-01,263,25.13
07 AAA 017,Peugeot,Doblo,2,9.11,2024-02-02,194,26.16
07 AAA 017,Peugeot,Doblo,2,9.11,2024-02-03,122,8.9
07 AAA 017,Peugeot,Doblo,2,9.11,2024-02-04,225,18.66
07 AAA 017,Peugeot,Doblo,2,9.11,2024-02-05,184,24.57
07 AAA 017,Peugeot,Doblo,2,9.11,2024-02-06,60,6.26
07 AAA 017,Peugeot,Doblo,2,9.11,2024-02-07,190,22.68
07 AAA 017,Peugeot,Doblo,2,9.11,2024-02-08,294,34.75
07 AAA 017,Peugeot,Doblo,2,9.11,2024-02-09,225,23.99
07 AAA 017,Peugeot,Doblo,2,9.11,2024-02-10,71,5.87
07 AAA 017,Peugeot,Doblo,2,9.11,2024-02-11,233,27.81
07 AAA 017,Peugeot,Doblo,2,9.11,2024-02-12,114,10.92
07 AAA 017,Peugeot,Doblo,2,9.11,2024-02-13,131,11.85
07 AAA 017,Peugeot,Doblo,2,9.11,2024-02-14,167,21.11
07 AAA 017,Peugeot,Doblo,2,9.11,2024-02-15,200,25.82
07 AAA 017,Peugeot,Doblo,2,9.11,2024-02-16,161,17.77
07 AAA 017,Peugeot,Doblo,2,9.11,2024-02-17,279,37.37
07 AAA 017,Peugeot,Doblo,2,9.11,2024-02-18,211,16.82
07 AAA 017,Peugeot,Doblo,2,9.11,2024-02-19,161,18.37
07 AAA 017,Peugeot,Doblo,2,9.11,2024-02-20,132,16.67
07 AAA 017,Peugeot,Doblo,2,9.11,2024-02-21,106,14.12
07 AAA 017,Peugeot,Doblo,2,9.11,2024-02-22,187,17.21
07 AAA 017,Peugeot,Doblo,2,9.11,2024-02-23,243,26.12
07 AAA 017,Peugeot,Doblo,2,9.11,2024-02-24,259,20.99
07 AAA 017,Peugeot,Doblo,2,9.11,2024-02-25,233,17.94
07 AAA 017,Peugeot,Doblo,2,9.11,2024-02-26,61,5.28
07 AAA 017,Peugeot,Doblo,2,9.11,2024-02-27,267,25.58
07 AAA 017,Peugeot,Doblo,2,9.11,2024-02-28,149,19.7
07 AAA 017,Peugeot,Doblo,2,9.11,2024-02-29,60,6.23
07 AAA 017,Peugeot,Doblo,2,9.11,2024-03-01,87,6.89
07 AAA 017,Peugeot,Doblo,2,9.11,2024-03-02,226,22.39
07 AAA 017,Peugeot,Doblo,2,9.11,2024-03-03,215,20.8
07 AAA 017,Peugeot,Doblo,2,9.11,2024-03-04,177,23.2
07 AAA 017,Peugeot,Doblo,2,9.11,2024-03-05,300,23.73
07 AAA 017,Peugeot,Doblo,2,9.11,2024-03-06,145,14.34
07 AAA 017,Peugeot,Doblo,2,9.11,2024-03-07,157,15.87
07 AAA 017,Peugeot,Doblo,2,9.11,2024-03-08,78,7.84
07 AAA 017,Peugeot,Doblo,2,9.11,2024-03-09,107,11.56
07 AAA 017,Peugeot,Doblo,2,9.11,2024-03-10,267,24.9
07 AAA 017,Peugeot,Doblo,2,9.11,2024-03-11,281,32.6
07 AAA 017,Peugeot,Doblo,2,9.11,2024-03-12,81,10.56
07 AAA 017,Peugeot,Doblo,2,9.11,2024-03-13,68,6.79
07 AAA 017,Peugeot,Doblo,2,9.11,2024-03-14,162,16.02
07 AAA 017,Peugeot,Doblo,2,9.11,2024-03-15,96,10.58
07 AAA 017,Peugeot,Doblo,2,9.11,2024-03-16,270,35.25
07 AAA 017,Peugeot,Doblo,2,9.11,2024-03-17,85,9.18
07 AAA 017,Peugeot,Doblo,2,9.11,2024-03-18,183,15.23
07 AAA 017,Peugeot,Doblo,2,9.11,2024-03-19,86,7.97
07 AAA 017,Peugeot,Doblo,2,9.11,2024-03-20,191,23.05
07 AAA 017,Peugeot,Doblo,2,9.11,2024-03-21,242,27.38
07 AAA 017,Peugeot,Doblo,2,9.11,2024-03-22,298,36.06
07 AAA 017,Peugeot,Doblo,2,9.11,2024-03-23,280,31.9
07 AAA 017,Peugeot,Doblo,2,9.11,2024-03-24,194,16.47
07 AAA 017,Peugeot,Doblo,2,9.11,2024-03-25,267,30.77
07 AAA 017,Peugeot,Doblo,2,9.11,2024-03-26,211,19.87
07 AAA 017,Peugeot,Doblo,2,9.11,2024-03-27,124,12.35
07 AAA 017,Peugeot,Doblo,2,9.11,2024-03-28,162,20.26
07 AAA 017,Peugeot,Doblo,2,9.11,2024-03-29,161,19.49
07 AAA 017,Peugeot,Doblo,2,9.11,2024-03-30,56,4.91
07 AAA 017,Peugeot,Doblo,2,9.11,2024-03-31,220,27.57
07 AAA 017,Peugeot,Doblo,2,9.11,2024-04-01,196,15.13
07 AAA 017,Peugeot,Doblo,2,9.11,2024-04-02,253,25.3
07 AAA 017,Peugeot,Doblo,2,9.11,2024-04-03,126,16.6
07 AAA 017,Peugeot,Doblo,2,9.11,2024-04-04,298,26.37
07 AAA 017,Peugeot,Doblo,2,9.11,2024-04-05,72,5.28
07 AAA 017,Peugeot,Doblo,2,9.11,2024-04-06,128,11.02
07 AAA 017,Peugeot,Doblo,2,9.11,2024-04-07,47,5.98
07 AAA 017,Peugeot,Doblo,2,9.11,2024-04-08,97,7.7
07 AAA 017,Peugeot,Doblo,2,9.11,2024-04-09,90,7.77
07 AAA 017,Peugeot,Doblo,2,9.11,2024-04-10,128,15.06
07 AAA 017,Peugeot,Doblo,2,9.11,2024-04-11,205,22.32
07 AAA 017,Peugeot,Doblo,2,9.11,2024-04-12,42,3.17
07 AAA 017,Peugeot,Doblo,2,9.11,2024-04-13,213,17.64
07 AAA 017,Peugeot,Doblo,2,9.11,2024-04-14,128,13.83
07 AAA 017,Peugeot,Doblo,2,9.11,2024-04-15,178,19.69
07 AAA 017,Peugeot,Doblo,2,9.11,2024-04-16,202,25.35
07 AAA 017,Peugeot,Doblo,2,9.11,2024-04-17,50,4.15
07 AAA 017,Peugeot,Doblo,2,9.11,2024-04-18,137,13.04
07 AAA 017,Peugeot,Doblo,2,9.11,2024-04-19,237,22.8
07 AAA 017,Peugeot,Doblo,2,9.11,2024-04-20,79,5.91
07 AAA 017,Peugeot,Doblo,2,9.11,2024-04-21,159,19.02
07 AAA 017,Peugeot,Doblo,2,9.11,2024-04-22,260,34.62
07 AAA 017,Peugeot,Doblo,2,9.11,2024-04-23,257,24.11
07 AAA 017,Peugeot,Doblo,2,9.11,2024-04-24,174,21.96
07 AAA 017,Peugeot,Doblo,2,9.11,2024-04-25,103,12.44
07 AAA 017,Peugeot,Doblo,2,9.11,2024-04-26,111,9.34
07 AAA 017,Peugeot,Doblo,2,9.11,2024-04-27,170,12.66
07 AAA 017,Peugeot,Doblo,2,9.11,2024-04-28,102,12.45
07 AAA 017,Peugeot,Doblo,2,9.11,2024-04-29,282,38.39
07 AAA 018,Renault,Boxer,3,24.4,2024-01-01,293,86.01
07 AAA 018,Renault,Boxer,3,24.4,2024-01-02,117,35.61
07 AAA 018,Renault,Boxer,3,24.4,2024-01-03,225,65.83
07 AAA 018,Renault,Boxer,3,24.4,2024-01-04,103,33.87
07 AAA 018,Renault,Boxer,3,24.4,2024-01-05,99,25.73
07 AAA 018,Renault,Boxer,3,24.4,2024-01-06,253,53.9
07 AAA 018,Renault,Boxer,3,24.4,2024-01-07,254,61.7
07 AAA 018,Renault,Boxer,3,24.4,2024-01-08,249,75.96
07 AAA 018,Renault,Boxer,3,24.4,2024-01-09,261,82.74
07 AAA 018,Renault,Boxer,3,24.4,2024-01-10,228,57.64
07 AAA 018,Renault,Boxer,3,24.4,2024-01-11,224,54.79
07 AAA 018,Renault,Boxer,3,24.4,2024-01-12,210,64.58
07 AAA 018,Renault,Boxer,3,24.4,2024-01-13,293,101.75
07 AAA 018,Renault,Boxer,3,24.4,2024-01-14,249,57.05
07 AAA 018,Renault,Boxer,3,24.4,2024-01-15,94,20.33
07 AAA 018,Renault,Boxer,3,24.4,2024-01-16,258,92.83
07 AAA 018,Renault,Boxer,3,24.4,2024-01-17,45,9.65
07 AAA 018,Renault,Boxer,3,24.4,2024-01-18,136,48.88
07 AAA 018,Renault,Boxer,3,24.4,2024-01-19,235,68.37
07 AAA 018,Renault,Boxer,3,24.4,2024-01-20,50,10.23
07 AAA 018,Renault,Boxer,3,24.4,2024-01-21,138,44.22
07 AAA 018,Renault,Boxer,3,24.4,2024-01-22,64,19.37
07 AAA 018,Renault,Boxer,3,24.4,2024-01-23,296,61.59
07 AAA 018,Renault,Boxer,3,24.4,2024-01-24,216,53.49
07 AAA 018,Renault,Boxer,3,24.4,2024-01-25,279,93.48
07 AAA 018,Renault,Boxer,3,24.4,2024-01-26,70,14.78
07 AAA 018,Renault,Boxer,3,24.4,2024-01-27,203,46.89
07 AAA 018,Renault,Boxer,3,24.4,2024-01-28,134,41.69
07 AAA 018,Renault,Boxer,3,24.4,2024-01-29,58,13.72
07 AAA 018,Renault,Boxer,3,24.4,2024-01-30,67,22.09
07 AAA 018,Renault,Boxer,3,24.4,2024-01-31,87,20.07
07 AAA 018,Renault,Boxer,3,24.4,2024-02-01,160,50.71
07 AAA 018,Renault,Boxer,3,24.4,2024-02-02,73,16.89
07 AAA 018,Renault,Boxer,3,24.4,2024-02-03,70,18.44
07 AAA 018,Renault,Boxer,3,24.4,2024-02-04,80,26.66
07 AAA 018,Renault,Boxer,3,24.4,2024-02-05,206,56.93
07 AAA 018,Renault,Boxer,3,24.4,2024-02-06,174,34.81
07 AAA 018,Renault,Boxer,3,24.4,2024-02-07,257,66.27
07 AAA 018,Renault,Boxer,3,24.4,2024-02-08,111,27.93
07 AAA 018,Renault,Boxer,3,24.4,2024-02-09,223,53.88
07 AAA 018,Renault,Boxer,3,24.4,2024-02-10,129,44.41
07 AAA 018,Renault,Boxer,3,24.4,2024-02-11,87,26.66
07 AAA 018,Renault,Boxer,3,24.4,2024-02-12,204,54.27
07 AAA 018,Renault,Boxer,3,24.4,2024-02-13,144,46.29
07 AAA 018,Renault,Boxer,3,24.4,2024-02-14,42,15.15
07 AAA 018,Renault,Boxer,3,24.4,2024-02-15,135,44.78
07 AAA 018,Renault,Boxer,3,24.4,2024-02-16,221,77.2
07 AAA 018,Renault,Boxer,3,24.4,2024-02-17,193,43.49
07 AAA 018,Renault,Boxer,3,24.4,2024-02-18,295,74.26
07 AAA 018,Renault,Boxer,3,24.4,2024-02-19,220,68.1
07 AAA 018,Renault,Boxer,3,24.4,2024-02-20,91,19.25
07 AAA 018,Renault,Boxer,3,24.4,2024-02-21,278,91.14
07 AAA 018,Renault,Boxer,3,24.4,2024-02-22,155,55.41
07 AAA 018,Renault,Boxer,3,24.4,2024-02-23,113,29.83
07 AAA 018,Renault,Boxer,3,24.4,2024-02-24,256,75.4
07 AAA 018,Renault,Boxer,3,24.4,2024-02-25,296,94.93
07 AAA 018,Renault,Boxer,3,24.4,2024-02-26,58,18.67
07 AAA 018,Renault,Boxer,3,24.4,2024-02-27,61,21.67
07 AAA 018,Renault,Boxer,3,24.4,2024-02-28,226,56.31
07 AAA 018,Renault,Boxer,3,24.4,2024-02-29,268,76.35
07 AAA 018,Renault,Boxer,3,24.4,2024-03-01,235,50.81
07 AAA 018,Renault,Boxer,3,24.4,2024-03-02,221,64.04
07 AAA 018,Renault,Boxer,3,24.4,2024-03-03,109,26.55
07 AAA 018,Renault,Boxer,3,24.4,2024-03-04,162,37.82
07 AAA 018,Renault,Boxer,3,24.4,2024-03-05,276,77.93
07 AAA 018,Renault,Boxer,3,24.4,2024-03-06,242,71.59
07 AAA 018,Renault,Boxer,3,24.4,2024-03-07,119,26.87
07 AAA 018,Renault,Boxer,3,24.4,2024-03-08,54,16.75
07 AAA 018,Renault,Boxer,3,24.4,2024-03-09,104,26.2
07 AAA 018,Renault,Boxer,3,24.4,2024-03-10,239,48.38
07 AAA 018,Renault,Boxer,3,24.4,2024-03-11,77,23.22
07 AAA 018,Renault,Boxer,3,24.4,2024-03-12,97,33.39
07 AAA 018,Renault,Boxer,3,24.4,2024-03-13,67,23.04
07 AAA 018,Renault,Boxer,3,24.4,2024-03-14,176,55.43
07 AAA 018,Renault,Boxer,3,24.4,2024-03-15,164,33.93
07 AAA 018,Renault,Boxer,3,24.4,2024-03-16,162,49.63
07 AAA 018,Renault,Boxer,3,24.4,2024-03-17,142,40.32
07 AAA 018,Renault,Boxer,3,24.4,2024-03-18,80,15.92
07 AAA 018,Renault,Boxer,3,24.4,2024-03-19,264,53.92
07 AAA 018,Renault,Boxer,3,24.4,2024-03-20,131,28.31
07 AAA 018,Renault,Boxer,3,24.4,2024-03-21,300,72.05
07 AAA 018,Renault,Boxer,3,24.4,2024-03-22,220,71.35
07 AAA 018,Renault,Boxer,3,24.4,2024-03-23,197,38.75
07 AAA 018,Renault,Boxer,3,24.4,2024-03-24,186,46.93
07 AAA 018,Renault,Boxer,3,24.4,2024-03-25,261,82.85
07 AAA 018,Renault,Boxer,3,24.4,2024-03-26,115,39.41
07 AAA 018,Renault,Boxer,3,24.4,2024-03-27,269,60.48
07 AAA 018,Renault,Boxer,3,24.4,2024-03-28,118,42.02
07 AAA 018,Renault,Boxer,3,24.4,2024-03-29,109,34.66
07 AAA 018,Renault,Boxer,3,24.4,2024-03-30,84,24.16
07 AAA 018,Renault,Boxer,3,24.4,2024-03-31,88,18.84
07 AAA 018,Renault,Boxer,3,24.4,2024-04-01,252,58.15
07 AAA 018,Renault,Boxer,3,24.4,2024-04-02,147,42.98
07 AAA 018,Renault,Boxer,3,24.4,2024-04-03,292,106.85
07 AAA 018,Renault,Boxer,3,24.4,2024-04-04,273,81.83
07 AAA 018,Renault,Boxer,3,24.4,2024-04-05,105,35.98
07 AAA 018,Renault,Boxer,3,24.4,2024-04-06,184,50.29
07 AAA 018,Renault,Boxer,3,24.4,2024-04-07,90,19.46
07 AAA 018,Renault,Boxer,3,24.4,2024-04-08,157,37.79
07 AAA 018,Renault,Boxer,3,24.4,2024-04-09,141,35.58
07 AAA 018,Renault,Boxer,3,24.4,2024-04-10,175,39.67
07 AAA 018,Renault,Boxer,3,24.4,2024-04-11,186,46.26
07 AAA 018,Renault,Boxer,3,24.4,2024-04-12,153,53.5
07 AAA 018,Renault,Boxer,3,24.4,2024-04-13,83,19.73
07 AAA 018,Renault,Boxer,3,24.4,2024-04-14,77,20.99
07 AAA 018,Renault,Boxer,3,24.4,2024-04-15,174,57.9
07 AAA 018,Renault,Boxer,3,24.4,2024-04-16,85,30.6
07 AAA 018,Renault,Boxer,3,24.4,2024-04-17,191,53.16
07 AAA 018,Renault,Boxer,3,24.4,2024-04-18,182,64.1
07 AAA 018,Renault,Boxer,3,24.4,2024-04-19,298,60.1
07 AAA 018,Renault,Boxer,3,24.4,2024-04-20,248,56.18
07 AAA 018,Renault,Boxer,3,24.4,2024-04-21,83,27.61
07 AAA 018,Renault,Boxer,3,24.4,2024-04-22,222,74.21
07 AAA 018,Renault,Boxer,3,24.4,2024-04-23,70,15.98
07 AAA 018,Renault,Boxer,3,24.4,2024-04-24,139,27.93
07 AAA 018,Renault,Boxer,3,24.4,2024-04-25,55,12.58
07 AAA 018,Renault,Boxer,3,24.4,2024-04-26,70,23.44
07 AAA 018,Renault,Boxer,3,24.4,2024-04-27,89,24.77
07 AAA 018,Renault,Boxer,3,24.4,2024-04-28,224,63.53
07 AAA 018,Renault,Boxer,3,24.4,2024-04-29,195,43.23
07 AAA 019,Fiat,Caddy,3,25.52,2024-01-01,97,34.02
07 AAA 019,Fiat,Caddy,3,25.52,2024-01-02,87,22.01
07 AAA 019,Fiat,Caddy,3,25.52,2024-01-03,229,77.24
07 AAA 019,Fiat,Caddy,3,25.52,2024-01-04,255,79.42
07 AAA 019,Fiat,Caddy,3,25.52,2024-01-05,211,79.2
07 AAA 019,Fiat,Caddy,3,25.52,2024-01-06,115,36.82
07 AAA 019,Fiat,Caddy,3,25.52,2024-01-07,72,25.28
07 AAA 019,Fiat,Caddy,3,25.52,2024-01-08,111,24.92
07 AAA 019,Fiat,Caddy,3,25.52,2024-01-09,276,95.26
07 AAA 019,Fiat,Caddy,3,25.52,2024-01-10,109,25.87
07 AAA 019,Fiat,Caddy,3,25.52,2024-01-11,234,81.86
07 AAA 019,Fiat,Caddy,3,25.52,2024-01-12,276,93.2
07 AAA 019,Fiat,Caddy,3,25.52,2024-01-13,63,20.6
07 AAA 019,Fiat,Caddy,3,25.52,2024-01-14,242,56.85
07 AAA 019,Fiat,Caddy,3,25.52,2024-01-15,138,51.29
07 AAA 019,Fiat,Caddy,3,25.52,2024-01-16,258,71.93
07 AAA 019,Fiat,Caddy,3,25.52,2024-01-17,54,15.51
07 AAA 019,Fiat,Caddy,3,25.52,2024-01-18,296,104.79
07 AAA 019,Fiat,Caddy,3,25.52,2024-01-19,293,61.73
07 AAA 019,Fiat,Caddy,3,25.52,2024-01-20,276,58.47
07 AAA 019,Fiat,Caddy,3,25.52,2024-01-21,129,48.72
07 AAA 019,Fiat,Caddy,3,25.52,2024-01-22,56,12.73
07 AAA 019,Fiat,Caddy,3,25.52,2024-01-23,122,26.15
07 AAA 019,Fiat,Caddy,3,25.52,2024-01-24,89,20.13
07 AAA 019,Fiat,Caddy,3,25.52,2024-01-25,172,53.69
07 AAA 019,Fiat,Caddy,3,25.52,2024-01-26,197,57.33
07 AAA 019,Fiat,Caddy,3,25.52,2024-01-27,279,58.15
07 AAA 019,Fiat,Caddy,3,25.52,2024-01-28,138,42.3
07 AAA 019,Fiat,Caddy,3,25.52,2024-01-29,282,68.89
07 AAA 019,Fiat,Caddy,3,25.52,2024-01-30,103,34.24
07 AAA 019,Fiat,Caddy,3,25.52,2024-01-31,278,103.47
07 AAA 019,Fiat,Caddy,3,25.52,2024-02-01,106,28.31
07 AAA 019,Fiat,Caddy,3,25.52,2024-02-02,107,25.44
07 AAA 019,Fiat,Caddy,3,25.52,2024-02-03,181,56.01
07 AAA 019,Fiat,Caddy,3,25.52,2024-02-04,252,54.07
07 AAA 019,Fiat,Caddy,3,25.52,2024-02-05,300,103.29
07 AAA 019,Fiat,Caddy,3,25.52,2024-02-06,250,51.89
07 AAA 019,Fiat,Caddy,3,25.52,2024-02-07,145,52.23
07 AAA 019,Fiat,Caddy,3,25.52,2024-02-08,52,15.45
07 AAA 019,Fiat,Caddy,3,25.52,2024-02-09,194,68.13
07 AAA 019,Fiat,Caddy,3,25.52,2024-02-10,271,64.55
07 AAA 019,Fiat,Caddy,3,25.52,2024-02-11,105,32.41
07 AAA 019,Fiat,Caddy,3,25.52,2024-02-12,188,68.42
07 AAA 019,Fiat,Caddy,3,25.52,2024-02-13,64,21.8
07 AAA 019,Fiat,Caddy,3,25.52,2024-02-14,45,11.29
07 AAA 019,Fiat,Caddy,3,25.52,2024-02-15,136,36.03
07 AAA 019,Fiat,Caddy,3,25.52,2024-02-16,205,61.7
07 AAA 019,Fiat,Caddy,3,25.52,2024-02-17,268,60.05
07 AAA 019,Fiat,Caddy,3,25.52,2024-02-18,170,43.74
07 AAA 019,Fiat,Caddy,3,25.52,2024-02-19,173,58.23
07 AAA 019,Fiat,Caddy,3,25.52,2024-02-20,257,86.22
07 AAA 019,Fiat,Caddy,3,25.52,2024-02-21,287,77.19
07 AAA 019,Fiat,Caddy,3,25.52,2024-02-22,250,62.92
07 AAA 019,Fiat,Caddy,3,25.52,2024-02-23,100,34.28
07 AAA 019,Fiat,Caddy,3,25.52,2024-02-24,177,37.61
07 AAA 019,Fiat,Caddy,3,25.52,2024-02-25,237,75.3
07 AAA 019,Fiat,Caddy,3,25.52,2024-02-26,137,39.97
07 AAA 019,Fiat,Caddy,3,25.52,2024-02-27,100,37.35
07 AAA 019,Fiat,Caddy,3,25.52,2024-02-28,270,75.54
07 AAA 019,Fiat,Caddy,3,25.52,2024-02-29,195,46.78
07 AAA 019,Fiat,Caddy,3,25.52,2024-03-01,129,43.94
07 AAA 019,Fiat,Caddy,3,25.52,2024-03-02,256,64.56
07 AAA 019,Fiat,Caddy,3,25.52,2024-03-03,294,97.71
07 AAA 019,Fiat,Caddy,3,25.52,2024-03-04,180,68.29
07 AAA 019,Fiat,Caddy,3,25.52,2024-03-05,272,102.65
07 AAA 019,Fiat,Caddy,3,25.52,2024-03-06,93,21.28
07 AAA 019,Fiat,Caddy,3,25.52,2024-03-07,280,73.51
07 AAA 019,Fiat,Caddy,3,25.52,2024-03-08,222,69.44
07 AAA 019,Fiat,Caddy,3,25.52,2024-03-09,138,32.89
07 AAA 019,Fiat,Caddy,3,25.52,2024-03-10,145,39.0
07 AAA 019,Fiat,Caddy,3,25.52,2024-03-11,221,61.58
07 AAA 019,Fiat,Caddy,3,25.52,2024-03-12,173,54.83
07 AAA 019,Fiat,Caddy,3,25.52,2024-03-13,120,41.69
07 AAA 019,Fiat,Caddy,3,25.52,2024-03-14,271,99.42
07 AAA 019,Fiat,Caddy,3,25.52,2024-03-15,104,28.99
07 AAA 019,Fiat,Caddy,3,25.52,2024-03-16,150,35.99
07 AAA 019,Fiat,Caddy,3,25.52,2024-03-17,96,28.79
07 AAA 019,Fiat,Caddy,3,25.52,2024-03-18,148,43.3
07 AAA 019,Fiat,Caddy,3,25.52,2024-03-19,276,84.68
07 AAA 019,Fiat,Caddy,3,25.52,2024-03-20,127,44.55
07 AAA 019,Fiat,Caddy,3,25.52,2024-03-21,80,29.78
07 AAA 019,Fiat,Caddy,3,25.52,2024-03-22,110,31.13
07 AAA 019,Fiat,Caddy,3,25.52,2024-03-23,166,37.52
07 AAA 019,Fiat,Caddy,3,25.52,2024-03-24,141,35.04
07 AAA 019,Fiat,Caddy,3,25.52,2024-03-25,66,23.52
07 AAA 019,Fiat,Caddy,3,25.52,2024-03-26,300,61.51
07 AAA 019,Fiat,Caddy,3,25.52,2024-03-27,67,18.98
07 AAA 019,Fiat,Caddy,3,25.52,2024-03-28,271,77.86
07 AAA 019,Fiat,Caddy,3,25.52,2024-03-29,71,23.91
07 AAA 019,Fiat,Caddy,3,25.52,2024-03-30,147,40.96
07 AAA 019,Fiat,Caddy,3,25.52,2024-03-31,165,60.19
07 AAA 019,Fiat,Caddy,3,25.52,2024-04-01,93,28.07
07 AAA 019,Fiat,Caddy,3,25.52,2024-04-02,246,52.15
07 AAA 019,Fiat,Caddy,3,25.52,2024-04-03,255,71.41
07 AAA 019,Fiat,Caddy,3,25.52,2024-04-04,84,25.02
07 AAA 019,Fiat,Caddy,3,25.52,2024-04-05,252,56.79
07 AAA 019,Fiat,Caddy,3,25.52,2024-04-06,83,29.44
07 AAA 019,Fiat,Caddy,3,25.52,2024-04-07,65,15.79
07 AAA 019,Fiat,Caddy,3,25.52,2024-04-08,282,93.54
07 AAA 019,Fiat,Caddy,3,25.52,2024-04-09,300,76.25
07 AAA 019,Fiat,Caddy,3,25.52,2024-04-10,256,75.49
07 AAA 019,Fiat,Caddy,3,25.52,2024-04-11,111,39.52
07 AAA 019,Fiat,Caddy,3,25.52,2024-04-12,188,60.54
07 AAA 019,Fiat,Caddy,3,25.52,2024-04-13,90,19.9
07 AAA 019,Fiat,Caddy,3,25.52,2024-04-14,258,59.9
07 AAA 019,Fiat,Caddy,3,25.52,2024-04-15,238,53.68
07 AAA 019,Fiat,Caddy,3,25.52,2024-04-16,82,23.56
07 AAA 019,Fiat,Caddy,3,25.52,2024-04-17,144,33.14
07 AAA 019,Fiat,Caddy,3,25.52,2024-04-18,279,66.97
07 AAA 019,Fiat,Caddy,3,25.52,2024-04-19,119,41.55
07 AAA 019,Fiat,Caddy,3,25.52,2024-04-20,127,26.04
07 AAA 019,Fiat,Caddy,3,25.52,2024-04-21,100,31.61
07 AAA 019,Fiat,Caddy,3,25.52,2024-04-22,263,57.22
07 AAA 019,Fiat,Caddy,3,25.52,2024-04-23,68,17.05
07 AAA 019,Fiat,Caddy,3,25.52,2024-04-24,163,55.84
07 AAA 019,Fiat,Caddy,3,25.52,2024-04-25,232,81.94
07 AAA 019,Fiat,Caddy,3,25.52,2024-04-26,185,51.37
07 AAA 019,Fiat,Caddy,3,25.52,2024-04-27,145,49.45
07 AAA 019,Fiat,Caddy,3,25.52,2024-04-28,157,45.55
07 AAA 019,Fiat,Caddy,3,25.52,2024-04-29,292,67.56
07 AAA 020,Volkswagen,Atego,1,12.63,2024-01-01,84,11.04
07 AAA 020,Volkswagen,Atego,1,12.63,2024-01-02,225,26.77
07 AAA 020,Volkswagen,Atego,1,12.63,2024-01-03,203,29.45
07 AAA 020,Volkswagen,Atego,1,12.63,2024-01-04,106,18.48
07 AAA 020,Volkswagen,Atego,1,12.63,2024-01-05,71,12.22
07 AAA 020,Volkswagen,Atego,1,12.63,2024-01-06,87,13.4
07 AAA 020,Volkswagen,Atego,1,12.63,2024-01-07,162,20.72
07 AAA 020,Volkswagen,Atego,1,12.63,2024-01-08,115,17.3
07 AAA 020,Volkswagen,Atego,1,12.63,2024-01-09,117,16.91
07 AAA 020,Volkswagen,Atego,1,12.63,2024-01-10,264,38.55
07 AAA 020,Volkswagen,Atego,1,12.63,2024-01-11,92,16.65
07 AAA 020,Volkswagen,Atego,1,12.63,2024-01-12,161,23.63
07 AAA 020,Volkswagen,Atego,1,12.63,2024-01-13,261,40.44
07 AAA 020,Volkswagen,Atego,1,12.63,2024-01-14,49,7.58
07 AAA 020,Volkswagen,Atego,1,12.63,2024-01-15,192,20.94
07 AAA 020,Volkswagen,Atego,1,12.63,2024-01-16,245,43.82
07 AAA 020,Volkswagen,Atego,1,12.63,2024-01-17,87,12.56
07 AAA 020,Volkswagen,Atego,1,12.63,2024-01-18,175,30.35
07 AAA 020,Volkswagen,Atego,1,12.63,2024-01-19,226,40.95
07 AAA 020,Volkswagen,Atego,1,12.63,2024-01-20,61,6.66
07 AAA 020,Volkswagen,Atego,1,12.63,2024-01-21,159,26.83
07 AAA 020,Volkswagen,Atego,1,12.63,2024-01-22,47,5.6
07 AAA 020,Volkswagen,Atego,1,12.63,2024-01-23,152,27.21
07 AAA 020,Volkswagen,Atego,1,12.63,2024-01-24,200,24.67
07 AAA 020,Volkswagen,Atego,1,12.63,2024-01-25,87,16.29
07 AAA 020,Volkswagen,Atego,1,12.63,2024-01-26,42,5.11
07 AAA 020,Volkswagen,Atego,1,12.63,2024-01-27,238,44.67
07 AAA 020,Volkswagen,Atego,1,12.63,2024-01-28,185,26.49
07 AAA 020,Volkswagen,Atego,1,12.63,2024-01-29,82,15.47
07 AAA 020,Volkswagen,Atego,1,12.63,2024-01-30,151,27.96
07 AAA 020,Volkswagen,Atego,1,12.63,2024-01-31,172,20.73
07 AAA 020,Volkswagen,Atego,1,12.63,2024-02-01,86,15.62
07 AAA 020,Volkswagen,Atego,1,12.63,2024-02-02,165,21.56
07 AAA 020,Volkswagen,Atego,1,12.63,2024-02-03,272,37.01
07 AAA 020,Volkswagen,Atego,1,12.63,2024-02-04,189,33.54
07 AAA 020,Volkswagen,Atego,1,12.63,2024-02-05,175,24.48
07 AAA 020,Volkswagen,Atego,1,12.63,2024-02-06,86,16.13
07 AAA 020,Volkswagen,Atego,1,12.63,2024-02-07,168,18.55
07 AAA 020,Volkswagen,Atego,1,12.63,2024-02-08,272,42.99
07 AAA 020,Volkswagen,Atego,1,12.63,2024-02-09,66,7.43
07 AAA 020,Volkswagen,Atego,1,12.63,2024-02-10,293,31.37
07 AAA 020,Volkswagen,Atego,1,12.63,2024-02-11,277,45.3
07 AAA 020,Volkswagen,Atego,1,12.63,2024-02-12,186,20.26
07 AAA 020,Volkswagen,Atego,1,12.63,2024-02-13,127,21.64
07 AAA 020,Volkswagen,Atego,1,12.63,2024-02-14,96,12.8
07 AAA 020,Volkswagen,Atego,1,12.63,2024-02-15,164,22.18
07 AAA 020,Volkswagen,Atego,1,12.63,2024-02-16,270,30.64
07 AAA 020,Volkswagen,Atego,1,12.63,2024-02-17,107,11.8
07 AAA 020,Volkswagen,Atego,1,12.63,2024-02-18,71,11.75
07 AAA 020,Volkswagen,Atego,1,12.63,2024-02-19,100,14.83
07 AAA 020,Volkswagen,Atego,1,12.63,2024-02-20,208,31.72
07 AAA 020,Volkswagen,Atego,1,12.63,2024-02-21,243,39.19
07 AAA 020,Volkswagen,Atego,1,12.63,2024-02-22,253,30.58
07 AAA 020,Volkswagen,Atego,1,12.63,2024-02-23,286,37.54
07 AAA 020,Volkswagen,Atego,1,12.63,2024-02-24,117,17.5
07 AAA 020,Volkswagen,Atego,1,12.63,2024-02-25,291,46.53
07 AAA 020,Volkswagen,Atego,1,12.63,2024-02-26,258,38.41
07 AAA 020,Volkswagen,Atego,1,12.63,2024-02-27,194,29.55
07 AAA 020,Volkswagen,Atego,1,12.63,2024-02-28,282,36.25
07 AAA 020,Volkswagen,Atego,1,12.63,2024-02-29,74,8.74
07 AAA 020,Volkswagen,Atego,1,12.63,2024-03-01,208,22.77
07 AAA 020,Volkswagen,Atego,1,12.63,2024-03-02,48,5.08
07 AAA 020,Volkswagen,Atego,1,12.63,2024-03-03,40,4.66
07 AAA 020,Volkswagen,Atego,1,12.63,2024-03-04,136,23.43
07 AAA 020,Volkswagen,Atego,1,12.63,2024-03-05,65,6.77
07 AAA 020,Volkswagen,Atego,1,12.63,2024-03-06,70,8.65
07 AAA 020,Volkswagen,Atego,1,12.63,2024-03-07,264,34.59
07 AAA 020,Volkswagen,Atego,1,12.63,2024-03-08,297,51.55
07 AAA 020,Volkswagen,Atego,1,12.63,2024-03-09,266,32.92
07 AAA 020,Volkswagen,Atego,1,12.63,2024-03-10,100,13.64
07 AAA 020,Volkswagen,Atego,1,12.63,2024-03-11,159,26.09
07 AAA 020,Volkswagen,Atego,1,12.63,2024-03-12,240,35.67
07 AAA 020,Volkswagen,Atego,1,12.63,2024-03-13,126,16.28
07 AAA 020,Volkswagen,Atego,1,12.63,2024-03-14,286,36.66
07 AAA 020,Volkswagen,Atego,1,12.63,2024-03-15,236,33.21
07 AAA 020,Volkswagen,Atego,1,12.63,2024-03-16,170,18.45
07 AAA 020,Volkswagen,Atego,1,12.63,2024-03-17,171,21.76
07 AAA 020,Volkswagen,Atego,1,12.63,2024-03-18,263,34.76
07 AAA 020,Volkswagen,Atego,1,12.63,2024-03-19,55,6.69
07 AAA 020,Volkswagen,Atego,1,12.63,2024-03-20,230,33.3
07 AAA 020,Volkswagen,Atego,1,12.63,2024-03-21,249,40.9
07 AAA 020,Volkswagen,Atego,1,12.63,2024-03-22,253,37.14
07 AAA 020,Volkswagen,Atego,1,12.63,2024-03-23,122,23.05
07 AAA 020,Volkswagen,Atego,1,12.63,2024-03-24,165,24.49
07 AAA 020,Volkswagen,Atego,1,12.63,2024-03-25,153,20.27
07 AAA 020,Volkswagen,Atego,1,12.63,2024-03-26,219,28.21
07 AAA 020,Volkswagen,Atego,1,12.63,2024-03-27,215,24.9
07 AAA 020,Volkswagen,Atego,1,12.63,2024-03-28,49,5.83
07 AAA 020,Volkswagen,Atego,1,12.63,2024-03-29,243,27.33
07 AAA 020,Volkswagen,Atego,1,12.63,2024-03-30,237,29.23
07 AAA 020,Volkswagen,Atego,1,12.63,2024-03-31,212,31.39
07 AAA 020,Volkswagen,Atego,1,12.63,2024-04-01,156,21.85
07 AAA 020,Volkswagen,Atego,1,12.63,2024-04-02,190,31.21
07 AAA 020,Volkswagen,Atego,1,12.63,2024-04-03,119,17.1
07 AAA 020,Volkswagen,Atego,1,12.63,2024-04-04,103,15.77
07 AAA 020,Volkswagen,Atego,1,12.63,2024-04-05,224,35.01
07 AAA 020,Volkswagen,Atego,1,12.63,2024-04-06,149,19.32
07 AAA 020,Volkswagen,Atego,1,12.63,2024-04-07,97,15.99
07 AAA 020,Volkswagen,Atego,1,12.63,2024-04-08,186,22.32
07 AAA 020,Volkswagen,Atego,1,12.63,2024-04-09,121,14.88
07 AAA 020,Volkswagen,Atego,1,12.63,2024-04-10,241,43.9
07 AAA 020,Volkswagen,Atego,1,12.63,2024-04-11,86,10.59
07 AAA 020,Volkswagen,Atego,1,12.63,2024-04-12,188,23.96
07 AAA 020,Volkswagen,Atego,1,12.63,2024-04-13,289,37.81
07 AAA 020,Volkswagen,Atego,1,12.63,2024-04-14,166,18.79
07 AAA 020,Volkswagen,Atego,1,12.63,2024-04-15,84,14.63
07 AAA 020,Volkswagen,Atego,1,12.63,2024-04-16,230,24.13
07 AAA 020,Volkswagen,Atego,1,12.63,2024-04-17,71,9.87
07 AAA 020,Volkswagen,Atego,1,12.63,2024-04-18,241,37.7
07 AAA 020,Volkswagen,Atego,1,12.63,2024-04-19,240,42.85
07 AAA 020,Volkswagen,Atego,1,12.63,2024-04-20,156,17.85
07 AAA 020,Volkswagen,Atego,1,12.63,2024-04-21,71,7.5
07 AAA 020,Volkswagen,Atego,1,12.63,2024-04-22,78,13.67
07 AAA 020,Volkswagen,Atego,1,12.63,2024-04-23,47,7.6
07 AAA 020,Volkswagen,Atego,1,12.63,2024-04-24,59,9.52
07 AAA 020,Volkswagen,Atego,1,12.63,2024-04-25,95,12.07
07 AAA 020,Volkswagen,Atego,1,12.63,2024-04-26,180,28.7
07 AAA 020,Volkswagen,Atego,1,12.63,2024-04-27,109,13.5
07 AAA 020,Volkswagen,Atego,1,12.63,2024-04-28,247,37.51
07 AAA 020,Volkswagen,Atego,1,12.63,2024-04-29,58,9.33
07 AAA 021,Mercedes,Caddy,3,24.52,2024-01-01,226,68.03
07 AAA 021,Mercedes,Caddy,3,24.52,2024-01-02,215,45.89
07 AAA 021,Mercedes,Caddy,3,24.52,2024-01-03,194,70.4
07 AAA 021,Mercedes,Caddy,3,24.52,2024-01-04,186,66.22
07 AAA 021,Mercedes,Caddy,3,24.52,2024-01-05,236,79.51
07 AAA 021,Mercedes,Caddy,3,24.52,2024-01-06,82,19.12
07 AAA 021,Mercedes,Caddy,3,24.52,2024-01-07,159,49.32
07 AAA 021,Mercedes,Caddy,3,24.52,2024-01-08,258,59.99
07 AAA 021,Mercedes,Caddy,3,24.52,2024-01-09,161,47.36
07 AAA 021,Mercedes,Caddy,3,24.52,2024-01-10,75,16.37
07 AAA 021,Mercedes,Caddy,3,24.52,2024-01-11,86,31.14
07 AAA 021,Mercedes,Caddy,3,24.52,2024-01-12,138,44.47
07 AAA 021,Mercedes,Caddy,3,24.52,2024-01-13,207,54.81
07 AAA 021,Mercedes,Caddy,3,24.52,2024-01-14,278,92.76
07 AAA 021,Mercedes,Caddy,3,24.52,2024-01-15,205,42.38
07 AAA 021,Mercedes,Caddy,3,24.52,2024-01-16,198,53.48
07 AAA 021,Mercedes,Caddy,3,24.52,2024-01-17,108,26.92
07 AAA 021,Mercedes,Caddy,3,24.52,2024-01-18,111,28.33
07 AAA 021,Mercedes,Caddy,3,24.52,2024-01-19,234,62.8
07 AAA 021,Mercedes,Caddy,3,24.52,2024-01-20,91,33.36
07 AAA 021,Mercedes,Caddy,3,24.52,2024-01-21,60,20.51
07 AAA 021,Mercedes,Caddy,3,24.52,2024-01-22,63,20.15
07 AAA 021,Mercedes,Caddy,3,24.52,2024-01-23,118,39.29
07 AAA 021,Mercedes,Caddy,3,24.52,2024-01-24,256,92.25
07 AAA 021,Mercedes,Caddy,3,24.52,2024-01-25,146,32.65
07 AAA 021,Mercedes,Caddy,3,24.52,2024-01-26,283,102.39
07 AAA 021,Mercedes,Caddy,3,24.52,2024-01-27,122,29.42
07 AAA 021,Mercedes,Caddy,3,24.52,2024-01-28,299,89.74
07 AAA 021,Mercedes,Caddy,3,24.52,2024-01-29,229,81.89
07 AAA 021,Mercedes,Caddy,3,24.52,2024-01-30,179,37.81
07 AAA 021,Mercedes,Caddy,3,24.52,2024-01-31,109,23.76
07 AAA 021,Mercedes,Caddy,3,24.52,2024-02-01,209,46.51
07 AAA 021,Mercedes,Caddy,3,24.52,2024-02-02,183,48.03
07 AAA 021,Mercedes,Caddy,3,24.52,2024-02-03,134,39.39
07 AAA 021,Mercedes,Caddy,3,24.52,2024-02-04,253,87.26
07 AAA 021,Mercedes,Caddy,3,24.52,2024-02-05,268,72.35
07 AAA 021,Mercedes,Caddy,3,24.52,2024-02-06,299,68.5
07 AAA 021,Mercedes,Caddy,3,24.52,2024-02-07,119,32.6
07 AAA 021,Mercedes,Caddy,3,24.52,2024-02-08,163,51.61
07 AAA 021,Mercedes,Caddy,3,24.52,2024-02-09,48,10.09
07 AAA 021,Mercedes,Caddy,3,24.52,2024-02-10,42,14.63
07 AAA 021,Mercedes,Caddy,3,24.52,2024-02-11,176,35.74
07 AAA 021,Mercedes,Caddy,3,24.52,2024-02-12,115,22.84
07 AAA 021,Mercedes,Caddy,3,24.52,2024-02-13,216,72.37
07 AAA 021,Mercedes,Caddy,3,24.52,2024-02-14,197,58.49
07 AAA 021,Mercedes,Caddy,3,24.52,2024-02-15,50,13.34
07 AAA 021,Mercedes,Caddy,3,24.52,2024-02-16,196,52.26
07 AAA 021,Mercedes,Caddy,3,24.52,2024-02-17,300,78.22
07 AAA 021,Mercedes,Caddy,3,24.52,2024-02-18,287,82.41
07 AAA 021,Mercedes,Caddy,3,24.52,2024-02-19,95,28.84
07 AAA 021,Mercedes,Caddy,3,24.52,2024-02-20,244,67.94
07 AAA 021,Mercedes,Caddy,3,24.52,2024-02-21,263,54.36
07 AAA 021,Mercedes,Caddy,3,24.52,2024-02-22,88,22.86
07 AAA 021,Mercedes,Caddy,3,24.52,2024-02-23,74,25.67
07 AAA 021,Mercedes,Caddy,3,24.52,2024-02-24,151,32.26
07 AAA 021,Mercedes,Caddy,3,24.52,2024-02-25,277,90.11
07 AAA 021,Mercedes,Caddy,3,24.52,2024-02-26,240,55.0
07 AAA 021,Mercedes,Caddy,3,24.52,2024-02-27,150,45.69
07 AAA 021,Mercedes,Caddy,3,24.52,2024-02-28,46,16.33
07 AAA 021,Mercedes,Caddy,3,24.52,2024-02-29,147,45.26
07 AAA 021,Mercedes,Caddy,3,24.52,2024-03-01,107,37.22
07 AAA 021,Mercedes,Caddy,3,24.52,2024-03-02,71,15.83
07 AAA 021,Mercedes,Caddy,3,24.52,2024-03-03,248,88.7
07 AAA 021,Mercedes,Caddy,3,24.52,2024-03-04,157,40.81
07 AAA 021,Mercedes,Caddy,3,24.52,2024-03-05,198,49.67
07 AAA 021,Mercedes,Caddy,3,24.52,2024-03-06,179,52.79
07 AAA 021,Mercedes,Caddy,3,24.52,2024-03-07,159,41.03
07 AAA 021,Mercedes,Caddy,3,24.52,2024-03-08,222,65.51
07 AAA 021,Mercedes,Caddy,3,24.52,2024-03-09,296,58.19
07 AAA 021,Mercedes,Caddy,3,24.52,2024-03-10,227,74.15
07 AAA 021,Mercedes,Caddy,3,24.52,2024-03-11,266,54.64
07 AAA 021,Mercedes,Caddy,3,24.52,2024-03-12,215,50.75
07 AAA 021,Mercedes,Caddy,3,24.52,2024-03-13,133,36.53
07 AAA 021,Mercedes,Caddy,3,24.52,2024-03-14,48,10.13
07 AAA 021,Mercedes,Caddy,3,24.52,2024-03-15,166,34.41
07 AAA 021,Mercedes,Caddy,3,24.52,2024-03-16,137,41.33
07 AAA 021,Mercedes,Caddy,3,24.52,2024-03-17,203,51.27
07 AAA 021,Mercedes,Caddy,3,24.52,2024-03-18,272,86.89
07 AAA 021,Mercedes,Caddy,3,24.52,2024-03-19,42,12.43
07 AAA 021,Mercedes,Caddy,3,24.52,2024-03-20,74,20.36
07 AAA 021,Mercedes,Caddy,3,24.52,2024-03-21,236,75.49
07 AAA 021,Mercedes,Caddy,3,24.52,2024-03-22,222,61.73
07 AAA 021,Mercedes,Caddy,3,24.52,2024-03-23,102,26.49
07 AAA 021,Mercedes,Caddy,3,24.52,2024-03-24,223,73.35
07 AAA 021,Mercedes,Caddy,3,24.52,2024-03-25,242,61.49
07 AAA 021,Mercedes,Caddy,3,24.52,2024-03-26,281,77.12
07 AAA 021,Mercedes,Caddy,3,24.52,2024-03-27,67,17.23
07 AAA 021,Mercedes,Caddy,3,24.52,2024-03-28,49,15.8
07 AAA 021,Mercedes,Caddy,3,24.52,2024-03-29,284,86.31
07 AAA 021,Mercedes,Caddy,3,24.52,2024-03-30,226,53.44
07 AAA 021,Mercedes,Caddy,3,24.52,2024-03-31,112,28.74
07 AAA 021,Mercedes,Caddy,3,24.52,2024-04-01,71,18.24
07 AAA 021,Mercedes,Caddy,3,24.52,2024-04-02,48,16.54
07 AAA 021,Mercedes,Caddy,3,24.52,2024-04-03,57,11.76
07 AAA 021,Mercedes,Caddy,3,24.52,2024-04-04,189,67.4
07 AAA 021,Mercedes,Caddy,3,24.52,2024-04-05,249,52.53
07 AAA 021,Mercedes,Caddy,3,24.52,2024-04-06,143,35.82
07 AAA 021,Mercedes,Caddy,3,24.52,2024-04-07,162,45.65
07 AAA 021,Mercedes,Caddy,3,24.52,2024-04-08,116,39.41
07 AAA 021,Mercedes,Caddy,3,24.52,2024-04-09,133,26.17
07 AAA 021,Mercedes,Caddy,3,24.52,2024-04-10,124,27.57
07 AAA 021,Mercedes,Caddy,3,24.52,2024-04-11,130,40.17
07 AAA 021,Mercedes,Caddy,3,24.52,2024-04-12,219,64.25
07 AAA 021,Mercedes,Caddy,3,24.52,2024-04-13,215,54.14
07 AAA 021,Mercedes,Caddy,3,24.52,2024-04-14,163,57.6
07 AAA 021,Mercedes,Caddy,3,24.52,2024-04-15,59,15.08
07 AAA 021,Mercedes,Caddy,3,24.52,2024-04-16,191,57.97
07 AAA 021,Mercedes,Caddy,3,24.52,2024-04-17,42,12.29
07 AAA 021,Mercedes,Caddy,3,24.52,2024-04-18,113,33.36
07 AAA 021,Mercedes,Caddy,3,24.52,2024-04-19,266,64.07
07 AAA 021,Mercedes,Caddy,3,24.52,2024-04-20,250,70.42
07 AAA 021,Mercedes,Caddy,3,24.52,2024-04-21,273,62.18
07 AAA 021,Mercedes,Caddy,3,24.52,2024-04-22,70,17.75
07 AAA 021,Mercedes,Caddy,3,24.52,2024-04-23,80,16.8
07 AAA 021,Mercedes,Caddy,3,24.52,2024-04-24,168,47.46
07 AAA 021,Mercedes,Caddy,3,24.52,2024-04-25,162,46.41
07 AAA 021,Mercedes,Caddy,3,24.52,2024-04-26,212,52.37
07 AAA 021,Mercedes,Caddy,3,24.52,2024-04-27,96,29.15
07 AAA 021,Mercedes,Caddy,3,24.52,2024-04-28,100,28.35
07 AAA 021,Mercedes,Caddy,3,24.52,2024-04-29,216,53.99
07 AAA 022,Mercedes,Atego,1,11.11,2024-01-01,86,8.49
07 AAA 022,Mercedes,Atego,1,11.11,2024-01-02,91,14.85
07 AAA 022,Mercedes,Atego,1,11.11,2024-01-03,161,23.28
07 AAA 022,Mercedes,Atego,1,11.11,2024-01-04,78,11.49
07 AAA 022,Mercedes,Atego,1,11.11,2024-01-05,153,17.73
07 AAA 022,Mercedes,Atego,1,11.11,2024-01-06,204,21.91
07 AAA 022,Mercedes,Atego,1,11.11,2024-01-07,180,29.19
07 AAA 022,Mercedes,Atego,1,11.11,2024-01-08,273,44.62
07 AAA 022,Mercedes,Atego,1,11.11,2024-01-09,185,20.54
07 AAA 022,Mercedes,Atego,1,11.11,2024-01-10,78,9.05
07 AAA 022,Mercedes,Atego,1,11.11,2024-01-11,228,31.89
07 AAA 022,Mercedes,Atego,1,11.11,2024-01-12,163,21.32
07 AAA 022,Mercedes,Atego,1,11.11,2024-01-13,206,22.9
07 AAA 022,Mercedes,Atego,1,11.11,2024-01-14,108,14.92
07 AAA 022,Mercedes,Atego,1,11.11,2024-01-15,130,11.6
07 AAA 022,Mercedes,Atego,1,11.11,2024-01-16,299,28.14
07 AAA 022,Mercedes,Atego,1,11.11,2024-01-17,294,42.69
07 AAA 022,Mercedes,Atego,1,11.11,2024-01-18,80,11.35
07 AAA 022,Mercedes,Atego,1,11.11,2024-01-19,150,24.32
07 AAA 022,Mercedes,Atego,1,11.11,2024-01-20,282,27.97
07 AAA 022,Mercedes,Atego,1,11.11,2024-01-21,220,26.94
07 AAA 022,Mercedes,Atego,1,11.11,2024-01-22,205,24.47
07 AAA 022,Mercedes,Atego,1,11.11,2024-01-23,92,11.88
07 AAA 022,Mercedes,Atego,1,11.11,2024-01-24,225,24.68
07 AAA 022,Mercedes,Atego,1,11.11,2024-01-25,139,19.56
07 AAA 022,Mercedes,Atego,1,11.11,2024-01-26,143,22.9
07 AAA 022,Mercedes,Atego,1,11.11,2024-01-27,234,28.21
07 AAA 022,Mercedes,Atego,1,11.11,2024-01-28,185,23.92
07 AAA 022,Mercedes,Atego,1,11.11,2024-01-29,271,31.02
07 AAA 022,Mercedes,Atego,1,11.11,2024-01-30,151,19.88
07 AAA 022,Mercedes,Atego,1,11.11,2024-01-31,125,13.48
07 AAA 022,Mercedes,Atego,1,11.11,2024-02-01,280,39.03
07 AAA 022,Mercedes,Atego,1,11.11,2024-02-02,268,38.36
07 AAA 022,Mercedes,Atego,1,11.11,2024-02-03,131,17.76
07 AAA 022,Mercedes,Atego,1,11.11,2024-02-04,273,38.75
07 AAA 022,Mercedes,Atego,1,11.11,2024-02-05,208,27.32
07 AAA 022,Mercedes,Atego,1,11.11,2024-02-06,216,25.46
07 AAA 022,Mercedes,Atego,1,11.11,2024-02-07,63,6.19
07 AAA 022,Mercedes,Atego,1,11.11,2024-02-08,102,12.49
07 AAA 022,Mercedes,Atego,1,11.11,2024-02-09,229,32.86
07 AAA 022,Mercedes,Atego,1,11.11,2024-02-10,196,31.17
07 AAA 022,Mercedes,Atego,1,11.11,2024-02-11,114,17.8
07 AAA 022,Mercedes,Atego,1,11.11,2024-02-12,163,15.29
07 AAA 022,Mercedes,Atego,1,11.11,2024-02-13,141,12.57
07 AAA 022,Mercedes,Atego,1,11.11,2024-02-14,104,13.89
07 AAA 022,Mercedes,Atego,1,11.11,2024-02-15,215,20.59
07 AAA 022,Mercedes,Atego,1,11.11,2024-02-16,272,39.08
07 AAA 022,Mercedes,Atego,1,11.11,2024-02-17,115,13.02
07 AAA 022,Mercedes,Atego,1,11.11,2024-02-18,137,16.74
07 AAA 022,Mercedes,Atego,1,11.11,2024-02-19,44,5.3
07 AAA 022,Mercedes,Atego,1,11.11,2024-02-20,199,21.3
07 AAA 022,Mercedes,Atego,1,11.11,2024-02-21,273,35.0
07 AAA 022,Mercedes,Atego,1,11.11,2024-02-22,155,25.16
07 AAA 022,Mercedes,Atego,1,11.11,2024-02-23,150,24.59
07 AAA 022,Mercedes,Atego,1,11.11,2024-02-24,58,5.81
07 AAA 022,Mercedes,Atego,1,11.11,2024-02-25,281,34.59
07 AAA 022,Mercedes,Atego,1,11.11,2024-02-26,284,42.34
07 AAA 022,Mercedes,Atego,1,11.11,2024-02-27,120,19.06
07 AAA 022,Mercedes,Atego,1,11.11,2024-02-28,242,31.65
07 AAA 022,Mercedes,Atego,1,11.11,2024-02-29,218,27.51
07 AAA 022,Mercedes,Atego,1,11.11,2024-03-01,58,8.23
07 AAA 022,Mercedes,Atego,1,11.11,2024-03-02,73,7.31
07 AAA 022,Mercedes,Atego,1,11.11,2024-03-03,223,24.14
07 AAA 022,Mercedes,Atego,1,11.11,2024-03-04,137,12.44
07 AAA 022,Mercedes,Atego,1,11.11,2024-03-05,129,20.82
07 AAA 022,Mercedes,Atego,1,11.11,2024-03-06,193,21.07
07 AAA 022,Mercedes,Atego,1,11.11,2024-03-07,105,11.98
07 AAA 022,Mercedes,Atego,1,11.11,2024-03-08,165,26.27
07 AAA 022,Mercedes,Atego,1,11.11,2024-03-09,54,7.36
07 AAA 022,Mercedes,Atego,1,11.11,2024-03-10,284,43.25
07 AAA 022,Mercedes,Atego,1,11.11,2024-03-11,185,28.87
07 AAA 022,Mercedes,Atego,1,11.11,2024-03-12,88,10.67
07 AAA 022,Mercedes,Atego,1,11.11,2024-03-13,45,6.7
07 AAA 022,Mercedes,Atego,1,11.11,2024-03-14,81,9.88
07 AAA 022,Mercedes,Atego,1,11.11,2024-03-15,286,26.24
07 AAA 022,Mercedes,Atego,1,11.11,2024-03-16,176,24.01
07 AAA 022,Mercedes,Atego,1,11.11,2024-03-17,137,15.47
07 AAA 022,Mercedes,Atego,1,11.11,2024-03-18,166,26.25
07 AAA 022,Mercedes,Atego,1,11.11,2024-03-19,215,20.35
07 AAA 022,Mercedes,Atego,1,11.11,2024-03-20,67,10.69
07 AAA 022,Mercedes,Atego,1,11.11,2024-03-21,268,41.28
07 AAA 022,Mercedes,Atego,1,11.11,2024-03-22,204,24.09
07 AAA 022,Mercedes,Atego,1,11.11,2024-03-23,138,22.67
07 AAA 022,Mercedes,Atego,1,11.11,2024-03-24,115,18.13
07 AAA 022,Mercedes,Atego,1,11.11,2024-03-25,66,10.04
07 AAA 022,Mercedes,Atego,1,11.11,2024-03-26,55,5.18
07 AAA 022,Mercedes,Atego,1,11.11,2024-03-27,52,7.27
07 AAA 022,Mercedes,Atego,1,11.11,2024-03-28,163,18.03
07 AAA 022,Mercedes,Atego,1,11.11,2024-03-29,259,38.46
07 AAA 022,Mercedes,Atego,1,11.11,2024-03-30,254,25.64
07 AAA 022,Mercedes,Atego,1,11.11,2024-03-31,211,27.35
07 AAA 022,Mercedes,Atego,1,11.11,2024-04-01,120,12.54
07 AAA 022,Mercedes,Atego,1,11.11,2024-04-02,263,34.5
07 AAA 022,Mercedes,Atego,1,11.11,2024-04-03,257,36.99
07 AAA 022,Mercedes,Atego,1,11.11,2024-04-04,257,34.27
07 AAA 022,Mercedes,Atego,1,11.11,2024-04-05,171,16.93
07 AAA 022,Mercedes,Atego,1,11.11,2024-04-06,256,39.17
07 AAA 022,Mercedes,Atego,1,11.11,2024-04-07,177,27.03
07 AAA 022,Mercedes,Atego,1,11.11,2024-04-08,203,30.32
07 AAA 022,Mercedes,Atego,1,11.11,2024-04-09,268,27.79
07 AAA 022,Mercedes,Atego,1,11.11,2024-04-10,96,9.39
07 AAA 022,Mercedes,Atego,1,11.11,2024-04-11,165,16.04
07 AAA 022,Mercedes,Atego,1,11.11,2024-04-12,147,22.61
07 AAA 022,Mercedes,Atego,1,11.11,2024-04-13,122,10.95
07 AAA 022,Mercedes,Atego,1,11.11,2024-04-14,115,14.46
07 AAA 022,Mercedes,Atego,1,11.11,2024-04-15,141,18.81
07 AAA 022,Mercedes,Atego,1,11.11,2024-04-16,153,18.17
07 AAA 022,Mercedes,Atego,1,11.11,2024-04-17,239,33.52
07 AAA 022,Mercedes,Atego,1,11.11,2024-04-18,177,20.24
07 AAA 022,Mercedes,Atego,1,11.11,2024-04-19,121,11.18
07 AAA 022,Mercedes,Atego,1,11.11,2024-04-20,217,28.58
07 AAA 022,Mercedes,Atego,1,11.11,2024-04-21,280,34.81
07 AAA 022,Mercedes,Atego,1,11.11,2024-04-22,219,28.76
07 AAA 022,Mercedes,Atego,1,11.11,2024-04-23,103,9.37
07 AAA 022,Mercedes,Atego,1,11.11,2024-04-24,70,7.61
07 AAA 022,Mercedes,Atego,1,11.11,2024-04-25,75,12.12
07 AAA 022,Mercedes,Atego,1,11.11,2024-04-26,265,36.51
07 AAA 022,Mercedes,Atego,1,11.11,2024-04-27,179,19.11
07 AAA 022,Mercedes,Atego,1,11.11,2024-04-28,108,10.01
07 AAA 022,Mercedes,Atego,1,11.11,2024-04-29,98,13.94
07 AAA 023,Peugeot,Doblo,2,10.82,2024-01-01,187,30.22
07 AAA 023,Peugeot,Doblo,2,10.82,2024-01-02,287,29.37
07 AAA 023,Peugeot,Doblo,2,10.82,2024-01-03,124,15.39
07 AAA 023,Peugeot,Doblo,2,10.82,2024-01-04,97,9.09
07 AAA 023,Peugeot,Doblo,2,10.82,2024-01-05,209,19.1
07 AAA 023,Peugeot,Doblo,2,10.82,2024-01-06,199,23.54
07 AAA 023,Peugeot,Doblo,2,10.82,2024-01-07,73,6.75
07 AAA 023,Peugeot,Doblo,2,10.82,2024-01-08,87,10.38
07 AAA 023,Peugeot,Doblo,2,10.82,2024-01-09,91,11.87
07 AAA 023,Peugeot,Doblo,2,10.82,2024-01-10,204,29.11
07 AAA 023,Peugeot,Doblo,2,10.82,2024-01-11,135,12.75
07 AAA 023,Peugeot,Doblo,2,10.82,2024-01-12,84,11.24
07 AAA 023,Peugeot,Doblo,2,10.82,2024-01-13,107,16.33
07 AAA 023,Peugeot,Doblo,2,10.82,2024-01-14,204,24.19
07 AAA 023,Peugeot,Doblo,2,10.82,2024-01-15,89,11.75
07 AAA 023,Peugeot,Doblo,2,10.82,2024-01-16,238,27.92
07 AAA 023,Peugeot,Doblo,2,10.82,2024-01-17,164,19.91
07 AAA 023,Peugeot,Doblo,2,10.82,2024-01-18,200,24.4
07 AAA 023,Peugeot,Doblo,2,10.82,2024-01-19,57,6.18
07 AAA 023,Peugeot,Doblo,2,10.82,2024-01-20,229,35.99
07 AAA 023,Peugeot,Doblo,2,10.82,2024-01-21,218,29.14
07 AAA 023,Peugeot,Doblo,2,10.82,2024-01-22,195,31.02
07 AAA 023,Peugeot,Doblo,2,10.82,2024-01-23,154,20.01
07 AAA 023,Peugeot,Doblo,2,10.82,2024-01-24,244,23.42
07 AAA 023,Peugeot,Doblo,2,10.82,2024-01-25,100,11.34
07 AAA 023,Peugeot,Doblo,2,10.82,2024-01-26,280,26.7
07 AAA 023,Peugeot,Doblo,2,10.82,2024-01-27,239,25.03
07 AAA 023,Peugeot,Doblo,2,10.82,2024-01-28,198,20.1
07 AAA 023,Peugeot,Doblo,2,10.82,2024-01-29,162,18.53
07 AAA 023,Peugeot,Doblo,2,10.82,2024-01-30,234,23.76
07 AAA 023,Peugeot,Doblo,2,10.82,2024-01-31,54,5.11
07 AAA 023,Peugeot,Doblo,2,10.82,2024-02-01,260,39.74
07 AAA 023,Peugeot,Doblo,2,10.82,2024-02-02,187,19.6
07 AAA 023,Peugeot,Doblo,2,10.82,2024-02-03,77,11.77
07 AAA 023,Peugeot,Doblo,2,10.82,2024-02-04,137,17.32
07 AAA 023,Peugeot,Doblo,2,10.82,2024-02-05,178,16.25
07 AAA 023,Peugeot,Doblo,2,10.82,2024-02-06,259,31.58
07 AAA 023,Peugeot,Doblo,2,10.82,2024-02-07,281,28.85
07 AAA 023,Peugeot,Doblo,2,10.82,2024-02-08,173,17.64
07 AAA 023,Peugeot,Doblo,2,10.82,2024-02-09,300,29.2
07 AAA 023,Peugeot,Doblo,2,10.82,2024-02-10,255,29.05
07 AAA 023,Peugeot,Doblo,2,10.82,2024-02-11,55,8.46
07 AAA 023,Peugeot,Doblo,2,10.82,2024-02-12,247,25.34
07 AAA 023,Peugeot,Doblo,2,10.82,2024-02-13,192,23.8
07 AAA 023,Peugeot,Doblo,2,10.82,2024-02-14,217,24.32
07 AAA 023,Peugeot,Doblo,2,10.82,2024-02-15,120,19.11
07 AAA 023,Peugeot,Doblo,2,10.82,2024-02-16,99,9.01
07 AAA 023,Peugeot,Doblo,2,10.82,2024-02-17,219,32.48
07 AAA 023,Peugeot,Doblo,2,10.82,2024-02-18,171,21.25
07 AAA 023,Peugeot,Doblo,2,10.82,2024-02-19,237,33.65
07 AAA 023,Peugeot,Doblo,2,10.82,2024-02-20,41,5.57
07 AAA 023,Peugeot,Doblo,2,10.82,2024-02-21,111,17.01
07 AAA 023,Peugeot,Doblo,2,10.82,2024-02-22,186,26.54
07 AAA 023,Peugeot,Doblo,2,10.82,2024-02-23,61,9.64
07 AAA 023,Peugeot,Doblo,2,10.82,2024-02-24,135,19.14
07 AAA 023,Peugeot,Doblo,2,10.82,2024-02-25,143,19.73
07 AAA 023,Peugeot,Doblo,2,10.82,2024-02-26,144,17.98
07 AAA 023,Peugeot,Doblo,2,10.82,2024-02-27,178,18.98
07 AAA 023,Peugeot,Doblo,2,10.82,2024-02-28,116,13.74
07 AAA 023,Peugeot,Doblo,2,10.82,2024-02-29,265,34.25
07 AAA 023,Peugeot,Doblo,2,10.82,2024-03-01,66,10.05
07 AAA 023,Peugeot,Doblo,2,10.82,2024-03-02,286,42.12
07 AAA 023,Peugeot,Doblo,2,10.82,2024-03-03,164,17.05
07 AAA 023,Peugeot,Doblo,2,10.82,2024-03-04,231,31.1
07 AAA 023,Peugeot,Doblo,2,10.82,2024-03-05,67,9.7
07 AAA 023,Peugeot,Doblo,2,10.82,2024-03-06,53,7.41
07 AAA 023,Peugeot,Doblo,2,10.82,2024-03-07,47,5.16
07 AAA 023,Peugeot,Doblo,2,10.82,2024-03-08,218,20.28
07 AAA 023,Peugeot,Doblo,2,10.82,2024-03-09,275,24.62
07 AAA 023,Peugeot,Doblo,2,10.82,2024-03-10,187,22.15
07 AAA 023,Peugeot,Doblo,2,10.82,2024-03-11,296,37.0
07 AAA 023,Peugeot,Doblo,2,10.82,2024-03-12,117,15.12
07 AAA 023,Peugeot,Doblo,2,10.82,2024-03-13,197,26.71
07 AAA 023,Peugeot,Doblo,2,10.82,2024-03-14,277,37.81
07 AAA 023,Peugeot,Doblo,2,10.82,2024-03-15,49,4.31
07 AAA 023,Peugeot,Doblo,2,10.82,2024-03-16,224,20.32
07 AAA 023,Peugeot,Doblo,2,10.82,2024-03-17,69,6.62
07 AAA 023,Peugeot,Doblo,2,10.82,2024-03-18,182,23.09
07 AAA 023,Peugeot,Doblo,2,10.82,2024-03-19,138,19.72
07 AAA 023,Peugeot,Doblo,2,10.82,2024-03-20,184,29.5
07 AAA 023,Peugeot,Doblo,2,10.82,2024-03-21,292,44.08
07 AAA 023,Peugeot,Doblo,2,10.82,2024-03-22,156,20.73
07 AAA 023,Peugeot,Doblo,2,10.82,2024-03-23,46,6.35
07 AAA 023,Peugeot,Doblo,2,10.82,2024-03-24,274,32.78
07 AAA 023,Peugeot,Doblo,2,10.82,2024-03-25,198,29.97
07 AAA 023,Peugeot,Doblo,2,10.82,2024-03-26,131,11.81
07 AAA 023,Peugeot,Doblo,2,10.82,2024-03-27,85,8.03
07 AAA 023,Peugeot,Doblo,2,10.82,2024-03-28,276,31.25
07 AAA 023,Peugeot,Doblo,2,10.82,2024-03-29,217,23.99
07 AAA 023,Peugeot,Doblo,2,10.82,2024-03-30,41,3.6
07 AAA 023,Peugeot,Doblo,2,10.82,2024-03-31,59,5.96
07 AAA 023,Peugeot,Doblo,2,10.82,2024-04-01,294,40.16
07 AAA 023,Peugeot,Doblo,2,10.82,2024-04-02,85,12.23
07 AAA 023,Peugeot,Doblo,2,10.82,2024-04-03,118,17.22
07 AAA 023,Peugeot,Doblo,2,10.82,2024-04-04,273,37.09
07 AAA 023,Peugeot,Doblo,2,10.82,2024-04-05,146,13.77
07 AAA 023,Peugeot,Doblo,2,10.82,2024-04-06,198,29.78
07 AAA 023,Peugeot,Doblo,2,10.82,2024-04-07,99,14.14
07 AAA 023,Peugeot,Doblo,2,10.82,2024-04-08,156,19.06
07 AAA 023,Peugeot,Doblo,2,10.82,2024-04-09,51,6.71
07 AAA 023,Peugeot,Doblo,2,10.82,2024-04-10,221,19.92
07 AAA 023,Peugeot,Doblo,2,10.82,2024-04-11,223,27.22
07 AAA 023,Peugeot,Doblo,2,10.82,2024-04-12,187,20.04
07 AAA 023,Peugeot,Doblo,2,10.82,2024-04-13,60,9.0
07 AAA 023,Peugeot,Doblo,2,10.82,2024-04-14,70,7.54
07 AAA 023,Peugeot,Doblo,2,10.82,2024-04-15,131,18.33
07 AAA 023,Peugeot,Doblo,2,10.82,2024-04-16,276,27.9
07 AAA 023,Peugeot,Doblo,2,10.82,2024-04-17,127,16.13
07 AAA 023,Peugeot,Doblo,2,10.82,2024-04-18,238,22.32
07 AAA 023,Peugeot,Doblo,2,10.82,2024-04-19,187,24.35
07 AAA 023,Peugeot,Doblo,2,10.82,2024-04-20,177,26.27
07 AAA 023,Peugeot,Doblo,2,10.82,2024-04-21,85,9.29
07 AAA 023,Peugeot,Doblo,2,10.82,2024-04-22,96,8.78
07 AAA 023,Peugeot,Doblo,2,10.82,2024-04-23,138,17.25
07 AAA 023,Peugeot,Doblo,2,10.82,2024-04-24,186,20.46
07 AAA 023,Peugeot,Doblo,2,10.82,2024-04-25,273,43.27
07 AAA 023,Peugeot,Doblo,2,10.82,2024-04-26,233,26.47
07 AAA 023,Peugeot,Doblo,2,10.82,2024-04-27,81,10.19
07 AAA 023,Peugeot,Doblo,2,10.82,2024-04-28,243,34.38
07 AAA 023,Peugeot,Doblo,2,10.82,2024-04-29,211,19.07
07 AAA 024,Peugeot,Fluence,4,7.46,2024-01-01,84,8.08
07 AAA 024,Peugeot,Fluence,4,7.46,2024-01-02,42,4.26
07 AAA 024,Peugeot,Fluence,4,7.46,2024-01-03,259,16.57
07 AAA 024,Peugeot,Fluence,4,7.46,2024-01-04,246,18.91
07 AAA 024,Peugeot,Fluence,4,7.46,2024-01-05,224,22.18
07 AAA 024,Peugeot,Fluence,4,7.46,2024-01-06,53,4.05
07 AAA 024,Peugeot,Fluence,4,7.46,2024-01-07,242,22.48
07 AAA 024,Peugeot,Fluence,4,7.46,2024-01-08,261,24.11
07 AAA 024,Peugeot,Fluence,4,7.46,2024-01-09,47,3.19
07 AAA 024,Peugeot,Fluence,4,7.46,2024-01-10,266,17.55
07 AAA 024,Peugeot,Fluence,4,7.46,2024-01-11,64,5.91
07 AAA 024,Peugeot,Fluence,4,7.46,2024-01-12,213,14.63
07 AAA 024,Peugeot,Fluence,4,7.46,2024-01-13,286,28.0
07 AAA 024,Peugeot,Fluence,4,7.46,2024-01-14,190,15.64
07 AAA 024,Peugeot,Fluence,4,7.46,2024-01-15,90,8.53
07 AAA 024,Peugeot,Fluence,4,7.46,2024-01-16,67,5.41
07 AAA 024,Peugeot,Fluence,4,7.46,2024-01-17,241,17.06
07 AAA 024,Peugeot,Fluence,4,7.46,2024-01-18,96,6.04
07 AAA 024,Peugeot,Fluence,4,7.46,2024-01-19,70,5.82
07 AAA 024,Peugeot,Fluence,4,7.46,2024-01-20,254,18.36
07 AAA 024,Peugeot,Fluence,4,7.46,2024-01-21,203,16.12
07 AAA 024,Peugeot,Fluence,4,7.46,2024-01-22,247,22.3
07 AAA 024,Peugeot,Fluence,4,7.46,2024-01-23,197,17.5
07 AAA 024,Peugeot,Fluence,4,7.46,2024-01-24,159,12.43
07 AAA 024,Peugeot,Fluence,4,7.46,2024-01-25,263,16.78
07 AAA 024,Peugeot,Fluence,4,7.46,2024-01-26,105,9.11
07 AAA 024,Peugeot,Fluence,4,7.46,2024-01-27,192,19.98
07 AAA 024,Peugeot,Fluence,4,7.46,2024-01-28,166,10.36
07 AAA 024,Peugeot,Fluence,4,7.46,2024-01-29,190,13.75
07 AAA 024,Peugeot,Fluence,4,7.46,2024-01-30,216,23.06
07 AAA 024,Peugeot,Fluence,4,7.46,2024-01-31,134,11.7
07 AAA 024,Peugeot,Fluence,4,7.46,2024-02-01,103,11.31
07 AAA 024,Peugeot,Fluence,4,7.46,2024-02-02,208,15.52
07 AAA 024,Peugeot,Fluence,4,7.46,2024-02-03,192,12.16
07 AAA 024,Peugeot,Fluence,4,7.46,2024-02-04,123,12.01
07 AAA 024,Peugeot,Fluence,4,7.46,2024-02-05,234,15.3
07 AAA 024,Peugeot,Fluence,4,7.46,2024-02-06,177,16.87
07 AAA 024,Peugeot,Fluence,4,7.46,2024-02-07,263,26.07
07 AAA 024,Peugeot,Fluence,4,7.46,2024-02-08,110,9.24
07 AAA 024,Peugeot,Fluence,4,7.46,2024-02-09,128,8.04
07 AAA 024,Peugeot,Fluence,4,7.46,2024-02-10,280,19.09
07 AAA 024,Peugeot,Fluence,4,7.46,2024-02-11,124,10.77
07 AAA 024,Peugeot,Fluence,4,7.46,2024-02-12,50,3.01
07 AAA 024,Peugeot,Fluence,4,7.46,2024-02-13,256,20.0
07 AAA 024,Peugeot,Fluence,4,7.46,2024-02-14,175,14.56
07 AAA 024,Peugeot,Fluence,4,7.46,2024-02-15,206,18.45
07 AAA 024,Peugeot,Fluence,4,7.46,2024-02-16,290,19.51
07 AAA 024,Peugeot,Fluence,4,7.46,2024-02-17,144,9.49
07 AAA 024,Peugeot,Fluence,4,7.46,2024-02-18,184,20.08
07 AAA 024,Peugeot,Fluence,4,7.46,2024-02-19,91,9.9
07 AAA 024,Peugeot,Fluence,4,7.46,2024-02-20,291,24.4
07 AAA 024,Peugeot,Fluence,4,7.46,2024-02-21,239,19.45
07 AAA 024,Peugeot,Fluence,4,7.46,2024-02-22,229,13.7
07 AAA 024,Peugeot,Fluence,4,7.46,2024-02-23,170,14.7
07 AAA 024,Peugeot,Fluence,4,7.46,2024-02-24,294,19.83
07 AAA 024,Peugeot,Fluence,4,7.46,2024-02-25,239,16.42
07 AAA 024,Peugeot,Fluence,4,7.46,2024-02-26,197,12.77
07 AAA 024,Peugeot,Fluence,4,7.46,2024-02-27,117,12.74
07 AAA 024,Peugeot,Fluence,4,7.46,2024-02-28,252,18.07
07 AAA 024,Peugeot,Fluence,4,7.46,2024-02-29,113,8.27
07 AAA 024,Peugeot,Fluence,4,7.46,2024-03-01,168,17.91
07 AAA 024,Peugeot,Fluence,4,7.46,2024-03-02,287,19.57
07 AAA 024,Peugeot,Fluence,4,7.46,2024-03-03,146,15.65
07 AAA 024,Peugeot,Fluence,4,7.46,2024-03-04,151,16.39
07 AAA 024,Peugeot,Fluence,4,7.46,2024-03-05,173,17.87
07 AAA 024,Peugeot,Fluence,4,7.46,2024-03-06,43,4.4
07 AAA 024,Peugeot,Fluence,4,7.46,2024-03-07,68,5.36
07 AAA 024,Peugeot,Fluence,4,7.46,2024-03-08,289,21.88
07 AAA 024,Peugeot,Fluence,4,7.46,2024-03-09,94,7.03
07 AAA 024,Peugeot,Fluence,4,7.46,2024-03-10,49,2.95
07 AAA 024,Peugeot,Fluence,4,7.46,2024-03-11,91,6.29
07 AAA 024,Peugeot,Fluence,4,7.46,2024-03-12,42,3.55
07 AAA 024,Peugeot,Fluence,4,7.46,2024-03-13,145,10.53
07 AAA 024,Peugeot,Fluence,4,7.46,2024-03-14,183,17.98
07 AAA 024,Peugeot,Fluence,4,7.46,2024-03-15,64,3.82
07 AAA 024,Peugeot,Fluence,4,7.46,2024-03-16,75,7.38
07 AAA 024,Peugeot,Fluence,4,7.46,2024-03-17,228,17.63
07 AAA 024,Peugeot,Fluence,4,7.46,2024-03-18,218,17.08
07 AAA 024,Peugeot,Fluence,4,7.46,2024-03-19,63,4.06
07 AAA 024,Peugeot,Fluence,4,7.46,2024-03-20,61,4.41
07 AAA 024,Peugeot,Fluence,4,7.46,2024-03-21,65,5.06
07 AAA 024,Peugeot,Fluence,4,7.46,2024-03-22,101,6.6
07 AAA 024,Peugeot,Fluence,4,7.46,2024-03-23,92,5.74
07 AAA 024,Peugeot,Fluence,4,7.46,2024-03-24,246,26.26
07 AAA 024,Peugeot,Fluence,4,7.46,2024-03-25,117,12.77
07 AAA 024,Peugeot,Fluence,4,7.46,2024-03-26,168,11.88
07 AAA 024,Peugeot,Fluence,4,7.46,2024-03-27,98,8.97
07 AAA 024,Peugeot,Fluence,4,7.46,2024-03-28,213,16.66
07 AAA 024,Peugeot,Fluence,4,7.46,2024-03-29,165,15.71
07 AAA 024,Peugeot,Fluence,4,7.46,2024-03-30,112,11.87
07 AAA 024,Peugeot,Fluence,4,7.46,2024-03-31,43,2.76
07 AAA 024,Peugeot,Fluence,4,7.46,2024-04-01,231,25.83
07 AAA 024,Peugeot,Fluence,4,7.46,2024-04-02,171,15.69
07 AAA 024,Peugeot,Fluence,4,7.46,2024-04-03,296,18.21
07 AAA 024,Peugeot,Fluence,4,7.46,2024-04-04,181,15.93
07 AAA 024,Peugeot,Fluence,4,7.46,2024-04-05,223,13.38
07 AAA 024,Peugeot,Fluence,4,7.46,2024-04-06,135,9.16
07 AAA 024,Peugeot,Fluence,4,7.46,2024-04-07,90,8.45
07 AAA 024,Peugeot,Fluence,4,7.46,2024-04-08,74,7.71
07 AAA 024,Peugeot,Fluence,4,7.46,2024-04-09,101,8.01
07 AAA 024,Peugeot,Fluence,4,7.46,2024-04-10,183,16.07
07 AAA 024,Peugeot,Fluence,4,7.46,2024-04-11,51,5.25
07 AAA 024,Peugeot,Fluence,4,7.46,2024-04-12,161,11.15
07 AAA 024,Peugeot,Fluence,4,7.46,2024-04-13,46,3.82
07 AAA 024,Peugeot,Fluence,4,7.46,2024-04-14,281,20.66
07 AAA 024,Peugeot,Fluence,4,7.46,2024-04-15,141,15.42
07 AAA 024,Peugeot,Fluence,4,7.46,2024-04-16,105,9.78
07 AAA 024,Peugeot,Fluence,4,7.46,2024-04-17,293,26.19
07 AAA 024,Peugeot,Fluence,4,7.46,2024-04-18,77,6.8
07 AAA 024,Peugeot,Fluence,4,7.46,2024-04-19,48,4.44
07 AAA 024,Peugeot,Fluence,4,7.46,2024-04-20,47,3.87
07 AAA 024,Peugeot,Fluence,4,7.46,2024-04-21,158,16.4
07 AAA 024,Peugeot,Fluence,4,7.46,2024-04-22,261,22.13
07 AAA 024,Peugeot,Fluence,4,7.46,2024-04-23,159,16.94
07 AAA 024,Peugeot,Fluence,4,7.46,2024-04-24,230,17.66
07 AAA 024,Peugeot,Fluence,4,7.46,2024-04-25,294,25.68
07 AAA 024,Peugeot,Fluence,4,7.46,2024-04-26,219,15.53
07 AAA 024,Peugeot,Fluence,4,7.46,2024-04-27,121,8.63
07 AAA 024,Peugeot,Fluence,4,7.46,2024-04-28,106,8.97
07 AAA 024,Peugeot,Fluence,4,7.46,2024-04-29,179,12.52
07 AAA 025,Renault,Boxer,1,11.11,2024-01-01,168,25.36
07 AAA 025,Renault,Boxer,1,11.11,2024-01-02,127,18.85
07 AAA 025,Renault,Boxer,1,11.11,2024-01-03,181,27.67
07 AAA 025,Renault,Boxer,1,11.11,2024-01-04,217,32.91
07 AAA 025,Renault,Boxer,1,11.11,2024-01-05,199,19.32
07 AAA 025,Renault,Boxer,1,11.11,2024-01-06,160,16.93
07 AAA 025,Renault,Boxer,1,11.11,2024-01-07,126,18.43
07 AAA 025,Renault,Boxer,1,11.11,2024-01-08,51,7.61
07 AAA 025,Renault,Boxer,1,11.11,2024-01-09,111,18.1
07 AAA 025,Renault,Boxer,1,11.11,2024-01-10,238,26.02
07 AAA 025,Renault,Boxer,1,11.11,2024-01-11,193,29.23
07 AAA 025,Renault,Boxer,1,11.11,2024-01-12,160,18.8
07 AAA 025,Renault,Boxer,1,11.11,2024-01-13,202,21.15
07 AAA 025,Renault,Boxer,1,11.11,2024-01-14,118,18.93
07 AAA 025,Renault,Boxer,1,11.11,2024-01-15,103,15.76
07 AAA 025,Renault,Boxer,1,11.11,2024-01-16,154,15.27
07 AAA 025,Renault,Boxer,1,11.11,2024-01-17,75,12.34
07 AAA 025,Renault,Boxer,1,11.11,2024-01-18,101,12.36
07 AAA 025,Renault,Boxer,1,11.11,2024-01-19,148,13.7
07 AAA 025,Renault,Boxer,1,11.11,2024-01-20,194,24.09
07 AAA 025,Renault,Boxer,1,11.11,2024-01-21,98,11.99
07 AAA 025,Renault,Boxer,1,11.11,2024-01-22,182,25.66
07 AAA 025,Renault,Boxer,1,11.11,2024-01-23,48,6.65
07 AAA 025,Renault,Boxer,1,11.11,2024-01-24,89,14.75
07 AAA 025,Renault,Boxer,1,11.11,2024-01-25,158,22.64
07 AAA 025,Renault,Boxer,1,11.11,2024-01-26,205,29.91
07 AAA 025,Renault,Boxer,1,11.11,2024-01-27,68,7.93
07 AAA 025,Renault,Boxer,1,11.11,2024-01-28,298,30.21
07 AAA 025,Renault,Boxer,1,11.11,2024-01-29,69,10.47
07 AAA 025,Renault,Boxer,1,11.11,2024-01-30,183,24.46
07 AAA 025,Renault,Boxer,1,11.11,2024-01-31,213,21.58
07 AAA 025,Renault,Boxer,1,11.11,2024-02-01,113,12.85
07 AAA 025,Renault,Boxer,1,11.11,2024-02-02,237,36.52
07 AAA 025,Renault,Boxer,1,11.11,2024-02-03,164,17.38
07 AAA 025,Renault,Boxer,1,11.11,2024-02-04,286,35.29
07 AAA 025,Renault,Boxer,1,11.11,2024-02-05,254,26.84
07 AAA 025,Renault,Boxer,1,11.11,2024-02-06,260,35.04
07 AAA 025,Renault,Boxer,1,11.11,2024-02-07,253,28.26
07 AAA 025,Renault,Boxer,1,11.11,2024-02-08,47,4.5
07 AAA 025,Renault,Boxer,1,11.11,2024-02-09,89,10.08
07 AAA 025,Renault,Boxer,1,11.11,2024-02-10,47,6.44
07 AAA 025,Renault,Boxer,1,11.11,2024-02-11,198,20.1
07 AAA 025,Renault,Boxer,1,11.11,2024-02-12,200,31.39
07 AAA 025,Renault,Boxer,1,11.11,2024-02-13,147,23.53
07 AAA 025,Renault,Boxer,1,11.11,2024-02-14,197,28.82
07 AAA 025,Renault,Boxer,1,11.11,2024-02-15,262,30.44
07 AAA 025,Renault,Boxer,1,11.11,2024-02-16,61,5.7
07 AAA 025,Renault,Boxer,1,11.11,2024-02-17,165,19.96
07 AAA 025,Renault,Boxer,1,11.11,2024-02-18,199,26.08
07 AAA 025,Renault,Boxer,1,11.11,2024-02-19,145,21.15
07 AAA 025,Renault,Boxer,1,11.11,2024-02-20,243,21.8
07 AAA 025,Renault,Boxer,1,11.11,2024-02-21,110,14.21
07 AAA 025,Renault,Boxer,1,11.11,2024-02-22,83,12.62
07 AAA 025,Renault,Boxer,1,11.11,2024-02-23,45,4.88
07 AAA 025,Renault,Boxer,1,11.11,2024-02-24,55,7.65
07 AAA 025,Renault,Boxer,1,11.11,2024-02-25,252,25.36
07 AAA 025,Renault,Boxer,1,11.11,2024-02-26,167,16.75
07 AAA 025,Renault,Boxer,1,11.11,2024-02-27,146,18.15
07 AAA 025,Renault,Boxer,1,11.11,2024-02-28,140,12.9
07 AAA 025,Renault,Boxer,1,11.11,2024-02-29,250,28.41
07 AAA 025,Renault,Boxer,1,11.11,2024-03-01,271,25.22
07 AAA 025,Renault,Boxer,1,11.11,2024-03-02,250,26.79
07 AAA 025,Renault,Boxer,1,11.11,2024-03-03,180,28.55
07 AAA 025,Renault,Boxer,1,11.11,2024-03-04,104,10.58
07 AAA 025,Renault,Boxer,1,11.11,2024-03-05,220,29.68
07 AAA 025,Renault,Boxer,1,11.11,2024-03-06,190,18.03
07 AAA 025,Renault,Boxer,1,11.11,2024-03-07,47,6.17
07 AAA 025,Renault,Boxer,1,11.11,2024-03-08,99,10.69
07 AAA 025,Renault,Boxer,1,11.11,2024-03-09,189,26.37
07 AAA 025,Renault,Boxer,1,11.11,2024-03-10,126,13.94
07 AAA 025,Renault,Boxer,1,11.11,2024-03-11,292,37.73
07 AAA 025,Renault,Boxer,1,11.11,2024-03-12,201,22.1
07 AAA 025,Renault,Boxer,1,11.11,2024-03-13,137,22.4
07 AAA 025,Renault,Boxer,1,11.11,2024-03-14,282,32.87
07 AAA 025,Renault,Boxer,1,11.11,2024-03-15,271,39.36
07 AAA 025,Renault,Boxer,1,11.11,2024-03-16,99,10.31
07 AAA 025,Renault,Boxer,1,11.11,2024-03-17,155,25.65
07 AAA 025,Renault,Boxer,1,11.11,2024-03-18,197,25.6
07 AAA 025,Renault,Boxer,1,11.11,2024-03-19,133,14.85
07 AAA 025,Renault,Boxer,1,11.11,2024-03-20,205,22.58
07 AAA 025,Renault,Boxer,1,11.11,2024-03-21,86,13.96
07 AAA 025,Renault,Boxer,1,11.11,2024-03-22,199,32.03
07 AAA 025,Renault,Boxer,1,11.11,2024-03-23,128,19.73
07 AAA 025,Renault,Boxer,1,11.11,2024-03-24,282,36.23
07 AAA 025,Renault,Boxer,1,11.11,2024-03-25,175,27.31
07 AAA 025,Renault,Boxer,1,11.11,2024-03-26,55,4.92
07 AAA 025,Renault,Boxer,1,11.11,2024-03-27,80,11.27
07 AAA 025,Renault,Boxer,1,11.11,2024-03-28,155,18.43
07 AAA 025,Renault,Boxer,1,11.11,2024-03-29,230,37.54
07 AAA 025,Renault,Boxer,1,11.11,2024-03-30,122,14.61
07 AAA 025,Renault,Boxer,1,11.11,2024-03-31,49,7.8
07 AAA 025,Renault,Boxer,1,11.11,2024-04-01,216,28.33
07 AAA 025,Renault,Boxer,1,11.11,2024-04-02,230,36.38
07 AAA 025,Renault,Boxer,1,11.11,2024-04-03,288,26.26
07 AAA 025,Renault,Boxer,1,11.11,2024-04-04,241,31.77
07 AAA 025,Renault,Boxer,1,11.11,2024-04-05,151,15.26
07 AAA 025,Renault,Boxer,1,11.11,2024-04-06,269,25.63
07 AAA 025,Renault,Boxer,1,11.11,2024-04-07,243,21.98
07 AAA 025,Renault,Boxer,1,11.11,2024-04-08,178,22.25
07 AAA 025,Renault,Boxer,1,11.11,2024-04-09,61,8.58
07 AAA 025,Renault,Boxer,1,11.11,2024-04-10,258,28.15
07 AAA 025,Renault,Boxer,1,11.11,2024-04-11,101,14.3
07 AAA 025,Renault,Boxer,1,11.11,2024-04-12,159,17.02
07 AAA 025,Renault,Boxer,1,11.11,2024-04-13,218,33.63
07 AAA 025,Renault,Boxer,1,11.11,2024-04-14,145,16.75
07 AAA 025,Renault,Boxer,1,11.11,2024-04-15,231,38.1
07 AAA 025,Renault,Boxer,1,11.11,2024-04-16,143,15.79
07 AAA 025,Renault,Boxer,1,11.11,2024-04-17,261,30.66
07 AAA 025,Renault,Boxer,1,11.11,2024-04-18,83,9.72
07 AAA 025,Renault,Boxer,1,11.11,2024-04-19,267,41.03
07 AAA 025,Renault,Boxer,1,11.11,2024-04-20,163,19.46
07 AAA 025,Renault,Boxer,1,11.11,2024-04-21,293,29.94
07 AAA 025,Renault,Boxer,1,11.11,2024-04-22,112,12.6
07 AAA 025,Renault,Boxer,1,11.11,2024-04-23,182,25.8
07 AAA 025,Renault,Boxer,1,11.11,2024-04-24,56,5.36
07 AAA 025,Renault,Boxer,1,11.11,2024-04-25,191,19.7
07 AAA 025,Renault,Boxer,1,11.11,2024-04-26,286,35.84
07 AAA 025,Renault,Boxer,1,11.11,2024-04-27,73,7.09
07 AAA 025,Renault,Boxer,1,11.11,2024-04-28,178,22.89
07 AAA 025,Renault,Boxer,1,11.11,2024-04-29,175,17.11
07 AAA 026,Fiat,Atego,4,8.89,2024-01-01,206,14.66
07 AAA 026,Fiat,Atego,4,8.89,2024-01-02,294,22.97
07 AAA 026,Fiat,Atego,4,8.89,2024-01-03,178,18.57
07 AAA 026,Fiat,Atego,4,8.89,2024-01-04,86,10.37
07 AAA 026,Fiat,Atego,4,8.89,2024-01-05,284,31.72
07 AAA 026,Fiat,Atego,4,8.89,2024-01-06,110,14.64
07 AAA 026,Fiat,Atego,4,8.89,2024-01-07,53,4.95
07 AAA 026,Fiat,Atego,4,8.89,2024-01-08,212,22.28
07 AAA 026,Fiat,Atego,4,8.89,2024-01-09,266,19.81
07 AAA 026,Fiat,Atego,4,8.89,2024-01-10,153,18.72
07 AAA 026,Fiat,Atego,4,8.89,2024-01-11,148,19.34
07 AAA 026,Fiat,Atego,4,8.89,2024-01-12,273,27.19
07 AAA 026,Fiat,Atego,4,8.89,2024-01-13,237,25.03
07 AAA 026,Fiat,Atego,4,8.89,2024-01-14,134,9.94
07 AAA 026,Fiat,Atego,4,8.89,2024-01-15,49,5.72
07 AAA 026,Fiat,Atego,4,8.89,2024-01-16,279,32.21
07 AAA 026,Fiat,Atego,4,8.89,2024-01-17,124,15.81
07 AAA 026,Fiat,Atego,4,8.89,2024-01-18,72,8.77
07 AAA 026,Fiat,Atego,4,8.89,2024-01-19,117,14.77
07 AAA 026,Fiat,Atego,4,8.89,2024-01-20,168,13.75
07 AAA 026,Fiat,Atego,4,8.89,2024-01-21,72,6.35
07 AAA 026,Fiat,Atego,4,8.89,2024-01-22,106,10.25
07 AAA 026,Fiat,Atego,4,8.89,2024-01-23,42,4.92
07 AAA 026,Fiat,Atego,4,8.89,2024-01-24,263,23.52
07 AAA 026,Fiat,Atego,4,8.89,2024-01-25,162,14.09
07 AAA 026,Fiat,Atego,4,8.89,2024-01-26,193,24.37
07 AAA 026,Fiat,Atego,4,8.89,2024-01-27,143,14.95
07 AAA 026,Fiat,Atego,4,8.89,2024-01-28,221,18.68
07 AAA 026,Fiat,Atego,4,8.89,2024-01-29,197,22.27
07 AAA 026,Fiat,Atego,4,8.89,2024-01-30,231,18.78
07 AAA 026,Fiat,Atego,4,8.89,2024-01-31,193,14.4
07 AAA 026,Fiat,Atego,4,8.89,2024-02-01,42,5.44
07 AAA 026,Fiat,Atego,4,8.89,2024-02-02,129,14.21
07 AAA 026,Fiat,Atego,4,8.89,2024-02-03,102,11.21
07 AAA 026,Fiat,Atego,4,8.89,2024-02-04,251,31.57
07 AAA 026,Fiat,Atego,4,8.89,2024-02-05,51,6.38
07 AAA 026,Fiat,Atego,4,8.89,2024-02-06,177,21.97
07 AAA 026,Fiat,Atego,4,8.89,2024-02-07,185,19.97
07 AAA 026,Fiat,Atego,4,8.89,2024-02-08,171,13.57
07 AAA 026,Fiat,Atego,4,8.89,2024-02-09,205,24.97
07 AAA 026,Fiat,Atego,4,8.89,2024-02-10,248,26.44
07 AAA 026,Fiat,Atego,4,8.89,2024-02-11,120,11.01
07 AAA 026,Fiat,Atego,4,8.89,2024-02-12,244,22.67
07 AAA 026,Fiat,Atego,4,8.89,2024-02-13,277,32.57
07 AAA 026,Fiat,Atego,4,8.89,2024-02-14,41,5.25
07 AAA 026,Fiat,Atego,4,8.89,2024-02-15,218,26.25
07 AAA 026,Fiat,Atego,4,8.89,2024-02-16,284,33.13
07 AAA 026,Fiat,Atego,4,8.89,2024-02-17,289,23.5
07 AAA 026,Fiat,Atego,4,8.89,2024-02-18,246,25.9
07 AAA 026,Fiat,Atego,4,8.89,2024-02-19,225,29.67
07 AAA 026,Fiat,Atego,4,8.89,2024-02-20,109,9.03
07 AAA 026,Fiat,Atego,4,8.89,2024-02-21,145,19.21
07 AAA 026,Fiat,Atego,4,8.89,2024-02-22,182,14.87
07 AAA 026,Fiat,Atego,4,8.89,2024-02-23,177,23.29
07 AAA 026,Fiat,Atego,4,8.89,2024-02-24,291,32.43
07 AAA 026,Fiat,Atego,4,8.89,2024-02-25,217,16.42
07 AAA 026,Fiat,Atego,4,8.89,2024-02-26,182,18.62
07 AAA 026,Fiat,Atego,4,8.89,2024-02-27,296,36.06
07 AAA 026,Fiat,Atego,4,8.89,2024-02-28,192,19.02
07 AAA 026,Fiat,Atego,4,8.89,2024-02-29,203,21.88
07 AAA 026,Fiat,Atego,4,8.89,2024-03-01,173,15.69
07 AAA 026,Fiat,Atego,4,8.89,2024-03-02,75,8.3
07 AAA 026,Fiat,Atego,4,8.89,2024-03-03,49,3.85
07 AAA 026,Fiat,Atego,4,8.89,2024-03-04,107,12.94
07 AAA 026,Fiat,Atego,4,8.89,2024-03-05,164,16.29
07 AAA 026,Fiat,Atego,4,8.89,2024-03-06,170,13.48
07 AAA 026,Fiat,Atego,4,8.89,2024-03-07,273,26.52
07 AAA 026,Fiat,Atego,4,8.89,2024-03-08,234,17.86
07 AAA 026,Fiat,Atego,4,8.89,2024-03-09,188,18.12
07 AAA 026,Fiat,Atego,4,8.89,2024-03-10,182,23.1
07 AAA 026,Fiat,Atego,4,8.89,2024-03-11,183,15.62
07 AAA 026,Fiat,Atego,4,8.89,2024-03-12,276,33.1
07 AAA 026,Fiat,Atego,4,8.89,2024-03-13,225,17.76
07 AAA 026,Fiat,Atego,4,8.89,2024-03-14,126,12.33
07 AAA 026,Fiat,Atego,4,8.89,2024-03-15,152,15.68
07 AAA 026,Fiat,Atego,4,8.89,2024-03-16,211,16.82
07 AAA 026,Fiat,Atego,4,8.89,2024-03-17,104,13.62
07 AAA 026,Fiat,Atego,4,8.89,2024-03-18,213,23.6
07 AAA 026,Fiat,Atego,4,8.89,2024-03-19,287,36.17
07 AAA 026,Fiat,Atego,4,8.89,2024-03-20,238,21.11
07 AAA 026,Fiat,Atego,4,8.89,2024-03-21,196,22.75
07 AAA 026,Fiat,Atego,4,8.89,2024-03-22,284,29.38
07 AAA 026,Fiat,Atego,4,8.89,2024-03-23,196,19.37
07 AAA 026,Fiat,Atego,4,8.89,2024-03-24,288,20.99
07 AAA 026,Fiat,Atego,4,8.89,2024-03-25,241,21.1
07 AAA 026,Fiat,Atego,4,8.89,2024-03-26,229,26.35
07 AAA 026,Fiat,Atego,4,8.89,2024-03-27,61,7.26
07 AAA 026,Fiat,Atego,4,8.89,2024-03-28,131,13.35
07 AAA 026,Fiat,Atego,4,8.89,2024-03-29,180,14.65
07 AAA 026,Fiat,Atego,4,8.89,2024-03-30,278,34.65
07 AAA 026,Fiat,Atego,4,8.89,2024-03-31,65,7.77
07 AAA 026,Fiat,Atego,4,8.89,2024-04-01,152,19.72
07 AAA 026,Fiat,Atego,4,8.89,2024-04-02,243,21.78
07 AAA 026,Fiat,Atego,4,8.89,2024-04-03,281,27.26
07 AAA 026,Fiat,Atego,4,8.89,2024-04-04,117,11.69
07 AAA 026,Fiat,Atego,4,8.89,2024-04-05,253,32.34
07 AAA 026,Fiat,Atego,4,8.89,2024-04-06,218,28.39
07 AAA 026,Fiat,Atego,4,8.89,2024-04-07,51,6.0
07 AAA 026,Fiat,Atego,4,8.89,2024-04-08,41,5.31
07 AAA 026,Fiat,Atego,4,8.89,2024-04-09,283,20.36
07 AAA 026,Fiat,Atego,4,8.89,2024-04-10,267,22.48
07 AAA 026,Fiat,Atego,4,8.89,2024-04-11,154,11.12
07 AAA 026,Fiat,Atego,4,8.89,2024-04-12,164,13.57
07 AAA 026,Fiat,Atego,4,8.89,2024-04-13,190,16.58
07 AAA 026,Fiat,Atego,4,8.89,2024-04-14,72,7.36
07 AAA 026,Fiat,Atego,4,8.89,2024-04-15,40,3.25
07 AAA 026,Fiat,Atego,4,8.89,2024-04-16,212,27.51
07 AAA 026,Fiat,Atego,4,8.89,2024-04-17,53,6.35
07 AAA 026,Fiat,Atego,4,8.89,2024-04-18,77,6.67
07 AAA 026,Fiat,Atego,4,8.89,2024-04-19,263,20.2
07 AAA 026,Fiat,Atego,4,8.89,2024-04-20,256,21.66
07 AAA 026,Fiat,Atego,4,8.89,2024-04-21,298,39.74
07 AAA 026,Fiat,Atego,4,8.89,2024-04-22,148,14.62
07 AAA 026,Fiat,Atego,4,8.89,2024-04-23,295,26.23
07 AAA 026,Fiat,Atego,4,8.89,2024-04-24,93,11.27
07 AAA 026,Fiat,Atego,4,8.89,2024-04-25,142,16.55
07 AAA 026,Fiat,Atego,4,8.89,2024-04-26,197,20.46
07 AAA 026,Fiat,Atego,4,8.89,2024-04-27,205,18.27
07 AAA 026,Fiat,Atego,4,8.89,2024-04-28,94,9.38
07 AAA 026,Fiat,Atego,4,8.89,2024-04-29,127,16.36
07 AAA 027,Volkswagen,Boxer,2,9.99,2024-01-01,50,6.32
07 AAA 027,Volkswagen,Boxer,2,9.99,2024-01-02,229,29.93
07 AAA 027,Volkswagen,Boxer,2,9.99,2024-01-03,108,11.18
07 AAA 027,Volkswagen,Boxer,2,9.99,2024-01-04,216,19.06
07 AAA 027,Volkswagen,Boxer,2,9.99,2024-01-05,165,17.13
07 AAA 027,Volkswagen,Boxer,2,9.99,2024-01-06,257,32.55
07 AAA 027,Volkswagen,Boxer,2,9.99,2024-01-07,294,38.57
07 AAA 027,Volkswagen,Boxer,2,9.99,2024-01-08,184,25.91
07 AAA 027,Volkswagen,Boxer,2,9.99,2024-01-09,241,26.22
07 AAA 027,Volkswagen,Boxer,2,9.99,2024-01-10,100,14.43
07 AAA 027,Volkswagen,Boxer,2,9.99,2024-01-11,184,21.71
07 AAA 027,Volkswagen,Boxer,2,9.99,2024-01-12,69,9.43
07 AAA 027,Volkswagen,Boxer,2,9.99,2024-01-13,68,8.21
07 AAA 027,Volkswagen,Boxer,2,9.99,2024-01-14,95,12.85
07 AAA 027,Volkswagen,Boxer,2,9.99,2024-01-15,299,37.9
07 AAA 027,Volkswagen,Boxer,2,9.99,2024-01-16,283,24.89
07 AAA 027,Volkswagen,Boxer,2,9.99,2024-01-17,130,14.9
07 AAA 027,Volkswagen,Boxer,2,9.99,2024-01-18,297,41.09
07 AAA 027,Volkswagen,Boxer,2,9.99,2024-01-19,189,16.17
07 AAA 027,Volkswagen,Boxer,2,9.99,2024-01-20,272,25.36
07 AAA 027,Volkswagen,Boxer,2,9.99,2024-01-21,152,20.73
07 AAA 027,Volkswagen,Boxer,2,9.99,2024-01-22,40,4.39
07 AAA 027,Volkswagen,Boxer,2,9.99,2024-01-23,257,37.8
07 AAA 027,Volkswagen,Boxer,2,9.99,2024-01-24,218,27.89
07 AAA 027,Volkswagen,Boxer,2,9.99,2024-01-25,80,11.0
07 AAA 027,Volkswagen,Boxer,2,9.99,2024-01-26,112,9.03
07 AAA 027,Volkswagen,Boxer,2,9.99,2024-01-27,104,14.41
07 AAA 027,Volkswagen,Boxer,2,9.99,2024-01-28,197,16.17
07 AAA 027,Volkswagen,Boxer,2,9.99,2024-01-29,200,26.29
07 AAA 027,Volkswagen,Boxer,2,9.99,2024-01-30,205,26.43
07 AAA 027,Volkswagen,Boxer,2,9.99,2024-01-31,140,17.14
07 AAA 027,Volkswagen,Boxer,2,9.99,2024-02-01,229,19.85
07 AAA 027,Volkswagen,Boxer,2,9.99,2024-02-02,63,6.92
07 AAA 027,Volkswagen,Boxer,2,9.99,2024-02-03,140,20.15
07 AAA 027,Volkswagen,Boxer,2,9.99,2024-02-04,228,33.95
07 AAA 027,Volkswagen,Boxer,2,9.99,2024-02-05,178,17.53
07 AAA 027,Volkswagen,Boxer,2,9.99,2024-02-06,66,9.53
07 AAA 027,Volkswagen,Boxer,2,9.99,2024-02-07,196,28.7
07 AAA 027,Volkswagen,Boxer,2,9.99,2024-02-08,189,19.97
07 AAA 027,Volkswagen,Boxer,2,9.99,2024-02-09,43,4.89
07 AAA 027,Volkswagen,Boxer,2,9.99,2024-02-10,281,36.14
07 AAA 027,Volkswagen,Boxer,2,9.99,2024-02-11,191,17.62
07 AAA 027,Volkswagen,Boxer,2,9.99,2024-02-12,242,26.94
07 AAA 027,Volkswagen,Boxer,2,9.99,2024-02-13,185,21.16
07 AAA 027,Volkswagen,Boxer,2,9.99,2024-02-14,255,22.41
07 AAA 027,Volkswagen,Boxer,2,9.99,2024-02-15,42,6.25
07 AAA 027,Volkswagen,Boxer,2,9.99,2024-02-16,135,15.31
07 AAA 027,Volkswagen,Boxer,2,9.99,2024-02-17,216,23.88
07 AAA 027,Volkswagen,Boxer,2,9.99,2024-02-18,197,19.6
07 AAA 027,Volkswagen,Boxer,2,9.99,2024-02-19,42,3.78
07 AAA 027,Volkswagen,Boxer,2,9.99,2024-02-20,66,5.59
07 AAA 027,Volkswagen,Boxer,2,9.99,2024-02-21,97,11.54
07 AAA 027,Volkswagen,Boxer,2,9.99,2024-02-22,218,26.87
07 AAA 027,Volkswagen,Boxer,2,9.99,2024-02-23,262,33.66
07 AAA 027,Volkswagen,Boxer,2,9.99,2024-02-24,292,26.02
07 AAA 027,Volkswagen,Boxer,2,9.99,2024-02-25,256,26.76
07 AAA 027,Volkswagen,Boxer,2,9.99,2024-02-26,113,15.15
07 AAA 027,Volkswagen,Boxer,2,9.99,2024-02-27,146,14.14
07 AAA 027,Volkswagen,Boxer,2,9.99,2024-02-28,98,10.86
07 AAA 027,Volkswagen,Boxer,2,9.99,2024-02-29,238,29.01
07 AAA 027,Volkswagen,Boxer,2,9.99,2024-03-01,58,7.99
07 AAA 027,Volkswagen,Boxer,2,9.99,2024-03-02,227,25.08
07 AAA 027,Volkswagen,Boxer,2,9.99,2024-03-03,222,21.11
07 AAA 027,Volkswagen,Boxer,2,9.99,2024-03-04,133,12.14
07 AAA 027,Volkswagen,Boxer,2,9.99,2024-03-05,118,12.94
07 AAA 027,Volkswagen,Boxer,2,9.99,2024-03-06,216,22.87
07 AAA 027,Volkswagen,Boxer,2,9.99,2024-03-07,111,13.65
07 AAA 027,Volkswagen,Boxer,2,9.99,2024-03-08,91,11.3
07 AAA 027,Volkswagen,Boxer,2,9.99,2024-03-09,259,29.63
07 AAA 027,Volkswagen,Boxer,2,9.99,2024-03-10,150,18.82
07 AAA 027,Volkswagen,Boxer,2,9.99,2024-03-11,123,17.66
07 AAA 027,Volkswagen,Boxer,2,9.99,2024-03-12,238,23.8
07 AAA 027,Volkswagen,Boxer,2,9.99,2024-03-13,217,20.58
07 AAA 027,Volkswagen,Boxer,2,9.99,2024-03-14,291,30.97
07 AAA 027,Volkswagen,Boxer,2,9.99,2024-03-15,254,32.67
07 AAA 027,Volkswagen,Boxer,2,9.99,2024-03-16,298,29.14
07 AAA 027,Volkswagen,Boxer,2,9.99,2024-03-17,114,16.39
07 AAA 027,Volkswagen,Boxer,2,9.99,2024-03-18,113,13.0
07 AAA 027,Volkswagen,Boxer,2,9.99,2024-03-19,247,29.44
07 AAA 027,Volkswagen,Boxer,2,9.99,2024-03-20,253,22.52
07 AAA 027,Volkswagen,Boxer,2,9.99,2024-03-21,103,13.92
07 AAA 027,Volkswagen,Boxer,2,9.99,2024-03-22,206,22.65
07 AAA 027,Volkswagen,Boxer,2,9.99,2024-03-23,201,26.51
07 AAA 027,Volkswagen,Boxer,2,9.99,2024-03-24,207,19.49
07 AAA 027,Volkswagen,Boxer,2,9.99,2024-03-25,264,30.76
07 AAA 027,Volkswagen,Boxer,2,9.99,2024-03-26,110,15.59
07 AAA 027,Volkswagen,Boxer,2,9.99,2024-03-27,79,8.89
07 AAA 027,Volkswagen,Boxer,2,9.99,2024-03-28,294,30.02
07 AAA 027,Volkswagen,Boxer,2,9.99,2024-03-29,247,29.05
07 AAA 027,Volkswagen,Boxer,2,9.99,2024-03-30,233,26.99
07 AAA 027,Volkswagen,Boxer,2,9.99,2024-03-31,250,36.83
07 AAA 027,Volkswagen,Boxer,2,9.99,2024-04-01,74,6.58
07 AAA 027,Volkswagen,Boxer,2,9.99,2024-04-02,54,6.36
07 AAA 027,Volkswagen,Boxer,2,9.99,2024-04-03,95,8.1
07 AAA 027,Volkswagen,Boxer,2,9.99,2024-04-04,84,9.73
07 AAA 027,Volkswagen,Boxer,2,9.99,2024-04-05,204,19.2
07 AAA 027,Volkswagen,Boxer,2,9.99,2024-04-06,183,23.3
07 AAA 027,Volkswagen,Boxer,2,9.99,2024-04-07,82,11.25
07 AAA 027,Volkswagen,Boxer,2,9.99,2024-04-08,84,7.59
07 AAA 027,Volkswagen,Boxer,2,9.99,2024-04-09,46,6.22
07 AAA 027,Volkswagen,Boxer,2,9.99,2024-04-10,146,15.95
07 AAA 027,Volkswagen,Boxer,2,9.99,2024-04-11,151,18.14
07 AAA 027,Volkswagen,Boxer,2,9.99,2024-04-12,189,16.67
07 AAA 027,Volkswagen,Boxer,2,9.99,2024-04-13,168,14.4
07 AAA 027,Volkswagen,Boxer,2,9.99,2024-04-14,139,16.08
07 AAA 027,Volkswagen,Boxer,2,9.99,2024-04-15,238,31.68
07 AAA 027,Volkswagen,Boxer,2,9.99,2024-04-16,205,17.06
07 AAA 027,Volkswagen,Boxer,2,9.99,2024-04-17,130,11.73
07 AAA 027,Volkswagen,Boxer,2,9.99,2024-04-18,135,14.5
07 AAA 027,Volkswagen,Boxer,2,9.99,2024-04-19,133,16.13
07 AAA 027,Volkswagen,Boxer,2,9.99,2024-04-20,182,15.63
07 AAA 027,Volkswagen,Boxer,2,9.99,2024-04-21,162,20.28
07 AAA 027,Volkswagen,Boxer,2,9.99,2024-04-22,198,17.31
07 AAA 027,Volkswagen,Boxer,2,9.99,2024-04-23,227,24.89
07 AAA 027,Volkswagen,Boxer,2,9.99,2024-04-24,243,19.8
07 AAA 027,Volkswagen,Boxer,2,9.99,2024-04-25,198,25.99
07 AAA 027,Volkswagen,Boxer,2,9.99,2024-04-26,86,10.25
07 AAA 027,Volkswagen,Boxer,2,9.99,2024-04-27,283,40.56
07 AAA 027,Volkswagen,Boxer,2,9.99,2024-04-28,248,20.05
07 AAA 027,Volkswagen,Boxer,2,9.99,2024-04-29,111,14.58
07 AAA 028,Fiat,Transit,1,11.78,2024-01-01,40,4.41
07 AAA 028,Fiat,Transit,1,11.78,2024-01-02,164,17.71
07 AAA 028,Fiat,Transit,1,11.78,2024-01-03,193,24.54
07 AAA 028,Fiat,Transit,1,11.78,2024-01-04,190,25.88
07 AAA 028,Fiat,Transit,1,11.78,2024-01-05,264,32.32
07 AAA 028,Fiat,Transit,1,11.78,2024-01-06,162,23.4
07 AAA 028,Fiat,Transit,1,11.78,2024-01-07,44,7.42
07 AAA 028,Fiat,Transit,1,11.78,2024-01-08,61,6.96
07 AAA 028,Fiat,Transit,1,11.78,2024-01-09,228,31.54
07 AAA 028,Fiat,Transit,1,11.78,2024-01-10,145,15.55
07 AAA 028,Fiat,Transit,1,11.78,2024-01-11,294,30.33
07 AAA 028,Fiat,Transit,1,11.78,2024-01-12,231,33.29
07 AAA 028,Fiat,Transit,1,11.78,2024-01-13,259,44.62
07 AAA 028,Fiat,Transit,1,11.78,2024-01-14,105,18.39
07 AAA 028,Fiat,Transit,1,11.78,2024-01-15,150,20.64
07 AAA 028,Fiat,Transit,1,11.78,2024-01-16,255,41.35
07 AAA 028,Fiat,Transit,1,11.78,2024-01-17,249,33.19
07 AAA 028,Fiat,Transit,1,11.78,2024-01-18,213,32.2
07 AAA 028,Fiat,Transit,1,11.78,2024-01-19,170,17.27
07 AAA 028,Fiat,Transit,1,11.78,2024-01-20,211,34.71
07 AAA 028,Fiat,Transit,1,11.78,2024-01-21,255,30.74
07 AAA 028,Fiat,Transit,1,11.78,2024-01-22,281,38.11
07 AAA 028,Fiat,Transit,1,11.78,2024-01-23,68,7.96
07 AAA 028,Fiat,Transit,1,11.78,2024-01-24,106,17.02
07 AAA 028,Fiat,Transit,1,11.78,2024-01-25,188,24.25
07 AAA 028,Fiat,Transit,1,11.78,2024-01-26,300,42.22
07 AAA 028,Fiat,Transit,1,11.78,2024-01-27,144,16.78
07 AAA 028,Fiat,Transit,1,11.78,2024-01-28,80,12.47
07 AAA 028,Fiat,Transit,1,11.78,2024-01-29,191,30.06
07 AAA 028,Fiat,Transit,1,11.78,2024-01-30,217,24.19
07 AAA 028,Fiat,Transit,1,11.78,2024-01-31,260,43.91
07 AAA 028,Fiat,Transit,1,11.78,2024-02-01,178,17.83
07 AAA 028,Fiat,Transit,1,11.78,2024-02-02,277,45.64
07 AAA 028,Fiat,Transit,1,11.78,2024-02-03,293,30.77
07 AAA 028,Fiat,Transit,1,11.78,2024-02-04,81,9.13
07 AAA 028,Fiat,Transit,1,11.78,2024-02-05,111,15.81
07 AAA 028,Fiat,Transit,1,11.78,2024-02-06,73,11.98
07 AAA 028,Fiat,Transit,1,11.78,2024-02-07,152,26.55
07 AAA 028,Fiat,Transit,1,11.78,2024-02-08,82,7.92
07 AAA 028,Fiat,Transit,1,11.78,2024-02-09,146,16.2
07 AAA 028,Fiat,Transit,1,11.78,2024-02-10,200,27.55
07 AAA 028,Fiat,Transit,1,11.78,2024-02-11,279,27.77
07 AAA 028,Fiat,Transit,1,11.78,2024-02-12,218,22.11
07 AAA 028,Fiat,Transit,1,11.78,2024-02-13,141,23.75
07 AAA 028,Fiat,Transit,1,11.78,2024-02-14,99,14.26
07 AAA 028,Fiat,Transit,1,11.78,2024-02-15,77,9.72
07 AAA 028,Fiat,Transit,1,11.78,2024-02-16,109,19.0
07 AAA 028,Fiat,Transit,1,11.78,2024-02-17,150,23.32
07 AAA 028,Fiat,Transit,1,11.78,2024-02-18,133,14.78
07 AAA 028,Fiat,Transit,1,11.78,2024-02-19,144,20.01
07 AAA 028,Fiat,Transit,1,11.78,2024-02-20,90,15.06
07 AAA 028,Fiat,Transit,1,11.78,2024-02-21,155,27.32
07 AAA 028,Fiat,Transit,1,11.78,2024-02-22,227,36.84
07 AAA 028,Fiat,Transit,1,11.78,2024-02-23,95,9.86
07 AAA 028,Fiat,Transit,1,11.78,2024-02-24,276,37.69
07 AAA 028,Fiat,Transit,1,11.78,2024-02-25,60,10.02
07 AAA 028,Fiat,Transit,1,11.78,2024-02-26,262,26.71
07 AAA 028,Fiat,Transit,1,11.78,2024-02-27,59,7.52
07 AAA 028,Fiat,Transit,1,11.78,2024-02-28,212,22.39
07 AAA 028,Fiat,Transit,1,11.78,2024-02-29,287,29.86
07 AAA 028,Fiat,Transit,1,11.78,2024-03-01,146,20.55
07 AAA 028,Fiat,Transit,1,11.78,2024-03-02,70,7.65
07 AAA 028,Fiat,Transit,1,11.78,2024-03-03,289,29.92
07 AAA 028,Fiat,Transit,1,11.78,2024-03-04,95,12.63
07 AAA 028,Fiat,Transit,1,11.78,2024-03-05,44,4.25
07 AAA 028,Fiat,Transit,1,11.78,2024-03-06,221,31.6
07 AAA 028,Fiat,Transit,1,11.78,2024-03-07,167,24.08
07 AAA 028,Fiat,Transit,1,11.78,2024-03-08,126,15.38
07 AAA 028,Fiat,Transit,1,11.78,2024-03-09,125,12.18
07 AAA 028,Fiat,Transit,1,11.78,2024-03-10,54,9.34
07 AAA 028,Fiat,Transit,1,11.78,2024-03-11,67,7.95
07 AAA 028,Fiat,Transit,1,11.78,2024-03-12,210,33.77
07 AAA 028,Fiat,Transit,1,11.78,2024-03-13,129,13.12
07 AAA 028,Fiat,Transit,1,11.78,2024-03-14,137,20.72
07 AAA 028,Fiat,Transit,1,11.78,2024-03-15,103,15.15
07 AAA 028,Fiat,Transit,1,11.78,2024-03-16,225,36.3
07 AAA 028,Fiat,Transit,1,11.78,2024-03-17,170,22.1
07 AAA 028,Fiat,Transit,1,11.78,2024-03-18,277,27.76
07 AAA 028,Fiat,Transit,1,11.78,2024-03-19,248,41.17
07 AAA 028,Fiat,Transit,1,11.78,2024-03-20,117,12.85
07 AAA 028,Fiat,Transit,1,11.78,2024-03-21,79,8.19
07 AAA 028,Fiat,Transit,1,11.78,2024-03-22,61,8.1
07 AAA 028,Fiat,Transit,1,11.78,2024-03-23,112,11.57
07 AAA 028,Fiat,Transit,1,11.78,2024-03-24,216,24.11
07 AAA 028,Fiat,Transit,1,11.78,2024-03-25,46,7.91
07 AAA 028,Fiat,Transit,1,11.78,2024-03-26,191,30.22
07 AAA 028,Fiat,Transit,1,11.78,2024-03-27,64,9.04
07 AAA 028,Fiat,Transit,1,11.78,2024-03-28,157,20.22
07 AAA 028,Fiat,Transit,1,11.78,2024-03-29,243,29.0
07 AAA 028,Fiat,Transit,1,11.78,2024-03-30,70,8.1
07 AAA 028,Fiat,Transit,1,11.78,2024-03-31,189,25.83
07 AAA 028,Fiat,Transit,1,11.78,2024-04-01,65,8.19
07 AAA 028,Fiat,Transit,1,11.78,2024-04-02,257,25.59
07 AAA 028,Fiat,Transit,1,11.78,2024-04-03,221,32.06
07 AAA 028,Fiat,Transit,1,11.78,2024-04-04,106,14.57
07 AAA 028,Fiat,Transit,1,11.78,2024-04-05,94,11.24
07 AAA 028,Fiat,Transit,1,11.78,2024-04-06,190,31.59
07 AAA 028,Fiat,Transit,1,11.78,2024-04-07,103,10.79
07 AAA 028,Fiat,Transit,1,11.78,2024-04-08,191,30.0
07 AAA 028,Fiat,Transit,1,11.78,2024-04-09,298,36.52
07 AAA 028,Fiat,Transit,1,11.78,2024-04-10,86,9.12
07 AAA 028,Fiat,Transit,1,11.78,2024-04-11,216,23.36
07 AAA 028,Fiat,Transit,1,11.78,2024-04-12,44,4.22
07 AAA 028,Fiat,Transit,1,11.78,2024-04-13,169,19.26
07 AAA 028,Fiat,Transit,1,11.78,2024-04-14,62,6.17
07 AAA 028,Fiat,Transit,1,11.78,2024-04-15,161,23.0
07 AAA 028,Fiat,Transit,1,11.78,2024-04-16,128,20.72
07 AAA 028,Fiat,Transit,1,11.78,2024-04-17,285,34.27
07 AAA 028,Fiat,Transit,1,11.78,2024-04-18,209,26.3
07 AAA 028,Fiat,Transit,1,11.78,2024-04-19,86,12.43
07 AAA 028,Fiat,Transit,1,11.78,2024-04-20,110,13.8
07 AAA 028,Fiat,Transit,1,11.78,2024-04-21,239,30.45
07 AAA 028,Fiat,Transit,1,11.78,2024-04-22,250,31.29
07 AAA 028,Fiat,Transit,1,11.78,2024-04-23,215,25.14
07 AAA 028,Fiat,Transit,1,11.78,2024-04-24,66,7.93
07 AAA 028,Fiat,Transit,1,11.78,2024-04-25,159,25.44
07 AAA 028,Fiat,Transit,1,11.78,2024-04-26,253,37.09
07 AAA 028,Fiat,Transit,1,11.78,2024-04-27,240,34.93
07 AAA 028,Fiat,Transit,1,11.78,2024-04-28,168,15.98
07 AAA 028,Fiat,Transit,1,11.78,2024-04-29,272,30.06
07 AAA 029,Renault,Doblo,4,8.54,2024-01-01,125,11.38
07 AAA 029,Renault,Doblo,4,8.54,2024-01-02,165,18.22
07 AAA 029,Renault,Doblo,4,8.54,2024-01-03,61,5.38
07 AAA 029,Renault,Doblo,4,8.54,2024-01-04,237,17.25
07 AAA 029,Renault,Doblo,4,8.54,2024-01-05,144,10.97
07 AAA 029,Renault,Doblo,4,8.54,2024-01-06,45,3.88
07 AAA 029,Renault,Doblo,4,8.54,2024-01-07,268,20.47
07 AAA 029,Renault,Doblo,4,8.54,2024-01-08,293,30.73
07 AAA 029,Renault,Doblo,4,8.54,2024-01-09,275,28.52
07 AAA 029,Renault,Doblo,4,8.54,2024-01-10,276,28.54
07 AAA 029,Renault,Doblo,4,8.54,2024-01-11,88,10.59
07 AAA 029,Renault,Doblo,4,8.54,2024-01-12,266,32.07
07 AAA 029,Renault,Doblo,4,8.54,2024-01-13,54,4.87
07 AAA 029,Renault,Doblo,4,8.54,2024-01-14,246,26.44
07 AAA 029,Renault,Doblo,4,8.54,2024-01-15,257,29.29
07 AAA 029,Renault,Doblo,4,8.54,2024-01-16,116,12.98
07 AAA 029,Renault,Doblo,4,8.54,2024-01-17,169,20.81
07 AAA 029,Renault,Doblo,4,8.54,2024-01-18,67,7.08
07 AAA 029,Renault,Doblo,4,8.54,2024-01-19,61,6.42
07 AAA 029,Renault,Doblo,4,8.54,2024-01-20,212,14.81
07 AAA 029,Renault,Doblo,4,8.54,2024-01-21,117,14.44
07 AAA 029,Renault,Doblo,4,8.54,2024-01-22,276,32.71
07 AAA 029,Renault,Doblo,4,8.54,2024-01-23,89,9.41
07 AAA 029,Renault,Doblo,4,8.54,2024-01-24,209,24.41
07 AAA 029,Renault,Doblo,4,8.54,2024-01-25,137,14.6
07 AAA 029,Renault,Doblo,4,8.54,2024-01-26,132,15.3
07 AAA 029,Renault,Doblo,4,8.54,2024-01-27,100,9.39
07 AAA 029,Renault,Doblo,4,8.54,2024-01-28,299,27.65
07 AAA 029,Renault,Doblo,4,8.54,2024-01-29,77,8.93
07 AAA 029,Renault,Doblo,4,8.54,2024-01-30,104,11.13
07 AAA 029,Renault,Doblo,4,8.54,2024-01-31,182,19.0
07 AAA 029,Renault,Doblo,4,8.54,2024-02-01,108,9.45
07 AAA 029,Renault,Doblo,4,8.54,2024-02-02,80,6.42
07 AAA 029,Renault,Doblo,4,8.54,2024-02-03,116,13.14
07 AAA 029,Renault,Doblo,4,8.54,2024-02-04,196,18.0
07 AAA 029,Renault,Doblo,4,8.54,2024-02-05,199,20.13
07 AAA 029,Renault,Doblo,4,8.54,2024-02-06,194,20.16
07 AAA 029,Renault,Doblo,4,8.54,2024-02-07,291,24.58
07 AAA 029,Renault,Doblo,4,8.54,2024-02-08,148,10.23
07 AAA 029,Renault,Doblo,4,8.54,2024-02-09,177,15.0
07 AAA 029,Renault,Doblo,4,8.54,2024-02-10,245,22.39
07 AAA 029,Renault,Doblo,4,8.54,2024-02-11,196,19.96
07 AAA 029,Renault,Doblo,4,8.54,2024-02-12,62,6.54
07 AAA 029,Renault,Doblo,4,8.54,2024-02-13,244,27.38
07 AAA 029,Renault,Doblo,4,8.54,2024-02-14,128,15.65
07 AAA 029,Renault,Doblo,4,8.54,2024-02-15,148,17.32
07 AAA 029,Renault,Doblo,4,8.54,2024-02-16,298,24.28
07 AAA 029,Renault,Doblo,4,8.54,2024-02-17,102,9.75
07 AAA 029,Renault,Doblo,4,8.54,2024-02-18,204,22.18
07 AAA 029,Renault,Doblo,4,8.54,2024-02-19,260,25.35
07 AAA 029,Renault,Doblo,4,8.54,2024-02-20,218,23.8
07 AAA 029,Renault,Doblo,4,8.54,2024-02-21,153,12.8
07 AAA 029,Renault,Doblo,4,8.54,2024-02-22,172,21.61
07 AAA 029,Renault,Doblo,4,8.54,2024-02-23,295,23.08
07 AAA 029,Renault,Doblo,4,8.54,2024-02-24,95,8.61
07 AAA 029,Renault,Doblo,4,8.54,2024-02-25,136,16.57
07 AAA 029,Renault,Doblo,4,8.54,2024-02-26,246,19.97
07 AAA 029,Renault,Doblo,4,8.54,2024-02-27,92,7.41
07 AAA 029,Renault,Doblo,4,8.54,2024-02-28,88,8.78
07 AAA 029,Renault,Doblo,4,8.54,2024-02-29,64,7.17
07 AAA 029,Renault,Doblo,4,8.54,2024-03-01,116,14.37
07 AAA 029,Renault,Doblo,4,8.54,2024-03-02,238,23.32
07 AAA 029,Renault,Doblo,4,8.54,2024-03-03,163,17.2
07 AAA 029,Renault,Doblo,4,8.54,2024-03-04,128,10.21
07 AAA 029,Renault,Doblo,4,8.54,2024-03-05,62,6.65
07 AAA 029,Renault,Doblo,4,8.54,2024-03-06,78,6.35
07 AAA 029,Renault,Doblo,4,8.54,2024-03-07,124,8.75
07 AAA 029,Renault,Doblo,4,8.54,2024-03-08,149,10.89
07 AAA 029,Renault,Doblo,4,8.54,2024-03-09,288,26.22
07 AAA 029,Renault,Doblo,4,8.54,2024-03-10,272,34.69
07 AAA 029,Renault,Doblo,4,8.54,2024-03-11,272,33.94
07 AAA 029,Renault,Doblo,4,8.54,2024-03-12,298,28.71
07 AAA 029,Renault,Doblo,4,8.54,2024-03-13,138,16.34
07 AAA 029,Renault,Doblo,4,8.54,2024-03-14,229,28.87
07 AAA 029,Renault,Doblo,4,8.54,2024-03-15,149,10.46
07 AAA 029,Renault,Doblo,4,8.54,2024-03-16,284,35.3
07 AAA 029,Renault,Doblo,4,8.54,2024-03-17,92,10.73
07 AAA 029,Renault,Doblo,4,8.54,2024-03-18,186,21.68
07 AAA 029,Renault,Doblo,4,8.54,2024-03-19,163,19.82
07 AAA 029,Renault,Doblo,4,8.54,2024-03-20,210,17.2
07 AAA 029,Renault,Doblo,4,8.54,2024-03-21,220,16.74
07 AAA 029,Renault,Doblo,4,8.54,2024-03-22,71,7.72
07 AAA 029,Renault,Doblo,4,8.54,2024-03-23,139,11.17
07 AAA 029,Renault,Doblo,4,8.54,2024-03-24,124,9.44
07 AAA 029,Renault,Doblo,4,8.54,2024-03-25,119,15.16
07 AAA 029,Renault,Doblo,4,8.54,2024-03-26,284,29.18
07 AAA 029,Renault,Doblo,4,8.54,2024-03-27,221,20.07
07 AAA 029,Renault,Doblo,4,8.54,2024-03-28,292,21.45
07 AAA 029,Renault,Doblo,4,8.54,2024-03-29,99,8.63
07 AAA 029,Renault,Doblo,4,8.54,2024-03-30,139,11.42
07 AAA 029,Renault,Doblo,4,8.54,2024-03-31,150,11.15
07 AAA 029,Renault,Doblo,4,8.54,2024-04-01,74,8.05
07 AAA 029,Renault,Doblo,4,8.54,2024-04-02,152,15.32
07 AAA 029,Renault,Doblo,4,8.54,2024-04-03,246,22.94
07 AAA 029,Renault,Doblo,4,8.54,2024-04-04,145,13.6
07 AAA 029,Renault,Doblo,4,8.54,2024-04-05,133,9.48
07 AAA 029,Renault,Doblo,4,8.54,2024-04-06,102,10.09
07 AAA 029,Renault,Doblo,4,8.54,2024-04-07,254,24.42
07 AAA 029,Renault,Doblo,4,8.54,2024-04-08,172,16.89
07 AAA 029,Renault,Doblo,4,8.54,2024-04-09,182,21.08
07 AAA 029,Renault,Doblo,4,8.54,2024-04-10,162,12.71
07 AAA 029,Renault,Doblo,4,8.54,2024-04-11,127,14.21
07 AAA 029,Renault,Doblo,4,8.54,2024-04-12,72,5.76
07 AAA 029,Renault,Doblo,4,8.54,2024-04-13,115,12.41
07 AAA 029,Renault,Doblo,4,8.54,2024-04-14,146,16.34
07 AAA 029,Renault,Doblo,4,8.54,2024-04-15,145,16.27
07 AAA 029,Renault,Doblo,4,8.54,2024-04-16,219,16.14
07 AAA 029,Renault,Doblo,4,8.54,2024-04-17,56,6.66
07 AAA 029,Renault,Doblo,4,8.54,2024-04-18,147,15.12
07 AAA 029,Renault,Doblo,4,8.54,2024-04-19,231,22.57
07 AAA 029,Renault,Doblo,4,8.54,2024-04-20,249,31.26
07 AAA 029,Renault,Doblo,4,8.54,2024-04-21,233,18.63
07 AAA 029,Renault,Doblo,4,8.54,2024-04-22,178,17.28
07 AAA 029,Renault,Doblo,4,8.54,2024-04-23,178,20.59
07 AAA 029,Renault,Doblo,4,8.54,2024-04-24,189,20.83
07 AAA 029,Renault,Doblo,4,8.54,2024-04-25,159,12.87
07 AAA 029,Renault,Doblo,4,8.54,2024-04-26,283,20.03
07 AAA 029,Renault,Doblo,4,8.54,2024-04-27,211,25.04
07 AAA 029,Renault,Doblo,4,8.54,2024-04-28,268,33.56
07 AAA 029,Renault,Doblo,4,8.54,2024-04-29,285,26.94
07 AAA 030,Volkswagen,Fluence,2,10.02,2024-01-01,120,16.84
07 AAA 030,Volkswagen,Fluence,2,10.02,2024-01-02,279,36.24
07 AAA 030,Volkswagen,Fluence,2,10.02,2024-01-03,138,12.57
07 AAA 030,Volkswagen,Fluence,2,10.02,2024-01-04,195,19.44
07 AAA 030,Volkswagen,Fluence,2,10.02,2024-01-05,248,30.83
07 AAA 030,Volkswagen,Fluence,2,10.02,2024-01-06,180,21.38
07 AAA 030,Volkswagen,Fluence,2,10.02,2024-01-07,180,18.47
07 AAA 030,Volkswagen,Fluence,2,10.02,2024-01-08,255,21.46
07 AAA 030,Volkswagen,Fluence,2,10.02,2024-01-09,164,22.86
07 AAA 030,Volkswagen,Fluence,2,10.02,2024-01-10,80,8.42
07 AAA 030,Volkswagen,Fluence,2,10.02,2024-01-11,74,8.02
07 AAA 030,Volkswagen,Fluence,2,10.02,2024-01-12,140,12.22
07 AAA 030,Volkswagen,Fluence,2,10.02,2024-01-13,102,9.92
07 AAA 030,Volkswagen,Fluence,2,10.02,2024-01-14,166,15.3
07 AAA 030,Volkswagen,Fluence,2,10.02,2024-01-15,134,13.27
07 AAA 030,Volkswagen,Fluence,2,10.02,2024-01-16,252,32.82
07 AAA 030,Volkswagen,Fluence,2,10.02,2024-01-17,76,10.5
07 AAA 030,Volkswagen,Fluence,2,10.02,2024-01-18,268,32.28
07 AAA 030,Volkswagen,Fluence,2,10.02,2024-01-19,275,26.25
07 AAA 030,Volkswagen,Fluence,2,10.02,2024-01-20,114,13.98
07 AAA 030,Volkswagen,Fluence,2,10.02,2024-01-21,179,22.92
07 AAA 030,Volkswagen,Fluence,2,10.02,2024-01-22,282,42.31
07 AAA 030,Volkswagen,Fluence,2,10.02,2024-01-23,292,37.91
07 AAA 030,Volkswagen,Fluence,2,10.02,2024-01-24,170,20.14
07 AAA 030,Volkswagen,Fluence,2,10.02,2024-01-25,252,29.41
07 AAA 030,Volkswagen,Fluence,2,10.02,2024-01-26,193,24.33
07 AAA 030,Volkswagen,Fluence,2,10.02,2024-01-27,48,5.04
07 AAA 030,Volkswagen,Fluence,2,10.02,2024-01-28,272,30.22
07 AAA 030,Volkswagen,Fluence,2,10.02,2024-01-29,190,19.28
07 AAA 030,Volkswagen,Fluence,2,10.02,2024-01-30,116,13.56
07 AAA 030,Volkswagen,Fluence,2,10.02,2024-01-31,196,27.34
07 AAA 030,Volkswagen,Fluence,2,10.02,2024-02-01,223,20.59
07 AAA 030,Volkswagen,Fluence,2,10.02,2024-02-02,278,30.56
07 AAA 030,Volkswagen,Fluence,2,10.02,2024-02-03,287,24.97
07 AAA 030,Volkswagen,Fluence,2,10.02,2024-02-04,286,40.17
07 AAA 030,Volkswagen,Fluence,2,10.02,2024-02-05,63,5.61
07 AAA 030,Volkswagen,Fluence,2,10.02,2024-02-06,226,32.4
07 AAA 030,Volkswagen,Fluence,2,10.02,2024-02-07,110,14.78
07 AAA 030,Volkswagen,Fluence,2,10.02,2024-02-08,246,33.67
07 AAA 030,Volkswagen,Fluence,2,10.02,2024-02-09,70,8.13
07 AAA 030,Volkswagen,Fluence,2,10.02,2024-02-10,288,29.65
07 AAA 030,Volkswagen,Fluence,2,10.02,2024-02-11,157,13.63
07 AAA 030,Volkswagen,Fluence,2,10.02,2024-02-12,283,34.02
07 AAA 030,Volkswagen,Fluence,2,10.02,2024-02-13,146,12.56
07 AAA 030,Volkswagen,Fluence,2,10.02,2024-02-14,119,16.75
07 AAA 030,Volkswagen,Fluence,2,10.02,2024-02-15,43,4.85
07 AAA 030,Volkswagen,Fluence,2,10.02,2024-02-16,202,24.94
07 AAA 030,Volkswagen,Fluence,2,10.02,2024-02-17,231,22.71
07 AAA 030,Volkswagen,Fluence,2,10.02,2024-02-18,73,9.82
07 AAA 030,Volkswagen,Fluence,2,10.02,2024-02-19,47,3.91
07 AAA 030,Volkswagen,Fluence,2,10.02,2024-02-20,267,39.75
07 AAA 030,Volkswagen,Fluence,2,10.02,2024-02-21,95,13.33
07 AAA 030,Volkswagen,Fluence,2,10.02,2024-02-22,288,23.46
07 AAA 030,Volkswagen,Fluence,2,10.02,2024-02-23,273,32.81
07 AAA 030,Volkswagen,Fluence,2,10.02,2024-02-24,142,19.67
07 AAA 030,Volkswagen,Fluence,2,10.02,2024-02-25,147,20.36
07 AAA 030,Volkswagen,Fluence,2,10.02,2024-02-26,273,35.03
07 AAA 030,Volkswagen,Fluence,2,10.02,2024-02-27,84,12.26
07 AAA 030,Volkswagen,Fluence,2,10.02,2024-02-28,193,15.67
07 AAA 030,Volkswagen,Fluence,2,10.02,2024-02-29,261,35.73
07 AAA 030,Volkswagen,Fluence,2,10.02,2024-03-01,102,8.31
07 AAA 030,Volkswagen,Fluence,2,10.02,2024-03-02,274,24.56
07 AAA 030,Volkswagen,Fluence,2,10.02,2024-03-03,151,13.89
07 AAA 030,Volkswagen,Fluence,2,10.02,2024-03-04,158,17.11
07 AAA 030,Volkswagen,Fluence,2,10.02,2024-03-05,103,8.52
07 AAA 030,Volkswagen,Fluence,2,10.02,2024-03-06,62,5.0
07 AAA 030,Volkswagen,Fluence,2,10.02,2024-03-07,41,3.7
07 AAA 030,Volkswagen,Fluence,2,10.02,2024-03-08,128,13.55
07 AAA 030,Volkswagen,Fluence,2,10.02,2024-03-09,136,20.34
07 AAA 030,Volkswagen,Fluence,2,10.02,2024-03-10,221,31.74
07 AAA 030,Volkswagen,Fluence,2,10.02,2024-03-11,276,27.02
07 AAA 030,Volkswagen,Fluence,2,10.02,2024-03-12,219,27.82
07 AAA 030,Volkswagen,Fluence,2,10.02,2024-03-13,204,23.69
07 AAA 030,Volkswagen,Fluence,2,10.02,2024-03-14,153,20.51
07 AAA 030,Volkswagen,Fluence,2,10.02,2024-03-15,252,21.56
07 AAA 030,Volkswagen,Fluence,2,10.02,2024-03-16,81,10.18
07 AAA 030,Volkswagen,Fluence,2,10.02,2024-03-17,122,17.66
07 AAA 030,Volkswagen,Fluence,2,10.02,2024-03-18,238,29.06
07 AAA 030,Volkswagen,Fluence,2,10.02,2024-03-19,188,15.23
07 AAA 030,Volkswagen,Fluence,2,10.02,2024-03-20,118,16.55
07 AAA 030,Volkswagen,Fluence,2,10.02,2024-03-21,103,13.85
07 AAA 030,Volkswagen,Fluence,2,10.02,2024-03-22,172,19.11
07 AAA 030,Volkswagen,Fluence,2,10.02,2024-03-23,97,8.04
07 AAA 030,Volkswagen,Fluence,2,10.02,2024-03-24,142,16.39
07 AAA 030,Volkswagen,Fluence,2,10.02,2024-03-25,136,16.91
07 AAA 030,Volkswagen,Fluence,2,10.02,2024-03-26,125,18.58
07 AAA 030,Volkswagen,Fluence,2,10.02,2024-03-27,236,35.08
07 AAA 030,Volkswagen,Fluence,2,10.02,2024-03-28,260,31.07
07 AAA 030,Volkswagen,Fluence,2,10.02,2024-03-29,94,8.98
07 AAA 030,Volkswagen,Fluence,2,10.02,2024-03-30,217,27.38
07 AAA 030,Volkswagen,Fluence,2,10.02,2024-03-31,264,38.01
07 AAA 030,Volkswagen,Fluence,2,10.02,2024-04-01,259,27.61
07 AAA 030,Volkswagen,Fluence,2,10.02,2024-04-02,280,35.81
07 AAA 030,Volkswagen,Fluence,2,10.02,2024-04-03,167,17.48
07 AAA 030,Volkswagen,Fluence,2,10.02,2024-04-04,40,4.83
07 AAA 030,Volkswagen,Fluence,2,10.02,2024-04-05,96,13.6
07 AAA 030,Volkswagen,Fluence,2,10.02,2024-04-06,264,22.53
07 AAA 030,Volkswagen,Fluence,2,10.02,2024-04-07,115,11.25
07 AAA 030,Volkswagen,Fluence,2,10.02,2024-04-08,51,7.48
07 AAA 030,Volkswagen,Fluence,2,10.02,2024-04-09,135,14.48
07 AAA 030,Volkswagen,Fluence,2,10.02,2024-04-10,156,16.35
07 AAA 030,Volkswagen,Fluence,2,10.02,2024-04-11,106,12.09
07 AAA 030,Volkswagen,Fluence,2,10.02,2024-04-12,58,5.85
07 AAA 030,Volkswagen,Fluence,2,10.02,2024-04-13,116,14.29
07 AAA 030,Volkswagen,Fluence,2,10.02,2024-04-14,68,6.94
07 AAA 030,Volkswagen,Fluence,2,10.02,2024-04-15,153,18.46
07 AAA 030,Volkswagen,Fluence,2,10.02,2024-04-16,141,17.26
07 AAA 030,Volkswagen,Fluence,2,10.02,2024-04-17,53,7.44
07 AAA 030,Volkswagen,Fluence,2,10.02,2024-04-18,182,20.23
07 AAA 030,Volkswagen,Fluence,2,10.02,2024-04-19,278,39.99
07 AAA 030,Volkswagen,Fluence,2,10.02,2024-04-20,94,12.13
07 AAA 030,Volkswagen,Fluence,2,10.02,2024-04-21,47,4.93
07 AAA 030,Volkswagen,Fluence,2,10.02,2024-04-22,209,21.77
07 AAA 030,Volkswagen,Fluence,2,10.02,2024-04-23,237,22.92
07 AAA 030,Volkswagen,Fluence,2,10.02,2024-04-24,143,15.85
07 AAA 030,Volkswagen,Fluence,2,10.02,2024-04-25,122,15.78
07 AAA 030,Volkswagen,Fluence,2,10.02,2024-04-26,231,24.87
07 AAA 030,Volkswagen,Fluence,2,10.02,2024-04-27,258,33.86
07 AAA 030,Volkswagen,Fluence,2,10.02,2024-04-28,70,6.56
07 AAA 030,Volkswagen,Fluence,2,10.02,2024-04-29,235,34.21
07 AAA 031,Renault,Atego,2,10.28,2024-01-01,131,19.41
07 AAA 031,Renault,Atego,2,10.28,2024-01-02,194,24.68
07 AAA 031,Renault,Atego,2,10.28,2024-01-03,124,16.22
07 AAA 031,Renault,Atego,2,10.28,2024-01-04,87,7.86
07 AAA 031,Renault,Atego,2,10.28,2024-01-05,123,14.21
07 AAA 031,Renault,Atego,2,10.28,2024-01-06,270,26.27
07 AAA 031,Renault,Atego,2,10.28,2024-01-07,239,21.31
07 AAA 031,Renault,Atego,2,10.28,2024-01-08,125,12.03
07 AAA 031,Renault,Atego,2,10.28,2024-01-09,227,27.87
07 AAA 031,Renault,Atego,2,10.28,2024-01-10,239,24.09
07 AAA 031,Renault,Atego,2,10.28,2024-01-11,113,9.94
07 AAA 031,Renault,Atego,2,10.28,2024-01-12,251,35.91
07 AAA 031,Renault,Atego,2,10.28,2024-01-13,106,14.02
07 AAA 031,Renault,Atego,2,10.28,2024-01-14,294,25.75
07 AAA 031,Renault,Atego,2,10.28,2024-01-15,270,25.91
07 AAA 031,Renault,Atego,2,10.28,2024-01-16,230,23.26
07 AAA 031,Renault,Atego,2,10.28,2024-01-17,220,21.88
07 AAA 031,Renault,Atego,2,10.28,2024-01-18,221,25.72
07 AAA 031,Renault,Atego,2,10.28,2024-01-19,190,26.08
07 AAA 031,Renault,Atego,2,10.28,2024-01-20,125,12.62
07 AAA 031,Renault,Atego,2,10.28,2024-01-21,120,10.03
07 AAA 031,Renault,Atego,2,10.28,2024-01-22,125,10.51
07 AAA 031,Renault,Atego,2,10.28,2024-01-23,213,19.97
07 AAA 031,Renault,Atego,2,10.28,2024-01-24,149,20.68
07 AAA 031,Renault,Atego,2,10.28,2024-01-25,185,18.38
07 AAA 031,Renault,Atego,2,10.28,2024-01-26,125,18.79
07 AAA 031,Renault,Atego,2,10.28,2024-01-27,228,31.54
07 AAA 031,Renault,Atego,2,10.28,2024-01-28,277,23.2
07 AAA 031,Renault,Atego,2,10.28,2024-01-29,228,25.35
07 AAA 031,Renault,Atego,2,10.28,2024-01-30,184,20.08
07 AAA 031,Renault,Atego,2,10.28,2024-01-31,119,16.23
07 AAA 031,Renault,Atego,2,10.28,2024-02-01,250,36.75
07 AAA 031,Renault,Atego,2,10.28,2024-02-02,227,24.95
07 AAA 031,Renault,Atego,2,10.28,2024-02-03,157,16.27
07 AAA 031,Renault,Atego,2,10.28,2024-02-04,159,23.07
07 AAA 031,Renault,Atego,2,10.28,2024-02-05,133,16.37
07 AAA 031,Renault,Atego,2,10.28,2024-02-06,111,11.28
07 AAA 031,Renault,Atego,2,10.28,2024-02-07,242,35.93
07 AAA 031,Renault,Atego,2,10.28,2024-02-08,210,25.94
07 AAA 031,Renault,Atego,2,10.28,2024-02-09,154,17.59
07 AAA 031,Renault,Atego,2,10.28,2024-02-10,279,42.2
07 AAA 031,Renault,Atego,2,10.28,2024-02-11,144,13.59
07 AAA 031,Renault,Atego,2,10.28,2024-02-12,78,12.01
07 AAA 031,Renault,Atego,2,10.28,2024-02-13,246,36.51
07 AAA 031,Renault,Atego,2,10.28,2024-02-14,276,26.54
07 AAA 031,Renault,Atego,2,10.28,2024-02-15,280,42.51
07 AAA 031,Renault,Atego,2,10.28,2024-02-16,244,21.22
07 AAA 031,Renault,Atego,2,10.28,2024-02-17,80,8.83
07 AAA 031,Renault,Atego,2,10.28,2024-02-18,129,18.09
07 AAA 031,Renault,Atego,2,10.28,2024-02-19,264,25.7
07 AAA 031,Renault,Atego,2,10.28,2024-02-20,134,14.12
07 AAA 031,Renault,Atego,2,10.28,2024-02-21,115,10.53
07 AAA 031,Renault,Atego,2,10.28,2024-02-22,96,8.82
07 AAA 031,Renault,Atego,2,10.28,2024-02-23,216,25.92
07 AAA 031,Renault,Atego,2,10.28,2024-02-24,51,4.68
07 AAA 031,Renault,Atego,2,10.28,2024-02-25,299,29.11
07 AAA 031,Renault,Atego,2,10.28,2024-02-26,110,11.53
07 AAA 031,Renault,Atego,2,10.28,2024-02-27,194,18.11
07 AAA 031,Renault,Atego,2,10.28,2024-02-28,120,10.44
07 AAA 031,Renault,Atego,2,10.28,2024-02-29,247,24.12
07 AAA 031,Renault,Atego,2,10.28,2024-03-01,121,11.33
07 AAA 031,Renault,Atego,2,10.28,2024-03-02,253,26.44
07 AAA 031,Renault,Atego,2,10.28,2024-03-03,272,24.71
07 AAA 031,Renault,Atego,2,10.28,2024-03-04,165,19.3
07 AAA 031,Renault,Atego,2,10.28,2024-03-05,103,10.4
07 AAA 031,Renault,Atego,2,10.28,2024-03-06,94,9.67
07 AAA 031,Renault,Atego,2,10.28,2024-03-07,62,9.06
07 AAA 031,Renault,Atego,2,10.28,2024-03-08,181,22.91
07 AAA 031,Renault,Atego,2,10.28,2024-03-09,179,16.35
07 AAA 031,Renault,Atego,2,10.28,2024-03-10,60,8.76
07 AAA 031,Renault,Atego,2,10.28,2024-03-11,132,15.15
07 AAA 031,Renault,Atego,2,10.28,2024-03-12,43,3.95
07 AAA 031,Renault,Atego,2,10.28,2024-03-13,221,18.24
07 AAA 031,Renault,Atego,2,10.28,2024-03-14,42,4.95
07 AAA 031,Renault,Atego,2,10.28,2024-03-15,129,17.32
07 AAA 031,Renault,Atego,2,10.28,2024-03-16,299,46.03
07 AAA 031,Renault,Atego,2,10.28,2024-03-17,95,12.55
07 AAA 031,Renault,Atego,2,10.28,2024-03-18,183,23.89
07 AAA 031,Renault,Atego,2,10.28,2024-03-19,74,6.65
07 AAA 031,Renault,Atego,2,10.28,2024-03-20,105,13.21
07 AAA 031,Renault,Atego,2,10.28,2024-03-21,89,9.51
07 AAA 031,Renault,Atego,2,10.28,2024-03-22,79,10.94
07 AAA 031,Renault,Atego,2,10.28,2024-03-23,295,41.57
07 AAA 031,Renault,Atego,2,10.28,2024-03-24,204,24.84
07 AAA 031,Renault,Atego,2,10.28,2024-03-25,199,20.71
07 AAA 031,Renault,Atego,2,10.28,2024-03-26,178,26.84
07 AAA 031,Renault,Atego,2,10.28,2024-03-27,55,6.87
07 AAA 031,Renault,Atego,2,10.28,2024-03-28,220,31.27
07 AAA 031,Renault,Atego,2,10.28,2024-03-29,120,13.28
07 AAA 031,Renault,Atego,2,10.28,2024-03-30,94,9.65
07 AAA 031,Renault,Atego,2,10.28,2024-03-31,48,5.32
07 AAA 031,Renault,Atego,2,10.28,2024-04-01,241,31.43
07 AAA 031,Renault,Atego,2,10.28,2024-04-02,143,13.0
07 AAA 031,Renault,Atego,2,10.28,2024-04-03,249,37.1
07 AAA 031,Renault,Atego,2,10.28,2024-04-04,167,17.55
07 AAA 031,Renault,Atego,2,10.28,2024-04-05,230,22.05
07 AAA 031,Renault,Atego,2,10.28,2024-04-06,288,24.56
07 AAA 031,Renault,Atego,2,10.28,2024-04-07,167,22.15
07 AAA 031,Renault,Atego,2,10.28,2024-04-08,236,30.54
07 AAA 031,Renault,Atego,2,10.28,2024-04-09,299,30.75
07 AAA 031,Renault,Atego,2,10.28,2024-04-10,89,10.74
07 AAA 031,Renault,Atego,2,10.28,2024-04-11,119,16.48
07 AAA 031,Renault,Atego,2,10.28,2024-04-12,237,35.9
07 AAA 031,Renault,Atego,2,10.28,2024-04-13,155,15.72
07 AAA 031,Renault,Atego,2,10.28,2024-04-14,280,25.12
07 AAA 031,Renault,Atego,2,10.28,2024-04-15,172,26.4
07 AAA 031,Renault,Atego,2,10.28,2024-04-16,105,12.71
07 AAA 031,Renault,Atego,2,10.28,2024-04-17,218,20.6
07 AAA 031,Renault,Atego,2,10.28,2024-04-18,181,27.09
07 AAA 031,Renault,Atego,2,10.28,2024-04-19,201,29.2
07 AAA 031,Renault,Atego,2,10.28,2024-04-20,288,24.36
07 AAA 031,Renault,Atego,2,10.28,2024-04-21,238,20.58
07 AAA 031,Renault,Atego,2,10.28,2024-04-22,216,33.13
07 AAA 031,Renault,Atego,2,10.28,2024-04-23,153,17.89
07 AAA 031,Renault,Atego,2,10.28,2024-04-24,121,10.24
07 AAA 031,Renault,Atego,2,10.28,2024-04-25,253,35.76
07 AAA 031,Renault,Atego,2,10.28,2024-04-26,43,4.79
07 AAA 031,Renault,Atego,2,10.28,2024-04-27,42,4.02
07 AAA 031,Renault,Atego,2,10.28,2024-04-28,111,13.47
07 AAA 031,Renault,Atego,2,10.28,2024-04-29,47,5.57
07 AAA 032,Peugeot,Caddy,1,11.02,2024-01-01,54,5.4
07 AAA 032,Peugeot,Caddy,1,11.02,2024-01-02,69,6.9
07 AAA 032,Peugeot,Caddy,1,11.02,2024-01-03,180,19.35
07 AAA 032,Peugeot,Caddy,1,11.02,2024-01-04,230,30.93
07 AAA 032,Peugeot,Caddy,1,11.02,2024-01-05,157,16.11
07 AAA 032,Peugeot,Caddy,1,11.02,2024-01-06,162,15.59
07 AAA 032,Peugeot,Caddy,1,11.02,2024-01-07,194,21.88
07 AAA 032,Peugeot,Caddy,1,11.02,2024-01-08,228,32.39
07 AAA 032,Peugeot,Caddy,1,11.02,2024-01-09,79,7.46
07 AAA 032,Peugeot,Caddy,1,11.02,2024-01-10,126,11.37
07 AAA 032,Peugeot,Caddy,1,11.02,2024-01-11,176,27.37
07 AAA 032,Peugeot,Caddy,1,11.02,2024-01-12,180,18.88
07 AAA 032,Peugeot,Caddy,1,11.02,2024-01-13,167,19.58
07 AAA 032,Peugeot,Caddy,1,11.02,2024-01-14,113,15.69
07 AAA 032,Peugeot,Caddy,1,11.02,2024-01-15,100,12.54
07 AAA 032,Peugeot,Caddy,1,11.02,2024-01-16,188,27.81
07 AAA 032,Peugeot,Caddy,1,11.02,2024-01-17,291,42.25
07 AAA 032,Peugeot,Caddy,1,11.02,2024-01-18,220,26.41
07 AAA 032,Peugeot,Caddy,1,11.02,2024-01-19,96,10.84
07 AAA 032,Peugeot,Caddy,1,11.02,2024-01-20,243,24.05
07 AAA 032,Peugeot,Caddy,1,11.02,2024-01-21,179,17.27
07 AAA 032,Peugeot,Caddy,1,11.02,2024-01-22,162,25.37
07 AAA 032,Peugeot,Caddy,1,11.02,2024-01-23,60,7.13
07 AAA 032,Peugeot,Caddy,1,11.02,2024-01-24,294,27.42
07 AAA 032,Peugeot,Caddy,1,11.02,2024-01-25,176,17.13
07 AAA 032,Peugeot,Caddy,1,11.02,2024-01-26,151,14.3
07 AAA 032,Peugeot,Caddy,1,11.02,2024-01-27,162,18.37
07 AAA 032,Peugeot,Caddy,1,11.02,2024-01-28,235,35.95
07 AAA 032,Peugeot,Caddy,1,11.02,2024-01-29,62,8.15
07 AAA 032,Peugeot,Caddy,1,11.02,2024-01-30,169,27.8
07 AAA 032,Peugeot,Caddy,1,11.02,2024-01-31,279,27.57
07 AAA 032,Peugeot,Caddy,1,11.02,2024-02-01,124,13.01
07 AAA 032,Peugeot,Caddy,1,11.02,2024-02-02,199,19.21
07 AAA 032,Peugeot,Caddy,1,11.02,2024-02-03,205,25.4
07 AAA 032,Peugeot,Caddy,1,11.02,2024-02-04,250,22.75
07 AAA 032,Peugeot,Caddy,1,11.02,2024-02-05,57,6.95
07 AAA 032,Peugeot,Caddy,1,11.02,2024-02-06,289,28.74
07 AAA 032,Peugeot,Caddy,1,11.02,2024-02-07,169,26.79
07 AAA 032,Peugeot,Caddy,1,11.02,2024-02-08,42,4.46
07 AAA 032,Peugeot,Caddy,1,11.02,2024-02-09,231,30.48
07 AAA 032,Peugeot,Caddy,1,11.02,2024-02-10,235,27.06
07 AAA 032,Peugeot,Caddy,1,11.02,2024-02-11,40,4.14
07 AAA 032,Peugeot,Caddy,1,11.02,2024-02-12,276,39.33
07 AAA 032,Peugeot,Caddy,1,11.02,2024-02-13,168,19.75
07 AAA 032,Peugeot,Caddy,1,11.02,2024-02-14,300,32.13
07 AAA 032,Peugeot,Caddy,1,11.02,2024-02-15,89,11.02
07 AAA 032,Peugeot,Caddy,1,11.02,2024-02-16,216,23.66
07 AAA 032,Peugeot,Caddy,1,11.02,2024-02-17,157,15.56
07 AAA 032,Peugeot,Caddy,1,11.02,2024-02-18,242,38.37
07 AAA 032,Peugeot,Caddy,1,11.02,2024-02-19,237,37.48
07 AAA 032,Peugeot,Caddy,1,11.02,2024-02-20,82,9.7
07 AAA 032,Peugeot,Caddy,1,11.02,2024-02-21,207,24.37
07 AAA 032,Peugeot,Caddy,1,11.02,2024-02-22,41,4.33
07 AAA 032,Peugeot,Caddy,1,11.02,2024-02-23,237,38.99
07 AAA 032,Peugeot,Caddy,1,11.02,2024-02-24,233,38.38
07 AAA 032,Peugeot,Caddy,1,11.02,2024-02-25,132,16.78
07 AAA 032,Peugeot,Caddy,1,11.02,2024-02-26,299,43.65
07 AAA 032,Peugeot,Caddy,1,11.02,2024-02-27,176,26.05
07 AAA 032,Peugeot,Caddy,1,11.02,2024-02-28,233,22.83
07 AAA 032,Peugeot,Caddy,1,11.02,2024-02-29,174,22.58
07 AAA 032,Peugeot,Caddy,1,11.02,2024-03-01,130,15.36
07 AAA 032,Peugeot,Caddy,1,11.02,2024-03-02,240,22.34
07 AAA 032,Peugeot,Caddy,1,11.02,2024-03-03,201,18.57
07 AAA 032,Peugeot,Caddy,1,11.02,2024-03-04,267,36.8
07 AAA 032,Peugeot,Caddy,1,11.02,2024-03-05,209,25.51
07 AAA 032,Peugeot,Caddy,1,11.02,2024-03-06,276,28.5
07 AAA 032,Peugeot,Caddy,1,11.02,2024-03-07,150,19.35
07 AAA 032,Peugeot,Caddy,1,11.02,2024-03-08,70,11.22
07 AAA 032,Peugeot,Caddy,1,11.02,2024-03-09,246,26.93
07 AAA 032,Peugeot,Caddy,1,11.02,2024-03-10,216,25.28
07 AAA 032,Peugeot,Caddy,1,11.02,2024-03-11,132,15.53
07 AAA 032,Peugeot,Caddy,1,11.02,2024-03-12,153,15.0
07 AAA 032,Peugeot,Caddy,1,11.02,2024-03-13,131,17.59
07 AAA 032,Peugeot,Caddy,1,11.02,2024-03-14,268,25.93
07 AAA 032,Peugeot,Caddy,1,11.02,2024-03-15,190,23.3
07 AAA 032,Peugeot,Caddy,1,11.02,2024-03-16,183,25.61
07 AAA 032,Peugeot,Caddy,1,11.02,2024-03-17,235,37.54
07 AAA 032,Peugeot,Caddy,1,11.02,2024-03-18,273,34.98
07 AAA 032,Peugeot,Caddy,1,11.02,2024-03-19,266,33.09
07 AAA 032,Peugeot,Caddy,1,11.02,2024-03-20,55,8.1
07 AAA 032,Peugeot,Caddy,1,11.02,2024-03-21,205,23.52
07 AAA 032,Peugeot,Caddy,1,11.02,2024-03-22,263,37.99
07 AAA 032,Peugeot,Caddy,1,11.02,2024-03-23,138,15.32
07 AAA 032,Peugeot,Caddy,1,11.02,2024-03-24,213,30.12
07 AAA 032,Peugeot,Caddy,1,11.02,2024-03-25,46,6.84
07 AAA 032,Peugeot,Caddy,1,11.02,2024-03-26,285,41.27
07 AAA 032,Peugeot,Caddy,1,11.02,2024-03-27,164,24.28
07 AAA 032,Peugeot,Caddy,1,11.02,2024-03-28,256,33.02
07 AAA 032,Peugeot,Caddy,1,11.02,2024-03-29,50,5.53
07 AAA 032,Peugeot,Caddy,1,11.02,2024-03-30,177,24.1
07 AAA 032,Peugeot,Caddy,1,11.02,2024-03-31,271,33.44
07 AAA 032,Peugeot,Caddy,1,11.02,2024-04-01,178,28.91
07 AAA 032,Peugeot,Caddy,1,11.02,2024-04-02,190,17.19
07 AAA 032,Peugeot,Caddy,1,11.02,2024-04-03,201,27.3
07 AAA 032,Peugeot,Caddy,1,11.02,2024-04-04,279,33.44
07 AAA 032,Peugeot,Caddy,1,11.02,2024-04-05,240,34.53
07 AAA 032,Peugeot,Caddy,1,11.02,2024-04-06,185,29.76
07 AAA 032,Peugeot,Caddy,1,11.02,2024-04-07,253,23.58
07 AAA 032,Peugeot,Caddy,1,11.02,2024-04-08,186,23.72
07 AAA 032,Peugeot,Caddy,1,11.02,2024-04-09,243,34.11
07 AAA 032,Peugeot,Caddy,1,11.02,2024-04-10,243,30.69
07 AAA 032,Peugeot,Caddy,1,11.02,2024-04-11,251,41.41
07 AAA 032,Peugeot,Caddy,1,11.02,2024-04-12,70,9.74
07 AAA 032,Peugeot,Caddy,1,11.02,2024-04-13,133,13.24
07 AAA 032,Peugeot,Caddy,1,11.02,2024-04-14,198,30.12
07 AAA 032,Peugeot,Caddy,1,11.02,2024-04-15,87,11.97
07 AAA 032,Peugeot,Caddy,1,11.02,2024-04-16,89,7.99
07 AAA 032,Peugeot,Caddy,1,11.02,2024-04-17,40,4.12
07 AAA 032,Peugeot,Caddy,1,11.02,2024-04-18,105,10.48
07 AAA 032,Peugeot,Caddy,1,11.02,2024-04-19,237,26.81
07 AAA 032,Peugeot,Caddy,1,11.02,2024-04-20,46,5.44
07 AAA 032,Peugeot,Caddy,1,11.02,2024-04-21,144,19.78
07 AAA 032,Peugeot,Caddy,1,11.02,2024-04-22,260,29.18
07 AAA 032,Peugeot,Caddy,1,11.02,2024-04-23,68,8.48
07 AAA 032,Peugeot,Caddy,1,11.02,2024-04-24,234,22.06
07 AAA 032,Peugeot,Caddy,1,11.02,2024-04-25,81,11.99
07 AAA 032,Peugeot,Caddy,1,11.02,2024-04-26,177,19.97
07 AAA 032,Peugeot,Caddy,1,11.02,2024-04-27,195,19.88
07 AAA 032,Peugeot,Caddy,1,11.02,2024-04-28,219,33.54
07 AAA 032,Peugeot,Caddy,1,11.02,2024-04-29,175,24.72
07 AAA 033,Peugeot,Atego,3,24.81,2024-01-01,106,34.45
07 AAA 033,Peugeot,Atego,3,24.81,2024-01-02,69,22.0
07 AAA 033,Peugeot,Atego,3,24.81,2024-01-03,202,54.47
07 AAA 033,Peugeot,Atego,3,24.81,2024-01-04,103,26.62
07 AAA 033,Peugeot,Atego,3,24.81,2024-01-05,68,16.28
07 AAA 033,Peugeot,Atego,3,24.81,2024-01-06,266,98.54
07 AAA 033,Peugeot,Atego,3,24.81,2024-01-07,110,37.48
07 AAA 033,Peugeot,Atego,3,24.81,2024-01-08,262,89.71
07 AAA 033,Peugeot,Atego,3,24.81,2024-01-09,73,26.55
07 AAA 033,Peugeot,Atego,3,24.81,2024-01-10,182,41.18
07 AAA 033,Peugeot,Atego,3,24.81,2024-01-11,63,21.39
07 AAA 033,Peugeot,Atego,3,24.81,2024-01-12,126,36.96
07 AAA 033,Peugeot,Atego,3,24.81,2024-01-13,238,77.62
07 AAA 033,Peugeot,Atego,3,24.81,2024-01-14,202,62.74
07 AAA 033,Peugeot,Atego,3,24.81,2024-01-15,206,58.83
07 AAA 033,Peugeot,Atego,3,24.81,2024-01-16,77,20.57
07 AAA 033,Peugeot,Atego,3,24.81,2024-01-17,230,49.25
07 AAA 033,Peugeot,Atego,3,24.81,2024-01-18,224,58.32
07 AAA 033,Peugeot,Atego,3,24.81,2024-01-19,169,39.67
07 AAA 033,Peugeot,Atego,3,24.81,2024-01-20,152,40.48
07 AAA 033,Peugeot,Atego,3,24.81,2024-01-21,278,71.82
07 AAA 033,Peugeot,Atego,3,24.81,2024-01-22,219,53.85
07 AAA 033,Peugeot,Atego,3,24.81,2024-01-23,94,34.22
07 AAA 033,Peugeot,Atego,3,24.81,2024-01-24,116,27.51
07 AAA 033,Peugeot,Atego,3,24.81,2024-01-25,229,49.93
07 AAA 033,Peugeot,Atego,3,24.81,2024-01-26,185,37.49
07 AAA 033,Peugeot,Atego,3,24.81,2024-01-27,155,44.86
07 AAA 033,Peugeot,Atego,3,24.81,2024-01-28,219,67.63
07 AAA 033,Peugeot,Atego,3,24.81,2024-01-29,194,70.87
07 AAA 033,Peugeot,Atego,3,24.81,2024-01-30,225,57.72
07 AAA 033,Peugeot,Atego,3,24.81,2024-01-31,96,28.59
07 AAA 033,Peugeot,Atego,3,24.81,2024-02-01,293,101.6
07 AAA 033,Peugeot,Atego,3,24.81,2024-02-02,67,18.83
07 AAA 033,Peugeot,Atego,3,24.81,2024-02-03,297,77.95
07 AAA 033,Peugeot,Atego,3,24.81,2024-02-04,267,76.58
07 AAA 033,Peugeot,Atego,3,24.81,2024-02-05,153,36.3
07 AAA 033,Peugeot,Atego,3,24.81,2024-02-06,208,51.92
07 AAA 033,Peugeot,Atego,3,24.81,2024-02-07,161,48.23
07 AAA 033,Peugeot,Atego,3,24.81,2024-02-08,275,100.53
07 AAA 033,Peugeot,Atego,3,24.81,2024-02-09,286,75.52
07 AAA 033,Peugeot,Atego,3,24.81,2024-02-10,288,65.56
07 AAA 033,Peugeot,Atego,3,24.81,2024-02-11,40,9.92
07 AAA 033,Peugeot,Atego,3,24.81,2024-02-12,172,57.91
07 AAA 033,Peugeot,Atego,3,24.81,2024-02-13,106,25.59
07 AAA 033,Peugeot,Atego,3,24.81,2024-02-14,106,29.69
07 AAA 033,Peugeot,Atego,3,24.81,2024-02-15,236,77.42
07 AAA 033,Peugeot,Atego,3,24.81,2024-02-16,73,23.53
07 AAA 033,Peugeot,Atego,3,24.81,2024-02-17,214,52.7
07 AAA 033,Peugeot,Atego,3,24.81,2024-02-18,188,49.17
07 AAA 033,Peugeot,Atego,3,24.81,2024-02-19,80,16.84
07 AAA 033,Peugeot,Atego,3,24.81,2024-02-20,236,47.89
07 AAA 033,Peugeot,Atego,3,24.81,2024-02-21,127,46.66
07 AAA 033,Peugeot,Atego,3,24.81,2024-02-22,107,39.26
07 AAA 033,Peugeot,Atego,3,24.81,2024-02-23,193,62.83
07 AAA 033,Peugeot,Atego,3,24.81,2024-02-24,297,109.52
07 AAA 033,Peugeot,Atego,3,24.81,2024-02-25,114,27.21
07 AAA 033,Peugeot,Atego,3,24.81,2024-02-26,295,107.0
07 AAA 033,Peugeot,Atego,3,24.81,2024-02-27,274,62.56
07 AAA 033,Peugeot,Atego,3,24.81,2024-02-28,99,33.55
07 AAA 033,Peugeot,Atego,3,24.81,2024-02-29,195,53.62
07 AAA 033,Peugeot,Atego,3,24.81,2024-03-01,231,61.27
07 AAA 033,Peugeot,Atego,3,24.81,2024-03-02,170,56.97
07 AAA 033,Peugeot,Atego,3,24.81,2024-03-03,225,77.33
07 AAA 033,Peugeot,Atego,3,24.81,2024-03-04,147,31.91
07 AAA 033,Peugeot,Atego,3,24.81,2024-03-05,204,70.61
07 AAA 033,Peugeot,Atego,3,24.81,2024-03-06,232,80.02
07 AAA 033,Peugeot,Atego,3,24.81,2024-03-07,78,18.21
07 AAA 033,Peugeot,Atego,3,24.81,2024-03-08,293,76.75
07 AAA 033,Peugeot,Atego,3,24.81,2024-03-09,171,49.76
07 AAA 033,Peugeot,Atego,3,24.81,2024-03-10,92,20.95
07 AAA 033,Peugeot,Atego,3,24.81,2024-03-11,169,62.1
07 AAA 033,Peugeot,Atego,3,24.81,2024-03-12,167,41.83
07 AAA 033,Peugeot,Atego,3,24.81,2024-03-13,135,36.81
07 AAA 033,Peugeot,Atego,3,24.81,2024-03-14,42,13.88
07 AAA 033,Peugeot,Atego,3,24.81,2024-03-15,64,16.87
07 AAA 033,Peugeot,Atego,3,24.81,2024-03-16,62,15.74
07 AAA 033,Peugeot,Atego,3,24.81,2024-03-17,108,36.35
07 AAA 033,Peugeot,Atego,3,24.81,2024-03-18,55,17.15
07 AAA 033,Peugeot,Atego,3,24.81,2024-03-19,80,27.4
07 AAA 033,Peugeot,Atego,3,24.81,2024-03-20,291,58.85
07 AAA 033,Peugeot,Atego,3,24.81,2024-03-21,51,16.2
07 AAA 033,Peugeot,Atego,3,24.81,2024-03-22,217,66.56
07 AAA 033,Peugeot,Atego,3,24.81,2024-03-23,252,54.26
07 AAA 033,Peugeot,Atego,3,24.81,2024-03-24,247,82.12
07 AAA 033,Peugeot,Atego,3,24.81,2024-03-25,102,28.97
07 AAA 033,Peugeot,Atego,3,24.81,2024-03-26,294,61.13
07 AAA 033,Peugeot,Atego,3,24.81,2024-03-27,105,31.66
07 AAA 033,Peugeot,Atego,3,24.81,2024-03-28,258,66.4
07 AAA 033,Peugeot,Atego,3,24.81,2024-03-29,234,85.87
07 AAA 033,Peugeot,Atego,3,24.81,2024-03-30,204,69.54
07 AAA 033,Peugeot,Atego,3,24.81,2024-03-31,89,19.04
07 AAA 033,Peugeot,Atego,3,24.81,2024-04-01,272,56.73
07 AAA 033,Peugeot,Atego,3,24.81,2024-04-02,228,52.08
07 AAA 033,Peugeot,Atego,3,24.81,2024-04-03,75,25.79
07 AAA 033,Peugeot,Atego,3,24.81,2024-04-04,281,64.97
07 AAA 033,Peugeot,Atego,3,24.81,2024-04-05,267,72.24
07 AAA 033,Peugeot,Atego,3,24.81,2024-04-06,256,91.18
07 AAA 033,Peugeot,Atego,3,24.81,2024-04-07,182,41.77
07 AAA 033,Peugeot,Atego,3,24.81,2024-04-08,147,40.54
07 AAA 033,Peugeot,Atego,3,24.81,2024-04-09,278,56.6
07 AAA 033,Peugeot,Atego,3,24.81,2024-04-10,299,74.84
07 AAA 033,Peugeot,Atego,3,24.81,2024-04-11,285,104.37
07 AAA 033,Peugeot,Atego,3,24.81,2024-04-12,98,32.5
07 AAA 033,Peugeot,Atego,3,24.81,2024-04-13,169,44.85
07 AAA 033,Peugeot,Atego,3,24.81,2024-04-14,111,24.12
07 AAA 033,Peugeot,Atego,3,24.81,2024-04-15,85,28.74
07 AAA 033,Peugeot,Atego,3,24.81,2024-04-16,109,22.9
07 AAA 033,Peugeot,Atego,3,24.81,2024-04-17,188,50.08
07 AAA 033,Peugeot,Atego,3,24.81,2024-04-18,293,108.93
07 AAA 033,Peugeot,Atego,3,24.81,2024-04-19,259,54.27
07 AAA 033,Peugeot,Atego,3,24.81,2024-04-20,211,70.84
07 AAA 033,Peugeot,Atego,3,24.81,2024-04-21,295,82.2
07 AAA 033,Peugeot,Atego,3,24.81,2024-04-22,273,54.18
07 AAA 033,Peugeot,Atego,3,24.81,2024-04-23,116,36.54
07 AAA 033,Peugeot,Atego,3,24.81,2024-04-24,278,75.11
07 AAA 033,Peugeot,Atego,3,24.81,2024-04-25,169,41.92
07 AAA 033,Peugeot,Atego,3,24.81,2024-04-26,281,103.51
07 AAA 033,Peugeot,Atego,3,24.81,2024-04-27,54,19.66
07 AAA 033,Peugeot,Atego,3,24.81,2024-04-28,275,60.49
07 AAA 033,Peugeot,Atego,3,24.81,2024-04-29,240,54.26
07 AAA 034,Volkswagen,Transit,1,12.46,2024-01-01,45,6.93
07 AAA 034,Volkswagen,Transit,1,12.46,2024-01-02,136,19.64
07 AAA 034,Volkswagen,Transit,1,12.46,2024-01-03,121,14.19
07 AAA 034,Volkswagen,Transit,1,12.46,2024-01-04,177,22.03
07 AAA 034,Volkswagen,Transit,1,12.46,2024-01-05,286,35.76
07 AAA 034,Volkswagen,Transit,1,12.46,2024-01-06,229,23.62
07 AAA 034,Volkswagen,Transit,1,12.46,2024-01-07,137,16.93
07 AAA 034,Volkswagen,Transit,1,12.46,2024-01-08,278,33.12
07 AAA 034,Volkswagen,Transit,1,12.46,2024-01-09,197,29.99
07 AAA 034,Volkswagen,Transit,1,12.46,2024-01-10,105,18.85
07 AAA 034,Volkswagen,Transit,1,12.46,2024-01-11,115,13.18
07 AAA 034,Volkswagen,Transit,1,12.46,2024-01-12,76,12.2
07 AAA 034,Volkswagen,Transit,1,12.46,2024-01-13,151,21.41
07 AAA 034,Volkswagen,Transit,1,12.46,2024-01-14,288,53.83
07 AAA 034,Volkswagen,Transit,1,12.46,2024-01-15,97,10.87
07 AAA 034,Volkswagen,Transit,1,12.46,2024-01-16,40,6.37
07 AAA 034,Volkswagen,Transit,1,12.46,2024-01-17,45,7.32
07 AAA 034,Volkswagen,Transit,1,12.46,2024-01-18,193,29.03
07 AAA 034,Volkswagen,Transit,1,12.46,2024-01-19,96,14.16
07 AAA 034,Volkswagen,Transit,1,12.46,2024-01-20,162,30.11
07 AAA 034,Volkswagen,Transit,1,12.46,2024-01-21,286,41.3
07 AAA 034,Volkswagen,Transit,1,12.46,2024-01-22,229,41.07
07 AAA 034,Volkswagen,Transit,1,12.46,2024-01-23,279,49.56
07 AAA 034,Volkswagen,Transit,1,12.46,2024-01-24,43,4.37
07 AAA 034,Volkswagen,Transit,1,12.46,2024-01-25,130,14.12
07 AAA 034,Volkswagen,Transit,1,12.46,2024-01-26,279,46.46
07 AAA 034,Volkswagen,Transit,1,12.46,2024-01-27,203,21.93
07 AAA 034,Volkswagen,Transit,1,12.46,2024-01-28,150,15.77
07 AAA 034,Volkswagen,Transit,1,12.46,2024-01-29,178,21.71
07 AAA 034,Volkswagen,Transit,1,12.46,2024-01-30,206,30.94
07 AAA 034,Volkswagen,Transit,1,12.46,2024-01-31,286,33.51
07 AAA 034,Volkswagen,Transit,1,12.46,2024-02-01,104,11.58
07 AAA 034,Volkswagen,Transit,1,12.46,2024-02-02,63,10.16
07 AAA 034,Volkswagen,Transit,1,12.46,2024-02-03,246,44.36
07 AAA 034,Volkswagen,Transit,1,12.46,2024-02-04,277,45.61
07 AAA 034,Volkswagen,Transit,1,12.46,2024-02-05,152,25.56
07 AAA 034,Volkswagen,Transit,1,12.46,2024-02-06,183,29.2
07 AAA 034,Volkswagen,Transit,1,12.46,2024-02-07,131,15.83
07 AAA 034,Volkswagen,Transit,1,12.46,2024-02-08,274,45.22
07 AAA 034,Volkswagen,Transit,1,12.46,2024-02-09,251,44.39
07 AAA 034,Volkswagen,Transit,1,12.46,2024-02-10,64,7.01
07 AAA 034,Volkswagen,Transit,1,12.46,2024-02-11,212,22.33
07 AAA 034,Volkswagen,Transit,1,12.46,2024-02-12,146,19.14
07 AAA 034,Volkswagen,Transit,1,12.46,2024-02-13,91,16.91
07 AAA 034,Volkswagen,Transit,1,12.46,2024-02-14,45,6.85
07 AAA 034,Volkswagen,Transit,1,12.46,2024-02-15,167,21.51
07 AAA 034,Volkswagen,Transit,1,12.46,2024-02-16,165,30.8
07 AAA 034,Volkswagen,Transit,1,12.46,2024-02-17,70,9.0
07 AAA 034,Volkswagen,Transit,1,12.46,2024-02-18,297,29.79
07 AAA 034,Volkswagen,Transit,1,12.46,2024-02-19,144,26.68
07 AAA 034,Volkswagen,Transit,1,12.46,2024-02-20,218,35.0
07 AAA 034,Volkswagen,Transit,1,12.46,2024-02-21,288,45.65
07 AAA 034,Volkswagen,Transit,1,12.46,2024-02-22,72,7.97
07 AAA 034,Volkswagen,Transit,1,12.46,2024-02-23,190,20.06
07 AAA 034,Volkswagen,Transit,1,12.46,2024-02-24,296,46.14
07 AAA 034,Volkswagen,Transit,1,12.46,2024-02-25,263,29.8
07 AAA 034,Volkswagen,Transit,1,12.46,2024-02-26,203,25.97
07 AAA 034,Volkswagen,Transit,1,12.46,2024-02-27,124,14.97
07 AAA 034,Volkswagen,Transit,1,12.46,2024-02-28,208,23.11
07 AAA 034,Volkswagen,Transit,1,12.46,2024-02-29,84,9.03
07 AAA 034,Volkswagen,Transit,1,12.46,2024-03-01,286,32.9
07 AAA 034,Volkswagen,Transit,1,12.46,2024-03-02,212,36.27
07 AAA 034,Volkswagen,Transit,1,12.46,2024-03-03,43,7.91
07 AAA 034,Volkswagen,Transit,1,12.46,2024-03-04,100,10.5
07 AAA 034,Volkswagen,Transit,1,12.46,2024-03-05,85,11.51
07 AAA 034,Volkswagen,Transit,1,12.46,2024-03-06,148,18.44
07 AAA 034,Volkswagen,Transit,1,12.46,2024-03-07,228,39.31
07 AAA 034,Volkswagen,Transit,1,12.46,2024-03-08,119,18.13
07 AAA 034,Volkswagen,Transit,1,12.46,2024-03-09,130,13.38
07 AAA 034,Volkswagen,Transit,1,12.46,2024-03-10,107,19.35
07 AAA 034,Volkswagen,Transit,1,12.46,2024-03-11,99,9.89
07 AAA 034,Volkswagen,Transit,1,12.46,2024-03-12,187,24.28
07 AAA 034,Volkswagen,Transit,1,12.46,2024-03-13,182,30.01
07 AAA 034,Volkswagen,Transit,1,12.46,2024-03-14,96,17.14
07 AAA 034,Volkswagen,Transit,1,12.46,2024-03-15,153,28.04
07 AAA 034,Volkswagen,Transit,1,12.46,2024-03-16,162,25.02
07 AAA 034,Volkswagen,Transit,1,12.46,2024-03-17,182,20.51
07 AAA 034,Volkswagen,Transit,1,12.46,2024-03-18,44,7.72
07 AAA 034,Volkswagen,Transit,1,12.46,2024-03-19,211,35.79
07 AAA 034,Volkswagen,Transit,1,12.46,2024-03-20,210,30.22
07 AAA 034,Volkswagen,Transit,1,12.46,2024-03-21,224,37.71
07 AAA 034,Volkswagen,Transit,1,12.46,2024-03-22,112,16.96
07 AAA 034,Volkswagen,Transit,1,12.46,2024-03-23,259,43.65
07 AAA 034,Volkswagen,Transit,1,12.46,2024-03-24,74,9.02
07 AAA 034,Volkswagen,Transit,1,12.46,2024-03-25,262,37.23
07 AAA 034,Volkswagen,Transit,1,12.46,2024-03-26,256,41.09
07 AAA 034,Volkswagen,Transit,1,12.46,2024-03-27,126,16.69
07 AAA 034,Volkswagen,Transit,1,12.46,2024-03-28,278,30.99
07 AAA 034,Volkswagen,Transit,1,12.46,2024-03-29,118,19.21
07 AAA 034,Volkswagen,Transit,1,12.46,2024-03-30,215,28.06
07 AAA 034,Volkswagen,Transit,1,12.46,2024-03-31,298,43.95
07 AAA 034,Volkswagen,Transit,1,12.46,2024-04-01,136,22.82
07 AAA 034,Volkswagen,Transit,1,12.46,2024-04-02,233,28.44
07 AAA 034,Volkswagen,Transit,1,12.46,2024-04-03,169,24.48
07 AAA 034,Volkswagen,Transit,1,12.46,2024-04-04,248,45.42
07 AAA 034,Volkswagen,Transit,1,12.46,2024-04-05,205,35.88
07 AAA 034,Volkswagen,Transit,1,12.46,2024-04-06,91,12.03
07 AAA 034,Volkswagen,Transit,1,12.46,2024-04-07,184,18.37
07 AAA 034,Volkswagen,Transit,1,12.46,2024-04-08,83,13.75
07 AAA 034,Volkswagen,Transit,1,12.46,2024-04-09,42,5.3
07 AAA 034,Volkswagen,Transit,1,12.46,2024-04-10,79,12.9
07 AAA 034,Volkswagen,Transit,1,12.46,2024-04-11,49,6.05
07 AAA 034,Volkswagen,Transit,1,12.46,2024-04-12,133,23.84
07 AAA 034,Volkswagen,Transit,1,12.46,2024-04-13,285,40.96
07 AAA 034,Volkswagen,Transit,1,12.46,2024-04-14,243,30.97
07 AAA 034,Volkswagen,Transit,1,12.46,2024-04-15,62,7.95
07 AAA 034,Volkswagen,Transit,1,12.46,2024-04-16,51,6.0
07 AAA 034,Volkswagen,Transit,1,12.46,2024-04-17,246,37.14
07 AAA 034,Volkswagen,Transit,1,12.46,2024-04-18,266,32.31
07 AAA 034,Volkswagen,Transit,1,12.46,2024-04-19,114,12.44
07 AAA 034,Volkswagen,Transit,1,12.46,2024-04-20,225,27.38
07 AAA 034,Volkswagen,Transit,1,12.46,2024-04-21,199,25.19
07 AAA 034,Volkswagen,Transit,1,12.46,2024-04-22,284,31.33
07 AAA 034,Volkswagen,Transit,1,12.46,2024-04-23,210,35.68
07 AAA 034,Volkswagen,Transit,1,12.46,2024-04-24,50,8.25
07 AAA 034,Volkswagen,Transit,1,12.46,2024-04-25,74,12.6
07 AAA 034,Volkswagen,Transit,1,12.46,2024-04-26,162,29.68
07 AAA 034,Volkswagen,Transit,1,12.46,2024-04-27,300,42.63
07 AAA 034,Volkswagen,Transit,1,12.46,2024-04-28,278,41.86
07 AAA 034,Volkswagen,Transit,1,12.46,2024-04-29,155,20.34
07 AAA 035,Mercedes,Doblo,1,12.86,2024-01-01,93,11.19
07 AAA 035,Mercedes,Doblo,1,12.86,2024-01-02,73,8.34
07 AAA 035,Mercedes,Doblo,1,12.86,2024-01-03,219,24.21
07 AAA 035,Mercedes,Doblo,1,12.86,2024-01-04,145,19.8
07 AAA 035,Mercedes,Doblo,1,12.86,2024-01-05,211,21.76
07 AAA 035,Mercedes,Doblo,1,12.86,2024-01-06,252,41.47
07 AAA 035,Mercedes,Doblo,1,12.86,2024-01-07,280,50.11
07 AAA 035,Mercedes,Doblo,1,12.86,2024-01-08,184,25.41
07 AAA 035,Mercedes,Doblo,1,12.86,2024-01-09,147,26.43
07 AAA 035,Mercedes,Doblo,1,12.86,2024-01-10,215,36.41
07 AAA 035,Mercedes,Doblo,1,12.86,2024-01-11,117,14.48
07 AAA 035,Mercedes,Doblo,1,12.86,2024-01-12,250,37.87
07 AAA 035,Mercedes,Doblo,1,12.86,2024-01-13,262,27.66
07 AAA 035,Mercedes,Doblo,1,12.86,2024-01-14,135,20.85
07 AAA 035,Mercedes,Doblo,1,12.86,2024-01-15,48,7.46
07 AAA 035,Mercedes,Doblo,1,12.86,2024-01-16,218,25.49
07 AAA 035,Mercedes,Doblo,1,12.86,2024-01-17,64,11.29
07 AAA 035,Mercedes,Doblo,1,12.86,2024-01-18,210,26.43
07 AAA 035,Mercedes,Doblo,1,12.86,2024-01-19,269,40.31
07 AAA 035,Mercedes,Doblo,1,12.86,2024-01-20,43,6.18
07 AAA 035,Mercedes,Doblo,1,12.86,2024-01-21,189,36.02
07 AAA 035,Mercedes,Doblo,1,12.86,2024-01-22,130,19.86
07 AAA 035,Mercedes,Doblo,1,12.86,2024-01-23,278,44.81
07 AAA 035,Mercedes,Doblo,1,12.86,2024-01-24,240,39.36
07 AAA 035,Mercedes,Doblo,1,12.86,2024-01-25,218,37.2
07 AAA 035,Mercedes,Doblo,1,12.86,2024-01-26,108,19.12
07 AAA 035,Mercedes,Doblo,1,12.86,2024-01-27,266,44.08
07 AAA 035,Mercedes,Doblo,1,12.86,2024-01-28,119,21.03
07 AAA 035,Mercedes,Doblo,1,12.86,2024-01-29,45,5.8
07 AAA 035,Mercedes,Doblo,1,12.86,2024-01-30,124,20.94
07 AAA 035,Mercedes,Doblo,1,12.86,2024-01-31,189,20.39
07 AAA 035,Mercedes,Doblo,1,12.86,2024-02-01,120,16.26
07 AAA 035,Mercedes,Doblo,1,12.86,2024-02-02,193,30.84
07 AAA 035,Mercedes,Doblo,1,12.86,2024-02-03,112,14.09
07 AAA 035,Mercedes,Doblo,1,12.86,2024-02-04,274,47.85
07 AAA 035,Mercedes,Doblo,1,12.86,2024-02-05,248,35.97
07 AAA 035,Mercedes,Doblo,1,12.86,2024-02-06,237,42.37
07 AAA 035,Mercedes,Doblo,1,12.86,2024-02-07,207,37.98
07 AAA 035,Mercedes,Doblo,1,12.86,2024-02-08,137,21.29
07 AAA 035,Mercedes,Doblo,1,12.86,2024-02-09,71,12.4
07 AAA 035,Mercedes,Doblo,1,12.86,2024-02-10,52,6.87
07 AAA 035,Mercedes,Doblo,1,12.86,2024-02-11,152,16.07
07 AAA 035,Mercedes,Doblo,1,12.86,2024-02-12,281,50.52
07 AAA 035,Mercedes,Doblo,1,12.86,2024-02-13,111,12.0
07 AAA 035,Mercedes,Doblo,1,12.86,2024-02-14,241,30.25
07 AAA 035,Mercedes,Doblo,1,12.86,2024-02-15,247,29.54
07 AAA 035,Mercedes,Doblo,1,12.86,2024-02-16,74,10.43
07 AAA 035,Mercedes,Doblo,1,12.86,2024-02-17,208,36.38
07 AAA 035,Mercedes,Doblo,1,12.86,2024-02-18,205,26.57
07 AAA 035,Mercedes,Doblo,1,12.86,2024-02-19,143,14.71
07 AAA 035,Mercedes,Doblo,1,12.86,2024-02-20,119,19.59
07 AAA 035,Mercedes,Doblo,1,12.86,2024-02-21,75,11.09
07 AAA 035,Mercedes,Doblo,1,12.86,2024-02-22,131,16.24
07 AAA 035,Mercedes,Doblo,1,12.86,2024-02-23,244,42.49
07 AAA 035,Mercedes,Doblo,1,12.86,2024-02-24,52,9.88
07 AAA 035,Mercedes,Doblo,1,12.86,2024-02-25,52,6.7
07 AAA 035,Mercedes,Doblo,1,12.86,2024-02-26,43,5.77
07 AAA 035,Mercedes,Doblo,1,12.86,2024-02-27,48,5.07
07 AAA 035,Mercedes,Doblo,1,12.86,2024-02-28,296,33.05
07 AAA 035,Mercedes,Doblo,1,12.86,2024-02-29,144,25.16
07 AAA 035,Mercedes,Doblo,1,12.86,2024-03-01,123,22.44
07 AAA 035,Mercedes,Doblo,1,12.86,2024-03-02,266,45.39
07 AAA 035,Mercedes,Doblo,1,12.86,2024-03-03,211,31.4
07 AAA 035,Mercedes,Doblo,1,12.86,2024-03-04,263,33.39
07 AAA 035,Mercedes,Doblo,1,12.86,2024-03-05,250,46.58
07 AAA 035,Mercedes,Doblo,1,12.86,2024-03-06,128,24.24
07 AAA 035,Mercedes,Doblo,1,12.86,2024-03-07,246,42.5
07 AAA 035,Mercedes,Doblo,1,12.86,2024-03-08,149,23.77
07 AAA 035,Mercedes,Doblo,1,12.86,2024-03-09,231,30.13
07 AAA 035,Mercedes,Doblo,1,12.86,2024-03-10,242,35.2
07 AAA 035,Mercedes,Doblo,1,12.86,2024-03-11,200,26.62
07 AAA 035,Mercedes,Doblo,1,12.86,2024-03-12,60,7.18
07 AAA 035,Mercedes,Doblo,1,12.86,2024-03-13,216,33.35
07 AAA 035,Mercedes,Doblo,1,12.86,2024-03-14,91,13.86
07 AAA 035,Mercedes,Doblo,1,12.86,2024-03-15,87,10.14
07 AAA 035,Mercedes,Doblo,1,12.86,2024-03-16,125,20.9
07 AAA 035,Mercedes,Doblo,1,12.86,2024-03-17,272,33.93
07 AAA 035,Mercedes,Doblo,1,12.86,2024-03-18,168,28.31
07 AAA 035,Mercedes,Doblo,1,12.86,2024-03-19,217,29.65
07 AAA 035,Mercedes,Doblo,1,12.86,2024-03-20,174,21.37
07 AAA 035,Mercedes,Doblo,1,12.86,2024-03-21,260,42.4
07 AAA 035,Mercedes,Doblo,1,12.86,2024-03-22,224,29.59
07 AAA 035,Mercedes,Doblo,1,12.86,2024-03-23,209,38.32
07 AAA 035,Mercedes,Doblo,1,12.86,2024-03-24,194,34.98
07 AAA 035,Mercedes,Doblo,1,12.86,2024-03-25,105,11.3
07 AAA 035,Mercedes,Doblo,1,12.86,2024-03-26,258,37.56
07 AAA 035,Mercedes,Doblo,1,12.86,2024-03-27,252,44.07
07 AAA 035,Mercedes,Doblo,1,12.86,2024-03-28,151,21.82
07 AAA 035,Mercedes,Doblo,1,12.86,2024-03-29,288,42.82
07 AAA 035,Mercedes,Doblo,1,12.86,2024-03-30,220,34.36
07 AAA 035,Mercedes,Doblo,1,12.86,2024-03-31,44,7.4
07 AAA 035,Mercedes,Doblo,1,12.86,2024-04-01,192,33.67
07 AAA 035,Mercedes,Doblo,1,12.86,2024-04-02,181,31.46
07 AAA 035,Mercedes,Doblo,1,12.86,2024-04-03,283,37.11
07 AAA 035,Mercedes,Doblo,1,12.86,2024-04-04,132,15.21
07 AAA 035,Mercedes,Doblo,1,12.86,2024-04-05,118,13.43
07 AAA 035,Mercedes,Doblo,1,12.86,2024-04-06,144,16.46
07 AAA 035,Mercedes,Doblo,1,12.86,2024-04-07,217,38.16
07 AAA 035,Mercedes,Doblo,1,12.86,2024-04-08,117,19.19
07 AAA 035,Mercedes,Doblo,1,12.86,2024-04-09,120,21.54
07 AAA 035,Mercedes,Doblo,1,12.86,2024-04-10,80,11.97
07 AAA 035,Mercedes,Doblo,1,12.86,2024-04-11,289,33.06
07 AAA 035,Mercedes,Doblo,1,12.86,2024-04-12,223,31.32
07 AAA 035,Mercedes,Doblo,1,12.86,2024-04-13,168,17.7
07 AAA 035,Mercedes,Doblo,1,12.86,2024-04-14,223,37.88
07 AAA 035,Mercedes,Doblo,1,12.86,2024-04-15,266,49.74
07 AAA 035,Mercedes,Doblo,1,12.86,2024-04-16,272,52.26
07 AAA 035,Mercedes,Doblo,1,12.86,2024-04-17,96,12.91
07 AAA 035,Mercedes,Doblo,1,12.86,2024-04-18,209,38.98
07 AAA 035,Mercedes,Doblo,1,12.86,2024-04-19,249,30.85
07 AAA 035,Mercedes,Doblo,1,12.86,2024-04-20,263,38.45
07 AAA 035,Mercedes,Doblo,1,12.86,2024-04-21,190,30.95
07 AAA 035,Mercedes,Doblo,1,12.86,2024-04-22,204,24.16
07 AAA 035,Mercedes,Doblo,1,12.86,2024-04-23,66,7.98
07 AAA 035,Mercedes,Doblo,1,12.86,2024-04-24,268,43.21
07 AAA 035,Mercedes,Doblo,1,12.86,2024-04-25,103,14.42
07 AAA 035,Mercedes,Doblo,1,12.86,2024-04-26,193,35.98
07 AAA 035,Mercedes,Doblo,1,12.86,2024-04-27,40,7.11
07 AAA 035,Mercedes,Doblo,1,12.86,2024-04-28,103,12.56
07 AAA 035,Mercedes,Doblo,1,12.86,2024-04-29,176,31.53
07 AAA 036,Renault,Fluence,2,9.16,2024-01-01,265,31.63
07 AAA 036,Renault,Fluence,2,9.16,2024-01-02,153,16.09
07 AAA 036,Renault,Fluence,2,9.16,2024-01-03,204,15.15
07 AAA 036,Renault,Fluence,2,9.16,2024-01-04,64,6.95
07 AAA 036,Renault,Fluence,2,9.16,2024-01-05,196,23.85
07 AAA 036,Renault,Fluence,2,9.16,2024-01-06,283,25.52
07 AAA 036,Renault,Fluence,2,9.16,2024-01-07,219,22.59
07 AAA 036,Renault,Fluence,2,9.16,2024-01-08,41,4.56
07 AAA 036,Renault,Fluence,2,9.16,2024-01-09,175,15.56
07 AAA 036,Renault,Fluence,2,9.16,2024-01-10,138,10.62
07 AAA 036,Renault,Fluence,2,9.16,2024-01-11,85,7.07
07 AAA 036,Renault,Fluence,2,9.16,2024-01-12,144,13.39
07 AAA 036,Renault,Fluence,2,9.16,2024-01-13,93,8.96
07 AAA 036,Renault,Fluence,2,9.16,2024-01-14,163,18.73
07 AAA 036,Renault,Fluence,2,9.16,2024-01-15,126,16.88
07 AAA 036,Renault,Fluence,2,9.16,2024-01-16,152,14.87
07 AAA 036,Renault,Fluence,2,9.16,2024-01-17,177,23.92
07 AAA 036,Renault,Fluence,2,9.16,2024-01-18,152,14.83
07 AAA 036,Renault,Fluence,2,9.16,2024-01-19,293,33.59
07 AAA 036,Renault,Fluence,2,9.16,2024-01-20,218,29.84
07 AAA 036,Renault,Fluence,2,9.16,2024-01-21,141,14.18
07 AAA 036,Renault,Fluence,2,9.16,2024-01-22,93,10.45
07 AAA 036,Renault,Fluence,2,9.16,2024-01-23,294,39.88
07 AAA 036,Renault,Fluence,2,9.16,2024-01-24,248,21.49
07 AAA 036,Renault,Fluence,2,9.16,2024-01-25,111,9.4
07 AAA 036,Renault,Fluence,2,9.16,2024-01-26,261,29.83
07 AAA 036,Renault,Fluence,2,9.16,2024-01-27,68,5.96
07 AAA 036,Renault,Fluence,2,9.16,2024-01-28,299,27.04
07 AAA 036,Renault,Fluence,2,9.16,2024-01-29,288,29.2
07 AAA 036,Renault,Fluence,2,9.16,2024-01-30,261,32.43
07 AAA 036,Renault,Fluence,2,9.16,2024-01-31,180,15.48
07 AAA 036,Renault,Fluence,2,9.16,2024-02-01,95,11.53
07 AAA 036,Renault,Fluence,2,9.16,2024-02-02,241,26.82
07 AAA 036,Renault,Fluence,2,9.16,2024-02-03,208,22.07
07 AAA 036,Renault,Fluence,2,9.16,2024-02-04,94,9.67
07 AAA 036,Renault,Fluence,2,9.16,2024-02-05,212,22.23
07 AAA 036,Renault,Fluence,2,9.16,2024-02-06,52,5.03
07 AAA 036,Renault,Fluence,2,9.16,2024-02-07,132,17.99
07 AAA 036,Renault,Fluence,2,9.16,2024-02-08,243,25.51
07 AAA 036,Renault,Fluence,2,9.16,2024-02-09,177,14.53
07 AAA 036,Renault,Fluence,2,9.16,2024-02-10,230,21.2
07 AAA 036,Renault,Fluence,2,9.16,2024-02-11,72,8.09
07 AAA 036,Renault,Fluence,2,9.16,2024-02-12,112,10.58
07 AAA 036,Renault,Fluence,2,9.16,2024-02-13,293,38.5
07 AAA 036,Renault,Fluence,2,9.16,2024-02-14,178,18.13
07 AAA 036,Renault,Fluence,2,9.16,2024-02-15,274,26.3
07 AAA 036,Renault,Fluence,2,9.16,2024-02-16,53,4.14
07 AAA 036,Renault,Fluence,2,9.16,2024-02-17,293,39.48
07 AAA 036,Renault,Fluence,2,9.16,2024-02-18,284,24.19
07 AAA 036,Renault,Fluence,2,9.16,2024-02-19,215,17.63
07 AAA 036,Renault,Fluence,2,9.16,2024-02-20,182,23.11
07 AAA 036,Renault,Fluence,2,9.16,2024-02-21,271,23.7
07 AAA 036,Renault,Fluence,2,9.16,2024-02-22,120,10.01
07 AAA 036,Renault,Fluence,2,9.16,2024-02-23,218,22.84
07 AAA 036,Renault,Fluence,2,9.16,2024-02-24,181,17.78
07 AAA 036,Renault,Fluence,2,9.16,2024-02-25,293,35.08
07 AAA 036,Renault,Fluence,2,9.16,2024-02-26,262,30.6
07 AAA 036,Renault,Fluence,2,9.16,2024-02-27,89,11.93
07 AAA 036,Renault,Fluence,2,9.16,2024-02-28,99,10.84
07 AAA 036,Renault,Fluence,2,9.16,2024-02-29,151,20.34
07 AAA 036,Renault,Fluence,2,9.16,2024-03-01,227,25.15
07 AAA 036,Renault,Fluence,2,9.16,2024-03-02,294,31.14
07 AAA 036,Renault,Fluence,2,9.16,2024-03-03,70,8.39
07 AAA 036,Renault,Fluence,2,9.16,2024-03-04,193,19.04
07 AAA 036,Renault,Fluence,2,9.16,2024-03-05,243,32.97
07 AAA 036,Renault,Fluence,2,9.16,2024-03-06,149,20.17
07 AAA 036,Renault,Fluence,2,9.16,2024-03-07,188,20.32
07 AAA 036,Renault,Fluence,2,9.16,2024-03-08,282,29.19
07 AAA 036,Renault,Fluence,2,9.16,2024-03-09,270,19.84
07 AAA 036,Renault,Fluence,2,9.16,2024-03-10,83,6.77
07 AAA 036,Renault,Fluence,2,9.16,2024-03-11,101,12.6
07 AAA 036,Renault,Fluence,2,9.16,2024-03-12,151,13.64
07 AAA 036,Renault,Fluence,2,9.16,2024-03-13,249,21.6
07 AAA 036,Renault,Fluence,2,9.16,2024-03-14,99,13.43
07 AAA 036,Renault,Fluence,2,9.16,2024-03-15,216,23.21
07 AAA 036,Renault,Fluence,2,9.16,2024-03-16,299,29.57
07 AAA 036,Renault,Fluence,2,9.16,2024-03-17,268,31.57
07 AAA 036,Renault,Fluence,2,9.16,2024-03-18,181,24.34
07 AAA 036,Renault,Fluence,2,9.16,2024-03-19,292,35.31
07 AAA 036,Renault,Fluence,2,9.16,2024-03-20,166,12.19
07 AAA 036,Renault,Fluence,2,9.16,2024-03-21,271,29.67
07 AAA 036,Renault,Fluence,2,9.16,2024-03-22,77,9.45
07 AAA 036,Renault,Fluence,2,9.16,2024-03-23,210,17.84
07 AAA 036,Renault,Fluence,2,9.16,2024-03-24,254,18.91
07 AAA 036,Renault,Fluence,2,9.16,2024-03-25,199,24.76
07 AAA 036,Renault,Fluence,2,9.16,2024-03-26,287,37.97
07 AAA 036,Renault,Fluence,2,9.16,2024-03-27,66,6.75
07 AAA 036,Renault,Fluence,2,9.16,2024-03-28,225,19.82
07 AAA 036,Renault,Fluence,2,9.16,2024-03-29,267,33.36
07 AAA 036,Renault,Fluence,2,9.16,2024-03-30,136,12.79
07 AAA 036,Renault,Fluence,2,9.16,2024-03-31,104,13.85
07 AAA 036,Renault,Fluence,2,9.16,2024-04-01,63,7.79
07 AAA 036,Renault,Fluence,2,9.16,2024-04-02,258,26.15
07 AAA 036,Renault,Fluence,2,9.16,2024-04-03,50,5.95
07 AAA 036,Renault,Fluence,2,9.16,2024-04-04,254,22.11
07 AAA 036,Renault,Fluence,2,9.16,2024-04-05,145,17.55
07 AAA 036,Renault,Fluence,2,9.16,2024-04-06,221,28.79
07 AAA 036,Renault,Fluence,2,9.16,2024-04-07,293,29.13
07 AAA 036,Renault,Fluence,2,9.16,2024-04-08,209,15.36
07 AAA 036,Renault,Fluence,2,9.16,2024-04-09,53,6.5
07 AAA 036,Renault,Fluence,2,9.16,2024-04-10,240,27.84
07 AAA 036,Renault,Fluence,2,9.16,2024-04-11,261,20.96
07 AAA 036,Renault,Fluence,2,9.16,2024-04-12,134,15.02
07 AAA 036,Renault,Fluence,2,9.16,2024-04-13,228,24.45
07 AAA 036,Renault,Fluence,2,9.16,2024-04-14,118,14.53
07 AAA 036,Renault,Fluence,2,9.16,2024-04-15,285,26.87
07 AAA 036,Renault,Fluence,2,9.16,2024-04-16,58,6.95
07 AAA 036,Renault,Fluence,2,9.16,2024-04-17,80,10.5
07 AAA 036,Renault,Fluence,2,9.16,2024-04-18,240,30.88
07 AAA 036,Renault,Fluence,2,9.16,2024-04-19,202,21.31
07 AAA 036,Renault,Fluence,2,9.16,2024-04-20,249,25.45
07 AAA 036,Renault,Fluence,2,9.16,2024-04-21,196,14.72
07 AAA 036,Renault,Fluence,2,9.16,2024-04-22,263,25.27
07 AAA 036,Renault,Fluence,2,9.16,2024-04-23,147,17.08
07 AAA 036,Renault,Fluence,2,9.16,2024-04-24,41,4.91
07 AAA 036,Renault,Fluence,2,9.16,2024-04-25,270,20.52
07 AAA 036,Renault,Fluence,2,9.16,2024-04-26,217,25.43
07 AAA 036,Renault,Fluence,2,9.16,2024-04-27,244,33.47
07 AAA 036,Renault,Fluence,2,9.16,2024-04-28,177,24.18
07 AAA 036,Renault,Fluence,2,9.16,2024-04-29,56,4.32
07 AAA 037,Fiat,Fluence,3,24.68,2024-01-01,225,62.15
07 AAA 037,Fiat,Fluence,3,24.68,2024-01-02,297,98.4
07 AAA 037,Fiat,Fluence,3,24.68,2024-01-03,220,75.71
07 AAA 037,Fiat,Fluence,3,24.68,2024-01-04,66,17.42
07 AAA 037,Fiat,Fluence,3,24.68,2024-01-05,288,86.59
07 AAA 037,Fiat,Fluence,3,24.68,2024-01-06,182,40.11
07 AAA 037,Fiat,Fluence,3,24.68,2024-01-07,110,33.32
07 AAA 037,Fiat,Fluence,3,24.68,2024-01-08,86,30.84
07 AAA 037,Fiat,Fluence,3,24.68,2024-01-09,70,21.32
07 AAA 037,Fiat,Fluence,3,24.68,2024-01-10,201,41.19
07 AAA 037,Fiat,Fluence,3,24.68,2024-01-11,75,18.01
07 AAA 037,Fiat,Fluence,3,24.68,2024-01-12,266,68.71
07 AAA 037,Fiat,Fluence,3,24.68,2024-01-13,142,45.02
07 AAA 037,Fiat,Fluence,3,24.68,2024-01-14,180,61.46
07 AAA 037,Fiat,Fluence,3,24.68,2024-01-15,115,27.36
07 AAA 037,Fiat,Fluence,3,24.68,2024-01-16,187,49.81
07 AAA 037,Fiat,Fluence,3,24.68,2024-01-17,292,75.11
07 AAA 037,Fiat,Fluence,3,24.68,2024-01-18,141,46.94
07 AAA 037,Fiat,Fluence,3,24.68,2024-01-19,51,17.86
07 AAA 037,Fiat,Fluence,3,24.68,2024-01-20,277,70.78
07 AAA 037,Fiat,Fluence,3,24.68,2024-01-21,160,44.27
07 AAA 037,Fiat,Fluence,3,24.68,2024-01-22,122,26.83
07 AAA 037,Fiat,Fluence,3,24.68,2024-01-23,157,42.35
07 AAA 037,Fiat,Fluence,3,24.68,2024-01-24,147,49.33
07 AAA 037,Fiat,Fluence,3,24.68,2024-01-25,127,32.73
07 AAA 037,Fiat,Fluence,3,24.68,2024-01-26,202,68.05
07 AAA 037,Fiat,Fluence,3,24.68,2024-01-27,270,84.51
07 AAA 037,Fiat,Fluence,3,24.68,2024-01-28,258,51.03
07 AAA 037,Fiat,Fluence,3,24.68,2024-01-29,143,50.74
07 AAA 037,Fiat,Fluence,3,24.68,2024-01-30,199,62.7
07 AAA 037,Fiat,Fluence,3,24.68,2024-01-31,205,47.16
07 AAA 037,Fiat,Fluence,3,24.68,2024-02-01,94,28.53
07 AAA 037,Fiat,Fluence,3,24.68,2024-02-02,144,44.34
07 AAA 037,Fiat,Fluence,3,24.68,2024-02-03,66,19.91
07 AAA 037,Fiat,Fluence,3,24.68,2024-02-04,108,34.57
07 AAA 037,Fiat,Fluence,3,24.68,2024-02-05,162,49.84
07 AAA 037,Fiat,Fluence,3,24.68,2024-02-06,136,39.36
07 AAA 037,Fiat,Fluence,3,24.68,2024-02-07,213,65.69
07 AAA 037,Fiat,Fluence,3,24.68,2024-02-08,135,43.05
07 AAA 037,Fiat,Fluence,3,24.68,2024-02-09,217,63.6
07 AAA 037,Fiat,Fluence,3,24.68,2024-02-10,298,99.62
07 AAA 037,Fiat,Fluence,3,24.68,2024-02-11,217,55.35
07 AAA 037,Fiat,Fluence,3,24.68,2024-02-12,261,84.07
07 AAA 037,Fiat,Fluence,3,24.68,2024-02-13,183,55.1
07 AAA 037,Fiat,Fluence,3,24.68,2024-02-14,201,40.86
07 AAA 037,Fiat,Fluence,3,24.68,2024-02-15,243,67.44
07 AAA 037,Fiat,Fluence,3,24.68,2024-02-16,278,101.56
07 AAA 037,Fiat,Fluence,3,24.68,2024-02-17,168,50.14
07 AAA 037,Fiat,Fluence,3,24.68,2024-02-18,137,38.97
07 AAA 037,Fiat,Fluence,3,24.68,2024-02-19,70,24.07
07 AAA 037,Fiat,Fluence,3,24.68,2024-02-20,84,16.83
07 AAA 037,Fiat,Fluence,3,24.68,2024-02-21,239,75.25
07 AAA 037,Fiat,Fluence,3,24.68,2024-02-22,268,82.71
07 AAA 037,Fiat,Fluence,3,24.68,2024-02-23,259,86.37
07 AAA 037,Fiat,Fluence,3,24.68,2024-02-24,243,59.25
07 AAA 037,Fiat,Fluence,3,24.68,2024-02-25,158,41.27
07 AAA 037,Fiat,Fluence,3,24.68,2024-02-26,227,69.05
07 AAA 037,Fiat,Fluence,3,24.68,2024-02-27,272,90.69
07 AAA 037,Fiat,Fluence,3,24.68,2024-02-28,238,73.69
07 AAA 037,Fiat,Fluence,3,24.68,2024-02-29,155,32.11
07 AAA 037,Fiat,Fluence,3,24.68,2024-03-01,131,40.55
07 AAA 037,Fiat,Fluence,3,24.68,2024-03-02,163,53.27
07 AAA 037,Fiat,Fluence,3,24.68,2024-03-03,121,40.69
07 AAA 037,Fiat,Fluence,3,24.68,2024-03-04,148,30.2
07 AAA 037,Fiat,Fluence,3,24.68,2024-03-05,159,46.22
07 AAA 037,Fiat,Fluence,3,24.68,2024-03-06,252,53.01
07 AAA 037,Fiat,Fluence,3,24.68,2024-03-07,113,38.42
07 AAA 037,Fiat,Fluence,3,24.68,2024-03-08,64,20.05
07 AAA 037,Fiat,Fluence,3,24.68,2024-03-09,200,68.39
07 AAA 037,Fiat,Fluence,3,24.68,2024-03-10,111,23.14
07 AAA 037,Fiat,Fluence,3,24.68,2024-03-11,189,55.05
07 AAA 037,Fiat,Fluence,3,24.68,2024-03-12,106,27.6
07 AAA 037,Fiat,Fluence,3,24.68,2024-03-13,124,25.46
07 AAA 037,Fiat,Fluence,3,24.68,2024-03-14,250,77.74
07 AAA 037,Fiat,Fluence,3,24.68,2024-03-15,122,39.81
07 AAA 037,Fiat,Fluence,3,24.68,2024-03-16,291,76.02
07 AAA 037,Fiat,Fluence,3,24.68,2024-03-17,123,38.57
07 AAA 037,Fiat,Fluence,3,24.68,2024-03-18,143,39.42
07 AAA 037,Fiat,Fluence,3,24.68,2024-03-19,99,21.75
07 AAA 037,Fiat,Fluence,3,24.68,2024-03-20,128,47.14
07 AAA 037,Fiat,Fluence,3,24.68,2024-03-21,54,11.26
07 AAA 037,Fiat,Fluence,3,24.68,2024-03-22,218,56.29
07 AAA 037,Fiat,Fluence,3,24.68,2024-03-23,126,29.37
07 AAA 037,Fiat,Fluence,3,24.68,2024-03-24,102,33.8
07 AAA 037,Fiat,Fluence,3,24.68,2024-03-25,88,27.1
07 AAA 037,Fiat,Fluence,3,24.68,2024-03-26,267,84.63
07 AAA 037,Fiat,Fluence,3,24.68,2024-03-27,291,102.24
07 AAA 037,Fiat,Fluence,3,24.68,2024-03-28,214,47.35
07 AAA 037,Fiat,Fluence,3,24.68,2024-03-29,139,45.25
07 AAA 037,Fiat,Fluence,3,24.68,2024-03-30,62,18.29
07 AAA 037,Fiat,Fluence,3,24.68,2024-03-31,161,39.2
07 AAA 037,Fiat,Fluence,3,24.68,2024-04-01,281,64.27
07 AAA 037,Fiat,Fluence,3,24.68,2024-04-02,259,59.58
07 AAA 037,Fiat,Fluence,3,24.68,2024-04-03,193,67.42
07 AAA 037,Fiat,Fluence,3,24.68,2024-04-04,136,46.61
07 AAA 037,Fiat,Fluence,3,24.68,2024-04-05,283,62.28
07 AAA 037,Fiat,Fluence,3,24.68,2024-04-06,300,61.63
07 AAA 037,Fiat,Fluence,3,24.68,2024-04-07,294,92.12
07 AAA 037,Fiat,Fluence,3,24.68,2024-04-08,83,28.7
07 AAA 037,Fiat,Fluence,3,24.68,2024-04-09,267,77.16
07 AAA 037,Fiat,Fluence,3,24.68,2024-04-10,78,25.2
07 AAA 037,Fiat,Fluence,3,24.68,2024-04-11,295,91.91
07 AAA 037,Fiat,Fluence,3,24.68,2024-04-12,151,47.4
07 AAA 037,Fiat,Fluence,3,24.68,2024-04-13,177,52.65
07 AAA 037,Fiat,Fluence,3,24.68,2024-04-14,201,53.33
07 AAA 037,Fiat,Fluence,3,24.68,2024-04-15,279,95.41
07 AAA 037,Fiat,Fluence,3,24.68,2024-04-16,99,21.87
07 AAA 037,Fiat,Fluence,3,24.68,2024-04-17,127,39.65
07 AAA 037,Fiat,Fluence,3,24.68,2024-04-18,69,16.8
07 AAA 037,Fiat,Fluence,3,24.68,2024-04-19,55,13.88
07 AAA 037,Fiat,Fluence,3,24.68,2024-04-20,264,91.66
07 AAA 037,Fiat,Fluence,3,24.68,2024-04-21,151,44.28
07 AAA 037,Fiat,Fluence,3,24.68,2024-04-22,74,22.32
07 AAA 037,Fiat,Fluence,3,24.68,2024-04-23,193,69.8
07 AAA 037,Fiat,Fluence,3,24.68,2024-04-24,139,42.36
07 AAA 037,Fiat,Fluence,3,24.68,2024-04-25,255,83.61
07 AAA 037,Fiat,Fluence,3,24.68,2024-04-26,144,38.47
07 AAA 037,Fiat,Fluence,3,24.68,2024-04-27,62,12.74
07 AAA 037,Fiat,Fluence,3,24.68,2024-04-28,54,13.97
07 AAA 037,Fiat,Fluence,3,24.68,2024-04-29,242,63.83
07 AAA 038,Mercedes,Boxer,1,12.43,2024-01-01,185,26.72
07 AAA 038,Mercedes,Boxer,1,12.43,2024-01-02,91,9.77
07 AAA 038,Mercedes,Boxer,1,12.43,2024-01-03,97,14.58
07 AAA 038,Mercedes,Boxer,1,12.43,2024-01-04,156,24.44
07 AAA 038,Mercedes,Boxer,1,12.43,2024-01-05,262,37.83
07 AAA 038,Mercedes,Boxer,1,12.43,2024-01-06,178,23.96
07 AAA 038,Mercedes,Boxer,1,12.43,2024-01-07,133,16.85
07 AAA 038,Mercedes,Boxer,1,12.43,2024-01-08,140,15.51
07 AAA 038,Mercedes,Boxer,1,12.43,2024-01-09,102,11.85
07 AAA 038,Mercedes,Boxer,1,12.43,2024-01-10,289,34.76
07 AAA 038,Mercedes,Boxer,1,12.43,2024-01-11,225,23.66
07 AAA 038,Mercedes,Boxer,1,12.43,2024-01-12,249,25.61
07 AAA 038,Mercedes,Boxer,1,12.43,2024-01-13,204,29.44
07 AAA 038,Mercedes,Boxer,1,12.43,2024-01-14,165,28.9
07 AAA 038,Mercedes,Boxer,1,12.43,2024-01-15,247,36.08
07 AAA 038,Mercedes,Boxer,1,12.43,2024-01-16,75,13.15
07 AAA 038,Mercedes,Boxer,1,12.43,2024-01-17,129,16.0
07 AAA 038,Mercedes,Boxer,1,12.43,2024-01-18,184,26.5
07 AAA 038,Mercedes,Boxer,1,12.43,2024-01-19,113,15.0
07 AAA 038,Mercedes,Boxer,1,12.43,2024-01-20,209,33.24
07 AAA 038,Mercedes,Boxer,1,12.43,2024-01-21,174,21.71
07 AAA 038,Mercedes,Boxer,1,12.43,2024-01-22,135,14.71
07 AAA 038,Mercedes,Boxer,1,12.43,2024-01-23,215,26.85
07 AAA 038,Mercedes,Boxer,1,12.43,2024-01-24,74,8.66
07 AAA 038,Mercedes,Boxer,1,12.43,2024-01-25,300,38.52
07 AAA 038,Mercedes,Boxer,1,12.43,2024-01-26,210,30.46
07 AAA 038,Mercedes,Boxer,1,12.43,2024-01-27,202,21.08
07 AAA 038,Mercedes,Boxer,1,12.43,2024-01-28,64,10.53
07 AAA 038,Mercedes,Boxer,1,12.43,2024-01-29,280,36.28
07 AAA 038,Mercedes,Boxer,1,12.43,2024-01-30,87,9.45
07 AAA 038,Mercedes,Boxer,1,12.43,2024-01-31,150,19.11
07 AAA 038,Mercedes,Boxer,1,12.43,2024-02-01,57,9.71
07 AAA 038,Mercedes,Boxer,1,12.43,2024-02-02,249,33.43
07 AAA 038,Mercedes,Boxer,1,12.43,2024-02-03,265,30.01
07 AAA 038,Mercedes,Boxer,1,12.43,2024-02-04,253,35.62
07 AAA 038,Mercedes,Boxer,1,12.43,2024-02-05,98,14.72
07 AAA 038,Mercedes,Boxer,1,12.43,2024-02-06,151,21.7
07 AAA 038,Mercedes,Boxer,1,12.43,2024-02-07,47,6.02
07 AAA 038,Mercedes,Boxer,1,12.43,2024-02-08,150,24.56
07 AAA 038,Mercedes,Boxer,1,12.43,2024-02-09,91,13.84
07 AAA 038,Mercedes,Boxer,1,12.43,2024-02-10,236,37.32
07 AAA 038,Mercedes,Boxer,1,12.43,2024-02-11,144,15.73
07 AAA 038,Mercedes,Boxer,1,12.43,2024-02-12,54,5.93
07 AAA 038,Mercedes,Boxer,1,12.43,2024-02-13,54,9.33
07 AAA 038,Mercedes,Boxer,1,12.43,2024-02-14,288,52.31
07 AAA 038,Mercedes,Boxer,1,12.43,2024-02-15,217,38.31
07 AAA 038,Mercedes,Boxer,1,12.43,2024-02-16,176,26.96
07 AAA 038,Mercedes,Boxer,1,12.43,2024-02-17,233,35.79
07 AAA 038,Mercedes,Boxer,1,12.43,2024-02-18,232,27.78
07 AAA 038,Mercedes,Boxer,1,12.43,2024-02-19,179,17.85
07 AAA 038,Mercedes,Boxer,1,12.43,2024-02-20,153,28.53
07 AAA 038,Mercedes,Boxer,1,12.43,2024-02-21,293,50.88
07 AAA 038,Mercedes,Boxer,1,12.43,2024-02-22,81,8.76
07 AAA 038,Mercedes,Boxer,1,12.43,2024-02-23,232,28.62
07 AAA 038,Mercedes,Boxer,1,12.43,2024-02-24,245,34.77
07 AAA 038,Mercedes,Boxer,1,12.43,2024-02-25,44,8.03
07 AAA 038,Mercedes,Boxer,1,12.43,2024-02-26,208,23.14
07 AAA 038,Mercedes,Boxer,1,12.43,2024-02-27,201,20.86
07 AAA 038,Mercedes,Boxer,1,12.43,2024-02-28,49,5.1
07 AAA 038,Mercedes,Boxer,1,12.43,2024-02-29,205,29.9
07 AAA 038,Mercedes,Boxer,1,12.43,2024-03-01,281,29.08
07 AAA 038,Mercedes,Boxer,1,12.43,2024-03-02,212,36.68
07 AAA 038,Mercedes,Boxer,1,12.43,2024-03-03,182,21.65
07 AAA 038,Mercedes,Boxer,1,12.43,2024-03-04,270,45.79
07 AAA 038,Mercedes,Boxer,1,12.43,2024-03-05,131,20.04
07 AAA 038,Mercedes,Boxer,1,12.43,2024-03-06,206,35.33
07 AAA 038,Mercedes,Boxer,1,12.43,2024-03-07,248,27.6
07 AAA 038,Mercedes,Boxer,1,12.43,2024-03-08,137,25.14
07 AAA 038,Mercedes,Boxer,1,12.43,2024-03-09,136,15.87
07 AAA 038,Mercedes,Boxer,1,12.43,2024-03-10,203,21.54
07 AAA 038,Mercedes,Boxer,1,12.43,2024-03-11,194,26.86
07 AAA 038,Mercedes,Boxer,1,12.43,2024-03-12,159,19.3
07 AAA 038,Mercedes,Boxer,1,12.43,2024-03-13,187,30.46
07 AAA 038,Mercedes,Boxer,1,12.43,2024-03-14,146,24.08
07 AAA 038,Mercedes,Boxer,1,12.43,2024-03-15,63,10.21
07 AAA 038,Mercedes,Boxer,1,12.43,2024-03-16,73,8.14
07 AAA 038,Mercedes,Boxer,1,12.43,2024-03-17,208,27.4
07 AAA 038,Mercedes,Boxer,1,12.43,2024-03-18,55,9.79
07 AAA 038,Mercedes,Boxer,1,12.43,2024-03-19,80,10.05
07 AAA 038,Mercedes,Boxer,1,12.43,2024-03-20,156,17.31
07 AAA 038,Mercedes,Boxer,1,12.43,2024-03-21,67,8.26
07 AAA 038,Mercedes,Boxer,1,12.43,2024-03-22,53,7.38
07 AAA 038,Mercedes,Boxer,1,12.43,2024-03-23,57,6.26
07 AAA 038,Mercedes,Boxer,1,12.43,2024-03-24,67,10.67
07 AAA 038,Mercedes,Boxer,1,12.43,2024-03-25,292,46.6
07 AAA 038,Mercedes,Boxer,1,12.43,2024-03-26,49,5.41
07 AAA 038,Mercedes,Boxer,1,12.43,2024-03-27,77,10.37
07 AAA 038,Mercedes,Boxer,1,12.43,2024-03-28,146,17.59
07 AAA 038,Mercedes,Boxer,1,12.43,2024-03-29,118,14.24
07 AAA 038,Mercedes,Boxer,1,12.43,2024-03-30,110,11.86
07 AAA 038,Mercedes,Boxer,1,12.43,2024-03-31,148,19.29
07 AAA 038,Mercedes,Boxer,1,12.43,2024-04-01,156,26.61
07 AAA 038,Mercedes,Boxer,1,12.43,2024-04-02,287,31.26
07 AAA 038,Mercedes,Boxer,1,12.43,2024-04-03,77,12.74
07 AAA 038,Mercedes,Boxer,1,12.43,2024-04-04,218,26.46
07 AAA 038,Mercedes,Boxer,1,12.43,2024-04-05,277,39.73
07 AAA 038,Mercedes,Boxer,1,12.43,2024-04-06,77,10.22
07 AAA 038,Mercedes,Boxer,1,12.43,2024-04-07,263,40.63
07 AAA 038,Mercedes,Boxer,1,12.43,2024-04-08,296,54.98
07 AAA 038,Mercedes,Boxer,1,12.43,2024-04-09,64,7.68
07 AAA 038,Mercedes,Boxer,1,12.43,2024-04-10,240,25.32
07 AAA 038,Mercedes,Boxer,1,12.43,2024-04-11,52,5.82
07 AAA 038,Mercedes,Boxer,1,12.43,2024-04-12,167,27.96
07 AAA 038,Mercedes,Boxer,1,12.43,2024-04-13,251,32.98
07 AAA 038,Mercedes,Boxer,1,12.43,2024-04-14,239,44.56
07 AAA 038,Mercedes,Boxer,1,12.43,2024-04-15,166,20.22
07 AAA 038,Mercedes,Boxer,1,12.43,2024-04-16,207,23.0
07 AAA 038,Mercedes,Boxer,1,12.43,2024-04-17,283,33.55
07 AAA 038,Mercedes,Boxer,1,12.43,2024-04-18,107,11.44
07 AAA 038,Mercedes,Boxer,1,12.43,2024-04-19,40,5.81
07 AAA 038,Mercedes,Boxer,1,12.43,2024-04-20,152,24.19
07 AAA 038,Mercedes,Boxer,1,12.43,2024-04-21,195,32.23
07 AAA 038,Mercedes,Boxer,1,12.43,2024-04-22,299,40.1
07 AAA 038,Mercedes,Boxer,1,12.43,2024-04-23,264,40.32
07 AAA 038,Mercedes,Boxer,1,12.43,2024-04-24,96,15.02
07 AAA 038,Mercedes,Boxer,1,12.43,2024-04-25,227,26.1
07 AAA 038,Mercedes,Boxer,1,12.43,2024-04-26,94,10.21
07 AAA 038,Mercedes,Boxer,1,12.43,2024-04-27,222,37.99
07 AAA 038,Mercedes,Boxer,1,12.43,2024-04-28,114,12.88
07 AAA 038,Mercedes,Boxer,1,12.43,2024-04-29,227,28.66
07 AAA 039,Volkswagen,Atego,1,11.78,2024-01-01,215,24.26
07 AAA 039,Volkswagen,Atego,1,11.78,2024-01-02,289,29.3
07 AAA 039,Volkswagen,Atego,1,11.78,2024-01-03,231,34.13
07 AAA 039,Volkswagen,Atego,1,11.78,2024-01-04,111,16.86
07 AAA 039,Volkswagen,Atego,1,11.78,2024-01-05,44,5.51
07 AAA 039,Volkswagen,Atego,1,11.78,2024-01-06,268,37.41
07 AAA 039,Volkswagen,Atego,1,11.78,2024-01-07,146,15.94
07 AAA 039,Volkswagen,Atego,1,11.78,2024-01-08,236,30.68
07 AAA 039,Volkswagen,Atego,1,11.78,2024-01-09,136,16.37
07 AAA 039,Volkswagen,Atego,1,11.78,2024-01-10,140,13.22
07 AAA 039,Volkswagen,Atego,1,11.78,2024-01-11,159,17.6
07 AAA 039,Volkswagen,Atego,1,11.78,2024-01-12,277,41.98
07 AAA 039,Volkswagen,Atego,1,11.78,2024-01-13,294,51.82
07 AAA 039,Volkswagen,Atego,1,11.78,2024-01-14,174,28.22
07 AAA 039,Volkswagen,Atego,1,11.78,2024-01-15,53,7.84
07 AAA 039,Volkswagen,Atego,1,11.78,2024-01-16,244,26.12
07 AAA 039,Volkswagen,Atego,1,11.78,2024-01-17,212,27.57
07 AAA 039,Volkswagen,Atego,1,11.78,2024-01-18,86,11.07
07 AAA 039,Volkswagen,Atego,1,11.78,2024-01-19,191,33.05
07 AAA 039,Volkswagen,Atego,1,11.78,2024-01-20,237,24.73
07 AAA 039,Volkswagen,Atego,1,11.78,2024-01-21,119,20.82
07 AAA 039,Volkswagen,Atego,1,11.78,2024-01-22,249,32.75
07 AAA 039,Volkswagen,Atego,1,11.78,2024-01-23,187,23.26
07 AAA 039,Volkswagen,Atego,1,11.78,2024-01-24,103,13.48
07 AAA 039,Volkswagen,Atego,1,11.78,2024-01-25,148,17.65
07 AAA 039,Volkswagen,Atego,1,11.78,2024-01-26,75,13.03
07 AAA 039,Volkswagen,Atego,1,11.78,2024-01-27,57,6.54
07 AAA 039,Volkswagen,Atego,1,11.78,2024-01-28,202,20.8
07 AAA 039,Volkswagen,Atego,1,11.78,2024-01-29,174,28.63
07 AAA 039,Volkswagen,Atego,1,11.78,2024-01-30,87,14.95
07 AAA 039,Volkswagen,Atego,1,11.78,2024-01-31,51,8.92
07 AAA 039,Volkswagen,Atego,1,11.78,2024-02-01,126,16.87
07 AAA 039,Volkswagen,Atego,1,11.78,2024-02-02,257,39.26
07 AAA 039,Volkswagen,Atego,1,11.78,2024-02-03,153,15.9
07 AAA 039,Volkswagen,Atego,1,11.78,2024-02-04,44,5.39
07 AAA 039,Volkswagen,Atego,1,11.78,2024-02-05,193,27.83
07 AAA 039,Volkswagen,Atego,1,11.78,2024-02-06,281,47.75
07 AAA 039,Volkswagen,Atego,1,11.78,2024-02-07,250,26.38
07 AAA 039,Volkswagen,Atego,1,11.78,2024-02-08,236,30.73
07 AAA 039,Volkswagen,Atego,1,11.78,2024-02-09,222,21.62
07 AAA 039,Volkswagen,Atego,1,11.78,2024-02-10,182,23.43
07 AAA 039,Volkswagen,Atego,1,11.78,2024-02-11,96,10.74
07 AAA 039,Volkswagen,Atego,1,11.78,2024-02-12,251,38.26
07 AAA 039,Volkswagen,Atego,1,11.78,2024-02-13,263,36.17
07 AAA 039,Volkswagen,Atego,1,11.78,2024-02-14,190,28.37
07 AAA 039,Volkswagen,Atego,1,11.78,2024-02-15,144,20.32
07 AAA 039,Volkswagen,Atego,1,11.78,2024-02-16,208,28.1
07 AAA 039,Volkswagen,Atego,1,11.78,2024-02-17,146,22.18
07 AAA 039,Volkswagen,Atego,1,11.78,2024-02-18,172,27.87
07 AAA 039,Volkswagen,Atego,1,11.78,2024-02-19,214,24.78
07 AAA 039,Volkswagen,Atego,1,11.78,2024-02-20,81,7.82
07 AAA 039,Volkswagen,Atego,1,11.78,2024-02-21,117,12.41
07 AAA 039,Volkswagen,Atego,1,11.78,2024-02-22,144,23.14
07 AAA 039,Volkswagen,Atego,1,11.78,2024-02-23,208,34.37
07 AAA 039,Volkswagen,Atego,1,11.78,2024-02-24,228,34.14
07 AAA 039,Volkswagen,Atego,1,11.78,2024-02-25,271,39.36
07 AAA 039,Volkswagen,Atego,1,11.78,2024-02-26,278,41.67
07 AAA 039,Volkswagen,Atego,1,11.78,2024-02-27,146,25.65
07 AAA 039,Volkswagen,Atego,1,11.78,2024-02-28,289,38.06
07 AAA 039,Volkswagen,Atego,1,11.78,2024-02-29,94,12.79
07 AAA 039,Volkswagen,Atego,1,11.78,2024-03-01,246,37.01
07 AAA 039,Volkswagen,Atego,1,11.78,2024-03-02,188,24.93
07 AAA 039,Volkswagen,Atego,1,11.78,2024-03-03,98,11.31
07 AAA 039,Volkswagen,Atego,1,11.78,2024-03-04,231,34.33
07 AAA 039,Volkswagen,Atego,1,11.78,2024-03-05,288,49.15
07 AAA 039,Volkswagen,Atego,1,11.78,2024-03-06,199,33.37
07 AAA 039,Volkswagen,Atego,1,11.78,2024-03-07,95,9.65
07 AAA 039,Volkswagen,Atego,1,11.78,2024-03-08,183,19.86
07 AAA 039,Volkswagen,Atego,1,11.78,2024-03-09,94,14.86
07 AAA 039,Volkswagen,Atego,1,11.78,2024-03-10,79,12.64
07 AAA 039,Volkswagen,Atego,1,11.78,2024-03-11,283,38.55
07 AAA 039,Volkswagen,Atego,1,11.78,2024-03-12,146,19.45
07 AAA 039,Volkswagen,Atego,1,11.78,2024-03-13,262,39.2
07 AAA 039,Volkswagen,Atego,1,11.78,2024-03-14,85,12.96
07 AAA 039,Volkswagen,Atego,1,11.78,2024-03-15,140,23.92
07 AAA 039,Volkswagen,Atego,1,11.78,2024-03-16,80,7.62
07 AAA 039,Volkswagen,Atego,1,11.78,2024-03-17,73,12.85
07 AAA 039,Volkswagen,Atego,1,11.78,2024-03-18,130,15.29
07 AAA 039,Volkswagen,Atego,1,11.78,2024-03-19,246,25.43
07 AAA 039,Volkswagen,Atego,1,11.78,2024-03-20,86,10.42
07 AAA 039,Volkswagen,Atego,1,11.78,2024-03-21,46,5.69
07 AAA 039,Volkswagen,Atego,1,11.78,2024-03-22,115,11.49
07 AAA 039,Volkswagen,Atego,1,11.78,2024-03-23,254,28.15
07 AAA 039,Volkswagen,Atego,1,11.78,2024-03-24,100,10.55
07 AAA 039,Volkswagen,Atego,1,11.78,2024-03-25,196,34.18
07 AAA 039,Volkswagen,Atego,1,11.78,2024-03-26,204,31.11
07 AAA 039,Volkswagen,Atego,1,11.78,2024-03-27,254,44.09
07 AAA 039,Volkswagen,Atego,1,11.78,2024-03-28,186,20.56
07 AAA 039,Volkswagen,Atego,1,11.78,2024-03-29,270,35.99
07 AAA 039,Volkswagen,Atego,1,11.78,2024-03-30,126,16.48
07 AAA 039,Volkswagen,Atego,1,11.78,2024-03-31,239,33.12
07 AAA 039,Volkswagen,Atego,1,11.78,2024-04-01,246,33.72
07 AAA 039,Volkswagen,Atego,1,11.78,2024-04-02,185,31.2
07 AAA 039,Volkswagen,Atego,1,11.78,2024-04-03,72,7.06
07 AAA 039,Volkswagen,Atego,1,11.78,2024-04-04,124,15.15
07 AAA 039,Volkswagen,Atego,1,11.78,2024-04-05,97,15.41
07 AAA 039,Volkswagen,Atego,1,11.78,2024-04-06,57,7.8
07 AAA 039,Volkswagen,Atego,1,11.78,2024-04-07,86,14.52
07 AAA 039,Volkswagen,Atego,1,11.78,2024-04-08,250,39.39
07 AAA 039,Volkswagen,Atego,1,11.78,2024-04-09,142,18.69
07 AAA 039,Volkswagen,Atego,1,11.78,2024-04-10,298,32.01
07 AAA 039,Volkswagen,Atego,1,11.78,2024-04-11,78,10.17
07 AAA 039,Volkswagen,Atego,1,11.78,2024-04-12,110,16.8
07 AAA 039,Volkswagen,Atego,1,11.78,2024-04-13,84,13.37
07 AAA 039,Volkswagen,Atego,1,11.78,2024-04-14,201,32.0
07 AAA 039,Volkswagen,Atego,1,11.78,2024-04-15,256,24.21
07 AAA 039,Volkswagen,Atego,1,11.78,2024-04-16,120,20.97
07 AAA 039,Volkswagen,Atego,1,11.78,2024-04-17,130,21.18
07 AAA 039,Volkswagen,Atego,1,11.78,2024-04-18,233,29.92
07 AAA 039,Volkswagen,Atego,1,11.78,2024-04-19,246,41.06
07 AAA 039,Volkswagen,Atego,1,11.78,2024-04-20,52,9.18
07 AAA 039,Volkswagen,Atego,1,11.78,2024-04-21,179,25.87
07 AAA 039,Volkswagen,Atego,1,11.78,2024-04-22,45,5.92
07 AAA 039,Volkswagen,Atego,1,11.78,2024-04-23,222,28.92
07 AAA 039,Volkswagen,Atego,1,11.78,2024-04-24,169,25.31
07 AAA 039,Volkswagen,Atego,1,11.78,2024-04-25,244,26.63
07 AAA 039,Volkswagen,Atego,1,11.78,2024-04-26,65,10.32
07 AAA 039,Volkswagen,Atego,1,11.78,2024-04-27,267,45.62
07 AAA 039,Volkswagen,Atego,1,11.78,2024-04-28,245,24.68
07 AAA 039,Volkswagen,Atego,1,11.78,2024-04-29,144,21.71
07 AAA 040,Volkswagen,Doblo,1,12.59,2024-01-01,178,32.39
07 AAA 040,Volkswagen,Doblo,1,12.59,2024-01-02,187,31.81
07 AAA 040,Volkswagen,Doblo,1,12.59,2024-01-03,60,7.6
07 AAA 040,Volkswagen,Doblo,1,12.59,2024-01-04,115,17.76
07 AAA 040,Volkswagen,Doblo,1,12.59,2024-01-05,206,26.79
07 AAA 040,Volkswagen,Doblo,1,12.59,2024-01-06,300,35.85
07 AAA 040,Volkswagen,Doblo,1,12.59,2024-01-07,66,11.18
07 AAA 040,Volkswagen,Doblo,1,12.59,2024-01-08,65,8.6
07 AAA 040,Volkswagen,Doblo,1,12.59,2024-01-09,75,8.18
07 AAA 040,Volkswagen,Doblo,1,12.59,2024-01-10,175,31.65
07 AAA 040,Volkswagen,Doblo,1,12.59,2024-01-11,148,20.26
07 AAA 040,Volkswagen,Doblo,1,12.59,2024-01-12,236,39.67
07 AAA 040,Volkswagen,Doblo,1,12.59,2024-01-13,163,19.8
07 AAA 040,Volkswagen,Doblo,1,12.59,2024-01-14,165,26.47
07 AAA 040,Volkswagen,Doblo,1,12.59,2024-01-15,51,6.68
07 AAA 040,Volkswagen,Doblo,1,12.59,2024-01-16,63,9.7
07 AAA 040,Volkswagen,Doblo,1,12.59,2024-01-17,260,48.57
07 AAA 040,Volkswagen,Doblo,1,12.59,2024-01-18,225,30.28
07 AAA 040,Volkswagen,Doblo,1,12.59,2024-01-19,80,11.12
07 AAA 040,Volkswagen,Doblo,1,12.59,2024-01-20,251,34.3
07 AAA 040,Volkswagen,Doblo,1,12.59,2024-01-21,275,35.75
07 AAA 040,Volkswagen,Doblo,1,12.59,2024-01-22,221,26.37
07 AAA 040,Volkswagen,Doblo,1,12.59,2024-01-23,214,33.62
07 AAA 040,Volkswagen,Doblo,1,12.59,2024-01-24,120,20.89
07 AAA 040,Volkswagen,Doblo,1,12.59,2024-01-25,226,32.18
07 AAA 040,Volkswagen,Doblo,1,12.59,2024-01-26,71,12.23
07 AAA 040,Volkswagen,Doblo,1,12.59,2024-01-27,113,17.99
07 AAA 040,Volkswagen,Doblo,1,12.59,2024-01-28,120,12.93
07 AAA 040,Volkswagen,Doblo,1,12.59,2024-01-29,98,16.79
07 AAA 040,Volkswagen,Doblo,1,12.59,2024-01-30,77,14.06
07 AAA 040,Volkswagen,Doblo,1,12.59,2024-01-31,133,14.74
07 AAA 040,Volkswagen,Doblo,1,12.59,2024-02-01,222,32.76
07 AAA 040,Volkswagen,Doblo,1,12.59,2024-02-02,86,9.67
07 AAA 040,Volkswagen,Doblo,1,12.59,2024-02-03,259,28.68
07 AAA 040,Volkswagen,Doblo,1,12.59,2024-02-04,197,22.14
07 AAA 040,Volkswagen,Doblo,1,12.59,2024-02-05,52,6.61
07 AAA 040,Volkswagen,Doblo,1,12.59,2024-02-06,66,9.18
07 AAA 040,Volkswagen,Doblo,1,12.59,2024-02-07,206,23.21
07 AAA 040,Volkswagen,Doblo,1,12.59,2024-02-08,157,26.22
07 AAA 040,Volkswagen,Doblo,1,12.59,2024-02-09,294,39.09
07 AAA 040,Volkswagen,Doblo,1,12.59,2024-02-10,107,11.36
07 AAA 040,Volkswagen,Doblo,1,12.59,2024-02-11,285,43.58
07 AAA 040,Volkswagen,Doblo,1,12.59,2024-02-12,291,54.21
07 AAA 040,Volkswagen,Doblo,1,12.59,2024-02-13,50,8.62
07 AAA 040,Volkswagen,Doblo,1,12.59,2024-02-14,283,36.97
07 AAA 040,Volkswagen,Doblo,1,12.59,2024-02-15,227,31.05
07 AAA 040,Volkswagen,Doblo,1,12.59,2024-02-16,120,18.25
07 AAA 040,Volkswagen,Doblo,1,12.59,2024-02-17,202,36.4
07 AAA 040,Volkswagen,Doblo,1,12.59,2024-02-18,64,7.31
07 AAA 040,Volkswagen,Doblo,1,12.59,2024-02-19,215,34.63
07 AAA 040,Volkswagen,Doblo,1,12.59,2024-02-20,157,20.6
07 AAA 040,Volkswagen,Doblo,1,12.59,2024-02-21,225,30.44
07 AAA 040,Volkswagen,Doblo,1,12.59,2024-02-22,88,11.94
07 AAA 040,Volkswagen,Doblo,1,12.59,2024-02-23,243,31.08
07 AAA 040,Volkswagen,Doblo,1,12.59,2024-02-24,50,7.46
07 AAA 040,Volkswagen,Doblo,1,12.59,2024-02-25,248,33.95
07 AAA 040,Volkswagen,Doblo,1,12.59,2024-02-26,121,12.37
07 AAA 040,Volkswagen,Doblo,1,12.59,2024-02-27,130,20.0
07 AAA 040,Volkswagen,Doblo,1,12.59,2024-02-28,219,39.82
07 AAA 040,Volkswagen,Doblo,1,12.59,2024-02-29,144,14.73
07 AAA 040,Volkswagen,Doblo,1,12.59,2024-03-01,290,46.79
07 AAA 040,Volkswagen,Doblo,1,12.59,2024-03-02,69,9.26
07 AAA 040,Volkswagen,Doblo,1,12.59,2024-03-03,178,19.25
07 AAA 040,Volkswagen,Doblo,1,12.59,2024-03-04,71,13.31
07 AAA 040,Volkswagen,Doblo,1,12.59,2024-03-05,54,6.25
07 AAA 040,Volkswagen,Doblo,1,12.59,2024-03-06,181,18.85
07 AAA 040,Volkswagen,Doblo,1,12.59,2024-03-07,141,16.73
07 AAA 040,Volkswagen,Doblo,1,12.59,2024-03-08,118,17.02
07 AAA 040,Volkswagen,Doblo,1,12.59,2024-03-09,86,11.77
07 AAA 040,Volkswagen,Doblo,1,12.59,2024-03-10,164,28.36
07 AAA 040,Volkswagen,Doblo,1,12.59,2024-03-11,276,34.85
07 AAA 040,Volkswagen,Doblo,1,12.59,2024-03-12,51,9.39
07 AAA 040,Volkswagen,Doblo,1,12.59,2024-03-13,165,20.74
07 AAA 040,Volkswagen,Doblo,1,12.59,2024-03-14,58,7.76
07 AAA 040,Volkswagen,Doblo,1,12.59,2024-03-15,284,30.71
07 AAA 040,Volkswagen,Doblo,1,12.59,2024-03-16,256,40.34
07 AAA 040,Volkswagen,Doblo,1,12.59,2024-03-17,139,18.7
07 AAA 040,Volkswagen,Doblo,1,12.59,2024-03-18,138,20.64
07 AAA 040,Volkswagen,Doblo,1,12.59,2024-03-19,274,45.67
07 AAA 040,Volkswagen,Doblo,1,12.59,2024-03-20,114,18.76
07 AAA 040,Volkswagen,Doblo,1,12.59,2024-03-21,141,25.09
07 AAA 040,Volkswagen,Doblo,1,12.59,2024-03-22,289,49.29
07 AAA 040,Volkswagen,Doblo,1,12.59,2024-03-23,223,31.07
07 AAA 040,Volkswagen,Doblo,1,12.59,2024-03-24,169,21.19
07 AAA 040,Volkswagen,Doblo,1,12.59,2024-03-25,204,36.14
07 AAA 040,Volkswagen,Doblo,1,12.59,2024-03-26,103,18.9
07 AAA 040,Volkswagen,Doblo,1,12.59,2024-03-27,192,21.69
07 AAA 040,Volkswagen,Doblo,1,12.59,2024-03-28,243,40.58
07 AAA 040,Volkswagen,Doblo,1,12.59,2024-03-29,54,6.02
07 AAA 040,Volkswagen,Doblo,1,12.59,2024-03-30,229,24.98
07 AAA 040,Volkswagen,Doblo,1,12.59,2024-03-31,68,12.76
07 AAA 040,Volkswagen,Doblo,1,12.59,2024-04-01,219,36.9
07 AAA 040,Volkswagen,Doblo,1,12.59,2024-04-02,66,10.18
07 AAA 040,Volkswagen,Doblo,1,12.59,2024-04-03,201,24.43
07 AAA 040,Volkswagen,Doblo,1,12.59,2024-04-04,163,28.18
07 AAA 040,Volkswagen,Doblo,1,12.59,2024-04-05,184,34.71
07 AAA 040,Volkswagen,Doblo,1,12.59,2024-04-06,281,36.57
07 AAA 040,Volkswagen,Doblo,1,12.59,2024-04-07,211,30.94
07 AAA 040,Volkswagen,Doblo,1,12.59,2024-04-08,299,43.32
07 AAA 040,Volkswagen,Doblo,1,12.59,2024-04-09,196,24.58
07 AAA 040,Volkswagen,Doblo,1,12.59,2024-04-10,256,31.57
07 AAA 040,Volkswagen,Doblo,1,12.59,2024-04-11,196,30.23
07 AAA 040,Volkswagen,Doblo,1,12.59,2024-04-12,67,11.01
07 AAA 040,Volkswagen,Doblo,1,12.59,2024-04-13,289,53.06
07 AAA 040,Volkswagen,Doblo,1,12.59,2024-04-14,215,39.49
07 AAA 040,Volkswagen,Doblo,1,12.59,2024-04-15,88,13.56
07 AAA 040,Volkswagen,Doblo,1,12.59,2024-04-16,206,22.67
07 AAA 040,Volkswagen,Doblo,1,12.59,2024-04-17,209,27.36
07 AAA 040,Volkswagen,Doblo,1,12.59,2024-04-18,150,27.72
07 AAA 040,Volkswagen,Doblo,1,12.59,2024-04-19,161,29.05
07 AAA 040,Volkswagen,Doblo,1,12.59,2024-04-20,98,12.09
07 AAA 040,Volkswagen,Doblo,1,12.59,2024-04-21,96,16.61
07 AAA 040,Volkswagen,Doblo,1,12.59,2024-04-22,279,29.11
07 AAA 040,Volkswagen,Doblo,1,12.59,2024-04-23,78,12.89
07 AAA 040,Volkswagen,Doblo,1,12.59,2024-04-24,174,26.76
07 AAA 040,Volkswagen,Doblo,1,12.59,2024-04-25,124,19.22
07 AAA 040,Volkswagen,Doblo,1,12.59,2024-04-26,183,24.13
07 AAA 040,Volkswagen,Doblo,1,12.59,2024-04-27,268,35.36
07 AAA 040,Volkswagen,Doblo,1,12.59,2024-04-28,178,23.54
07 AAA 040,Volkswagen,Doblo,1,12.59,2024-04-29,203,31.39
07 AAA 041,Mercedes,Atego,4,8.7,2024-01-01,292,30.82
07 AAA 041,Mercedes,Atego,4,8.7,2024-01-02,223,20.18
07 AAA 041,Mercedes,Atego,4,8.7,2024-01-03,109,12.13
07 AAA 041,Mercedes,Atego,4,8.7,2024-01-04,228,26.58
07 AAA 041,Mercedes,Atego,4,8.7,2024-01-05,145,13.98
07 AAA 041,Mercedes,Atego,4,8.7,2024-01-06,222,22.86
07 AAA 041,Mercedes,Atego,4,8.7,2024-01-07,46,4.77
07 AAA 041,Mercedes,Atego,4,8.7,2024-01-08,254,23.92
07 AAA 041,Mercedes,Atego,4,8.7,2024-01-09,286,32.73
07 AAA 041,Mercedes,Atego,4,8.7,2024-01-10,286,27.64
07 AAA 041,Mercedes,Atego,4,8.7,2024-01-11,257,25.63
07 AAA 041,Mercedes,Atego,4,8.7,2024-01-12,230,17.47
07 AAA 041,Mercedes,Atego,4,8.7,2024-01-13,60,5.96
07 AAA 041,Mercedes,Atego,4,8.7,2024-01-14,213,23.72
07 AAA 041,Mercedes,Atego,4,8.7,2024-01-15,85,6.34
07 AAA 041,Mercedes,Atego,4,8.7,2024-01-16,140,12.39
07 AAA 041,Mercedes,Atego,4,8.7,2024-01-17,211,20.38
07 AAA 041,Mercedes,Atego,4,8.7,2024-01-18,124,9.87
07 AAA 041,Mercedes,Atego,4,8.7,2024-01-19,107,10.15
07 AAA 041,Mercedes,Atego,4,8.7,2024-01-20,226,26.98
07 AAA 041,Mercedes,Atego,4,8.7,2024-01-21,271,20.86
07 AAA 041,Mercedes,Atego,4,8.7,2024-01-22,277,25.91
07 AAA 041,Mercedes,Atego,4,8.7,2024-01-23,122,11.19
07 AAA 041,Mercedes,Atego,4,8.7,2024-01-24,50,4.51
07 AAA 041,Mercedes,Atego,4,8.7,2024-01-25,139,16.61
07 AAA 041,Mercedes,Atego,4,8.7,2024-01-26,157,19.08
07 AAA 041,Mercedes,Atego,4,8.7,2024-01-27,89,6.36
07 AAA 041,Mercedes,Atego,4,8.7,2024-01-28,171,17.47
07 AAA 041,Mercedes,Atego,4,8.7,2024-01-29,226,27.97
07 AAA 041,Mercedes,Atego,4,8.7,2024-01-30,102,8.71
07 AAA 041,Mercedes,Atego,4,8.7,2024-01-31,106,11.96
07 AAA 041,Mercedes,Atego,4,8.7,2024-02-01,286,29.63
07 AAA 041,Mercedes,Atego,4,8.7,2024-02-02,274,20.81
07 AAA 041,Mercedes,Atego,4,8.7,2024-02-03,228,16.02
07 AAA 041,Mercedes,Atego,4,8.7,2024-02-04,177,20.54
07 AAA 041,Mercedes,Atego,4,8.7,2024-02-05,119,15.45
07 AAA 041,Mercedes,Atego,4,8.7,2024-02-06,180,13.25
07 AAA 041,Mercedes,Atego,4,8.7,2024-02-07,169,15.05
07 AAA 041,Mercedes,Atego,4,8.7,2024-02-08,115,12.93
07 AAA 041,Mercedes,Atego,4,8.7,2024-02-09,205,14.7
07 AAA 041,Mercedes,Atego,4,8.7,2024-02-10,154,16.78
07 AAA 041,Mercedes,Atego,4,8.7,2024-02-11,121,11.64
07 AAA 041,Mercedes,Atego,4,8.7,2024-02-12,212,21.05
07 AAA 041,Mercedes,Atego,4,8.7,2024-02-13,95,10.81
07 AAA 041,Mercedes,Atego,4,8.7,2024-02-14,110,10.51
07 AAA 041,Mercedes,Atego,4,8.7,2024-02-15,141,15.52
07 AAA 041,Mercedes,Atego,4,8.7,2024-02-16,79,9.25
07 AAA 041,Mercedes,Atego,4,8.7,2024-02-17,288,28.12
07 AAA 041,Mercedes,Atego,4,8.7,2024-02-18,128,13.83
07 AAA 041,Mercedes,Atego,4,8.7,2024-02-19,119,9.96
07 AAA 041,Mercedes,Atego,4,8.7,2024-02-20,194,18.34
07 AAA 041,Mercedes,Atego,4,8.7,2024-02-21,178,14.63
07 AAA 041,Mercedes,Atego,4,8.7,2024-02-22,193,18.0
07 AAA 041,Mercedes,Atego,4,8.7,2024-02-23,210,27.03
07 AAA 041,Mercedes,Atego,4,8.7,2024-02-24,88,10.47
07 AAA 041,Mercedes,Atego,4,8.7,2024-02-25,59,5.31
07 AAA 041,Mercedes,Atego,4,8.7,2024-02-26,193,17.84
07 AAA 041,Mercedes,Atego,4,8.7,2024-02-27,61,6.02
07 AAA 041,Mercedes,Atego,4,8.7,2024-02-28,150,18.09
07 AAA 041,Mercedes,Atego,4,8.7,2024-02-29,255,24.46
07 AAA 041,Mercedes,Atego,4,8.7,2024-03-01,72,5.7
07 AAA 041,Mercedes,Atego,4,8.7,2024-03-02,244,28.44
07 AAA 041,Mercedes,Atego,4,8.7,2024-03-03,234,21.83
07 AAA 041,Mercedes,Atego,4,8.7,2024-03-04,193,21.91
07 AAA 041,Mercedes,Atego,4,8.7,2024-03-05,241,22.27
07 AAA 041,Mercedes,Atego,4,8.7,2024-03-06,118,13.71
07 AAA 041,Mercedes,Atego,4,8.7,2024-03-07,198,22.73
07 AAA 041,Mercedes,Atego,4,8.7,2024-03-08,170,18.25
07 AAA 041,Mercedes,Atego,4,8.7,2024-03-09,168,13.84
07 AAA 041,Mercedes,Atego,4,8.7,2024-03-10,210,21.08
07 AAA 041,Mercedes,Atego,4,8.7,2024-03-11,299,21.3
07 AAA 041,Mercedes,Atego,4,8.7,2024-03-12,57,7.07
07 AAA 041,Mercedes,Atego,4,8.7,2024-03-13,214,25.27
07 AAA 041,Mercedes,Atego,4,8.7,2024-03-14,253,32.74
07 AAA 041,Mercedes,Atego,4,8.7,2024-03-15,247,24.67
07 AAA 041,Mercedes,Atego,4,8.7,2024-03-16,216,15.76
07 AAA 041,Mercedes,Atego,4,8.7,2024-03-17,272,20.47
07 AAA 041,Mercedes,Atego,4,8.7,2024-03-18,215,22.72
07 AAA 041,Mercedes,Atego,4,8.7,2024-03-19,73,9.34
07 AAA 041,Mercedes,Atego,4,8.7,2024-03-20,170,16.24
07 AAA 041,Mercedes,Atego,4,8.7,2024-03-21,120,12.37
07 AAA 041,Mercedes,Atego,4,8.7,2024-03-22,261,31.85
07 AAA 041,Mercedes,Atego,4,8.7,2024-03-23,69,4.84
07 AAA 041,Mercedes,Atego,4,8.7,2024-03-24,190,18.95
07 AAA 041,Mercedes,Atego,4,8.7,2024-03-25,258,27.12
07 AAA 041,Mercedes,Atego,4,8.7,2024-03-26,143,17.26
07 AAA 041,Mercedes,Atego,4,8.7,2024-03-27,64,7.52
07 AAA 041,Mercedes,Atego,4,8.7,2024-03-28,78,6.74
07 AAA 041,Mercedes,Atego,4,8.7,2024-03-29,211,24.39
07 AAA 041,Mercedes,Atego,4,8.7,2024-03-30,110,11.9
07 AAA 041,Mercedes,Atego,4,8.7,2024-03-31,230,23.31
07 AAA 041,Mercedes,Atego,4,8.7,2024-04-01,126,14.72
07 AAA 041,Mercedes,Atego,4,8.7,2024-04-02,166,11.81
07 AAA 041,Mercedes,Atego,4,8.7,2024-04-03,278,34.48
07 AAA 041,Mercedes,Atego,4,8.7,2024-04-04,153,10.97
07 AAA 041,Mercedes,Atego,4,8.7,2024-04-05,263,26.69
07 AAA 041,Mercedes,Atego,4,8.7,2024-04-06,235,21.86
07 AAA 041,Mercedes,Atego,4,8.7,2024-04-07,225,25.31
07 AAA 041,Mercedes,Atego,4,8.7,2024-04-08,95,11.58
07 AAA 041,Mercedes,Atego,4,8.7,2024-04-09,276,21.46
07 AAA 041,Mercedes,Atego,4,8.7,2024-04-10,271,27.57
07 AAA 041,Mercedes,Atego,4,8.7,2024-04-11,133,10.72
07 AAA 041,Mercedes,Atego,4,8.7,2024-04-12,142,13.43
07 AAA 041,Mercedes,Atego,4,8.7,2024-04-13,220,26.22
07 AAA 041,Mercedes,Atego,4,8.7,2024-04-14,95,10.55
07 AAA 041,Mercedes,Atego,4,8.7,2024-04-15,48,6.18
07 AAA 041,Mercedes,Atego,4,8.7,2024-04-16,153,19.78
07 AAA 041,Mercedes,Atego,4,8.7,2024-04-17,213,21.59
07 AAA 041,Mercedes,Atego,4,8.7,2024-04-18,63,6.04
07 AAA 041,Mercedes,Atego,4,8.7,2024-04-19,203,17.08
07 AAA 041,Mercedes,Atego,4,8.7,2024-04-20,285,27.45
07 AAA 041,Mercedes,Atego,4,8.7,2024-04-21,289,30.66
07 AAA 041,Mercedes,Atego,4,8.7,2024-04-22,76,5.83
07 AAA 041,Mercedes,Atego,4,8.7,2024-04-23,41,3.54
07 AAA 041,Mercedes,Atego,4,8.7,2024-04-24,121,11.17
07 AAA 041,Mercedes,Atego,4,8.7,2024-04-25,99,7.24
07 AAA 041,Mercedes,Atego,4,8.7,2024-04-26,170,19.96
07 AAA 041,Mercedes,Atego,4,8.7,2024-04-27,117,8.31
07 AAA 041,Mercedes,Atego,4,8.7,2024-04-28,144,10.24
07 AAA 041,Mercedes,Atego,4,8.7,2024-04-29,294,21.99
07 AAA 042,Fiat,Caddy,1,12.95,2024-01-01,94,13.75
07 AAA 042,Fiat,Caddy,1,12.95,2024-01-02,73,11.84
07 AAA 042,Fiat,Caddy,1,12.95,2024-01-03,120,21.53
07 AAA 042,Fiat,Caddy,1,12.95,2024-01-04,52,6.94
07 AAA 042,Fiat,Caddy,1,12.95,2024-01-05,155,25.96
07 AAA 042,Fiat,Caddy,1,12.95,2024-01-06,78,12.62
07 AAA 042,Fiat,Caddy,1,12.95,2024-01-07,189,21.48
07 AAA 042,Fiat,Caddy,1,12.95,2024-01-08,257,34.4
07 AAA 042,Fiat,Caddy,1,12.95,2024-01-09,175,31.05
07 AAA 042,Fiat,Caddy,1,12.95,2024-01-10,70,13.26
07 AAA 042,Fiat,Caddy,1,12.95,2024-01-11,89,9.75
07 AAA 042,Fiat,Caddy,1,12.95,2024-01-12,136,15.95
07 AAA 042,Fiat,Caddy,1,12.95,2024-01-13,100,15.15
07 AAA 042,Fiat,Caddy,1,12.95,2024-01-14,275,45.96
07 AAA 042,Fiat,Caddy,1,12.95,2024-01-15,54,8.76
07 AAA 042,Fiat,Caddy,1,12.95,2024-01-16,188,30.92
07 AAA 042,Fiat,Caddy,1,12.95,2024-01-17,288,31.51
07 AAA 042,Fiat,Caddy,1,12.95,2024-01-18,59,7.12
07 AAA 042,Fiat,Caddy,1,12.95,2024-01-19,270,42.86
07 AAA 042,Fiat,Caddy,1,12.95,2024-01-20,300,51.74
07 AAA 042,Fiat,Caddy,1,12.95,2024-01-21,262,45.3
07 AAA 042,Fiat,Caddy,1,12.95,2024-01-22,116,12.91
07 AAA 042,Fiat,Caddy,1,12.95,2024-01-23,226,38.9
07 AAA 042,Fiat,Caddy,1,12.95,2024-01-24,202,24.96
07 AAA 042,Fiat,Caddy,1,12.95,2024-01-25,151,16.0
07 AAA 042,Fiat,Caddy,1,12.95,2024-01-26,79,8.86
07 AAA 042,Fiat,Caddy,1,12.95,2024-01-27,277,43.6
07 AAA 042,Fiat,Caddy,1,12.95,2024-01-28,164,22.6
07 AAA 042,Fiat,Caddy,1,12.95,2024-01-29,238,37.92
07 AAA 042,Fiat,Caddy,1,12.95,2024-01-30,150,22.2
07 AAA 042,Fiat,Caddy,1,12.95,2024-01-31,234,29.18
07 AAA 042,Fiat,Caddy,1,12.95,2024-02-01,120,13.34
07 AAA 042,Fiat,Caddy,1,12.95,2024-02-02,77,11.59
07 AAA 042,Fiat,Caddy,1,12.95,2024-02-03,217,33.77
07 AAA 042,Fiat,Caddy,1,12.95,2024-02-04,106,16.94
07 AAA 042,Fiat,Caddy,1,12.95,2024-02-05,268,30.07
07 AAA 042,Fiat,Caddy,1,12.95,2024-02-06,139,20.07
07 AAA 042,Fiat,Caddy,1,12.95,2024-02-07,117,13.55
07 AAA 042,Fiat,Caddy,1,12.95,2024-02-08,224,42.14
07 AAA 042,Fiat,Caddy,1,12.95,2024-02-09,199,33.74
07 AAA 042,Fiat,Caddy,1,12.95,2024-02-10,147,21.64
07 AAA 042,Fiat,Caddy,1,12.95,2024-02-11,189,29.86
07 AAA 042,Fiat,Caddy,1,12.95,2024-02-12,162,30.17
07 AAA 042,Fiat,Caddy,1,12.95,2024-02-13,126,18.74
07 AAA 042,Fiat,Caddy,1,12.95,2024-02-14,136,19.53
07 AAA 042,Fiat,Caddy,1,12.95,2024-02-15,109,19.92
07 AAA 042,Fiat,Caddy,1,12.95,2024-02-16,103,14.1
07 AAA 042,Fiat,Caddy,1,12.95,2024-02-17,44,5.95
07 AAA 042,Fiat,Caddy,1,12.95,2024-02-18,67,8.62
07 AAA 042,Fiat,Caddy,1,12.95,2024-02-19,261,47.24
07 AAA 042,Fiat,Caddy,1,12.95,2024-02-20,52,6.77
07 AAA 042,Fiat,Caddy,1,12.95,2024-02-21,157,18.75
07 AAA 042,Fiat,Caddy,1,12.95,2024-02-22,197,22.89
07 AAA 042,Fiat,Caddy,1,12.95,2024-02-23,83,13.65
07 AAA 042,Fiat,Caddy,1,12.95,2024-02-24,123,18.8
07 AAA 042,Fiat,Caddy,1,12.95,2024-02-25,244,43.88
07 AAA 042,Fiat,Caddy,1,12.95,2024-02-26,296,42.05
07 AAA 042,Fiat,Caddy,1,12.95,2024-02-27,137,17.22
07 AAA 042,Fiat,Caddy,1,12.95,2024-02-28,108,15.01
07 AAA 042,Fiat,Caddy,1,12.95,2024-02-29,92,14.84
07 AAA 042,Fiat,Caddy,1,12.95,2024-03-01,124,22.26
07 AAA 042,Fiat,Caddy,1,12.95,2024-03-02,121,16.47
07 AAA 042,Fiat,Caddy,1,12.95,2024-03-03,281,50.13
07 AAA 042,Fiat,Caddy,1,12.95,2024-03-04,259,32.65
07 AAA 042,Fiat,Caddy,1,12.95,2024-03-05,124,15.33
07 AAA 042,Fiat,Caddy,1,12.95,2024-03-06,159,16.96
07 AAA 042,Fiat,Caddy,1,12.95,2024-03-07,57,10.09
07 AAA 042,Fiat,Caddy,1,12.95,2024-03-08,90,10.44
07 AAA 042,Fiat,Caddy,1,12.95,2024-03-09,86,11.77
07 AAA 042,Fiat,Caddy,1,12.95,2024-03-10,299,45.89
07 AAA 042,Fiat,Caddy,1,12.95,2024-03-11,202,24.59
07 AAA 042,Fiat,Caddy,1,12.95,2024-03-12,219,27.15
07 AAA 042,Fiat,Caddy,1,12.95,2024-03-13,202,21.78
07 AAA 042,Fiat,Caddy,1,12.95,2024-03-14,215,22.45
07 AAA 042,Fiat,Caddy,1,12.95,2024-03-15,96,10.91
07 AAA 042,Fiat,Caddy,1,12.95,2024-03-16,63,11.12
07 AAA 042,Fiat,Caddy,1,12.95,2024-03-17,59,10.73
07 AAA 042,Fiat,Caddy,1,12.95,2024-03-18,189,30.91
07 AAA 042,Fiat,Caddy,1,12.95,2024-03-19,266,30.52
07 AAA 042,Fiat,Caddy,1,12.95,2024-03-20,141,23.21
07 AAA 042,Fiat,Caddy,1,12.95,2024-03-21,290,48.31
07 AAA 042,Fiat,Caddy,1,12.95,2024-03-22,157,28.97
07 AAA 042,Fiat,Caddy,1,12.95,2024-03-23,290,47.31
07 AAA 042,Fiat,Caddy,1,12.95,2024-03-24,167,29.86
07 AAA 042,Fiat,Caddy,1,12.95,2024-03-25,212,40.96
07 AAA 042,Fiat,Caddy,1,12.95,2024-03-26,118,21.77
07 AAA 042,Fiat,Caddy,1,12.95,2024-03-27,116,15.19
07 AAA 042,Fiat,Caddy,1,12.95,2024-03-28,139,22.45
07 AAA 042,Fiat,Caddy,1,12.95,2024-03-29,110,21.22
07 AAA 042,Fiat,Caddy,1,12.95,2024-03-30,220,32.01
07 AAA 042,Fiat,Caddy,1,12.95,2024-03-31,57,9.52
07 AAA 042,Fiat,Caddy,1,12.95,2024-04-01,56,9.68
07 AAA 042,Fiat,Caddy,1,12.95,2024-04-02,298,45.89
07 AAA 042,Fiat,Caddy,1,12.95,2024-04-03,277,36.4
07 AAA 042,Fiat,Caddy,1,12.95,2024-04-04,277,36.78
07 AAA 042,Fiat,Caddy,1,12.95,2024-04-05,179,34.44
07 AAA 042,Fiat,Caddy,1,12.95,2024-04-06,42,7.39
07 AAA 042,Fiat,Caddy,1,12.95,2024-04-07,210,24.69
07 AAA 042,Fiat,Caddy,1,12.95,2024-04-08,70,9.65
07 AAA 042,Fiat,Caddy,1,12.95,2024-04-09,227,28.14
07 AAA 042,Fiat,Caddy,1,12.95,2024-04-10,293,55.15
07 AAA 042,Fiat,Caddy,1,12.95,2024-04-11,92,12.09
07 AAA 042,Fiat,Caddy,1,12.95,2024-04-12,58,10.76
07 AAA 042,Fiat,Caddy,1,12.95,2024-04-13,92,15.28
07 AAA 042,Fiat,Caddy,1,12.95,2024-04-14,290,55.82
07 AAA 042,Fiat,Caddy,1,12.95,2024-04-15,259,47.91
07 AAA 042,Fiat,Caddy,1,12.95,2024-04-16,193,27.04
07 AAA 042,Fiat,Caddy,1,12.95,2024-04-17,111,19.51
07 AAA 042,Fiat,Caddy,1,12.95,2024-04-18,98,14.48
07 AAA 042,Fiat,Caddy,1,12.95,2024-04-19,162,20.51
07 AAA 042,Fiat,Caddy,1,12.95,2024-04-20,80,14.97
07 AAA 042,Fiat,Caddy,1,12.95,2024-04-21,220,33.13
07 AAA 042,Fiat,Caddy,1,12.95,2024-04-22,144,18.81
07 AAA 042,Fiat,Caddy,1,12.95,2024-04-23,107,20.14
07 AAA 042,Fiat,Caddy,1,12.95,2024-04-24,135,24.18
07 AAA 042,Fiat,Caddy,1,12.95,2024-04-25,177,24.46
07 AAA 042,Fiat,Caddy,1,12.95,2024-04-26,120,16.93
07 AAA 042,Fiat,Caddy,1,12.95,2024-04-27,197,27.22
07 AAA 042,Fiat,Caddy,1,12.95,2024-04-28,58,8.59
07 AAA 042,Fiat,Caddy,1,12.95,2024-04-29,189,33.41
07 AAA 043,Renault,Boxer,2,10.38,2024-01-01,217,21.28
07 AAA 043,Renault,Boxer,2,10.38,2024-01-02,67,6.4
07 AAA 043,Renault,Boxer,2,10.38,2024-01-03,118,17.0
07 AAA 043,Renault,Boxer,2,10.38,2024-01-04,294,37.81
07 AAA 043,Renault,Boxer,2,10.38,2024-01-05,151,23.46
07 AAA 043,Renault,Boxer,2,10.38,2024-01-06,241,26.45
07 AAA 043,Renault,Boxer,2,10.38,2024-01-07,40,3.42
07 AAA 043,Renault,Boxer,2,10.38,2024-01-08,220,28.06
07 AAA 043,Renault,Boxer,2,10.38,2024-01-09,229,34.08
07 AAA 043,Renault,Boxer,2,10.38,2024-01-10,76,8.39
07 AAA 043,Renault,Boxer,2,10.38,2024-01-11,257,30.72
07 AAA 043,Renault,Boxer,2,10.38,2024-01-12,254,30.43
07 AAA 043,Renault,Boxer,2,10.38,2024-01-13,112,10.8
07 AAA 043,Renault,Boxer,2,10.38,2024-01-14,272,30.53
07 AAA 043,Renault,Boxer,2,10.38,2024-01-15,48,6.13
07 AAA 043,Renault,Boxer,2,10.38,2024-01-16,154,15.13
07 AAA 043,Renault,Boxer,2,10.38,2024-01-17,51,7.27
07 AAA 043,Renault,Boxer,2,10.38,2024-01-18,104,11.02
07 AAA 043,Renault,Boxer,2,10.38,2024-01-19,226,22.81
07 AAA 043,Renault,Boxer,2,10.38,2024-01-20,40,4.06
07 AAA 043,Renault,Boxer,2,10.38,2024-01-21,193,22.76
07 AAA 043,Renault,Boxer,2,10.38,2024-01-22,259,37.51
07 AAA 043,Renault,Boxer,2,10.38,2024-01-23,61,7.2
07 AAA 043,Renault,Boxer,2,10.38,2024-01-24,201,23.1
07 AAA 043,Renault,Boxer,2,10.38,2024-01-25,132,12.51
07 AAA 043,Renault,Boxer,2,10.38,2024-01-26,107,15.27
07 AAA 043,Renault,Boxer,2,10.38,2024-01-27,280,37.77
07 AAA 043,Renault,Boxer,2,10.38,2024-01-28,298,32.34
07 AAA 043,Renault,Boxer,2,10.38,2024-01-29,157,21.95
07 AAA 043,Renault,Boxer,2,10.38,2024-01-30,82,11.7
07 AAA 043,Renault,Boxer,2,10.38,2024-01-31,185,21.82
07 AAA 043,Renault,Boxer,2,10.38,2024-02-01,287,35.34
07 AAA 043,Renault,Boxer,2,10.38,2024-02-02,242,25.11
07 AAA 043,Renault,Boxer,2,10.38,2024-02-03,114,15.72
07 AAA 043,Renault,Boxer,2,10.38,2024-02-04,90,10.64
07 AAA 043,Renault,Boxer,2,10.38,2024-02-05,41,4.29
07 AAA 043,Renault,Boxer,2,10.38,2024-02-06,222,33.06
07 AAA 043,Renault,Boxer,2,10.38,2024-02-07,95,13.68
07 AAA 043,Renault,Boxer,2,10.38,2024-02-08,224,30.97
07 AAA 043,Renault,Boxer,2,10.38,2024-02-09,138,21.31
07 AAA 043,Renault,Boxer,2,10.38,2024-02-10,235,35.46
07 AAA 043,Renault,Boxer,2,10.38,2024-02-11,64,6.51
07 AAA 043,Renault,Boxer,2,10.38,2024-02-12,149,14.58
07 AAA 043,Renault,Boxer,2,10.38,2024-02-13,159,18.56
07 AAA 043,Renault,Boxer,2,10.38,2024-02-14,224,29.98
07 AAA 043,Renault,Boxer,2,10.38,2024-02-15,268,27.19
07 AAA 043,Renault,Boxer,2,10.38,2024-02-16,51,4.27
07 AAA 043,Renault,Boxer,2,10.38,2024-02-17,272,26.66
07 AAA 043,Renault,Boxer,2,10.38,2024-02-18,243,26.68
07 AAA 043,Renault,Boxer,2,10.38,2024-02-19,194,17.17
07 AAA 043,Renault,Boxer,2,10.38,2024-02-20,96,10.13
07 AAA 043,Renault,Boxer,2,10.38,2024-02-21,275,25.13
07 AAA 043,Renault,Boxer,2,10.38,2024-02-22,140,12.72
07 AAA 043,Renault,Boxer,2,10.38,2024-02-23,171,23.86
07 AAA 043,Renault,Boxer,2,10.38,2024-02-24,296,42.6
07 AAA 043,Renault,Boxer,2,10.38,2024-02-25,164,19.86
07 AAA 043,Renault,Boxer,2,10.38,2024-02-26,291,39.33
07 AAA 043,Renault,Boxer,2,10.38,2024-02-27,40,5.72
07 AAA 043,Renault,Boxer,2,10.38,2024-02-28,291,29.96
07 AAA 043,Renault,Boxer,2,10.38,2024-02-29,116,13.19
07 AAA 043,Renault,Boxer,2,10.38,2024-03-01,161,16.62
07 AAA 043,Renault,Boxer,2,10.38,2024-03-02,182,22.23
07 AAA 043,Renault,Boxer,2,10.38,2024-03-03,287,38.22
07 AAA 043,Renault,Boxer,2,10.38,2024-03-04,265,28.73
07 AAA 043,Renault,Boxer,2,10.38,2024-03-05,229,22.33
07 AAA 043,Renault,Boxer,2,10.38,2024-03-06,133,18.57
07 AAA 043,Renault,Boxer,2,10.38,2024-03-07,67,7.54
07 AAA 043,Renault,Boxer,2,10.38,2024-03-08,168,14.46
07 AAA 043,Renault,Boxer,2,10.38,2024-03-09,210,19.42
07 AAA 043,Renault,Boxer,2,10.38,2024-03-10,64,6.56
07 AAA 043,Renault,Boxer,2,10.38,2024-03-11,258,30.42
07 AAA 043,Renault,Boxer,2,10.38,2024-03-12,139,15.35
07 AAA 043,Renault,Boxer,2,10.38,2024-03-13,269,31.38
07 AAA 043,Renault,Boxer,2,10.38,2024-03-14,206,19.21
07 AAA 043,Renault,Boxer,2,10.38,2024-03-15,203,30.16
07 AAA 043,Renault,Boxer,2,10.38,2024-03-16,175,15.29
07 AAA 043,Renault,Boxer,2,10.38,2024-03-17,249,21.26
07 AAA 043,Renault,Boxer,2,10.38,2024-03-18,193,29.21
07 AAA 043,Renault,Boxer,2,10.38,2024-03-19,287,25.29
07 AAA 043,Renault,Boxer,2,10.38,2024-03-20,173,23.33
07 AAA 043,Renault,Boxer,2,10.38,2024-03-21,61,7.7
07 AAA 043,Renault,Boxer,2,10.38,2024-03-22,79,11.48
07 AAA 043,Renault,Boxer,2,10.38,2024-03-23,272,28.73
07 AAA 043,Renault,Boxer,2,10.38,2024-03-24,236,33.91
07 AAA 043,Renault,Boxer,2,10.38,2024-03-25,139,21.13
07 AAA 043,Renault,Boxer,2,10.38,2024-03-26,129,18.61
07 AAA 043,Renault,Boxer,2,10.38,2024-03-27,151,14.2
07 AAA 043,Renault,Boxer,2,10.38,2024-03-28,123,14.69
07 AAA 043,Renault,Boxer,2,10.38,2024-03-29,78,9.39
07 AAA 043,Renault,Boxer,2,10.38,2024-03-30,118,11.59
07 AAA 043,Renault,Boxer,2,10.38,2024-03-31,79,9.77
07 AAA 043,Renault,Boxer,2,10.38,2024-04-01,235,22.45
07 AAA 043,Renault,Boxer,2,10.38,2024-04-02,86,7.6
07 AAA 043,Renault,Boxer,2,10.38,2024-04-03,146,19.86
07 AAA 043,Renault,Boxer,2,10.38,2024-04-04,275,24.0
07 AAA 043,Renault,Boxer,2,10.38,2024-04-05,182,23.27
07 AAA 043,Renault,Boxer,2,10.38,2024-04-06,181,19.6
07 AAA 043,Renault,Boxer,2,10.38,2024-04-07,159,16.0
07 AAA 043,Renault,Boxer,2,10.38,2024-04-08,275,32.62
07 AAA 043,Renault,Boxer,2,10.38,2024-04-09,90,8.58
07 AAA 043,Renault,Boxer,2,10.38,2024-04-10,136,12.1
07 AAA 043,Renault,Boxer,2,10.38,2024-04-11,55,5.34
07 AAA 043,Renault,Boxer,2,10.38,2024-04-12,64,7.15
07 AAA 043,Renault,Boxer,2,10.38,2024-04-13,115,12.23
07 AAA 043,Renault,Boxer,2,10.38,2024-04-14,70,8.75
07 AAA 043,Renault,Boxer,2,10.38,2024-04-15,113,15.38
07 AAA 043,Renault,Boxer,2,10.38,2024-04-16,270,41.62
07 AAA 043,Renault,Boxer,2,10.38,2024-04-17,109,12.33
07 AAA 043,Renault,Boxer,2,10.38,2024-04-18,51,5.31
07 AAA 043,Renault,Boxer,2,10.38,2024-04-19,228,26.6
07 AAA 043,Renault,Boxer,2,10.38,2024-04-20,202,22.75
07 AAA 043,Renault,Boxer,2,10.38,2024-04-21,196,17.36
07 AAA 043,Renault,Boxer,2,10.38,2024-04-22,95,14.04
07 AAA 043,Renault,Boxer,2,10.38,2024-04-23,94,10.86
07 AAA 043,Renault,Boxer,2,10.38,2024-04-24,271,31.55
07 AAA 043,Renault,Boxer,2,10.38,2024-04-25,215,22.8
07 AAA 043,Renault,Boxer,2,10.38,2024-04-26,175,16.13
07 AAA 043,Renault,Boxer,2,10.38,2024-04-27,84,10.66
07 AAA 043,Renault,Boxer,2,10.38,2024-04-28,63,7.22
07 AAA 043,Renault,Boxer,2,10.38,2024-04-29,147,21.54
07 AAA 044,Fiat,Boxer,4,8.26,2024-01-01,277,30.29
07 AAA 044,Fiat,Boxer,4,8.26,2024-01-02,121,13.79
07 AAA 044,Fiat,Boxer,4,8.26,2024-01-03,169,19.44
07 AAA 044,Fiat,Boxer,4,8.26,2024-01-04,60,5.94
07 AAA 044,Fiat,Boxer,4,8.26,2024-01-05,178,15.55
07 AAA 044,Fiat,Boxer,4,8.26,2024-01-06,280,21.49
07 AAA 044,Fiat,Boxer,4,8.26,2024-01-07,179,13.99
07 AAA 044,Fiat,Boxer,4,8.26,2024-01-08,295,23.7
07 AAA 044,Fiat,Boxer,4,8.26,2024-01-09,63,7.15
07 AAA 044,Fiat,Boxer,4,8.26,2024-01-10,122,8.16
07 AAA 044,Fiat,Boxer,4,8.26,2024-01-11,214,20.77
07 AAA 044,Fiat,Boxer,4,8.26,2024-01-12,217,23.25
07 AAA 044,Fiat,Boxer,4,8.26,2024-01-13,267,30.68
07 AAA 044,Fiat,Boxer,4,8.26,2024-01-14,108,8.54
07 AAA 044,Fiat,Boxer,4,8.26,2024-01-15,285,28.7
07 AAA 044,Fiat,Boxer,4,8.26,2024-01-16,144,16.74
07 AAA 044,Fiat,Boxer,4,8.26,2024-01-17,167,13.8
07 AAA 044,Fiat,Boxer,4,8.26,2024-01-18,159,14.19
07 AAA 044,Fiat,Boxer,4,8.26,2024-01-19,142,15.54
07 AAA 044,Fiat,Boxer,4,8.26,2024-01-20,45,4.46
07 AAA 044,Fiat,Boxer,4,8.26,2024-01-21,48,3.52
07 AAA 044,Fiat,Boxer,4,8.26,2024-01-22,46,3.48
07 AAA 044,Fiat,Boxer,4,8.26,2024-01-23,271,22.47
07 AAA 044,Fiat,Boxer,4,8.26,2024-01-24,290,29.58
07 AAA 044,Fiat,Boxer,4,8.26,2024-01-25,195,21.78
07 AAA 044,Fiat,Boxer,4,8.26,2024-01-26,200,14.23
07 AAA 044,Fiat,Boxer,4,8.26,2024-01-27,254,24.51
07 AAA 044,Fiat,Boxer,4,8.26,2024-01-28,138,14.87
07 AAA 044,Fiat,Boxer,4,8.26,2024-01-29,280,29.97
07 AAA 044,Fiat,Boxer,4,8.26,2024-01-30,66,5.42
07 AAA 044,Fiat,Boxer,4,8.26,2024-01-31,91,6.73
07 AAA 044,Fiat,Boxer,4,8.26,2024-02-01,71,7.11
07 AAA 044,Fiat,Boxer,4,8.26,2024-02-02,240,22.94
07 AAA 044,Fiat,Boxer,4,8.26,2024-02-03,298,33.42
07 AAA 044,Fiat,Boxer,4,8.26,2024-02-04,150,12.3
07 AAA 044,Fiat,Boxer,4,8.26,2024-02-05,287,31.76
07 AAA 044,Fiat,Boxer,4,8.26,2024-02-06,47,3.4
07 AAA 044,Fiat,Boxer,4,8.26,2024-02-07,100,9.12
07 AAA 044,Fiat,Boxer,4,8.26,2024-02-08,195,14.25
07 AAA 044,Fiat,Boxer,4,8.26,2024-02-09,68,6.82
07 AAA 044,Fiat,Boxer,4,8.26,2024-02-10,138,12.37
07 AAA 044,Fiat,Boxer,4,8.26,2024-02-11,92,9.77
07 AAA 044,Fiat,Boxer,4,8.26,2024-02-12,268,28.14
07 AAA 044,Fiat,Boxer,4,8.26,2024-02-13,239,18.04
07 AAA 044,Fiat,Boxer,4,8.26,2024-02-14,259,27.45
07 AAA 044,Fiat,Boxer,4,8.26,2024-02-15,270,22.88
07 AAA 044,Fiat,Boxer,4,8.26,2024-02-16,267,31.39
07 AAA 044,Fiat,Boxer,4,8.26,2024-02-17,54,4.42
07 AAA 044,Fiat,Boxer,4,8.26,2024-02-18,79,9.4
07 AAA 044,Fiat,Boxer,4,8.26,2024-02-19,55,5.17
07 AAA 044,Fiat,Boxer,4,8.26,2024-02-20,230,25.05
07 AAA 044,Fiat,Boxer,4,8.26,2024-02-21,228,24.4
07 AAA 044,Fiat,Boxer,4,8.26,2024-02-22,258,26.22
07 AAA 044,Fiat,Boxer,4,8.26,2024-02-23,178,16.26
07 AAA 044,Fiat,Boxer,4,8.26,2024-02-24,61,5.59
07 AAA 044,Fiat,Boxer,4,8.26,2024-02-25,141,16.25
07 AAA 044,Fiat,Boxer,4,8.26,2024-02-26,94,7.96
07 AAA 044,Fiat,Boxer,4,8.26,2024-02-27,134,15.66
07 AAA 044,Fiat,Boxer,4,8.26,2024-02-28,234,18.47
07 AAA 044,Fiat,Boxer,4,8.26,2024-02-29,91,9.12
07 AAA 044,Fiat,Boxer,4,8.26,2024-03-01,265,24.47
07 AAA 044,Fiat,Boxer,4,8.26,2024-03-02,99,9.27
07 AAA 044,Fiat,Boxer,4,8.26,2024-03-03,194,18.99
07 AAA 044,Fiat,Boxer,4,8.26,2024-03-04,276,18.86
07 AAA 044,Fiat,Boxer,4,8.26,2024-03-05,49,4.46
07 AAA 044,Fiat,Boxer,4,8.26,2024-03-06,232,26.2
07 AAA 044,Fiat,Boxer,4,8.26,2024-03-07,134,16.53
07 AAA 044,Fiat,Boxer,4,8.26,2024-03-08,83,5.62
07 AAA 044,Fiat,Boxer,4,8.26,2024-03-09,106,12.04
07 AAA 044,Fiat,Boxer,4,8.26,2024-03-10,297,27.81
07 AAA 044,Fiat,Boxer,4,8.26,2024-03-11,163,11.07
07 AAA 044,Fiat,Boxer,4,8.26,2024-03-12,123,11.9
07 AAA 044,Fiat,Boxer,4,8.26,2024-03-13,109,11.42
07 AAA 044,Fiat,Boxer,4,8.26,2024-03-14,189,15.13
07 AAA 044,Fiat,Boxer,4,8.26,2024-03-15,105,6.94
07 AAA 044,Fiat,Boxer,4,8.26,2024-03-16,109,10.24
07 AAA 044,Fiat,Boxer,4,8.26,2024-03-17,258,29.84
07 AAA 044,Fiat,Boxer,4,8.26,2024-03-18,109,10.67
07 AAA 044,Fiat,Boxer,4,8.26,2024-03-19,242,20.48
07 AAA 044,Fiat,Boxer,4,8.26,2024-03-20,94,8.18
07 AAA 044,Fiat,Boxer,4,8.26,2024-03-21,123,14.82
07 AAA 044,Fiat,Boxer,4,8.26,2024-03-22,122,10.01
07 AAA 044,Fiat,Boxer,4,8.26,2024-03-23,87,9.03
07 AAA 044,Fiat,Boxer,4,8.26,2024-03-24,91,7.61
07 AAA 044,Fiat,Boxer,4,8.26,2024-03-25,224,22.78
07 AAA 044,Fiat,Boxer,4,8.26,2024-03-26,40,4.1
07 AAA 044,Fiat,Boxer,4,8.26,2024-03-27,53,3.75
07 AAA 044,Fiat,Boxer,4,8.26,2024-03-28,293,27.82
07 AAA 044,Fiat,Boxer,4,8.26,2024-03-29,257,21.13
07 AAA 044,Fiat,Boxer,4,8.26,2024-03-30,228,19.1
07 AAA 044,Fiat,Boxer,4,8.26,2024-03-31,114,9.92
07 AAA 044,Fiat,Boxer,4,8.26,2024-04-01,236,22.45
07 AAA 044,Fiat,Boxer,4,8.26,2024-04-02,160,18.82
07 AAA 044,Fiat,Boxer,4,8.26,2024-04-03,68,4.95
07 AAA 044,Fiat,Boxer,4,8.26,2024-04-04,232,17.63
07 AAA 044,Fiat,Boxer,4,8.26,2024-04-05,212,20.5
07 AAA 044,Fiat,Boxer,4,8.26,2024-04-06,195,15.97
07 AAA 044,Fiat,Boxer,4,8.26,2024-04-07,105,12.65
07 AAA 044,Fiat,Boxer,4,8.26,2024-04-08,182,18.45
07 AAA 044,Fiat,Boxer,4,8.26,2024-04-09,129,9.01
07 AAA 044,Fiat,Boxer,4,8.26,2024-04-10,50,3.6
07 AAA 044,Fiat,Boxer,4,8.26,2024-04-11,175,17.1
07 AAA 044,Fiat,Boxer,4,8.26,2024-04-12,109,7.41
07 AAA 044,Fiat,Boxer,4,8.26,2024-04-13,160,15.68
07 AAA 044,Fiat,Boxer,4,8.26,2024-04-14,136,13.28
07 AAA 044,Fiat,Boxer,4,8.26,2024-04-15,63,6.29
07 AAA 044,Fiat,Boxer,4,8.26,2024-04-16,140,13.59
07 AAA 044,Fiat,Boxer,4,8.26,2024-04-17,225,16.17
07 AAA 044,Fiat,Boxer,4,8.26,2024-04-18,87,8.6
07 AAA 044,Fiat,Boxer,4,8.26,2024-04-19,94,7.59
07 AAA 044,Fiat,Boxer,4,8.26,2024-04-20,129,9.91
07 AAA 044,Fiat,Boxer,4,8.26,2024-04-21,294,29.82
07 AAA 044,Fiat,Boxer,4,8.26,2024-04-22,293,22.67
07 AAA 044,Fiat,Boxer,4,8.26,2024-04-23,216,18.06
07 AAA 044,Fiat,Boxer,4,8.26,2024-04-24,196,16.17
07 AAA 044,Fiat,Boxer,4,8.26,2024-04-25,178,14.38
07 AAA 044,Fiat,Boxer,4,8.26,2024-04-26,264,27.38
07 AAA 044,Fiat,Boxer,4,8.26,2024-04-27,195,16.48
07 AAA 044,Fiat,Boxer,4,8.26,2024-04-28,104,8.01
07 AAA 044,Fiat,Boxer,4,8.26,2024-04-29,90,10.25
07 AAA 045,Ford,Atego,1,12.75,2024-01-01,183,31.48
07 AAA 045,Ford,Atego,1,12.75,2024-01-02,256,37.01
07 AAA 045,Ford,Atego,1,12.75,2024-01-03,188,31.18
07 AAA 045,Ford,Atego,1,12.75,2024-01-04,300,46.32
07 AAA 045,Ford,Atego,1,12.75,2024-01-05,66,11.24
07 AAA 045,Ford,Atego,1,12.75,2024-01-06,162,19.02
07 AAA 045,Ford,Atego,1,12.75,2024-01-07,175,31.62
07 AAA 045,Ford,Atego,1,12.75,2024-01-08,143,25.67
07 AAA 045,Ford,Atego,1,12.75,2024-01-09,214,40.19
07 AAA 045,Ford,Atego,1,12.75,2024-01-10,139,21.52
07 AAA 045,Ford,Atego,1,12.75,2024-01-11,236,27.72
07 AAA 045,Ford,Atego,1,12.75,2024-01-12,56,6.49
07 AAA 045,Ford,Atego,1,12.75,2024-01-13,174,20.86
07 AAA 045,Ford,Atego,1,12.75,2024-01-14,71,10.11
07 AAA 045,Ford,Atego,1,12.75,2024-01-15,142,24.43
07 AAA 045,Ford,Atego,1,12.75,2024-01-16,137,18.1
07 AAA 045,Ford,Atego,1,12.75,2024-01-17,260,30.94
07 AAA 045,Ford,Atego,1,12.75,2024-01-18,207,37.03
07 AAA 045,Ford,Atego,1,12.75,2024-01-19,93,11.93
07 AAA 045,Ford,Atego,1,12.75,2024-01-20,214,23.26
07 AAA 045,Ford,Atego,1,12.75,2024-01-21,292,35.89
07 AAA 045,Ford,Atego,1,12.75,2024-01-22,70,13.07
07 AAA 045,Ford,Atego,1,12.75,2024-01-23,116,15.34
07 AAA 045,Ford,Atego,1,12.75,2024-01-24,75,9.97
07 AAA 045,Ford,Atego,1,12.75,2024-01-25,262,32.64
07 AAA 045,Ford,Atego,1,12.75,2024-01-26,148,23.79
07 AAA 045,Ford,Atego,1,12.75,2024-01-27,147,28.04
07 AAA 045,Ford,Atego,1,12.75,2024-01-28,166,21.9
07 AAA 045,Ford,Atego,1,12.75,2024-01-29,221,24.23
07 AAA 045,Ford,Atego,1,12.75,2024-01-30,291,32.68
07 AAA 045,Ford,Atego,1,12.75,2024-01-31,250,42.68
07 AAA 045,Ford,Atego,1,12.75,2024-02-01,213,21.76
07 AAA 045,Ford,Atego,1,12.75,2024-02-02,184,23.19
07 AAA 045,Ford,Atego,1,12.75,2024-02-03,82,9.06
07 AAA 045,Ford,Atego,1,12.75,2024-02-04,207,24.5
07 AAA 045,Ford,Atego,1,12.75,2024-02-05,269,41.38
07 AAA 045,Ford,Atego,1,12.75,2024-02-06,107,16.78
07 AAA 045,Ford,Atego,1,12.75,2024-02-07,153,26.07
07 AAA 045,Ford,Atego,1,12.75,2024-02-08,266,50.0
07 AAA 045,Ford,Atego,1,12.75,2024-02-09,236,40.37
07 AAA 045,Ford,Atego,1,12.75,2024-02-10,202,23.32
07 AAA 045,Ford,Atego,1,12.75,2024-02-11,297,45.11
07 AAA 045,Ford,Atego,1,12.75,2024-02-12,136,22.84
07 AAA 045,Ford,Atego,1,12.75,2024-02-13,297,54.29
07 AAA 045,Ford,Atego,1,12.75,2024-02-14,167,17.86
07 AAA 045,Ford,Atego,1,12.75,2024-02-15,113,19.91
07 AAA 045,Ford,Atego,1,12.75,2024-02-16,233,31.13
07 AAA 045,Ford,Atego,1,12.75,2024-02-17,127,22.1
07 AAA 045,Ford,Atego,1,12.75,2024-02-18,180,28.72
07 AAA 045,Ford,Atego,1,12.75,2024-02-19,82,13.26
07 AAA 045,Ford,Atego,1,12.75,2024-02-20,258,43.69
07 AAA 045,Ford,Atego,1,12.75,2024-02-21,119,16.76
07 AAA 045,Ford,Atego,1,12.75,2024-02-22,183,28.88
07 AAA 045,Ford,Atego,1,12.75,2024-02-23,264,38.1
07 AAA 045,Ford,Atego,1,12.75,2024-02-24,243,31.61
07 AAA 045,Ford,Atego,1,12.75,2024-02-25,275,47.51
07 AAA 045,Ford,Atego,1,12.75,2024-02-26,192,32.29
07 AAA 045,Ford,Atego,1,12.75,2024-02-27,283,33.95
07 AAA 045,Ford,Atego,1,12.75,2024-02-28,115,12.53
07 AAA 045,Ford,Atego,1,12.75,2024-02-29,125,16.87
07 AAA 045,Ford,Atego,1,12.75,2024-03-01,284,48.92
07 AAA 045,Ford,Atego,1,12.75,2024-03-02,52,7.67
07 AAA 045,Ford,Atego,1,12.75,2024-03-03,283,49.55
07 AAA 045,Ford,Atego,1,12.75,2024-03-04,62,11.16
07 AAA 045,Ford,Atego,1,12.75,2024-03-05,101,16.28
07 AAA 045,Ford,Atego,1,12.75,2024-03-06,192,29.13
07 AAA 045,Ford,Atego,1,12.75,2024-03-07,282,34.49
07 AAA 045,Ford,Atego,1,12.75,2024-03-08,245,46.64
07 AAA 045,Ford,Atego,1,12.75,2024-03-09,144,15.99
07 AAA 045,Ford,Atego,1,12.75,2024-03-10,249,30.41
07 AAA 045,Ford,Atego,1,12.75,2024-03-11,130,18.86
07 AAA 045,Ford,Atego,1,12.75,2024-03-12,267,35.73
07 AAA 045,Ford,Atego,1,12.75,2024-03-13,164,22.38
07 AAA 045,Ford,Atego,1,12.75,2024-03-14,295,51.3
07 AAA 045,Ford,Atego,1,12.75,2024-03-15,115,18.11
07 AAA 045,Ford,Atego,1,12.75,2024-03-16,209,21.37
07 AAA 045,Ford,Atego,1,12.75,2024-03-17,256,48.91
07 AAA 045,Ford,Atego,1,12.75,2024-03-18,45,6.31
07 AAA 045,Ford,Atego,1,12.75,2024-03-19,243,45.64
07 AAA 045,Ford,Atego,1,12.75,2024-03-20,40,5.75
07 AAA 045,Ford,Atego,1,12.75,2024-03-21,168,25.99
07 AAA 045,Ford,Atego,1,12.75,2024-03-22,157,25.25
07 AAA 045,Ford,Atego,1,12.75,2024-03-23,281,43.3
07 AAA 045,Ford,Atego,1,12.75,2024-03-24,41,4.77
07 AAA 045,Ford,Atego,1,12.75,2024-03-25,209,38.81
07 AAA 045,Ford,Atego,1,12.75,2024-03-26,259,27.29
07 AAA 045,Ford,Atego,1,12.75,2024-03-27,140,15.92
07 AAA 045,Ford,Atego,1,12.75,2024-03-28,117,21.19
07 AAA 045,Ford,Atego,1,12.75,2024-03-29,45,6.15
07 AAA 045,Ford,Atego,1,12.75,2024-03-30,258,47.03
07 AAA 045,Ford,Atego,1,12.75,2024-03-31,269,31.18
07 AAA 045,Ford,Atego,1,12.75,2024-04-01,296,50.47
07 AAA 045,Ford,Atego,1,12.75,2024-04-02,111,15.77
07 AAA 045,Ford,Atego,1,12.75,2024-04-03,51,6.92
07 AAA 045,Ford,Atego,1,12.75,2024-04-04,125,16.88
07 AAA 045,Ford,Atego,1,12.75,2024-04-05,194,26.6
07 AAA 045,Ford,Atego,1,12.75,2024-04-06,279,30.13
07 AAA 045,Ford,Atego,1,12.75,2024-04-07,218,27.93
07 AAA 045,Ford,Atego,1,12.75,2024-04-08,235,40.66
07 AAA 045,Ford,Atego,1,12.75,2024-04-09,160,24.06
07 AAA 045,Ford,Atego,1,12.75,2024-04-10,145,20.67
07 AAA 045,Ford,Atego,1,12.75,2024-04-11,211,31.09
07 AAA 045,Ford,Atego,1,12.75,2024-04-12,103,19.58
07 AAA 045,Ford,Atego,1,12.75,2024-04-13,194,25.87
07 AAA 045,Ford,Atego,1,12.75,2024-04-14,56,10.04
07 AAA 045,Ford,Atego,1,12.75,2024-04-15,110,17.1
07 AAA 045,Ford,Atego,1,12.75,2024-04-16,199,26.11
07 AAA 045,Ford,Atego,1,12.75,2024-04-17,67,11.43
07 AAA 045,Ford,Atego,1,12.75,2024-04-18,122,20.8
07 AAA 045,Ford,Atego,1,12.75,2024-04-19,164,20.8
07 AAA 045,Ford,Atego,1,12.75,2024-04-20,254,45.61
07 AAA 045,Ford,Atego,1,12.75,2024-04-21,46,8.56
07 AAA 045,Ford,Atego,1,12.75,2024-04-22,195,21.61
07 AAA 045,Ford,Atego,1,12.75,2024-04-23,103,12.29
07 AAA 045,Ford,Atego,1,12.75,2024-04-24,191,23.39
07 AAA 045,Ford,Atego,1,12.75,2024-04-25,260,30.17
07 AAA 045,Ford,Atego,1,12.75,2024-04-26,228,23.46
07 AAA 045,Ford,Atego,1,12.75,2024-04-27,83,10.67
07 AAA 045,Ford,Atego,1,12.75,2024-04-28,162,25.93
07 AAA 045,Ford,Atego,1,12.75,2024-04-29,126,17.65
07 AAA 046,Volkswagen,Transit,2,9.73,2024-01-01,49,7.06
07 AAA 046,Volkswagen,Transit,2,9.73,2024-01-02,98,7.7
07 AAA 046,Volkswagen,Transit,2,9.73,2024-01-03,128,12.95
07 AAA 046,Volkswagen,Transit,2,9.73,2024-01-04,217,29.01
07 AAA 046,Volkswagen,Transit,2,9.73,2024-01-05,176,17.61
07 AAA 046,Volkswagen,Transit,2,9.73,2024-01-06,285,25.36
07 AAA 046,Volkswagen,Transit,2,9.73,2024-01-07,90,12.51
07 AAA 046,Volkswagen,Transit,2,9.73,2024-01-08,83,11.62
07 AAA 046,Volkswagen,Transit,2,9.73,2024-01-09,136,12.24
07 AAA 046,Volkswagen,Transit,2,9.73,2024-01-10,162,12.75
07 AAA 046,Volkswagen,Transit,2,9.73,2024-01-11,167,23.22
07 AAA 046,Volkswagen,Transit,2,9.73,2024-01-12,69,7.04
07 AAA 046,Volkswagen,Transit,2,9.73,2024-01-13,289,38.21
07 AAA 046,Volkswagen,Transit,2,9.73,2024-01-14,128,14.99
07 AAA 046,Volkswagen,Transit,2,9.73,2024-01-15,143,17.13
07 AAA 046,Volkswagen,Transit,2,9.73,2024-01-16,80,7.95
07 AAA 046,Volkswagen,Transit,2,9.73,2024-01-17,270,31.7
07 AAA 046,Volkswagen,Transit,2,9.73,2024-01-18,284,38.49
07 AAA 046,Volkswagen,Transit,2,9.73,2024-01-19,206,21.28
07 AAA 046,Volkswagen,Transit,2,9.73,2024-01-20,294,27.43
07 AAA 046,Volkswagen,Transit,2,9.73,2024-01-21,69,5.37
07 AAA 046,Volkswagen,Transit,2,9.73,2024-01-22,47,6.54
07 AAA 046,Volkswagen,Transit,2,9.73,2024-01-23,263,22.71
07 AAA 046,Volkswagen,Transit,2,9.73,2024-01-24,64,7.41
07 AAA 046,Volkswagen,Transit,2,9.73,2024-01-25,234,21.71
07 AAA 046,Volkswagen,Transit,2,9.73,2024-01-26,78,9.75
07 AAA 046,Volkswagen,Transit,2,9.73,2024-01-27,289,23.69
07 AAA 046,Volkswagen,Transit,2,9.73,2024-01-28,193,19.97
07 AAA 046,Volkswagen,Transit,2,9.73,2024-01-29,223,19.35
07 AAA 046,Volkswagen,Transit,2,9.73,2024-01-30,180,19.88
07 AAA 046,Volkswagen,Transit,2,9.73,2024-01-31,235,20.1
07 AAA 046,Volkswagen,Transit,2,9.73,2024-02-01,67,7.3
07 AAA 046,Volkswagen,Transit,2,9.73,2024-02-02,158,22.51
07 AAA 046,Volkswagen,Transit,2,9.73,2024-02-03,68,7.62
07 AAA 046,Volkswagen,Transit,2,9.73,2024-02-04,54,5.35
07 AAA 046,Volkswagen,Transit,2,9.73,2024-02-05,89,11.46
07 AAA 046,Volkswagen,Transit,2,9.73,2024-02-06,162,22.17
07 AAA 046,Volkswagen,Transit,2,9.73,2024-02-07,266,36.14
07 AAA 046,Volkswagen,Transit,2,9.73,2024-02-08,43,4.14
07 AAA 046,Volkswagen,Transit,2,9.73,2024-02-09,99,9.58
07 AAA 046,Volkswagen,Transit,2,9.73,2024-02-10,73,7.63
07 AAA 046,Volkswagen,Transit,2,9.73,2024-02-11,280,27.42
07 AAA 046,Volkswagen,Transit,2,9.73,2024-02-12,294,41.96
07 AAA 046,Volkswagen,Transit,2,9.73,2024-02-13,224,24.92
07 AAA 046,Volkswagen,Transit,2,9.73,2024-02-14,49,5.89
07 AAA 046,Volkswagen,Transit,2,9.73,2024-02-15,195,18.65
07 AAA 046,Volkswagen,Transit,2,9.73,2024-02-16,147,15.56
07 AAA 046,Volkswagen,Transit,2,9.73,2024-02-17,194,25.04
07 AAA 046,Volkswagen,Transit,2,9.73,2024-02-18,191,24.73
07 AAA 046,Volkswagen,Transit,2,9.73,2024-02-19,224,24.29
07 AAA 046,Volkswagen,Transit,2,9.73,2024-02-20,269,30.67
07 AAA 046,Volkswagen,Transit,2,9.73,2024-02-21,280,25.3
07 AAA 046,Volkswagen,Transit,2,9.73,2024-02-22,185,18.14
07 AAA 046,Volkswagen,Transit,2,9.73,2024-02-23,270,36.29
07 AAA 046,Volkswagen,Transit,2,9.73,2024-02-24,87,8.94
07 AAA 046,Volkswagen,Transit,2,9.73,2024-02-25,41,5.06
07 AAA 046,Volkswagen,Transit,2,9.73,2024-02-26,93,10.57
07 AAA 046,Volkswagen,Transit,2,9.73,2024-02-27,55,7.41
07 AAA 046,Volkswagen,Transit,2,9.73,2024-02-28,298,27.47
07 AAA 046,Volkswagen,Transit,2,9.73,2024-02-29,286,27.34
07 AAA 046,Volkswagen,Transit,2,9.73,2024-03-01,162,15.8
07 AAA 046,Volkswagen,Transit,2,9.73,2024-03-02,41,4.76
07 AAA 046,Volkswagen,Transit,2,9.73,2024-03-03,189,16.45
07 AAA 046,Volkswagen,Transit,2,9.73,2024-03-04,280,24.42
07 AAA 046,Volkswagen,Transit,2,9.73,2024-03-05,164,14.39
07 AAA 046,Volkswagen,Transit,2,9.73,2024-03-06,144,14.2
07 AAA 046,Volkswagen,Transit,2,9.73,2024-03-07,136,16.31
07 AAA 046,Volkswagen,Transit,2,9.73,2024-03-08,191,20.41
07 AAA 046,Volkswagen,Transit,2,9.73,2024-03-09,241,25.13
07 AAA 046,Volkswagen,Transit,2,9.73,2024-03-10,283,41.11
07 AAA 046,Volkswagen,Transit,2,9.73,2024-03-11,180,18.46
07 AAA 046,Volkswagen,Transit,2,9.73,2024-03-12,207,18.09
07 AAA 046,Volkswagen,Transit,2,9.73,2024-03-13,191,15.49
07 AAA 046,Volkswagen,Transit,2,9.73,2024-03-14,200,20.82
07 AAA 046,Volkswagen,Transit,2,9.73,2024-03-15,260,23.58
07 AAA 046,Volkswagen,Transit,2,9.73,2024-03-16,237,19.79
07 AAA 046,Volkswagen,Transit,2,9.73,2024-03-17,196,26.57
07 AAA 046,Volkswagen,Transit,2,9.73,2024-03-18,214,23.24
07 AAA 046,Volkswagen,Transit,2,9.73,2024-03-19,41,4.65
07 AAA 046,Volkswagen,Transit,2,9.73,2024-03-20,175,16.93
07 AAA 046,Volkswagen,Transit,2,9.73,2024-03-21,233,18.75
07 AAA 046,Volkswagen,Transit,2,9.73,2024-03-22,248,21.76
07 AAA 046,Volkswagen,Transit,2,9.73,2024-03-23,99,9.35
07 AAA 046,Volkswagen,Transit,2,9.73,2024-03-24,257,25.7
07 AAA 046,Volkswagen,Transit,2,9.73,2024-03-25,152,19.9
07 AAA 046,Volkswagen,Transit,2,9.73,2024-03-26,212,17.35
07 AAA 046,Volkswagen,Transit,2,9.73,2024-03-27,106,12.12
07 AAA 046,Volkswagen,Transit,2,9.73,2024-03-28,138,16.1
07 AAA 046,Volkswagen,Transit,2,9.73,2024-03-29,130,13.78
07 AAA 046,Volkswagen,Transit,2,9.73,2024-03-30,225,21.62
07 AAA 046,Volkswagen,Transit,2,9.73,2024-03-31,79,9.64
07 AAA 046,Volkswagen,Transit,2,9.73,2024-04-01,135,18.32
07 AAA 046,Volkswagen,Transit,2,9.73,2024-04-02,247,23.68
07 AAA 046,Volkswagen,Transit,2,9.73,2024-04-03,182,18.77
07 AAA 046,Volkswagen,Transit,2,9.73,2024-04-04,234,26.18
07 AAA 046,Volkswagen,Transit,2,9.73,2024-04-05,259,34.79
07 AAA 046,Volkswagen,Transit,2,9.73,2024-04-06,120,13.39
07 AAA 046,Volkswagen,Transit,2,9.73,2024-04-07,214,27.88
07 AAA 046,Volkswagen,Transit,2,9.73,2024-04-08,72,6.93
07 AAA 046,Volkswagen,Transit,2,9.73,2024-04-09,45,5.68
07 AAA 046,Volkswagen,Transit,2,9.73,2024-04-10,295,38.69
07 AAA 046,Volkswagen,Transit,2,9.73,2024-04-11,169,20.56
07 AAA 046,Volkswagen,Transit,2,9.73,2024-04-12,217,23.45
07 AAA 046,Volkswagen,Transit,2,9.73,2024-04-13,262,21.91
07 AAA 046,Volkswagen,Transit,2,9.73,2024-04-14,176,19.52
07 AAA 046,Volkswagen,Transit,2,9.73,2024-04-15,227,30.43
07 AAA 046,Volkswagen,Transit,2,9.73,2024-04-16,154,14.6
07 AAA 046,Volkswagen,Transit,2,9.73,2024-04-17,96,11.37
07 AAA 046,Volkswagen,Transit,2,9.73,2024-04-18,236,28.26
07 AAA 046,Volkswagen,Transit,2,9.73,2024-04-19,98,8.2
07 AAA 046,Volkswagen,Transit,2,9.73,2024-04-20,123,17.46
07 AAA 046,Volkswagen,Transit,2,9.73,2024-04-21,296,26.37
07 AAA 046,Volkswagen,Transit,2,9.73,2024-04-22,139,15.4
07 AAA 046,Volkswagen,Transit,2,9.73,2024-04-23,89,8.4
07 AAA 046,Volkswagen,Transit,2,9.73,2024-04-24,235,27.45
07 AAA 046,Volkswagen,Transit,2,9.73,2024-04-25,237,33.05
07 AAA 046,Volkswagen,Transit,2,9.73,2024-04-26,158,12.77
07 AAA 046,Volkswagen,Transit,2,9.73,2024-04-27,279,31.67
07 AAA 046,Volkswagen,Transit,2,9.73,2024-04-28,105,10.79
07 AAA 046,Volkswagen,Transit,2,9.73,2024-04-29,73,6.38
07 AAA 047,Peugeot,Boxer,3,24.95,2024-01-01,47,10.72
07 AAA 047,Peugeot,Boxer,3,24.95,2024-01-02,299,101.31
07 AAA 047,Peugeot,Boxer,3,24.95,2024-01-03,130,32.34
07 AAA 047,Peugeot,Boxer,3,24.95,2024-01-04,59,12.28
07 AAA 047,Peugeot,Boxer,3,24.95,2024-01-05,224,76.35
07 AAA 047,Peugeot,Boxer,3,24.95,2024-01-06,69,24.6
07 AAA 047,Peugeot,Boxer,3,24.95,2024-01-07,288,98.25
07 AAA 047,Peugeot,Boxer,3,24.95,2024-01-08,119,43.42
07 AAA 047,Peugeot,Boxer,3,24.95,2024-01-09,143,40.96
07 AAA 047,Peugeot,Boxer,3,24.95,2024-01-10,232,72.29
07 AAA 047,Peugeot,Boxer,3,24.95,2024-01-11,99,20.09
07 AAA 047,Peugeot,Boxer,3,24.95,2024-01-12,80,17.82
07 AAA 047,Peugeot,Boxer,3,24.95,2024-01-13,245,69.35
07 AAA 047,Peugeot,Boxer,3,24.95,2024-01-14,275,102.53
07 AAA 047,Peugeot,Boxer,3,24.95,2024-01-15,210,58.74
07 AAA 047,Peugeot,Boxer,3,24.95,2024-01-16,149,53.22
07 AAA 047,Peugeot,Boxer,3,24.95,2024-01-17,138,51.05
07 AAA 047,Peugeot,Boxer,3,24.95,2024-01-18,277,98.92
07 AAA 047,Peugeot,Boxer,3,24.95,2024-01-19,242,71.25
07 AAA 047,Peugeot,Boxer,3,24.95,2024-01-20,263,81.74
07 AAA 047,Peugeot,Boxer,3,24.95,2024-01-21,254,76.75
07 AAA 047,Peugeot,Boxer,3,24.95,2024-01-22,116,24.83
07 AAA 047,Peugeot,Boxer,3,24.95,2024-01-23,145,37.34
07 AAA 047,Peugeot,Boxer,3,24.95,2024-01-24,148,49.81
07 AAA 047,Peugeot,Boxer,3,24.95,2024-01-25,106,26.39
07 AAA 047,Peugeot,Boxer,3,24.95,2024-01-26,98,34.04
07 AAA 047,Peugeot,Boxer,3,24.95,2024-01-27,175,54.27
07 AAA 047,Peugeot,Boxer,3,24.95,2024-01-28,106,28.9
07 AAA 047,Peugeot,Boxer,3,24.95,2024-01-29,299,107.18
07 AAA 047,Peugeot,Boxer,3,24.95,2024-01-30,120,30.61
07 AAA 047,Peugeot,Boxer,3,24.95,2024-01-31,156,47.18
07 AAA 047,Peugeot,Boxer,3,24.95,2024-02-01,177,49.65
07 AAA 047,Peugeot,Boxer,3,24.95,2024-02-02,75,23.1
07 AAA 047,Peugeot,Boxer,3,24.95,2024-02-03,78,16.74
07 AAA 047,Peugeot,Boxer,3,24.95,2024-02-04,292,79.77
07 AAA 047,Peugeot,Boxer,3,24.95,2024-02-05,158,44.15
07 AAA 047,Peugeot,Boxer,3,24.95,2024-02-06,229,67.43
07 AAA 047,Peugeot,Boxer,3,24.95,2024-02-07,149,50.47
07 AAA 047,Peugeot,Boxer,3,24.95,2024-02-08,109,26.46
07 AAA 047,Peugeot,Boxer,3,24.95,2024-02-09,246,88.99
07 AAA 047,Peugeot,Boxer,3,24.95,2024-02-10,142,43.09
07 AAA 047,Peugeot,Boxer,3,24.95,2024-02-11,43,13.16
07 AAA 047,Peugeot,Boxer,3,24.95,2024-02-12,219,74.57
07 AAA 047,Peugeot,Boxer,3,24.95,2024-02-13,193,60.42
07 AAA 047,Peugeot,Boxer,3,24.95,2024-02-14,90,20.58
07 AAA 047,Peugeot,Boxer,3,24.95,2024-02-15,43,10.49
07 AAA 047,Peugeot,Boxer,3,24.95,2024-02-16,250,62.47
07 AAA 047,Peugeot,Boxer,3,24.95,2024-02-17,186,63.08
07 AAA 047,Peugeot,Boxer,3,24.95,2024-02-18,171,39.1
07 AAA 047,Peugeot,Boxer,3,24.95,2024-02-19,77,15.61
07 AAA 047,Peugeot,Boxer,3,24.95,2024-02-20,198,41.91
07 AAA 047,Peugeot,Boxer,3,24.95,2024-02-21,251,50.41
07 AAA 047,Peugeot,Boxer,3,24.95,2024-02-22,120,25.49
07 AAA 047,Peugeot,Boxer,3,24.95,2024-02-23,272,66.1
07 AAA 047,Peugeot,Boxer,3,24.95,2024-02-24,214,70.77
07 AAA 047,Peugeot,Boxer,3,24.95,2024-02-25,174,62.26
07 AAA 047,Peugeot,Boxer,3,24.95,2024-02-26,251,64.11
07 AAA 047,Peugeot,Boxer,3,24.95,2024-02-27,74,19.06
07 AAA 047,Peugeot,Boxer,3,24.95,2024-02-28,170,42.37
07 AAA 047,Peugeot,Boxer,3,24.95,2024-02-29,82,24.48
07 AAA 047,Peugeot,Boxer,3,24.95,2024-03-01,113,38.33
07 AAA 047,Peugeot,Boxer,3,24.95,2024-03-02,111,38.49
07 AAA 047,Peugeot,Boxer,3,24.95,2024-03-03,106,21.23
07 AAA 047,Peugeot,Boxer,3,24.95,2024-03-04,87,31.9
07 AAA 047,Peugeot,Boxer,3,24.95,2024-03-05,300,84.78
07 AAA 047,Peugeot,Boxer,3,24.95,2024-03-06,100,20.37
07 AAA 047,Peugeot,Boxer,3,24.95,2024-03-07,107,35.8
07 AAA 047,Peugeot,Boxer,3,24.95,2024-03-08,246,81.34
07 AAA 047,Peugeot,Boxer,3,24.95,2024-03-09,195,49.47
07 AAA 047,Peugeot,Boxer,3,24.95,2024-03-10,278,99.82
07 AAA 047,Peugeot,Boxer,3,24.95,2024-03-11,197,71.0
07 AAA 047,Peugeot,Boxer,3,24.95,2024-03-12,263,65.32
07 AAA 047,Peugeot,Boxer,3,24.95,2024-03-13,260,77.93
07 AAA 047,Peugeot,Boxer,3,24.95,2024-03-14,298,108.45
07 AAA 047,Peugeot,Boxer,3,24.95,2024-03-15,202,68.46
07 AAA 047,Peugeot,Boxer,3,24.95,2024-03-16,114,29.71
07 AAA 047,Peugeot,Boxer,3,24.95,2024-03-17,78,24.55
07 AAA 047,Peugeot,Boxer,3,24.95,2024-03-18,58,20.2
07 AAA 047,Peugeot,Boxer,3,24.95,2024-03-19,48,17.52
07 AAA 047,Peugeot,Boxer,3,24.95,2024-03-20,169,37.69
07 AAA 047,Peugeot,Boxer,3,24.95,2024-03-21,56,13.97
07 AAA 047,Peugeot,Boxer,3,24.95,2024-03-22,166,56.57
07 AAA 047,Peugeot,Boxer,3,24.95,2024-03-23,263,78.54
07 AAA 047,Peugeot,Boxer,3,24.95,2024-03-24,137,49.09
07 AAA 047,Peugeot,Boxer,3,24.95,2024-03-25,213,43.69
07 AAA 047,Peugeot,Boxer,3,24.95,2024-03-26,274,66.13
07 AAA 047,Peugeot,Boxer,3,24.95,2024-03-27,49,14.6
07 AAA 047,Peugeot,Boxer,3,24.95,2024-03-28,208,44.04
07 AAA 047,Peugeot,Boxer,3,24.95,2024-03-29,107,31.22
07 AAA 047,Peugeot,Boxer,3,24.95,2024-03-30,172,53.69
07 AAA 047,Peugeot,Boxer,3,24.95,2024-03-31,295,64.94
07 AAA 047,Peugeot,Boxer,3,24.95,2024-04-01,296,80.76
07 AAA 047,Peugeot,Boxer,3,24.95,2024-04-02,150,54.61
07 AAA 047,Peugeot,Boxer,3,24.95,2024-04-03,120,33.59
07 AAA 047,Peugeot,Boxer,3,24.95,2024-04-04,299,109.2
07 AAA 047,Peugeot,Boxer,3,24.95,2024-04-05,247,63.73
07 AAA 047,Peugeot,Boxer,3,24.95,2024-04-06,137,37.22
07 AAA 047,Peugeot,Boxer,3,24.95,2024-04-07,227,47.8
07 AAA 047,Peugeot,Boxer,3,24.95,2024-04-08,181,36.36
07 AAA 047,Peugeot,Boxer,3,24.95,2024-04-09,254,60.08
07 AAA 047,Peugeot,Boxer,3,24.95,2024-04-10,84,29.06
07 AAA 047,Peugeot,Boxer,3,24.95,2024-04-11,219,46.99
07 AAA 047,Peugeot,Boxer,3,24.95,2024-04-12,151,51.6
07 AAA 047,Peugeot,Boxer,3,24.95,2024-04-13,141,34.78
07 AAA 047,Peugeot,Boxer,3,24.95,2024-04-14,115,28.91
07 AAA 047,Peugeot,Boxer,3,24.95,2024-04-15,82,19.85
07 AAA 047,Peugeot,Boxer,3,24.95,2024-04-16,243,52.99
07 AAA 047,Peugeot,Boxer,3,24.95,2024-04-17,256,64.88
07 AAA 047,Peugeot,Boxer,3,24.95,2024-04-18,269,85.97
07 AAA 047,Peugeot,Boxer,3,24.95,2024-04-19,213,63.5
07 AAA 047,Peugeot,Boxer,3,24.95,2024-04-20,261,70.82
07 AAA 047,Peugeot,Boxer,3,24.95,2024-04-21,143,30.74
07 AAA 047,Peugeot,Boxer,3,24.95,2024-04-22,274,75.52
07 AAA 047,Peugeot,Boxer,3,24.95,2024-04-23,195,41.14
07 AAA 047,Peugeot,Boxer,3,24.95,2024-04-24,151,46.61
07 AAA 047,Peugeot,Boxer,3,24.95,2024-04-25,162,56.02
07 AAA 047,Peugeot,Boxer,3,24.95,2024-04-26,86,23.47
07 AAA 047,Peugeot,Boxer,3,24.95,2024-04-27,193,41.22
07 AAA 047,Peugeot,Boxer,3,24.95,2024-04-28,112,25.71
07 AAA 047,Peugeot,Boxer,3,24.95,2024-04-29,75,23.45
07 AAA 048,Peugeot,Boxer,2,9.1,2024-01-01,270,29.23
07 AAA 048,Peugeot,Boxer,2,9.1,2024-01-02,88,8.29
07 AAA 048,Peugeot,Boxer,2,9.1,2024-01-03,287,21.42
07 AAA 048,Peugeot,Boxer,2,9.1,2024-01-04,288,24.87
07 AAA 048,Peugeot,Boxer,2,9.1,2024-01-05,207,27.63
07 AAA 048,Peugeot,Boxer,2,9.1,2024-01-06,217,23.31
07 AAA 048,Peugeot,Boxer,2,9.1,2024-01-07,169,17.79
07 AAA 048,Peugeot,Boxer,2,9.1,2024-01-08,281,22.82
07 AAA 048,Peugeot,Boxer,2,9.1,2024-01-09,285,30.03
07 AAA 048,Peugeot,Boxer,2,9.1,2024-01-10,84,8.83
07 AAA 048,Peugeot,Boxer,2,9.1,2024-01-11,49,5.62
07 AAA 048,Peugeot,Boxer,2,9.1,2024-01-12,266,35.41
07 AAA 048,Peugeot,Boxer,2,9.1,2024-01-13,292,31.67
07 AAA 048,Peugeot,Boxer,2,9.1,2024-01-14,69,5.59
07 AAA 048,Peugeot,Boxer,2,9.1,2024-01-15,260,35.24
07 AAA 048,Peugeot,Boxer,2,9.1,2024-01-16,260,25.54
07 AAA 048,Peugeot,Boxer,2,9.1,2024-01-17,137,15.23
07 AAA 048,Peugeot,Boxer,2,9.1,2024-01-18,172,22.58
07 AAA 048,Peugeot,Boxer,2,9.1,2024-01-19,158,14.32
07 AAA 048,Peugeot,Boxer,2,9.1,2024-01-20,192,23.87
07 AAA 048,Peugeot,Boxer,2,9.1,2024-01-21,118,15.06
07 AAA 048,Peugeot,Boxer,2,9.1,2024-01-22,71,5.2
07 AAA 048,Peugeot,Boxer,2,9.1,2024-01-23,79,9.4
07 AAA 048,Peugeot,Boxer,2,9.1,2024-01-24,157,12.67
07 AAA 048,Peugeot,Boxer,2,9.1,2024-01-25,96,8.98
07 AAA 048,Peugeot,Boxer,2,9.1,2024-01-26,55,5.66
07 AAA 048,Peugeot,Boxer,2,9.1,2024-01-27,71,6.19
07 AAA 048,Peugeot,Boxer,2,9.1,2024-01-28,126,12.76
07 AAA 048,Peugeot,Boxer,2,9.1,2024-01-29,57,6.56
07 AAA 048,Peugeot,Boxer,2,9.1,2024-01-30,156,15.5
07 AAA 048,Peugeot,Boxer,2,9.1,2024-01-31,278,22.59
07 AAA 048,Peugeot,Boxer,2,9.1,2024-02-01,155,14.39
07 AAA 048,Peugeot,Boxer,2,9.1,2024-02-02,74,7.06
07 AAA 048,Peugeot,Boxer,2,9.1,2024-02-03,225,23.66
07 AAA 048,Peugeot,Boxer,2,9.1,2024-02-04,234,24.37
07 AAA 048,Peugeot,Boxer,2,9.1,2024-02-05,226,30.46
07 AAA 048,Peugeot,Boxer,2,9.1,2024-02-06,66,8.17
07 AAA 048,Peugeot,Boxer,2,9.1,2024-02-07,54,5.86
07 AAA 048,Peugeot,Boxer,2,9.1,2024-02-08,194,19.38
07 AAA 048,Peugeot,Boxer,2,9.1,2024-02-09,132,9.71
07 AAA 048,Peugeot,Boxer,2,9.1,2024-02-10,266,24.92
07 AAA 048,Peugeot,Boxer,2,9.1,2024-02-11,273,30.82
07 AAA 048,Peugeot,Boxer,2,9.1,2024-02-12,157,19.01
07 AAA 048,Peugeot,Boxer,2,9.1,2024-02-13,211,25.26
07 AAA 048,Peugeot,Boxer,2,9.1,2024-02-14,50,4.15
07 AAA 048,Peugeot,Boxer,2,9.1,2024-02-15,214,23.77
07 AAA 048,Peugeot,Boxer,2,9.1,2024-02-16,256,28.87
07 AAA 048,Peugeot,Boxer,2,9.1,2024-02-17,133,11.05
07 AAA 048,Peugeot,Boxer,2,9.1,2024-02-18,65,6.71
07 AAA 048,Peugeot,Boxer,2,9.1,2024-02-19,250,18.9
07 AAA 048,Peugeot,Boxer,2,9.1,2024-02-20,184,22.41
07 AAA 048,Peugeot,Boxer,2,9.1,2024-02-21,115,12.77
07 AAA 048,Peugeot,Boxer,2,9.1,2024-02-22,84,8.86
07 AAA 048,Peugeot,Boxer,2,9.1,2024-02-23,217,17.87
07 AAA 048,Peugeot,Boxer,2,9.1,2024-02-24,160,17.44
07 AAA 048,Peugeot,Boxer,2,9.1,2024-02-25,49,6.36
07 AAA 048,Peugeot,Boxer,2,9.1,2024-02-26,191,16.85
07 AAA 048,Peugeot,Boxer,2,9.1,2024-02-27,214,19.92
07 AAA 048,Peugeot,Boxer,2,9.1,2024-02-28,219,21.71
07 AAA 048,Peugeot,Boxer,2,9.1,2024-02-29,99,10.78
07 AAA 048,Peugeot,Boxer,2,9.1,2024-03-01,80,7.39
07 AAA 048,Peugeot,Boxer,2,9.1,2024-03-02,93,9.22
07 AAA 048,Peugeot,Boxer,2,9.1,2024-03-03,154,13.76
07 AAA 048,Peugeot,Boxer,2,9.1,2024-03-04,300,40.95
07 AAA 048,Peugeot,Boxer,2,9.1,2024-03-05,79,6.4
07 AAA 048,Peugeot,Boxer,2,9.1,2024-03-06,61,5.75
07 AAA 048,Peugeot,Boxer,2,9.1,2024-03-07,222,16.72
07 AAA 048,Peugeot,Boxer,2,9.1,2024-03-08,116,9.43
07 AAA 048,Peugeot,Boxer,2,9.1,2024-03-09,273,30.24
07 AAA 048,Peugeot,Boxer,2,9.1,2024-03-10,91,12.17
07 AAA 048,Peugeot,Boxer,2,9.1,2024-03-11,193,18.7
07 AAA 048,Peugeot,Boxer,2,9.1,2024-03-12,271,20.6
07 AAA 048,Peugeot,Boxer,2,9.1,2024-03-13,285,29.85
07 AAA 048,Peugeot,Boxer,2,9.1,2024-03-14,296,31.45
07 AAA 048,Peugeot,Boxer,2,9.1,2024-03-15,257,31.64
07 AAA 048,Peugeot,Boxer,2,9.1,2024-03-16,150,16.18
07 AAA 048,Peugeot,Boxer,2,9.1,2024-03-17,212,19.05
07 AAA 048,Peugeot,Boxer,2,9.1,2024-03-18,73,5.97
07 AAA 048,Peugeot,Boxer,2,9.1,2024-03-19,47,6.35
07 AAA 048,Peugeot,Boxer,2,9.1,2024-03-20,232,25.57
07 AAA 048,Peugeot,Boxer,2,9.1,2024-03-21,162,16.68
07 AAA 048,Peugeot,Boxer,2,9.1,2024-03-22,216,21.96
07 AAA 048,Peugeot,Boxer,2,9.1,2024-03-23,134,15.36
07 AAA 048,Peugeot,Boxer,2,9.1,2024-03-24,269,26.94
07 AAA 048,Peugeot,Boxer,2,9.1,2024-03-25,141,12.81
07 AAA 048,Peugeot,Boxer,2,9.1,2024-03-26,196,16.99
07 AAA 048,Peugeot,Boxer,2,9.1,2024-03-27,75,8.11
07 AAA 048,Peugeot,Boxer,2,9.1,2024-03-28,53,5.5
07 AAA 048,Peugeot,Boxer,2,9.1,2024-03-29,289,26.3
07 AAA 048,Peugeot,Boxer,2,9.1,2024-03-30,241,26.78
07 AAA 048,Peugeot,Boxer,2,9.1,2024-03-31,184,21.04
07 AAA 048,Peugeot,Boxer,2,9.1,2024-04-01,80,5.9
07 AAA 048,Peugeot,Boxer,2,9.1,2024-04-02,298,40.29
07 AAA 048,Peugeot,Boxer,2,9.1,2024-04-03,217,22.43
07 AAA 048,Peugeot,Boxer,2,9.1,2024-04-04,299,30.86
07 AAA 048,Peugeot,Boxer,2,9.1,2024-04-05,44,5.04
07 AAA 048,Peugeot,Boxer,2,9.1,2024-04-06,273,28.26
07 AAA 048,Peugeot,Boxer,2,9.1,2024-04-07,124,14.29
07 AAA 048,Peugeot,Boxer,2,9.1,2024-04-08,217,29.15
07 AAA 048,Peugeot,Boxer,2,9.1,2024-04-09,204,17.69
07 AAA 048,Peugeot,Boxer,2,9.1,2024-04-10,150,15.15
07 AAA 048,Peugeot,Boxer,2,9.1,2024-04-11,107,10.42
07 AAA 048,Peugeot,Boxer,2,9.1,2024-04-12,201,21.63
07 AAA 048,Peugeot,Boxer,2,9.1,2024-04-13,274,21.52
07 AAA 048,Peugeot,Boxer,2,9.1,2024-04-14,300,36.07
07 AAA 048,Peugeot,Boxer,2,9.1,2024-04-15,47,5.06
07 AAA 048,Peugeot,Boxer,2,9.1,2024-04-16,122,12.82
07 AAA 048,Peugeot,Boxer,2,9.1,2024-04-17,154,18.79
07 AAA 048,Peugeot,Boxer,2,9.1,2024-04-18,229,24.91
07 AAA 048,Peugeot,Boxer,2,9.1,2024-04-19,261,22.06
07 AAA 048,Peugeot,Boxer,2,9.1,2024-04-20,214,15.84
07 AAA 048,Peugeot,Boxer,2,9.1,2024-04-21,215,17.25
07 AAA 048,Peugeot,Boxer,2,9.1,2024-04-22,120,16.0
07 AAA 048,Peugeot,Boxer,2,9.1,2024-04-23,268,20.5
07 AAA 048,Peugeot,Boxer,2,9.1,2024-04-24,284,31.79
07 AAA 048,Peugeot,Boxer,2,9.1,2024-04-25,100,12.97
07 AAA 048,Peugeot,Boxer,2,9.1,2024-04-26,240,23.64
07 AAA 048,Peugeot,Boxer,2,9.1,2024-04-27,218,23.76
07 AAA 048,Peugeot,Boxer,2,9.1,2024-04-28,148,16.95
07 AAA 048,Peugeot,Boxer,2,9.1,2024-04-29,104,8.17
07 AAA 049,Volkswagen,Caddy,4,8.78,2024-01-01,268,31.07
07 AAA 049,Volkswagen,Caddy,4,8.78,2024-01-02,215,27.54
07 AAA 049,Volkswagen,Caddy,4,8.78,2024-01-03,75,9.03
07 AAA 049,Volkswagen,Caddy,4,8.78,2024-01-04,120,10.69
07 AAA 049,Volkswagen,Caddy,4,8.78,2024-01-05,151,18.28
07 AAA 049,Volkswagen,Caddy,4,8.78,2024-01-06,142,13.45
07 AAA 049,Volkswagen,Caddy,4,8.78,2024-01-07,72,6.06
07 AAA 049,Volkswagen,Caddy,4,8.78,2024-01-08,80,6.71
07 AAA 049,Volkswagen,Caddy,4,8.78,2024-01-09,154,19.73
07 AAA 049,Volkswagen,Caddy,4,8.78,2024-01-10,58,5.49
07 AAA 049,Volkswagen,Caddy,4,8.78,2024-01-11,163,14.18
07 AAA 049,Volkswagen,Caddy,4,8.78,2024-01-12,148,15.19
07 AAA 049,Volkswagen,Caddy,4,8.78,2024-01-13,103,12.21
07 AAA 049,Volkswagen,Caddy,4,8.78,2024-01-14,296,23.39
07 AAA 049,Volkswagen,Caddy,4,8.78,2024-01-15,183,22.95
07 AAA 049,Volkswagen,Caddy,4,8.78,2024-01-16,83,10.86
07 AAA 049,Volkswagen,Caddy,4,8.78,2024-01-17,162,14.04
07 AAA 049,Volkswagen,Caddy,4,8.78,2024-01-18,97,11.06
07 AAA 049,Volkswagen,Caddy,4,8.78,2024-01-19,118,9.63
07 AAA 049,Volkswagen,Caddy,4,8.78,2024-01-20,147,13.19
07 AAA 049,Volkswagen,Caddy,4,8.78,2024-01-21,55,5.48
07 AAA 049,Volkswagen,Caddy,4,8.78,2024-01-22,177,17.68
07 AAA 049,Volkswagen,Caddy,4,8.78,2024-01-23,249,20.22
07 AAA 049,Volkswagen,Caddy,4,8.78,2024-01-24,230,23.39
07 AAA 049,Volkswagen,Caddy,4,8.78,2024-01-25,266,19.37
07 AAA 049,Volkswagen,Caddy,4,8.78,2024-01-26,290,21.11
07 AAA 049,Volkswagen,Caddy,4,8.78,2024-01-27,206,16.68
07 AAA 049,Volkswagen,Caddy,4,8.78,2024-01-28,194,23.09
07 AAA 049,Volkswagen,Caddy,4,8.78,2024-01-29,162,11.74
07 AAA 049,Volkswagen,Caddy,4,8.78,2024-01-30,253,20.65
07 AAA 049,Volkswagen,Caddy,4,8.78,2024-01-31,69,7.17
07 AAA 049,Volkswagen,Caddy,4,8.78,2024-02-01,158,13.83
07 AAA 049,Volkswagen,Caddy,4,8.78,2024-02-02,167,16.89
07 AAA 049,Volkswagen,Caddy,4,8.78,2024-02-03,104,11.46
07 AAA 049,Volkswagen,Caddy,4,8.78,2024-02-04,159,13.75
07 AAA 049,Volkswagen,Caddy,4,8.78,2024-02-05,186,14.81
07 AAA 049,Volkswagen,Caddy,4,8.78,2024-02-06,256,30.89
07 AAA 049,Volkswagen,Caddy,4,8.78,2024-02-07,286,21.4
07 AAA 049,Volkswagen,Caddy,4,8.78,2024-02-08,292,30.42
07 AAA 049,Volkswagen,Caddy,4,8.78,2024-02-09,285,29.07
07 AAA 049,Volkswagen,Caddy,4,8.78,2024-02-10,138,10.3
07 AAA 049,Volkswagen,Caddy,4,8.78,2024-02-11,259,27.19
07 AAA 049,Volkswagen,Caddy,4,8.78,2024-02-12,233,20.64
07 AAA 049,Volkswagen,Caddy,4,8.78,2024-02-13,161,20.36
07 AAA 049,Volkswagen,Caddy,4,8.78,2024-02-14,255,28.75
07 AAA 049,Volkswagen,Caddy,4,8.78,2024-02-15,154,19.64
07 AAA 049,Volkswagen,Caddy,4,8.78,2024-02-16,142,17.85
07 AAA 049,Volkswagen,Caddy,4,8.78,2024-02-17,63,6.22
07 AAA 049,Volkswagen,Caddy,4,8.78,2024-02-18,293,28.69
07 AAA 049,Volkswagen,Caddy,4,8.78,2024-02-19,149,14.9
07 AAA 049,Volkswagen,Caddy,4,8.78,2024-02-20,134,14.18
07 AAA 049,Volkswagen,Caddy,4,8.78,2024-02-21,193,22.93
07 AAA 049,Volkswagen,Caddy,4,8.78,2024-02-22,158,14.41
07 AAA 049,Volkswagen,Caddy,4,8.78,2024-02-23,157,17.34
07 AAA 049,Volkswagen,Caddy,4,8.78,2024-02-24,51,4.12
07 AAA 049,Volkswagen,Caddy,4,8.78,2024-02-25,155,18.3
07 AAA 049,Volkswagen,Caddy,4,8.78,2024-02-26,58,7.44
07 AAA 049,Volkswagen,Caddy,4,8.78,2024-02-27,283,31.71
07 AAA 049,Volkswagen,Caddy,4,8.78,2024-02-28,136,15.41
07 AAA 049,Volkswagen,Caddy,4,8.78,2024-02-29,270,27.81
07 AAA 049,Volkswagen,Caddy,4,8.78,2024-03-01,233,25.6
07 AAA 049,Volkswagen,Caddy,4,8.78,2024-03-02,95,9.77
07 AAA 049,Volkswagen,Caddy,4,8.78,2024-03-03,134,12.83
07 AAA 049,Volkswagen,Caddy,4,8.78,2024-03-04,56,5.02
07 AAA 049,Volkswagen,Caddy,4,8.78,2024-03-05,260,30.33
07 AAA 049,Volkswagen,Caddy,4,8.78,2024-03-06,46,4.55
07 AAA 049,Volkswagen,Caddy,4,8.78,2024-03-07,208,19.54
07 AAA 049,Volkswagen,Caddy,4,8.78,2024-03-08,139,14.0
07 AAA 049,Volkswagen,Caddy,4,8.78,2024-03-09,104,10.96
07 AAA 049,Volkswagen,Caddy,4,8.78,2024-03-10,180,19.22
07 AAA 049,Volkswagen,Caddy,4,8.78,2024-03-11,88,10.81
07 AAA 049,Volkswagen,Caddy,4,8.78,2024-03-12,189,13.27
07 AAA 049,Volkswagen,Caddy,4,8.78,2024-03-13,136,13.49
07 AAA 049,Volkswagen,Caddy,4,8.78,2024-03-14,42,4.61
07 AAA 049,Volkswagen,Caddy,4,8.78,2024-03-15,256,29.06
07 AAA 049,Volkswagen,Caddy,4,8.78,2024-03-16,255,27.56
07 AAA 049,Volkswagen,Caddy,4,8.78,2024-03-17,100,12.25
07 AAA 049,Volkswagen,Caddy,4,8.78,2024-03-18,263,20.31
07 AAA 049,Volkswagen,Caddy,4,8.78,2024-03-19,208,24.1
07 AAA 049,Volkswagen,Caddy,4,8.78,2024-03-20,299,29.19
07 AAA 049,Volkswagen,Caddy,4,8.78,2024-03-21,137,11.67
07 AAA 049,Volkswagen,Caddy,4,8.78,2024-03-22,217,24.55
07 AAA 049,Volkswagen,Caddy,4,8.78,2024-03-23,65,5.4
07 AAA 049,Volkswagen,Caddy,4,8.78,2024-03-24,91,11.3
07 AAA 049,Volkswagen,Caddy,4,8.78,2024-03-25,243,26.57
07 AAA 049,Volkswagen,Caddy,4,8.78,2024-03-26,291,22.9
07 AAA 049,Volkswagen,Caddy,4,8.78,2024-03-27,126,13.51
07 AAA 049,Volkswagen,Caddy,4,8.78,2024-03-28,209,22.62
07 AAA 049,Volkswagen,Caddy,4,8.78,2024-03-29,74,6.62
07 AAA 049,Volkswagen,Caddy,4,8.78,2024-03-30,286,26.87
07 AAA 049,Volkswagen,Caddy,4,8.78,2024-03-31,293,27.19
07 AAA 049,Volkswagen,Caddy,4,8.78,2024-04-01,300,26.1
07 AAA 049,Volkswagen,Caddy,4,8.78,2024-04-02,265,25.11
07 AAA 049,Volkswagen,Caddy,4,8.78,2024-04-03,47,5.27
07 AAA 049,Volkswagen,Caddy,4,8.78,2024-04-04,261,29.2
07 AAA 049,Volkswagen,Caddy,4,8.78,2024-04-05,125,8.98
07 AAA 049,Volkswagen,Caddy,4,8.78,2024-04-06,112,13.68
07 AAA 049,Volkswagen,Caddy,4,8.78,2024-04-07,88,7.87
07 AAA 049,Volkswagen,Caddy,4,8.78,2024-04-08,109,14.08
07 AAA 049,Volkswagen,Caddy,4,8.78,2024-04-09,153,17.21
07 AAA 049,Volkswagen,Caddy,4,8.78,2024-04-10,221,23.9
07 AAA 049,Volkswagen,Caddy,4,8.78,2024-04-11,107,9.45
07 AAA 049,Volkswagen,Caddy,4,8.78,2024-04-12,100,11.7
07 AAA 049,Volkswagen,Caddy,4,8.78,2024-04-13,150,13.75
07 AAA 049,Volkswagen,Caddy,4,8.78,2024-04-14,150,12.74
07 AAA 049,Volkswagen,Caddy,4,8.78,2024-04-15,149,19.6
07 AAA 049,Volkswagen,Caddy,4,8.78,2024-04-16,270,32.8
07 AAA 049,Volkswagen,Caddy,4,8.78,2024-04-17,120,9.02
07 AAA 049,Volkswagen,Caddy,4,8.78,2024-04-18,250,19.49
07 AAA 049,Volkswagen,Caddy,4,8.78,2024-04-19,86,10.59
07 AAA 049,Volkswagen,Caddy,4,8.78,2024-04-20,254,25.66
07 AAA 049,Volkswagen,Caddy,4,8.78,2024-04-21,220,17.86
07 AAA 049,Volkswagen,Caddy,4,8.78,2024-04-22,201,16.3
07 AAA 049,Volkswagen,Caddy,4,8.78,2024-04-23,88,11.28
07 AAA 049,Volkswagen,Caddy,4,8.78,2024-04-24,41,5.02
07 AAA 049,Volkswagen,Caddy,4,8.78,2024-04-25,84,8.09
07 AAA 049,Volkswagen,Caddy,4,8.78,2024-04-26,87,8.24
07 AAA 049,Volkswagen,Caddy,4,8.78,2024-04-27,93,11.27
07 AAA 049,Volkswagen,Caddy,4,8.78,2024-04-28,78,6.02
07 AAA 049,Volkswagen,Caddy,4,8.78,2024-04-29,171,16.44
07 AAA 050,Volkswagen,Boxer,3,25.38,2024-01-01,75,24.06
07 AAA 050,Volkswagen,Boxer,3,25.38,2024-01-02,201,54.38
07 AAA 050,Volkswagen,Boxer,3,25.38,2024-01-03,132,27.64
07 AAA 050,Volkswagen,Boxer,3,25.38,2024-01-04,135,27.88
07 AAA 050,Volkswagen,Boxer,3,25.38,2024-01-05,123,37.93
07 AAA 050,Volkswagen,Boxer,3,25.38,2024-01-06,52,19.76
07 AAA 050,Volkswagen,Boxer,3,25.38,2024-01-07,180,45.56
07 AAA 050,Volkswagen,Boxer,3,25.38,2024-01-08,251,75.09
07 AAA 050,Volkswagen,Boxer,3,25.38,2024-01-09,270,56.63
07 AAA 050,Volkswagen,Boxer,3,25.38,2024-01-10,254,83.77
07 AAA 050,Volkswagen,Boxer,3,25.38,2024-01-11,45,16.27
07 AAA 050,Volkswagen,Boxer,3,25.38,2024-01-12,163,61.12
07 AAA 050,Volkswagen,Boxer,3,25.38,2024-01-13,136,36.49
07 AAA 050,Volkswagen,Boxer,3,25.38,2024-01-14,94,27.94
07 AAA 050,Volkswagen,Boxer,3,25.38,2024-01-15,96,34.36
07 AAA 050,Volkswagen,Boxer,3,25.38,2024-01-16,136,35.48
07 AAA 050,Volkswagen,Boxer,3,25.38,2024-01-17,133,38.93
07 AAA 050,Volkswagen,Boxer,3,25.38,2024-01-18,180,50.88
07 AAA 050,Volkswagen,Boxer,3,25.38,2024-01-19,263,60.48
07 AAA 050,Volkswagen,Boxer,3,25.38,2024-01-20,75,27.29
07 AAA 050,Volkswagen,Boxer,3,25.38,2024-01-21,95,35.65
07 AAA 050,Volkswagen,Boxer,3,25.38,2024-01-22,80,19.17
07 AAA 050,Volkswagen,Boxer,3,25.38,2024-01-23,155,45.56
07 AAA 050,Volkswagen,Boxer,3,25.38,2024-01-24,145,55.08
07 AAA 050,Volkswagen,Boxer,3,25.38,2024-01-25,180,44.31
07 AAA 050,Volkswagen,Boxer,3,25.38,2024-01-26,51,18.27
07 AAA 050,Volkswagen,Boxer,3,25.38,2024-01-27,127,27.89
07 AAA 050,Volkswagen,Boxer,3,25.38,2024-01-28,50,13.5
07 AAA 050,Volkswagen,Boxer,3,25.38,2024-01-29,205,47.46
07 AAA 050,Volkswagen,Boxer,3,25.38,2024-01-30,151,44.38
07 AAA 050,Volkswagen,Boxer,3,25.38,2024-01-31,49,11.34
07 AAA 050,Volkswagen,Boxer,3,25.38,2024-02-01,219,47.68
07 AAA 050,Volkswagen,Boxer,3,25.38,2024-02-02,230,71.81
07 AAA 050,Volkswagen,Boxer,3,25.38,2024-02-03,148,42.92
07 AAA 050,Volkswagen,Boxer,3,25.38,2024-02-04,293,87.69
07 AAA 050,Volkswagen,Boxer,3,25.38,2024-02-05,266,64.99
07 AAA 050,Volkswagen,Boxer,3,25.38,2024-02-06,281,89.11
07 AAA 050,Volkswagen,Boxer,3,25.38,2024-02-07,177,46.97
07 AAA 050,Volkswagen,Boxer,3,25.38,2024-02-08,114,39.73
07 AAA 050,Volkswagen,Boxer,3,25.38,2024-02-09,266,65.53
07 AAA 050,Volkswagen,Boxer,3,25.38,2024-02-10,135,47.97
07 AAA 050,Volkswagen,Boxer,3,25.38,2024-02-11,252,64.01
07 AAA 050,Volkswagen,Boxer,3,25.38,2024-02-12,109,37.99
07 AAA 050,Volkswagen,Boxer,3,25.38,2024-02-13,273,85.39
07 AAA 050,Volkswagen,Boxer,3,25.38,2024-02-14,243,63.87
07 AAA 050,Volkswagen,Boxer,3,25.38,2024-02-15,173,41.85
07 AAA 050,Volkswagen,Boxer,3,25.38,2024-02-16,144,46.56
07 AAA 050,Volkswagen,Boxer,3,25.38,2024-02-17,212,73.25
07 AAA 050,Volkswagen,Boxer,3,25.38,2024-02-18,68,15.22
07 AAA 050,Volkswagen,Boxer,3,25.38,2024-02-19,49,14.64
07 AAA 050,Volkswagen,Boxer,3,25.38,2024-02-20,250,54.13
07 AAA 050,Volkswagen,Boxer,3,25.38,2024-02-21,266,58.5
07 AAA 050,Volkswagen,Boxer,3,25.38,2024-02-22,42,14.35
07 AAA 050,Volkswagen,Boxer,3,25.38,2024-02-23,185,47.66
07 AAA 050,Volkswagen,Boxer,3,25.38,2024-02-24,236,56.09
07 AAA 050,Volkswagen,Boxer,3,25.38,2024-02-25,103,34.9
07 AAA 050,Volkswagen,Boxer,3,25.38,2024-02-26,264,98.25
07 AAA 050,Volkswagen,Boxer,3,25.38,2024-02-27,278,76.89
07 AAA 050,Volkswagen,Boxer,3,25.38,2024-02-28,41,9.9
07 AAA 050,Volkswagen,Boxer,3,25.38,2024-02-29,265,62.4
07 AAA 050,Volkswagen,Boxer,3,25.38,2024-03-01,44,12.71
07 AAA 050,Volkswagen,Boxer,3,25.38,2024-03-02,98,26.95
07 AAA 050,Volkswagen,Boxer,3,25.38,2024-03-03,241,49.93
07 AAA 050,Volkswagen,Boxer,3,25.38,2024-03-04,245,75.18
07 AAA 050,Volkswagen,Boxer,3,25.38,2024-03-05,247,59.05
07 AAA 050,Volkswagen,Boxer,3,25.38,2024-03-06,60,20.99
07 AAA 050,Volkswagen,Boxer,3,25.38,2024-03-07,91,31.15
07 AAA 050,Volkswagen,Boxer,3,25.38,2024-03-08,76,15.79
07 AAA 050,Volkswagen,Boxer,3,25.38,2024-03-09,103,21.41
07 AAA 050,Volkswagen,Boxer,3,25.38,2024-03-10,112,41.6
07 AAA 050,Volkswagen,Boxer,3,25.38,2024-03-11,187,67.48
07 AAA 050,Volkswagen,Boxer,3,25.38,2024-03-12,154,57.57
07 AAA 050,Volkswagen,Boxer,3,25.38,2024-03-13,138,41.72
07 AAA 050,Volkswagen,Boxer,3,25.38,2024-03-14,124,29.64
07 AAA 050,Volkswagen,Boxer,3,25.38,2024-03-15,112,25.55
07 AAA 050,Volkswagen,Boxer,3,25.38,2024-03-16,262,73.01
07 AAA 050,Volkswagen,Boxer,3,25.38,2024-03-17,66,15.08
07 AAA 050,Volkswagen,Boxer,3,25.38,2024-03-18,44,10.45
07 AAA 050,Volkswagen,Boxer,3,25.38,2024-03-19,157,54.81
07 AAA 050,Volkswagen,Boxer,3,25.38,2024-03-20,42,11.27
07 AAA 050,Volkswagen,Boxer,3,25.38,2024-03-21,126,43.49
07 AAA 050,Volkswagen,Boxer,3,25.38,2024-03-22,49,10.98
07 AAA 050,Volkswagen,Boxer,3,25.38,2024-03-23,247,78.61
07 AAA 050,Volkswagen,Boxer,3,25.38,2024-03-24,79,17.71
07 AAA 050,Volkswagen,Boxer,3,25.38,2024-03-25,196,50.13
07 AAA 050,Volkswagen,Boxer,3,25.38,2024-03-26,271,58.2
07 AAA 050,Volkswagen,Boxer,3,25.38,2024-03-27,282,59.0
07 AAA 050,Volkswagen,Boxer,3,25.38,2024-03-28,250,76.18
07 AAA 050,Volkswagen,Boxer,3,25.38,2024-03-29,234,71.47
07 AAA 050,Volkswagen,Boxer,3,25.38,2024-03-30,242,59.33
07 AAA 050,Volkswagen,Boxer,3,25.38,2024-03-31,232,68.79
07 AAA 050,Volkswagen,Boxer,3,25.38,2024-04-01,118,27.92
07 AAA 050,Volkswagen,Boxer,3,25.38,2024-04-02,136,51.26
07 AAA 050,Volkswagen,Boxer,3,25.38,2024-04-03,249,79.79
07 AAA 050,Volkswagen,Boxer,3,25.38,2024-04-04,276,74.76
07 AAA 050,Volkswagen,Boxer,3,25.38,2024-04-05,252,66.36
07 AAA 050,Volkswagen,Boxer,3,25.38,2024-04-06,79,18.52
07 AAA 050,Volkswagen,Boxer,3,25.38,2024-04-07,182,49.53
07 AAA 050,Volkswagen,Boxer,3,25.38,2024-04-08,131,33.58
07 AAA 050,Volkswagen,Boxer,3,25.38,2024-04-09,101,38.26
07 AAA 050,Volkswagen,Boxer,3,25.38,2024-04-10,185,54.21
07 AAA 050,Volkswagen,Boxer,3,25.38,2024-04-11,249,60.36
07 AAA 050,Volkswagen,Boxer,3,25.38,2024-04-12,184,46.04
07 AAA 050,Volkswagen,Boxer,3,25.38,2024-04-13,200,59.32
07 AAA 050,Volkswagen,Boxer,3,25.38,2024-04-14,65,19.48
07 AAA 050,Volkswagen,Boxer,3,25.38,2024-04-15,147,55.92
07 AAA 050,Volkswagen,Boxer,3,25.38,2024-04-16,159,58.48
07 AAA 050,Volkswagen,Boxer,3,25.38,2024-04-17,189,59.36
07 AAA 050,Volkswagen,Boxer,3,25.38,2024-04-18,285,106.64
07 AAA 050,Volkswagen,Boxer,3,25.38,2024-04-19,136,30.79
07 AAA 050,Volkswagen,Boxer,3,25.38,2024-04-20,95,22.06
07 AAA 050,Volkswagen,Boxer,3,25.38,2024-04-21,112,23.48
07 AAA 050,Volkswagen,Boxer,3,25.38,2024-04-22,112,27.85
07 AAA 050,Volkswagen,Boxer,3,25.38,2024-04-23,163,47.79
07 AAA 050,Volkswagen,Boxer,3,25.38,2024-04-24,283,99.13
07 AAA 050,Volkswagen,Boxer,3,25.38,2024-04-25,198,73.98
07 AAA 050,Volkswagen,Boxer,3,25.38,2024-04-26,210,69.15
07 AAA 050,Volkswagen,Boxer,3,25.38,2024-04-27,216,60.87
07 AAA 050,Volkswagen,Boxer,3,25.38,2024-04-28,207,70.85
07 AAA 050,Volkswagen,Boxer,3,25.38,2024-04-29,247,72.98
07 AAA 051,Fiat,Caddy,3,24.26,2024-01-01,218,47.04
07 AAA 051,Fiat,Caddy,3,24.26,2024-01-02,134,46.17
07 AAA 051,Fiat,Caddy,3,24.26,2024-01-03,294,100.19
07 AAA 051,Fiat,Caddy,3,24.26,2024-01-04,158,42.91
07 AAA 051,Fiat,Caddy,3,24.26,2024-01-05,224,55.54
07 AAA 051,Fiat,Caddy,3,24.26,2024-01-06,234,78.25
07 AAA 051,Fiat,Caddy,3,24.26,2024-01-07,65,15.73
07 AAA 051,Fiat,Caddy,3,24.26,2024-01-08,259,52.49
07 AAA 051,Fiat,Caddy,3,24.26,2024-01-09,116,29.82
07 AAA 051,Fiat,Caddy,3,24.26,2024-01-10,139,50.02
07 AAA 051,Fiat,Caddy,3,24.26,2024-01-11,229,55.4
07 AAA 051,Fiat,Caddy,3,24.26,2024-01-12,58,20.41
07 AAA 051,Fiat,Caddy,3,24.26,2024-01-13,285,67.96
07 AAA 051,Fiat,Caddy,3,24.26,2024-01-14,225,70.17
07 AAA 051,Fiat,Caddy,3,24.26,2024-01-15,169,59.5
07 AAA 051,Fiat,Caddy,3,24.26,2024-01-16,135,40.84
07 AAA 051,Fiat,Caddy,3,24.26,2024-01-17,63,21.34
07 AAA 051,Fiat,Caddy,3,24.26,2024-01-18,92,24.14
07 AAA 051,Fiat,Caddy,3,24.26,2024-01-19,229,69.47
07 AAA 051,Fiat,Caddy,3,24.26,2024-01-20,170,42.5
07 AAA 051,Fiat,Caddy,3,24.26,2024-01-21,129,43.28
07 AAA 051,Fiat,Caddy,3,24.26,2024-01-22,243,83.64
07 AAA 051,Fiat,Caddy,3,24.26,2024-01-23,143,34.02
07 AAA 051,Fiat,Caddy,3,24.26,2024-01-24,69,18.62
07 AAA 051,Fiat,Caddy,3,24.26,2024-01-25,286,90.5
07 AAA 051,Fiat,Caddy,3,24.26,2024-01-26,74,24.66
07 AAA 051,Fiat,Caddy,3,24.26,2024-01-27,93,22.5
07 AAA 051,Fiat,Caddy,3,24.26,2024-01-28,210,71.88
07 AAA 051,Fiat,Caddy,3,24.26,2024-01-29,287,86.77
07 AAA 051,Fiat,Caddy,3,24.26,2024-01-30,260,77.28
07 AAA 051,Fiat,Caddy,3,24.26,2024-01-31,43,11.2
07 AAA 051,Fiat,Caddy,3,24.26,2024-02-01,54,11.17
07 AAA 051,Fiat,Caddy,3,24.26,2024-02-02,296,62.94
07 AAA 051,Fiat,Caddy,3,24.26,2024-02-03,298,88.52
07 AAA 051,Fiat,Caddy,3,24.26,2024-02-04,220,56.27
07 AAA 051,Fiat,Caddy,3,24.26,2024-02-05,230,82.81
07 AAA 051,Fiat,Caddy,3,24.26,2024-02-06,80,18.75
07 AAA 051,Fiat,Caddy,3,24.26,2024-02-07,96,34.08
07 AAA 051,Fiat,Caddy,3,24.26,2024-02-08,59,14.76
07 AAA 051,Fiat,Caddy,3,24.26,2024-02-09,297,80.43
07 AAA 051,Fiat,Caddy,3,24.26,2024-02-10,79,21.59
07 AAA 051,Fiat,Caddy,3,24.26,2024-02-11,253,89.88
07 AAA 051,Fiat,Caddy,3,24.26,2024-02-12,203,47.05
07 AAA 051,Fiat,Caddy,3,24.26,2024-02-13,170,53.81
07 AAA 051,Fiat,Caddy,3,24.26,2024-02-14,275,93.11
07 AAA 051,Fiat,Caddy,3,24.26,2024-02-15,168,39.54
07 AAA 051,Fiat,Caddy,3,24.26,2024-02-16,299,108.58
07 AAA 051,Fiat,Caddy,3,24.26,2024-02-17,255,74.56
07 AAA 051,Fiat,Caddy,3,24.26,2024-02-18,87,23.9
07 AAA 051,Fiat,Caddy,3,24.26,2024-02-19,139,37.52
07 AAA 051,Fiat,Caddy,3,24.26,2024-02-20,273,56.7
07 AAA 051,Fiat,Caddy,3,24.26,2024-02-21,283,61.29
07 AAA 051,Fiat,Caddy,3,24.26,2024-02-22,96,27.48
07 AAA 051,Fiat,Caddy,3,24.26,2024-02-23,80,17.5
07 AAA 051,Fiat,Caddy,3,24.26,2024-02-24,256,71.13
07 AAA 051,Fiat,Caddy,3,24.26,2024-02-25,276,56.96
07 AAA 051,Fiat,Caddy,3,24.26,2024-02-26,136,32.78
07 AAA 051,Fiat,Caddy,3,24.26,2024-02-27,186,51.99
07 AAA 051,Fiat,Caddy,3,24.26,2024-02-28,42,13.54
07 AAA 051,Fiat,Caddy,3,24.26,2024-02-29,121,24.58
07 AAA 051,Fiat,Caddy,3,24.26,2024-03-01,148,41.61
07 AAA 051,Fiat,Caddy,3,24.26,2024-03-02,240,54.49
07 AAA 051,Fiat,Caddy,3,24.26,2024-03-03,220,52.97
07 AAA 051,Fiat,Caddy,3,24.26,2024-03-04,84,18.35
07 AAA 051,Fiat,Caddy,3,24.26,2024-03-05,228,65.36
07 AAA 051,Fiat,Caddy,3,24.26,2024-03-06,198,55.27
07 AAA 051,Fiat,Caddy,3,24.26,2024-03-07,73,22.51
07 AAA 051,Fiat,Caddy,3,24.26,2024-03-08,157,50.25
07 AAA 051,Fiat,Caddy,3,24.26,2024-03-09,186,58.13
07 AAA 051,Fiat,Caddy,3,24.26,2024-03-10,192,50.13
07 AAA 051,Fiat,Caddy,3,24.26,2024-03-11,198,39.06
07 AAA 051,Fiat,Caddy,3,24.26,2024-03-12,78,25.31
07 AAA 051,Fiat,Caddy,3,24.26,2024-03-13,58,12.37
07 AAA 051,Fiat,Caddy,3,24.26,2024-03-14,300,62.03
07 AAA 051,Fiat,Caddy,3,24.26,2024-03-15,208,44.97
07 AAA 051,Fiat,Caddy,3,24.26,2024-03-16,53,11.83
07 AAA 051,Fiat,Caddy,3,24.26,2024-03-17,174,56.26
07 AAA 051,Fiat,Caddy,3,24.26,2024-03-18,156,56.21
07 AAA 051,Fiat,Caddy,3,24.26,2024-03-19,56,12.06
07 AAA 051,Fiat,Caddy,3,24.26,2024-03-20,151,52.06
07 AAA 051,Fiat,Caddy,3,24.26,2024-03-21,115,26.04
07 AAA 051,Fiat,Caddy,3,24.26,2024-03-22,122,36.77
07 AAA 051,Fiat,Caddy,3,24.26,2024-03-23,174,52.58
07 AAA 051,Fiat,Caddy,3,24.26,2024-03-24,135,32.33
07 AAA 051,Fiat,Caddy,3,24.26,2024-03-25,52,18.39
07 AAA 051,Fiat,Caddy,3,24.26,2024-03-26,260,89.22
07 AAA 051,Fiat,Caddy,3,24.26,2024-03-27,160,48.02
07 AAA 051,Fiat,Caddy,3,24.26,2024-03-28,147,32.15
07 AAA 051,Fiat,Caddy,3,24.26,2024-03-29,136,32.75
07 AAA 051,Fiat,Caddy,3,24.26,2024-03-30,195,44.6
07 AAA 051,Fiat,Caddy,3,24.26,2024-03-31,219,72.89
07 AAA 051,Fiat,Caddy,3,24.26,2024-04-01,77,24.34
07 AAA 051,Fiat,Caddy,3,24.26,2024-04-02,200,39.48
07 AAA 051,Fiat,Caddy,3,24.26,2024-04-03,122,33.52
07 AAA 051,Fiat,Caddy,3,24.26,2024-04-04,185,52.61
07 AAA 051,Fiat,Caddy,3,24.26,2024-04-05,189,57.63
07 AAA 051,Fiat,Caddy,3,24.26,2024-04-06,161,45.45
07 AAA 051,Fiat,Caddy,3,24.26,2024-04-07,64,16.48
07 AAA 051,Fiat,Caddy,3,24.26,2024-04-08,132,27.39
07 AAA 051,Fiat,Caddy,3,24.26,2024-04-09,172,45.92
07 AAA 051,Fiat,Caddy,3,24.26,2024-04-10,80,17.69
07 AAA 051,Fiat,Caddy,3,24.26,2024-04-11,276,77.43
07 AAA 051,Fiat,Caddy,3,24.26,2024-04-12,144,46.07
07 AAA 051,Fiat,Caddy,3,24.26,2024-04-13,102,32.81
07 AAA 051,Fiat,Caddy,3,24.26,2024-04-14,213,49.64
07 AAA 051,Fiat,Caddy,3,24.26,2024-04-15,162,50.24
07 AAA 051,Fiat,Caddy,3,24.26,2024-04-16,232,67.78
07 AAA 051,Fiat,Caddy,3,24.26,2024-04-17,298,91.16
07 AAA 051,Fiat,Caddy,3,24.26,2024-04-18,154,51.02
07 AAA 051,Fiat,Caddy,3,24.26,2024-04-19,74,17.66
07 AAA 051,Fiat,Caddy,3,24.26,2024-04-20,160,36.17
07 AAA 051,Fiat,Caddy,3,24.26,2024-04-21,105,29.41
07 AAA 051,Fiat,Caddy,3,24.26,2024-04-22,300,75.9
07 AAA 051,Fiat,Caddy,3,24.26,2024-04-23,167,47.59
07 AAA 051,Fiat,Caddy,3,24.26,2024-04-24,142,43.5
07 AAA 051,Fiat,Caddy,3,24.26,2024-04-25,140,39.66
07 AAA 051,Fiat,Caddy,3,24.26,2024-04-26,199,40.77
07 AAA 051,Fiat,Caddy,3,24.26,2024-04-27,57,20.43
07 AAA 051,Fiat,Caddy,3,24.26,2024-04-28,273,56.44
07 AAA 051,Fiat,Caddy,3,24.26,2024-04-29,265,71.96
07 AAA 052,Mercedes,Caddy,2,9.1,2024-01-01,59,7.8
07 AAA 052,Mercedes,Caddy,2,9.1,2024-01-02,243,22.36
07 AAA 052,Mercedes,Caddy,2,9.1,2024-01-03,114,13.93
07 AAA 052,Mercedes,Caddy,2,9.1,2024-01-04,126,9.84
07 AAA 052,Mercedes,Caddy,2,9.1,2024-01-05,154,18.96
07 AAA 052,Mercedes,Caddy,2,9.1,2024-01-06,56,4.15
07 AAA 052,Mercedes,Caddy,2,9.1,2024-01-07,47,3.87
07 AAA 052,Mercedes,Caddy,2,9.1,2024-01-08,123,15.17
07 AAA 052,Mercedes,Caddy,2,9.1,2024-01-09,145,16.76
07 AAA 052,Mercedes,Caddy,2,9.1,2024-01-10,193,24.16
07 AAA 052,Mercedes,Caddy,2,9.1,2024-01-11,70,7.62
07 AAA 052,Mercedes,Caddy,2,9.1,2024-01-12,141,10.26
07 AAA 052,Mercedes,Caddy,2,9.1,2024-01-13,243,19.36
07 AAA 052,Mercedes,Caddy,2,9.1,2024-01-14,286,26.23
07 AAA 052,Mercedes,Caddy,2,9.1,2024-01-15,69,8.43
07 AAA 052,Mercedes,Caddy,2,9.1,2024-01-16,48,3.89
07 AAA 052,Mercedes,Caddy,2,9.1,2024-01-17,52,4.34
07 AAA 052,Mercedes,Caddy,2,9.1,2024-01-18,216,28.32
07 AAA 052,Mercedes,Caddy,2,9.1,2024-01-19,150,14.05
07 AAA 052,Mercedes,Caddy,2,9.1,2024-01-20,142,18.08
07 AAA 052,Mercedes,Caddy,2,9.1,2024-01-21,225,28.59
07 AAA 052,Mercedes,Caddy,2,9.1,2024-01-22,259,32.12
07 AAA 052,Mercedes,Caddy,2,9.1,2024-01-23,244,29.4
07 AAA 052,Mercedes,Caddy,2,9.1,2024-01-24,134,14.08
07 AAA 052,Mercedes,Caddy,2,9.1,2024-01-25,280,25.39
07 AAA 052,Mercedes,Caddy,2,9.1,2024-01-26,218,16.91
07 AAA 052,Mercedes,Caddy,2,9.1,2024-01-27,166,20.3
07 AAA 052,Mercedes,Caddy,2,9.1,2024-01-28,203,16.94
07 AAA 052,Mercedes,Caddy,2,9.1,2024-01-29,148,11.15
07 AAA 052,Mercedes,Caddy,2,9.1,2024-01-30,52,6.27
07 AAA 052,Mercedes,Caddy,2,9.1,2024-01-31,222,27.82
07 AAA 052,Mercedes,Caddy,2,9.1,2024-02-01,75,9.35
07 AAA 052,Mercedes,Caddy,2,9.1,2024-02-02,152,15.21
07 AAA 052,Mercedes,Caddy,2,9.1,2024-02-03,115,9.39
07 AAA 052,Mercedes,Caddy,2,9.1,2024-02-04,104,12.36
07 AAA 052,Mercedes,Caddy,2,9.1,2024-02-05,279,31.24
07 AAA 052,Mercedes,Caddy,2,9.1,2024-02-06,65,5.46
07 AAA 052,Mercedes,Caddy,2,9.1,2024-02-07,135,17.47
07 AAA 052,Mercedes,Caddy,2,9.1,2024-02-08,148,16.28
07 AAA 052,Mercedes,Caddy,2,9.1,2024-02-09,133,12.96
07 AAA 052,Mercedes,Caddy,2,9.1,2024-02-10,212,27.68
07 AAA 052,Mercedes,Caddy,2,9.1,2024-02-11,220,25.62
07 AAA 052,Mercedes,Caddy,2,9.1,2024-02-12,264,31.87
07 AAA 052,Mercedes,Caddy,2,9.1,2024-02-13,210,27.1
07 AAA 052,Mercedes,Caddy,2,9.1,2024-02-14,295,31.03
07 AAA 052,Mercedes,Caddy,2,9.1,2024-02-15,57,6.99
07 AAA 052,Mercedes,Caddy,2,9.1,2024-02-16,140,16.02
07 AAA 052,Mercedes,Caddy,2,9.1,2024-02-17,220,25.27
07 AAA 052,Mercedes,Caddy,2,9.1,2024-02-18,69,8.45
07 AAA 052,Mercedes,Caddy,2,9.1,2024-02-19,79,10.26
07 AAA 052,Mercedes,Caddy,2,9.1,2024-02-20,95,12.57
07 AAA 052,Mercedes,Caddy,2,9.1,2024-02-21,289,26.87
07 AAA 052,Mercedes,Caddy,2,9.1,2024-02-22,61,6.65
07 AAA 052,Mercedes,Caddy,2,9.1,2024-02-23,92,9.44
07 AAA 052,Mercedes,Caddy,2,9.1,2024-02-24,103,12.38
07 AAA 052,Mercedes,Caddy,2,9.1,2024-02-25,169,22.57
07 AAA 052,Mercedes,Caddy,2,9.1,2024-02-26,262,27.86
07 AAA 052,Mercedes,Caddy,2,9.1,2024-02-27,262,23.97
07 AAA 052,Mercedes,Caddy,2,9.1,2024-02-28,134,17.1
07 AAA 052,Mercedes,Caddy,2,9.1,2024-02-29,69,5.24
07 AAA 052,Mercedes,Caddy,2,9.1,2024-03-01,101,11.45
07 AAA 052,Mercedes,Caddy,2,9.1,2024-03-02,262,19.72
07 AAA 052,Mercedes,Caddy,2,9.1,2024-03-03,40,3.01
07 AAA 052,Mercedes,Caddy,2,9.1,2024-03-04,173,23.15
07 AAA 052,Mercedes,Caddy,2,9.1,2024-03-05,228,19.41
07 AAA 052,Mercedes,Caddy,2,9.1,2024-03-06,87,9.62
07 AAA 052,Mercedes,Caddy,2,9.1,2024-03-07,201,14.66
07 AAA 052,Mercedes,Caddy,2,9.1,2024-03-08,252,23.16
07 AAA 052,Mercedes,Caddy,2,9.1,2024-03-09,104,14.04
07 AAA 052,Mercedes,Caddy,2,9.1,2024-03-10,63,8.5
07 AAA 052,Mercedes,Caddy,2,9.1,2024-03-11,122,15.66
07 AAA 052,Mercedes,Caddy,2,9.1,2024-03-12,60,5.92
07 AAA 052,Mercedes,Caddy,2,9.1,2024-03-13,282,38.41
07 AAA 052,Mercedes,Caddy,2,9.1,2024-03-14,87,11.38
07 AAA 052,Mercedes,Caddy,2,9.1,2024-03-15,246,22.13
07 AAA 052,Mercedes,Caddy,2,9.1,2024-03-16,76,8.08
07 AAA 052,Mercedes,Caddy,2,9.1,2024-03-17,245,30.09
07 AAA 052,Mercedes,Caddy,2,9.1,2024-03-18,298,35.59
07 AAA 052,Mercedes,Caddy,2,9.1,2024-03-19,43,5.25
07 AAA 052,Mercedes,Caddy,2,9.1,2024-03-20,90,7.83
07 AAA 052,Mercedes,Caddy,2,9.1,2024-03-21,167,15.98
07 AAA 052,Mercedes,Caddy,2,9.1,2024-03-22,241,24.0
07 AAA 052,Mercedes,Caddy,2,9.1,2024-03-23,217,23.04
07 AAA 052,Mercedes,Caddy,2,9.1,2024-03-24,195,26.27
07 AAA 052,Mercedes,Caddy,2,9.1,2024-03-25,52,5.25
07 AAA 052,Mercedes,Caddy,2,9.1,2024-03-26,52,4.2
07 AAA 052,Mercedes,Caddy,2,9.1,2024-03-27,267,30.57
07 AAA 052,Mercedes,Caddy,2,9.1,2024-03-28,54,6.33
07 AAA 052,Mercedes,Caddy,2,9.1,2024-03-29,44,5.73
07 AAA 052,Mercedes,Caddy,2,9.1,2024-03-30,154,20.11
07 AAA 052,Mercedes,Caddy,2,9.1,2024-03-31,207,24.81
07 AAA 052,Mercedes,Caddy,2,9.1,2024-04-01,275,35.29
07 AAA 052,Mercedes,Caddy,2,9.1,2024-04-02,46,5.48
07 AAA 052,Mercedes,Caddy,2,9.1,2024-04-03,164,17.6
07 AAA 052,Mercedes,Caddy,2,9.1,2024-04-04,118,14.87
07 AAA 052,Mercedes,Caddy,2,9.1,2024-04-05,69,9.28
07 AAA 052,Mercedes,Caddy,2,9.1,2024-04-06,256,19.59
07 AAA 052,Mercedes,Caddy,2,9.1,2024-04-07,148,15.07
07 AAA 052,Mercedes,Caddy,2,9.1,2024-04-08,279,24.43
07 AAA 052,Mercedes,Caddy,2,9.1,2024-04-09,262,23.77
07 AAA 052,Mercedes,Caddy,2,9.1,2024-04-10,218,23.89
07 AAA 052,Mercedes,Caddy,2,9.1,2024-04-11,284,35.77
07 AAA 052,Mercedes,Caddy,2,9.1,2024-04-12,73,6.0
07 AAA 052,Mercedes,Caddy,2,9.1,2024-04-13,207,26.4
07 AAA 052,Mercedes,Caddy,2,9.1,2024-04-14,190,24.61
07 AAA 052,Mercedes,Caddy,2,9.1,2024-04-15,202,17.81
07 AAA 052,Mercedes,Caddy,2,9.1,2024-04-16,163,21.96
07 AAA 052,Mercedes,Caddy,2,9.1,2024-04-17,219,18.96
07 AAA 052,Mercedes,Caddy,2,9.1,2024-04-18,159,18.07
07 AAA 052,Mercedes,Caddy,2,9.1,2024-04-19,155,20.28
07 AAA 052,Mercedes,Caddy,2,9.1,2024-04-20,109,12.05
07 AAA 052,Mercedes,Caddy,2,9.1,2024-04-21,154,13.45
07 AAA 052,Mercedes,Caddy,2,9.1,2024-04-22,83,6.81
07 AAA 052,Mercedes,Caddy,2,9.1,2024-04-23,45,3.44
07 AAA 052,Mercedes,Caddy,2,9.1,2024-04-24,202,22.42
07 AAA 052,Mercedes,Caddy,2,9.1,2024-04-25,237,27.06
07 AAA 052,Mercedes,Caddy,2,9.1,2024-04-26,274,23.55
07 AAA 052,Mercedes,Caddy,2,9.1,2024-04-27,188,20.08
07 AAA 052,Mercedes,Caddy,2,9.1,2024-04-28,134,14.34
07 AAA 052,Mercedes,Caddy,2,9.1,2024-04-29,89,11.09
07 AAA 053,Volkswagen,Fluence,3,25.95,2024-01-01,130,30.85
07 AAA 053,Volkswagen,Fluence,3,25.95,2024-01-02,110,25.4
07 AAA 053,Volkswagen,Fluence,3,25.95,2024-01-03,223,79.19
07 AAA 053,Volkswagen,Fluence,3,25.95,2024-01-04,272,101.97
07 AAA 053,Volkswagen,Fluence,3,25.95,2024-01-05,207,76.82
07 AAA 053,Volkswagen,Fluence,3,25.95,2024-01-06,233,81.69
07 AAA 053,Volkswagen,Fluence,3,25.95,2024-01-07,255,81.59
07 AAA 053,Volkswagen,Fluence,3,25.95,2024-01-08,157,47.97
07 AAA 053,Volkswagen,Fluence,3,25.95,2024-01-09,263,63.34
07 AAA 053,Volkswagen,Fluence,3,25.95,2024-01-10,201,73.76
07 AAA 053,Volkswagen,Fluence,3,25.95,2024-01-11,246,66.56
07 AAA 053,Volkswagen,Fluence,3,25.95,2024-01-12,215,77.12
07 AAA 053,Volkswagen,Fluence,3,25.95,2024-01-13,220,56.18
07 AAA 053,Volkswagen,Fluence,3,25.95,2024-01-14,292,106.09
07 AAA 053,Volkswagen,Fluence,3,25.95,2024-01-15,283,72.22
07 AAA 053,Volkswagen,Fluence,3,25.95,2024-01-16,127,39.26
07 AAA 053,Volkswagen,Fluence,3,25.95,2024-01-17,41,10.07
07 AAA 053,Volkswagen,Fluence,3,25.95,2024-01-18,81,19.48
07 AAA 053,Volkswagen,Fluence,3,25.95,2024-01-19,156,41.43
07 AAA 053,Volkswagen,Fluence,3,25.95,2024-01-20,131,28.96
07 AAA 053,Volkswagen,Fluence,3,25.95,2024-01-21,42,12.31
07 AAA 053,Volkswagen,Fluence,3,25.95,2024-01-22,83,18.42
07 AAA 053,Volkswagen,Fluence,3,25.95,2024-01-23,283,82.0
07 AAA 053,Volkswagen,Fluence,3,25.95,2024-01-24,116,39.11
07 AAA 053,Volkswagen,Fluence,3,25.95,2024-01-25,224,51.77
07 AAA 053,Volkswagen,Fluence,3,25.95,2024-01-26,213,52.13
07 AAA 053,Volkswagen,Fluence,3,25.95,2024-01-27,220,74.3
07 AAA 053,Volkswagen,Fluence,3,25.95,2024-01-28,80,26.58
07 AAA 053,Volkswagen,Fluence,3,25.95,2024-01-29,181,55.62
07 AAA 053,Volkswagen,Fluence,3,25.95,2024-01-30,128,45.68
07 AAA 053,Volkswagen,Fluence,3,25.95,2024-01-31,130,47.94
07 AAA 053,Volkswagen,Fluence,3,25.95,2024-02-01,248,65.86
07 AAA 053,Volkswagen,Fluence,3,25.95,2024-02-02,48,17.46
07 AAA 053,Volkswagen,Fluence,3,25.95,2024-02-03,192,69.69
07 AAA 053,Volkswagen,Fluence,3,25.95,2024-02-04,158,55.06
07 AAA 053,Volkswagen,Fluence,3,25.95,2024-02-05,60,14.25
07 AAA 053,Volkswagen,Fluence,3,25.95,2024-02-06,225,62.29
07 AAA 053,Volkswagen,Fluence,3,25.95,2024-02-07,150,41.0
07 AAA 053,Volkswagen,Fluence,3,25.95,2024-02-08,108,34.95
07 AAA 053,Volkswagen,Fluence,3,25.95,2024-02-09,49,10.89
07 AAA 053,Volkswagen,Fluence,3,25.95,2024-02-10,182,40.59
07 AAA 053,Volkswagen,Fluence,3,25.95,2024-02-11,297,114.91
07 AAA 053,Volkswagen,Fluence,3,25.95,2024-02-12,95,33.55
07 AAA 053,Volkswagen,Fluence,3,25.95,2024-02-13,106,26.68
07 AAA 053,Volkswagen,Fluence,3,25.95,2024-02-14,134,37.05
07 AAA 053,Volkswagen,Fluence,3,25.95,2024-02-15,193,61.83
07 AAA 053,Volkswagen,Fluence,3,25.95,2024-02-16,250,57.84
07 AAA 053,Volkswagen,Fluence,3,25.95,2024-02-17,187,42.53
07 AAA 053,Volkswagen,Fluence,3,25.95,2024-02-18,49,16.83
07 AAA 053,Volkswagen,Fluence,3,25.95,2024-02-19,287,71.17
07 AAA 053,Volkswagen,Fluence,3,25.95,2024-02-20,284,94.62
07 AAA 053,Volkswagen,Fluence,3,25.95,2024-02-21,54,17.15
07 AAA 053,Volkswagen,Fluence,3,25.95,2024-02-22,295,73.69
07 AAA 053,Volkswagen,Fluence,3,25.95,2024-02-23,246,70.54
07 AAA 053,Volkswagen,Fluence,3,25.95,2024-02-24,188,69.23
07 AAA 053,Volkswagen,Fluence,3,25.95,2024-02-25,227,74.47
07 AAA 053,Volkswagen,Fluence,3,25.95,2024-02-26,254,92.07
07 AAA 053,Volkswagen,Fluence,3,25.95,2024-02-27,141,38.58
07 AAA 053,Volkswagen,Fluence,3,25.95,2024-02-28,129,39.92
07 AAA 053,Volkswagen,Fluence,3,25.95,2024-02-29,271,100.39
07 AAA 053,Volkswagen,Fluence,3,25.95,2024-03-01,269,103.21
07 AAA 053,Volkswagen,Fluence,3,25.95,2024-03-02,219,84.61
07 AAA 053,Volkswagen,Fluence,3,25.95,2024-03-03,223,79.93
07 AAA 053,Volkswagen,Fluence,3,25.95,2024-03-04,77,21.08
07 AAA 053,Volkswagen,Fluence,3,25.95,2024-03-05,291,97.67
07 AAA 053,Volkswagen,Fluence,3,25.95,2024-03-06,269,90.19
07 AAA 053,Volkswagen,Fluence,3,25.95,2024-03-07,258,60.9
07 AAA 053,Volkswagen,Fluence,3,25.95,2024-03-08,232,86.77
07 AAA 053,Volkswagen,Fluence,3,25.95,2024-03-09,55,12.57
07 AAA 053,Volkswagen,Fluence,3,25.95,2024-03-10,126,31.51
07 AAA 053,Volkswagen,Fluence,3,25.95,2024-03-11,167,61.19
07 AAA 053,Volkswagen,Fluence,3,25.95,2024-03-12,294,81.09
07 AAA 053,Volkswagen,Fluence,3,25.95,2024-03-13,196,65.03
07 AAA 053,Volkswagen,Fluence,3,25.95,2024-03-14,291,65.3
07 AAA 053,Volkswagen,Fluence,3,25.95,2024-03-15,60,15.1
07 AAA 053,Volkswagen,Fluence,3,25.95,2024-03-16,43,15.79
07 AAA 053,Volkswagen,Fluence,3,25.95,2024-03-17,167,45.12
07 AAA 053,Volkswagen,Fluence,3,25.95,2024-03-18,161,61.22
07 AAA 053,Volkswagen,Fluence,3,25.95,2024-03-19,300,89.4
07 AAA 053,Volkswagen,Fluence,3,25.95,2024-03-20,94,28.68
07 AAA 053,Volkswagen,Fluence,3,25.95,2024-03-21,238,58.89
07 AAA 053,Volkswagen,Fluence,3,25.95,2024-03-22,120,34.53
07 AAA 053,Volkswagen,Fluence,3,25.95,2024-03-23,135,38.24
07 AAA 053,Volkswagen,Fluence,3,25.95,2024-03-24,185,49.96
07 AAA 053,Volkswagen,Fluence,3,25.95,2024-03-25,255,62.09
07 AAA 053,Volkswagen,Fluence,3,25.95,2024-03-26,234,51.47
07 AAA 053,Volkswagen,Fluence,3,25.95,2024-03-27,91,23.84
07 AAA 053,Volkswagen,Fluence,3,25.95,2024-03-28,113,27.52
07 AAA 053,Volkswagen,Fluence,3,25.95,2024-03-29,284,108.73
07 AAA 053,Volkswagen,Fluence,3,25.95,2024-03-30,88,24.31
07 AAA 053,Volkswagen,Fluence,3,25.95,2024-03-31,107,40.75
07 AAA 053,Volkswagen,Fluence,3,25.95,2024-04-01,225,63.41
07 AAA 053,Volkswagen,Fluence,3,25.95,2024-04-02,77,27.46
07 AAA 053,Volkswagen,Fluence,3,25.95,2024-04-03,106,28.42
07 AAA 053,Volkswagen,Fluence,3,25.95,2024-04-04,288,80.73
07 AAA 053,Volkswagen,Fluence,3,25.95,2024-04-05,278,58.83
07 AAA 053,Volkswagen,Fluence,3,25.95,2024-04-06,250,62.26
07 AAA 053,Volkswagen,Fluence,3,25.95,2024-04-07,275,57.75
07 AAA 053,Volkswagen,Fluence,3,25.95,2024-04-08,171,39.14
07 AAA 053,Volkswagen,Fluence,3,25.95,2024-04-09,71,26.92
07 AAA 053,Volkswagen,Fluence,3,25.95,2024-04-10,274,97.84
07 AAA 053,Volkswagen,Fluence,3,25.95,2024-04-11,229,62.32
07 AAA 053,Volkswagen,Fluence,3,25.95,2024-04-12,199,74.91
07 AAA 053,Volkswagen,Fluence,3,25.95,2024-04-13,180,44.67
07 AAA 053,Volkswagen,Fluence,3,25.95,2024-04-14,148,44.2
07 AAA 053,Volkswagen,Fluence,3,25.95,2024-04-15,246,89.18
07 AAA 053,Volkswagen,Fluence,3,25.95,2024-04-16,120,34.73
07 AAA 053,Volkswagen,Fluence,3,25.95,2024-04-17,93,25.0
07 AAA 053,Volkswagen,Fluence,3,25.95,2024-04-18,124,46.49
07 AAA 053,Volkswagen,Fluence,3,25.95,2024-04-19,89,23.77
07 AAA 053,Volkswagen,Fluence,3,25.95,2024-04-20,69,15.64
07 AAA 053,Volkswagen,Fluence,3,25.95,2024-04-21,182,61.84
07 AAA 053,Volkswagen,Fluence,3,25.95,2024-04-22,137,37.61
07 AAA 053,Volkswagen,Fluence,3,25.95,2024-04-23,147,38.05
07 AAA 053,Volkswagen,Fluence,3,25.95,2024-04-24,129,29.2
07 AAA 053,Volkswagen,Fluence,3,25.95,2024-04-25,111,23.38
07 AAA 053,Volkswagen,Fluence,3,25.95,2024-04-26,76,16.43
07 AAA 053,Volkswagen,Fluence,3,25.95,2024-04-27,217,61.61
07 AAA 053,Volkswagen,Fluence,3,25.95,2024-04-28,189,42.45
07 AAA 053,Volkswagen,Fluence,3,25.95,2024-04-29,140,32.09
07 AAA 054,Volkswagen,Boxer,3,24.46,2024-01-01,48,17.44
07 AAA 054,Volkswagen,Boxer,3,24.46,2024-01-02,82,17.89
07 AAA 054,Volkswagen,Boxer,3,24.46,2024-01-03,95,33.61
07 AAA 054,Volkswagen,Boxer,3,24.46,2024-01-04,91,25.03
07 AAA 054,Volkswagen,Boxer,3,24.46,2024-01-05,63,14.77
07 AAA 054,Volkswagen,Boxer,3,24.46,2024-01-06,125,28.28
07 AAA 054,Volkswagen,Boxer,3,24.46,2024-01-07,202,41.83
07 AAA 054,Volkswagen,Boxer,3,24.46,2024-01-08,114,34.52
07 AAA 054,Volkswagen,Boxer,3,24.46,2024-01-09,85,29.63
07 AAA 054,Volkswagen,Boxer,3,24.46,2024-01-10,68,17.69
07 AAA 054,Volkswagen,Boxer,3,24.46,2024-01-11,226,57.34
07 AAA 054,Volkswagen,Boxer,3,24.46,2024-01-12,281,98.39
07 AAA 054,Volkswagen,Boxer,3,24.46,2024-01-13,297,99.93
07 AAA 054,Volkswagen,Boxer,3,24.46,2024-01-14,129,26.06
07 AAA 054,Volkswagen,Boxer,3,24.46,2024-01-15,142,29.12
07 AAA 054,Volkswagen,Boxer,3,24.46,2024-01-16,235,84.4
07 AAA 054,Volkswagen,Boxer,3,24.46,2024-01-17,232,70.43
07 AAA 054,Volkswagen,Boxer,3,24.46,2024-01-18,111,30.07
07 AAA 054,Volkswagen,Boxer,3,24.46,2024-01-19,43,9.13
07 AAA 054,Volkswagen,Boxer,3,24.46,2024-01-20,116,41.77
07 AAA 054,Volkswagen,Boxer,3,24.46,2024-01-21,169,57.96
07 AAA 054,Volkswagen,Boxer,3,24.46,2024-01-22,108,39.09
07 AAA 054,Volkswagen,Boxer,3,24.46,2024-01-23,189,51.8
07 AAA 054,Volkswagen,Boxer,3,24.46,2024-01-24,46,12.76
07 AAA 054,Volkswagen,Boxer,3,24.46,2024-01-25,106,27.78
07 AAA 054,Volkswagen,Boxer,3,24.46,2024-01-26,288,57.43
07 AAA 054,Volkswagen,Boxer,3,24.46,2024-01-27,101,22.98
07 AAA 054,Volkswagen,Boxer,3,24.46,2024-01-28,193,44.9
07 AAA 054,Volkswagen,Boxer,3,24.46,2024-01-29,57,20.01
07 AAA 054,Volkswagen,Boxer,3,24.46,2024-01-30,111,33.59
07 AAA 054,Volkswagen,Boxer,3,24.46,2024-01-31,157,37.01
07 AAA 054,Volkswagen,Boxer,3,24.46,2024-02-01,64,12.88
07 AAA 054,Volkswagen,Boxer,3,24.46,2024-02-02,124,34.89
07 AAA 054,Volkswagen,Boxer,3,24.46,2024-02-03,164,39.24
07 AAA 054,Volkswagen,Boxer,3,24.46,2024-02-04,232,56.64
07 AAA 054,Volkswagen,Boxer,3,24.46,2024-02-05,184,66.84
07 AAA 054,Volkswagen,Boxer,3,24.46,2024-02-06,248,87.4
07 AAA 054,Volkswagen,Boxer,3,24.46,2024-02-07,288,103.27
07 AAA 054,Volkswagen,Boxer,3,24.46,2024-02-08,75,16.57
07 AAA 054,Volkswagen,Boxer,3,24.46,2024-02-09,280,85.52
07 AAA 054,Volkswagen,Boxer,3,24.46,2024-02-10,123,34.51
07 AAA 054,Volkswagen,Boxer,3,24.46,2024-02-11,195,68.36
07 AAA 054,Volkswagen,Boxer,3,24.46,2024-02-12,79,28.54
07 AAA 054,Volkswagen,Boxer,3,24.46,2024-02-13,204,50.22
07 AAA 054,Volkswagen,Boxer,3,24.46,2024-02-14,104,34.99
07 AAA 054,Volkswagen,Boxer,3,24.46,2024-02-15,191,55.57
07 AAA 054,Volkswagen,Boxer,3,24.46,2024-02-16,259,61.22
07 AAA 054,Volkswagen,Boxer,3,24.46,2024-02-17,216,76.42
07 AAA 054,Volkswagen,Boxer,3,24.46,2024-02-18,184,57.59
07 AAA 054,Volkswagen,Boxer,3,24.46,2024-02-19,90,26.81
07 AAA 054,Volkswagen,Boxer,3,24.46,2024-02-20,198,50.21
07 AAA 054,Volkswagen,Boxer,3,24.46,2024-02-21,84,30.79
07 AAA 054,Volkswagen,Boxer,3,24.46,2024-02-22,97,26.45
07 AAA 054,Volkswagen,Boxer,3,24.46,2024-02-23,91,30.43
07 AAA 054,Volkswagen,Boxer,3,24.46,2024-02-24,213,69.36
07 AAA 054,Volkswagen,Boxer,3,24.46,2024-02-25,183,45.75
07 AAA 054,Volkswagen,Boxer,3,24.46,2024-02-26,115,34.33
07 AAA 054,Volkswagen,Boxer,3,24.46,2024-02-27,156,47.58
07 AAA 054,Volkswagen,Boxer,3,24.46,2024-02-28,119,35.45
07 AAA 054,Volkswagen,Boxer,3,24.46,2024-02-29,192,42.65
07 AAA 054,Volkswagen,Boxer,3,24.46,2024-03-01,92,28.91
07 AAA 054,Volkswagen,Boxer,3,24.46,2024-03-02,124,34.81
07 AAA 054,Volkswagen,Boxer,3,24.46,2024-03-03,101,29.51
07 AAA 054,Volkswagen,Boxer,3,24.46,2024-03-04,244,79.08
07 AAA 054,Volkswagen,Boxer,3,24.46,2024-03-05,118,34.1
07 AAA 054,Volkswagen,Boxer,3,24.46,2024-03-06,248,82.86
07 AAA 054,Volkswagen,Boxer,3,24.46,2024-03-07,177,43.73
07 AAA 054,Volkswagen,Boxer,3,24.46,2024-03-08,154,42.46
07 AAA 054,Volkswagen,Boxer,3,24.46,2024-03-09,156,56.55
07 AAA 054,Volkswagen,Boxer,3,24.46,2024-03-10,281,69.0
07 AAA 054,Volkswagen,Boxer,3,24.46,2024-03-11,266,60.8
07 AAA 054,Volkswagen,Boxer,3,24.46,2024-03-12,224,81.65
07 AAA 054,Volkswagen,Boxer,3,24.46,2024-03-13,100,24.14
07 AAA 054,Volkswagen,Boxer,3,24.46,2024-03-14,164,40.26
07 AAA 054,Volkswagen,Boxer,3,24.46,2024-03-15,87,24.81
07 AAA 054,Volkswagen,Boxer,3,24.46,2024-03-16,257,75.28
07 AAA 054,Volkswagen,Boxer,3,24.46,2024-03-17,249,69.33
07 AAA 054,Volkswagen,Boxer,3,24.46,2024-03-18,228,65.24
07 AAA 054,Volkswagen,Boxer,3,24.46,2024-03-19,61,13.47
07 AAA 054,Volkswagen,Boxer,3,24.46,2024-03-20,229,57.11
07 AAA 054,Volkswagen,Boxer,3,24.46,2024-03-21,264,71.99
07 AAA 054,Volkswagen,Boxer,3,24.46,2024-03-22,180,54.81
07 AAA 054,Volkswagen,Boxer,3,24.46,2024-03-23,137,38.08
07 AAA 054,Volkswagen,Boxer,3,24.46,2024-03-24,241,52.9
07 AAA 054,Volkswagen,Boxer,3,24.46,2024-03-25,219,48.06
07 AAA 054,Volkswagen,Boxer,3,24.46,2024-03-26,179,35.4
07 AAA 054,Volkswagen,Boxer,3,24.46,2024-03-27,122,42.7
07 AAA 054,Volkswagen,Boxer,3,24.46,2024-03-28,286,65.23
07 AAA 054,Volkswagen,Boxer,3,24.46,2024-03-29,75,17.39
07 AAA 054,Volkswagen,Boxer,3,24.46,2024-03-30,118,27.98
07 AAA 054,Volkswagen,Boxer,3,24.46,2024-03-31,277,101.2
07 AAA 054,Volkswagen,Boxer,3,24.46,2024-04-01,199,65.26
07 AAA 054,Volkswagen,Boxer,3,24.46,2024-04-02,210,52.14
07 AAA 054,Volkswagen,Boxer,3,24.46,2024-04-03,116,27.94
07 AAA 054,Volkswagen,Boxer,3,24.46,2024-04-04,215,54.92
07 AAA 054,Volkswagen,Boxer,3,24.46,2024-04-05,281,73.38
07 AAA 054,Volkswagen,Boxer,3,24.46,2024-04-06,106,35.02
07 AAA 054,Volkswagen,Boxer,3,24.46,2024-04-07,71,25.47
07 AAA 054,Volkswagen,Boxer,3,24.46,2024-04-08,121,36.13
07 AAA 054,Volkswagen,Boxer,3,24.46,2024-04-09,290,101.72
07 AAA 054,Volkswagen,Boxer,3,24.46,2024-04-10,113,27.82
07 AAA 054,Volkswagen,Boxer,3,24.46,2024-04-11,43,14.96
07 AAA 054,Volkswagen,Boxer,3,24.46,2024-04-12,94,33.17
07 AAA 054,Volkswagen,Boxer,3,24.46,2024-04-13,268,65.08
07 AAA 054,Volkswagen,Boxer,3,24.46,2024-04-14,133,36.05
07 AAA 054,Volkswagen,Boxer,3,24.46,2024-04-15,144,39.52
07 AAA 054,Volkswagen,Boxer,3,24.46,2024-04-16,76,27.56
07 AAA 054,Volkswagen,Boxer,3,24.46,2024-04-17,111,32.42
07 AAA 054,Volkswagen,Boxer,3,24.46,2024-04-18,136,36.9
07 AAA 054,Volkswagen,Boxer,3,24.46,2024-04-19,209,72.1
07 AAA 054,Volkswagen,Boxer,3,24.46,2024-04-20,81,29.35
07 AAA 054,Volkswagen,Boxer,3,24.46,2024-04-21,152,53.52
07 AAA 054,Volkswagen,Boxer,3,24.46,2024-04-22,242,61.94
07 AAA 054,Volkswagen,Boxer,3,24.46,2024-04-23,151,38.29
07 AAA 054,Volkswagen,Boxer,3,24.46,2024-04-24,162,59.17
07 AAA 054,Volkswagen,Boxer,3,24.46,2024-04-25,255,64.02
07 AAA 054,Volkswagen,Boxer,3,24.46,2024-04-26,43,11.97
07 AAA 054,Volkswagen,Boxer,3,24.46,2024-04-27,251,62.56
07 AAA 054,Volkswagen,Boxer,3,24.46,2024-04-28,129,26.56
07 AAA 054,Volkswagen,Boxer,3,24.46,2024-04-29,63,12.57
07 AAA 055,Fiat,Caddy,1,11.3,2024-01-01,92,13.75
07 AAA 055,Fiat,Caddy,1,11.3,2024-01-02,100,14.13
07 AAA 055,Fiat,Caddy,1,11.3,2024-01-03,93,11.67
07 AAA 055,Fiat,Caddy,1,11.3,2024-01-04,227,21.67
07 AAA 055,Fiat,Caddy,1,11.3,2024-01-05,160,24.84
07 AAA 055,Fiat,Caddy,1,11.3,2024-01-06,210,33.09
07 AAA 055,Fiat,Caddy,1,11.3,2024-01-07,229,26.46
07 AAA 055,Fiat,Caddy,1,11.3,2024-01-08,213,28.58
07 AAA 055,Fiat,Caddy,1,11.3,2024-01-09,255,34.74
07 AAA 055,Fiat,Caddy,1,11.3,2024-01-10,117,12.8
07 AAA 055,Fiat,Caddy,1,11.3,2024-01-11,67,11.17
07 AAA 055,Fiat,Caddy,1,11.3,2024-01-12,130,16.92
07 AAA 055,Fiat,Caddy,1,11.3,2024-01-13,276,35.96
07 AAA 055,Fiat,Caddy,1,11.3,2024-01-14,146,19.82
07 AAA 055,Fiat,Caddy,1,11.3,2024-01-15,297,29.83
07 AAA 055,Fiat,Caddy,1,11.3,2024-01-16,208,24.53
07 AAA 055,Fiat,Caddy,1,11.3,2024-01-17,244,39.31
07 AAA 055,Fiat,Caddy,1,11.3,2024-01-18,265,44.37
07 AAA 055,Fiat,Caddy,1,11.3,2024-01-19,259,35.95
07 AAA 055,Fiat,Caddy,1,11.3,2024-01-20,250,33.25
07 AAA 055,Fiat,Caddy,1,11.3,2024-01-21,215,34.45
07 AAA 055,Fiat,Caddy,1,11.3,2024-01-22,288,44.48
07 AAA 055,Fiat,Caddy,1,11.3,2024-01-23,249,27.87
07 AAA 055,Fiat,Caddy,1,11.3,2024-01-24,120,20.22
07 AAA 055,Fiat,Caddy,1,11.3,2024-01-25,228,22.29
07 AAA 055,Fiat,Caddy,1,11.3,2024-01-26,213,25.39
07 AAA 055,Fiat,Caddy,1,11.3,2024-01-27,255,35.09
07 AAA 055,Fiat,Caddy,1,11.3,2024-01-28,182,20.82
07 AAA 055,Fiat,Caddy,1,11.3,2024-01-29,219,23.43
07 AAA 055,Fiat,Caddy,1,11.3,2024-01-30,46,7.44
07 AAA 055,Fiat,Caddy,1,11.3,2024-01-31,94,8.97
07 AAA 055,Fiat,Caddy,1,11.3,2024-02-01,71,10.24
07 AAA 055,Fiat,Caddy,1,11.3,2024-02-02,148,23.77
07 AAA 055,Fiat,Caddy,1,11.3,2024-02-03,217,26.15
07 AAA 055,Fiat,Caddy,1,11.3,2024-02-04,171,16.76
07 AAA 055,Fiat,Caddy,1,11.3,2024-02-05,254,30.25
07 AAA 055,Fiat,Caddy,1,11.3,2024-02-06,100,14.95
07 AAA 055,Fiat,Caddy,1,11.3,2024-02-07,253,33.76
07 AAA 055,Fiat,Caddy,1,11.3,2024-02-08,241,21.93
07 AAA 055,Fiat,Caddy,1,11.3,2024-02-09,107,13.95
07 AAA 055,Fiat,Caddy,1,11.3,2024-02-10,57,8.71
07 AAA 055,Fiat,Caddy,1,11.3,2024-02-11,150,14.42
07 AAA 055,Fiat,Caddy,1,11.3,2024-02-12,80,13.03
07 AAA 055,Fiat,Caddy,1,11.3,2024-02-13,294,43.12
07 AAA 055,Fiat,Caddy,1,11.3,2024-02-14,265,41.12
07 AAA 055,Fiat,Caddy,1,11.3,2024-02-15,137,17.95
07 AAA 055,Fiat,Caddy,1,11.3,2024-02-16,177,29.76
07 AAA 055,Fiat,Caddy,1,11.3,2024-02-17,212,30.11
07 AAA 055,Fiat,Caddy,1,11.3,2024-02-18,184,26.08
07 AAA 055,Fiat,Caddy,1,11.3,2024-02-19,251,33.84
07 AAA 055,Fiat,Caddy,1,11.3,2024-02-20,212,31.98
07 AAA 055,Fiat,Caddy,1,11.3,2024-02-21,262,29.73
07 AAA 055,Fiat,Caddy,1,11.3,2024-02-22,138,12.64
07 AAA 055,Fiat,Caddy,1,11.3,2024-02-23,245,33.0
07 AAA 055,Fiat,Caddy,1,11.3,2024-02-24,173,23.15
07 AAA 055,Fiat,Caddy,1,11.3,2024-02-25,157,17.91
07 AAA 055,Fiat,Caddy,1,11.3,2024-02-26,166,26.68
07 AAA 055,Fiat,Caddy,1,11.3,2024-02-27,169,17.61
07 AAA 055,Fiat,Caddy,1,11.3,2024-02-28,180,22.71
07 AAA 055,Fiat,Caddy,1,11.3,2024-02-29,55,7.13
07 AAA 055,Fiat,Caddy,1,11.3,2024-03-01,116,15.53
07 AAA 055,Fiat,Caddy,1,11.3,2024-03-02,45,4.88
07 AAA 055,Fiat,Caddy,1,11.3,2024-03-03,158,18.5
07 AAA 055,Fiat,Caddy,1,11.3,2024-03-04,136,19.46
07 AAA 055,Fiat,Caddy,1,11.3,2024-03-05,168,18.62
07 AAA 055,Fiat,Caddy,1,11.3,2024-03-06,78,7.52
07 AAA 055,Fiat,Caddy,1,11.3,2024-03-07,81,9.24
07 AAA 055,Fiat,Caddy,1,11.3,2024-03-08,254,32.25
07 AAA 055,Fiat,Caddy,1,11.3,2024-03-09,161,22.31
07 AAA 055,Fiat,Caddy,1,11.3,2024-03-10,255,31.88
07 AAA 055,Fiat,Caddy,1,11.3,2024-03-11,91,10.28
07 AAA 055,Fiat,Caddy,1,11.3,2024-03-12,128,19.81
07 AAA 055,Fiat,Caddy,1,11.3,2024-03-13,159,25.61
07 AAA 055,Fiat,Caddy,1,11.3,2024-03-14,177,22.86
07 AAA 055,Fiat,Caddy,1,11.3,2024-03-15,216,30.73
07 AAA 055,Fiat,Caddy,1,11.3,2024-03-16,66,9.62
07 AAA 055,Fiat,Caddy,1,11.3,2024-03-17,278,25.58
07 AAA 055,Fiat,Caddy,1,11.3,2024-03-18,52,5.19
07 AAA 055,Fiat,Caddy,1,11.3,2024-03-19,54,9.11
07 AAA 055,Fiat,Caddy,1,11.3,2024-03-20,216,20.52
07 AAA 055,Fiat,Caddy,1,11.3,2024-03-21,224,26.9
07 AAA 055,Fiat,Caddy,1,11.3,2024-03-22,164,20.19
07 AAA 055,Fiat,Caddy,1,11.3,2024-03-23,252,33.34
07 AAA 055,Fiat,Caddy,1,11.3,2024-03-24,100,15.87
07 AAA 055,Fiat,Caddy,1,11.3,2024-03-25,140,17.38
07 AAA 055,Fiat,Caddy,1,11.3,2024-03-26,66,8.59
07 AAA 055,Fiat,Caddy,1,11.3,2024-03-27,43,4.56
07 AAA 055,Fiat,Caddy,1,11.3,2024-03-28,217,26.66
07 AAA 055,Fiat,Caddy,1,11.3,2024-03-29,190,29.39
07 AAA 055,Fiat,Caddy,1,11.3,2024-03-30,233,24.78
07 AAA 055,Fiat,Caddy,1,11.3,2024-03-31,139,19.33
07 AAA 055,Fiat,Caddy,1,11.3,2024-04-01,147,20.58
07 AAA 055,Fiat,Caddy,1,11.3,2024-04-02,229,28.0
07 AAA 055,Fiat,Caddy,1,11.3,2024-04-03,288,46.46
07 AAA 055,Fiat,Caddy,1,11.3,2024-04-04,190,27.63
07 AAA 055,Fiat,Caddy,1,11.3,2024-04-05,95,14.59
07 AAA 055,Fiat,Caddy,1,11.3,2024-04-06,284,41.76
07 AAA 055,Fiat,Caddy,1,11.3,2024-04-07,102,16.26
07 AAA 055,Fiat,Caddy,1,11.3,2024-04-08,55,6.29
07 AAA 055,Fiat,Caddy,1,11.3,2024-04-09,80,12.49
07 AAA 055,Fiat,Caddy,1,11.3,2024-04-10,124,11.98
07 AAA 055,Fiat,Caddy,1,11.3,2024-04-11,270,31.81
07 AAA 055,Fiat,Caddy,1,11.3,2024-04-12,155,22.17
07 AAA 055,Fiat,Caddy,1,11.3,2024-04-13,217,25.15
07 AAA 055,Fiat,Caddy,1,11.3,2024-04-14,40,6.51
07 AAA 055,Fiat,Caddy,1,11.3,2024-04-15,55,8.09
07 AAA 055,Fiat,Caddy,1,11.3,2024-04-16,290,46.3
07 AAA 055,Fiat,Caddy,1,11.3,2024-04-17,134,19.14
07 AAA 055,Fiat,Caddy,1,11.3,2024-04-18,48,7.96
07 AAA 055,Fiat,Caddy,1,11.3,2024-04-19,54,7.25
07 AAA 055,Fiat,Caddy,1,11.3,2024-04-20,254,39.96
07 AAA 055,Fiat,Caddy,1,11.3,2024-04-21,290,39.81
07 AAA 055,Fiat,Caddy,1,11.3,2024-04-22,139,19.75
07 AAA 055,Fiat,Caddy,1,11.3,2024-04-23,229,36.03
07 AAA 055,Fiat,Caddy,1,11.3,2024-04-24,259,34.75
07 AAA 055,Fiat,Caddy,1,11.3,2024-04-25,67,9.28
07 AAA 055,Fiat,Caddy,1,11.3,2024-04-26,139,16.47
07 AAA 055,Fiat,Caddy,1,11.3,2024-04-27,54,8.68
07 AAA 055,Fiat,Caddy,1,11.3,2024-04-28,275,26.5
07 AAA 055,Fiat,Caddy,1,11.3,2024-04-29,289,26.49
07 AAA 056,Volkswagen,Caddy,3,25.92,2024-01-01,91,21.87
07 AAA 056,Volkswagen,Caddy,3,25.92,2024-01-02,44,10.51
07 AAA 056,Volkswagen,Caddy,3,25.92,2024-01-03,292,94.71
07 AAA 056,Volkswagen,Caddy,3,25.92,2024-01-04,168,53.72
07 AAA 056,Volkswagen,Caddy,3,25.92,2024-01-05,72,25.81
07 AAA 056,Volkswagen,Caddy,3,25.92,2024-01-06,282,108.1
07 AAA 056,Volkswagen,Caddy,3,25.92,2024-01-07,136,45.78
07 AAA 056,Volkswagen,Caddy,3,25.92,2024-01-08,182,61.01
07 AAA 056,Volkswagen,Caddy,3,25.92,2024-01-09,188,56.92
07 AAA 056,Volkswagen,Caddy,3,25.92,2024-01-10,155,52.62
07 AAA 056,Volkswagen,Caddy,3,25.92,2024-01-11,290,78.96
07 AAA 056,Volkswagen,Caddy,3,25.92,2024-01-12,101,24.11
07 AAA 056,Volkswagen,Caddy,3,25.92,2024-01-13,128,36.24
07 AAA 056,Volkswagen,Caddy,3,25.92,2024-01-14,43,13.84
07 AAA 056,Volkswagen,Caddy,3,25.92,2024-01-15,121,29.76
07 AAA 056,Volkswagen,Caddy,3,25.92,2024-01-16,138,35.0
07 AAA 056,Volkswagen,Caddy,3,25.92,2024-01-17,168,53.11
07 AAA 056,Volkswagen,Caddy,3,25.92,2024-01-18,114,35.2
07 AAA 056,Volkswagen,Caddy,3,25.92,2024-01-19,299,90.03
07 AAA 056,Volkswagen,Caddy,3,25.92,2024-01-20,242,61.48
07 AAA 056,Volkswagen,Caddy,3,25.92,2024-01-21,174,40.98
07 AAA 056,Volkswagen,Caddy,3,25.92,2024-01-22,55,16.38
07 AAA 056,Volkswagen,Caddy,3,25.92,2024-01-23,118,26.15
07 AAA 056,Volkswagen,Caddy,3,25.92,2024-01-24,211,69.44
07 AAA 056,Volkswagen,Caddy,3,25.92,2024-01-25,180,50.17
07 AAA 056,Volkswagen,Caddy,3,25.92,2024-01-26,231,66.52
07 AAA 056,Volkswagen,Caddy,3,25.92,2024-01-27,213,74.74
07 AAA 056,Volkswagen,Caddy,3,25.92,2024-01-28,300,89.18
07 AAA 056,Volkswagen,Caddy,3,25.92,2024-01-29,296,107.05
07 AAA 056,Volkswagen,Caddy,3,25.92,2024-01-30,176,68.3
07 AAA 056,Volkswagen,Caddy,3,25.92,2024-01-31,97,24.92
07 AAA 056,Volkswagen,Caddy,3,25.92,2024-02-01,196,56.51
07 AAA 056,Volkswagen,Caddy,3,25.92,2024-02-02,89,18.92
07 AAA 056,Volkswagen,Caddy,3,25.92,2024-02-03,53,11.85
07 AAA 056,Volkswagen,Caddy,3,25.92,2024-02-04,100,21.1
07 AAA 056,Volkswagen,Caddy,3,25.92,2024-02-05,275,96.38
07 AAA 056,Volkswagen,Caddy,3,25.92,2024-02-06,73,22.12
07 AAA 056,Volkswagen,Caddy,3,25.92,2024-02-07,242,62.85
07 AAA 056,Volkswagen,Caddy,3,25.92,2024-02-08,60,21.24
07 AAA 056,Volkswagen,Caddy,3,25.92,2024-02-09,99,22.07
07 AAA 056,Volkswagen,Caddy,3,25.92,2024-02-10,168,62.18
07 AAA 056,Volkswagen,Caddy,3,25.92,2024-02-11,282,59.53
07 AAA 056,Volkswagen,Caddy,3,25.92,2024-02-12,120,35.92
07 AAA 056,Volkswagen,Caddy,3,25.92,2024-02-13,200,69.28
07 AAA 056,Volkswagen,Caddy,3,25.92,2024-02-14,165,36.72
07 AAA 056,Volkswagen,Caddy,3,25.92,2024-02-15,171,57.69
07 AAA 056,Volkswagen,Caddy,3,25.92,2024-02-16,67,22.03
07 AAA 056,Volkswagen,Caddy,3,25.92,2024-02-17,79,18.75
07 AAA 056,Volkswagen,Caddy,3,25.92,2024-02-18,78,25.29
07 AAA 056,Volkswagen,Caddy,3,25.92,2024-02-19,74,17.39
07 AAA 056,Volkswagen,Caddy,3,25.92,2024-02-20,130,49.94
07 AAA 056,Volkswagen,Caddy,3,25.92,2024-02-21,115,28.96
07 AAA 056,Volkswagen,Caddy,3,25.92,2024-02-22,246,79.43
07 AAA 056,Volkswagen,Caddy,3,25.92,2024-02-23,178,64.52
07 AAA 056,Volkswagen,Caddy,3,25.92,2024-02-24,52,20.21
07 AAA 056,Volkswagen,Caddy,3,25.92,2024-02-25,259,57.49
07 AAA 056,Volkswagen,Caddy,3,25.92,2024-02-26,208,56.6
07 AAA 056,Volkswagen,Caddy,3,25.92,2024-02-27,289,85.14
07 AAA 056,Volkswagen,Caddy,3,25.92,2024-02-28,175,49.2
07 AAA 056,Volkswagen,Caddy,3,25.92,2024-02-29,96,27.92
07 AAA 056,Volkswagen,Caddy,3,25.92,2024-03-01,144,38.92
07 AAA 056,Volkswagen,Caddy,3,25.92,2024-03-02,144,55.34
07 AAA 056,Volkswagen,Caddy,3,25.92,2024-03-03,62,22.95
07 AAA 056,Volkswagen,Caddy,3,25.92,2024-03-04,286,101.38
07 AAA 056,Volkswagen,Caddy,3,25.92,2024-03-05,155,56.35
07 AAA 056,Volkswagen,Caddy,3,25.92,2024-03-06,107,24.62
07 AAA 056,Volkswagen,Caddy,3,25.92,2024-03-07,187,40.46
07 AAA 056,Volkswagen,Caddy,3,25.92,2024-03-08,53,19.9
07 AAA 056,Volkswagen,Caddy,3,25.92,2024-03-09,166,39.74
07 AAA 056,Volkswagen,Caddy,3,25.92,2024-03-10,209,77.96
07 AAA 056,Volkswagen,Caddy,3,25.92,2024-03-11,190,67.52
07 AAA 056,Volkswagen,Caddy,3,25.92,2024-03-12,157,45.64
07 AAA 056,Volkswagen,Caddy,3,25.92,2024-03-13,106,22.98
07 AAA 056,Volkswagen,Caddy,3,25.92,2024-03-14,263,79.5
07 AAA 056,Volkswagen,Caddy,3,25.92,2024-03-15,237,55.77
07 AAA 056,Volkswagen,Caddy,3,25.92,2024-03-16,88,31.53
07 AAA 056,Volkswagen,Caddy,3,25.92,2024-03-17,111,38.28
07 AAA 056,Volkswagen,Caddy,3,25.92,2024-03-18,192,72.48
07 AAA 056,Volkswagen,Caddy,3,25.92,2024-03-19,99,27.66
07 AAA 056,Volkswagen,Caddy,3,25.92,2024-03-20,49,16.35
07 AAA 056,Volkswagen,Caddy,3,25.92,2024-03-21,160,50.15
07 AAA 056,Volkswagen,Caddy,3,25.92,2024-03-22,75,16.29
07 AAA 056,Volkswagen,Caddy,3,25.92,2024-03-23,254,92.39
07 AAA 056,Volkswagen,Caddy,3,25.92,2024-03-24,193,40.21
07 AAA 056,Volkswagen,Caddy,3,25.92,2024-03-25,273,104.36
07 AAA 056,Volkswagen,Caddy,3,25.92,2024-03-26,51,11.35
07 AAA 056,Volkswagen,Caddy,3,25.92,2024-03-27,108,39.13
07 AAA 056,Volkswagen,Caddy,3,25.92,2024-03-28,175,39.38
07 AAA 056,Volkswagen,Caddy,3,25.92,2024-03-29,157,39.45
07 AAA 056,Volkswagen,Caddy,3,25.92,2024-03-30,139,41.42
07 AAA 056,Volkswagen,Caddy,3,25.92,2024-03-31,263,100.68
07 AAA 056,Volkswagen,Caddy,3,25.92,2024-04-01,296,100.05
07 AAA 056,Volkswagen,Caddy,3,25.92,2024-04-02,229,75.96
07 AAA 056,Volkswagen,Caddy,3,25.92,2024-04-03,271,70.03
07 AAA 056,Volkswagen,Caddy,3,25.92,2024-04-04,141,40.87
07 AAA 056,Volkswagen,Caddy,3,25.92,2024-04-05,97,20.25
07 AAA 056,Volkswagen,Caddy,3,25.92,2024-04-06,56,15.38
07 AAA 056,Volkswagen,Caddy,3,25.92,2024-04-07,193,45.61
07 AAA 056,Volkswagen,Caddy,3,25.92,2024-04-08,127,43.09
07 AAA 056,Volkswagen,Caddy,3,25.92,2024-04-09,58,16.52
07 AAA 056,Volkswagen,Caddy,3,25.92,2024-04-10,294,110.89
07 AAA 056,Volkswagen,Caddy,3,25.92,2024-04-11,262,56.62
07 AAA 056,Volkswagen,Caddy,3,25.92,2024-04-12,276,104.92
07 AAA 056,Volkswagen,Caddy,3,25.92,2024-04-13,179,45.16
07 AAA 056,Volkswagen,Caddy,3,25.92,2024-04-14,190,72.47
07 AAA 056,Volkswagen,Caddy,3,25.92,2024-04-15,191,54.39
07 AAA 056,Volkswagen,Caddy,3,25.92,2024-04-16,104,39.24
07 AAA 056,Volkswagen,Caddy,3,25.92,2024-04-17,90,32.21
07 AAA 056,Volkswagen,Caddy,3,25.92,2024-04-18,267,100.74
07 AAA 056,Volkswagen,Caddy,3,25.92,2024-04-19,192,74.13
07 AAA 056,Volkswagen,Caddy,3,25.92,2024-04-20,219,58.41
07 AAA 056,Volkswagen,Caddy,3,25.92,2024-04-21,77,23.14
07 AAA 056,Volkswagen,Caddy,3,25.92,2024-04-22,244,65.82
07 AAA 056,Volkswagen,Caddy,3,25.92,2024-04-23,254,61.18
07 AAA 056,Volkswagen,Caddy,3,25.92,2024-04-24,255,77.37
07 AAA 056,Volkswagen,Caddy,3,25.92,2024-04-25,205,64.6
07 AAA 056,Volkswagen,Caddy,3,25.92,2024-04-26,89,31.64
07 AAA 056,Volkswagen,Caddy,3,25.92,2024-04-27,186,64.67
07 AAA 056,Volkswagen,Caddy,3,25.92,2024-04-28,227,59.1
07 AAA 056,Volkswagen,Caddy,3,25.92,2024-04-29,190,41.47
07 AAA 057,Fiat,Atego,2,9.74,2024-01-01,102,14.82
07 AAA 057,Fiat,Atego,2,9.74,2024-01-02,107,11.16
07 AAA 057,Fiat,Atego,2,9.74,2024-01-03,267,34.92
07 AAA 057,Fiat,Atego,2,9.74,2024-01-04,103,9.04
07 AAA 057,Fiat,Atego,2,9.74,2024-01-05,89,9.01
07 AAA 057,Fiat,Atego,2,9.74,2024-01-06,65,8.87
07 AAA 057,Fiat,Atego,2,9.74,2024-01-07,265,32.19
07 AAA 057,Fiat,Atego,2,9.74,2024-01-08,197,28.31
07 AAA 057,Fiat,Atego,2,9.74,2024-01-09,115,16.48
07 AAA 057,Fiat,Atego,2,9.74,2024-01-10,126,12.93
07 AAA 057,Fiat,Atego,2,9.74,2024-01-11,124,11.42
07 AAA 057,Fiat,Atego,2,9.74,2024-01-12,251,27.85
07 AAA 057,Fiat,Atego,2,9.74,2024-01-13,261,37.05
07 AAA 057,Fiat,Atego,2,9.74,2024-01-14,60,8.02
07 AAA 057,Fiat,Atego,2,9.74,2024-01-15,89,9.88
07 AAA 057,Fiat,Atego,2,9.74,2024-01-16,123,11.81
07 AAA 057,Fiat,Atego,2,9.74,2024-01-17,195,20.25
07 AAA 057,Fiat,Atego,2,9.74,2024-01-18,74,10.07
07 AAA 057,Fiat,Atego,2,9.74,2024-01-19,262,26.77
07 AAA 057,Fiat,Atego,2,9.74,2024-01-20,119,13.23
07 AAA 057,Fiat,Atego,2,9.74,2024-01-21,46,4.55
07 AAA 057,Fiat,Atego,2,9.74,2024-01-22,82,7.81
07 AAA 057,Fiat,Atego,2,9.74,2024-01-23,249,24.67
07 AAA 057,Fiat,Atego,2,9.74,2024-01-24,176,16.82
07 AAA 057,Fiat,Atego,2,9.74,2024-01-25,61,7.6
07 AAA 057,Fiat,Atego,2,9.74,2024-01-26,183,16.07
07 AAA 057,Fiat,Atego,2,9.74,2024-01-27,139,17.45
07 AAA 057,Fiat,Atego,2,9.74,2024-01-28,93,12.38
07 AAA 057,Fiat,Atego,2,9.74,2024-01-29,168,13.19
07 AAA 057,Fiat,Atego,2,9.74,2024-01-30,41,5.35
07 AAA 057,Fiat,Atego,2,9.74,2024-01-31,275,21.77
07 AAA 057,Fiat,Atego,2,9.74,2024-02-01,82,10.23
07 AAA 057,Fiat,Atego,2,9.74,2024-02-02,238,33.41
07 AAA 057,Fiat,Atego,2,9.74,2024-02-03,286,29.69
07 AAA 057,Fiat,Atego,2,9.74,2024-02-04,203,28.44
07 AAA 057,Fiat,Atego,2,9.74,2024-02-05,170,20.52
07 AAA 057,Fiat,Atego,2,9.74,2024-02-06,118,9.86
07 AAA 057,Fiat,Atego,2,9.74,2024-02-07,195,19.76
07 AAA 057,Fiat,Atego,2,9.74,2024-02-08,79,6.32
07 AAA 057,Fiat,Atego,2,9.74,2024-02-09,177,23.3
07 AAA 057,Fiat,Atego,2,9.74,2024-02-10,115,16.35
07 AAA 057,Fiat,Atego,2,9.74,2024-02-11,138,19.11
07 AAA 057,Fiat,Atego,2,9.74,2024-02-12,115,15.38
07 AAA 057,Fiat,Atego,2,9.74,2024-02-13,80,6.43
07 AAA 057,Fiat,Atego,2,9.74,2024-02-14,127,13.61
07 AAA 057,Fiat,Atego,2,9.74,2024-02-15,66,8.34
07 AAA 057,Fiat,Atego,2,9.74,2024-02-16,140,19.84
07 AAA 057,Fiat,Atego,2,9.74,2024-02-17,226,32.84
07 AAA 057,Fiat,Atego,2,9.74,2024-02-18,140,18.23
07 AAA 057,Fiat,Atego,2,9.74,2024-02-19,267,24.04
07 AAA 057,Fiat,Atego,2,9.74,2024-02-20,186,16.09
07 AAA 057,Fiat,Atego,2,9.74,2024-02-21,235,32.46
07 AAA 057,Fiat,Atego,2,9.74,2024-02-22,199,15.6
07 AAA 057,Fiat,Atego,2,9.74,2024-02-23,164,20.06
07 AAA 057,Fiat,Atego,2,9.74,2024-02-24,56,6.16
07 AAA 057,Fiat,Atego,2,9.74,2024-02-25,54,5.01
07 AAA 057,Fiat,Atego,2,9.74,2024-02-26,241,33.86
07 AAA 057,Fiat,Atego,2,9.74,2024-02-27,211,27.91
07 AAA 057,Fiat,Atego,2,9.74,2024-02-28,63,8.67
07 AAA 057,Fiat,Atego,2,9.74,2024-02-29,63,8.9
07 AAA 057,Fiat,Atego,2,9.74,2024-03-01,233,18.37
07 AAA 057,Fiat,Atego,2,9.74,2024-03-02,53,7.56
07 AAA 057,Fiat,Atego,2,9.74,2024-03-03,183,20.11
07 AAA 057,Fiat,Atego,2,9.74,2024-03-04,140,12.47
07 AAA 057,Fiat,Atego,2,9.74,2024-03-05,139,19.85
07 AAA 057,Fiat,Atego,2,9.74,2024-03-06,206,20.5
07 AAA 057,Fiat,Atego,2,9.74,2024-03-07,149,16.06
07 AAA 057,Fiat,Atego,2,9.74,2024-03-08,179,16.89
07 AAA 057,Fiat,Atego,2,9.74,2024-03-09,131,13.15
07 AAA 057,Fiat,Atego,2,9.74,2024-03-10,112,12.13
07 AAA 057,Fiat,Atego,2,9.74,2024-03-11,173,19.32
07 AAA 057,Fiat,Atego,2,9.74,2024-03-12,172,15.55
07 AAA 057,Fiat,Atego,2,9.74,2024-03-13,263,36.36
07 AAA 057,Fiat,Atego,2,9.74,2024-03-14,99,13.54
07 AAA 057,Fiat,Atego,2,9.74,2024-03-15,300,38.39
07 AAA 057,Fiat,Atego,2,9.74,2024-03-16,147,11.78
07 AAA 057,Fiat,Atego,2,9.74,2024-03-17,215,23.91
07 AAA 057,Fiat,Atego,2,9.74,2024-03-18,114,15.08
07 AAA 057,Fiat,Atego,2,9.74,2024-03-19,103,8.31
07 AAA 057,Fiat,Atego,2,9.74,2024-03-20,220,30.61
07 AAA 057,Fiat,Atego,2,9.74,2024-03-21,232,27.94
07 AAA 057,Fiat,Atego,2,9.74,2024-03-22,79,6.37
07 AAA 057,Fiat,Atego,2,9.74,2024-03-23,213,28.48
07 AAA 057,Fiat,Atego,2,9.74,2024-03-24,83,10.79
07 AAA 057,Fiat,Atego,2,9.74,2024-03-25,174,17.79
07 AAA 057,Fiat,Atego,2,9.74,2024-03-26,61,7.5
07 AAA 057,Fiat,Atego,2,9.74,2024-03-27,139,19.84
07 AAA 057,Fiat,Atego,2,9.74,2024-03-28,69,8.71
07 AAA 057,Fiat,Atego,2,9.74,2024-03-29,141,14.83
07 AAA 057,Fiat,Atego,2,9.74,2024-03-30,110,15.35
07 AAA 057,Fiat,Atego,2,9.74,2024-03-31,133,12.2
07 AAA 057,Fiat,Atego,2,9.74,2024-04-01,99,11.46
07 AAA 057,Fiat,Atego,2,9.74,2024-04-02,161,21.92
07 AAA 057,Fiat,Atego,2,9.74,2024-04-03,216,26.65
07 AAA 057,Fiat,Atego,2,9.74,2024-04-04,286,30.27
07 AAA 057,Fiat,Atego,2,9.74,2024-04-05,278,36.25
07 AAA 057,Fiat,Atego,2,9.74,2024-04-06,196,19.61
07 AAA 057,Fiat,Atego,2,9.74,2024-04-07,241,20.48
07 AAA 057,Fiat,Atego,2,9.74,2024-04-08,241,30.14
07 AAA 057,Fiat,Atego,2,9.74,2024-04-09,182,17.78
07 AAA 057,Fiat,Atego,2,9.74,2024-04-10,148,17.64
07 AAA 057,Fiat,Atego,2,9.74,2024-04-11,132,17.59
07 AAA 057,Fiat,Atego,2,9.74,2024-04-12,69,8.16
07 AAA 057,Fiat,Atego,2,9.74,2024-04-13,71,10.33
07 AAA 057,Fiat,Atego,2,9.74,2024-04-14,119,13.7
07 AAA 057,Fiat,Atego,2,9.74,2024-04-15,282,35.83
07 AAA 057,Fiat,Atego,2,9.74,2024-04-16,129,17.76
07 AAA 057,Fiat,Atego,2,9.74,2024-04-17,93,11.95
07 AAA 057,Fiat,Atego,2,9.74,2024-04-18,273,39.83
07 AAA 057,Fiat,Atego,2,9.74,2024-04-19,146,17.46
07 AAA 057,Fiat,Atego,2,9.74,2024-04-20,115,16.65
07 AAA 057,Fiat,Atego,2,9.74,2024-04-21,153,15.75
07 AAA 057,Fiat,Atego,2,9.74,2024-04-22,257,22.62
07 AAA 057,Fiat,Atego,2,9.74,2024-04-23,110,16.03
07 AAA 057,Fiat,Atego,2,9.74,2024-04-24,192,19.81
07 AAA 057,Fiat,Atego,2,9.74,2024-04-25,230,26.45
07 AAA 057,Fiat,Atego,2,9.74,2024-04-26,192,25.35
07 AAA 057,Fiat,Atego,2,9.74,2024-04-27,261,37.27
07 AAA 057,Fiat,Atego,2,9.74,2024-04-28,127,11.22
07 AAA 057,Fiat,Atego,2,9.74,2024-04-29,222,27.48
07 AAA 058,Renault,Fluence,2,10.24,2024-01-01,227,25.23
07 AAA 058,Renault,Fluence,2,10.24,2024-01-02,51,7.42
07 AAA 058,Renault,Fluence,2,10.24,2024-01-03,167,18.73
07 AAA 058,Renault,Fluence,2,10.24,2024-01-04,193,15.93
07 AAA 058,Renault,Fluence,2,10.24,2024-01-05,113,9.65
07 AAA 058,Renault,Fluence,2,10.24,2024-01-06,271,33.55
07 AAA 058,Renault,Fluence,2,10.24,2024-01-07,92,10.25
07 AAA 058,Renault,Fluence,2,10.24,2024-01-08,193,26.92
07 AAA 058,Renault,Fluence,2,10.24,2024-01-09,246,20.6
07 AAA 058,Renault,Fluence,2,10.24,2024-01-10,112,14.46
07 AAA 058,Renault,Fluence,2,10.24,2024-01-11,50,7.2
07 AAA 058,Renault,Fluence,2,10.24,2024-01-12,179,20.26
07 AAA 058,Renault,Fluence,2,10.24,2024-01-13,121,18.58
07 AAA 058,Renault,Fluence,2,10.24,2024-01-14,276,37.94
07 AAA 058,Renault,Fluence,2,10.24,2024-01-15,211,17.91
07 AAA 058,Renault,Fluence,2,10.24,2024-01-16,271,34.94
07 AAA 058,Renault,Fluence,2,10.24,2024-01-17,45,5.23
07 AAA 058,Renault,Fluence,2,10.24,2024-01-18,131,15.08
07 AAA 058,Renault,Fluence,2,10.24,2024-01-19,199,19.11
07 AAA 058,Renault,Fluence,2,10.24,2024-01-20,295,43.7
07 AAA 058,Renault,Fluence,2,10.24,2024-01-21,281,24.1
07 AAA 058,Renault,Fluence,2,10.24,2024-01-22,250,28.75
07 AAA 058,Renault,Fluence,2,10.24,2024-01-23,287,37.33
07 AAA 058,Renault,Fluence,2,10.24,2024-01-24,133,20.05
07 AAA 058,Renault,Fluence,2,10.24,2024-01-25,203,19.11
07 AAA 058,Renault,Fluence,2,10.24,2024-01-26,239,20.68
07 AAA 058,Renault,Fluence,2,10.24,2024-01-27,118,15.08
07 AAA 058,Renault,Fluence,2,10.24,2024-01-28,282,32.92
07 AAA 058,Renault,Fluence,2,10.24,2024-01-29,155,23.2
07 AAA 058,Renault,Fluence,2,10.24,2024-01-30,126,12.31
07 AAA 058,Renault,Fluence,2,10.24,2024-01-31,98,13.29
07 AAA 058,Renault,Fluence,2,10.24,2024-02-01,164,21.31
07 AAA 058,Renault,Fluence,2,10.24,2024-02-02,284,26.45
07 AAA 058,Renault,Fluence,2,10.24,2024-02-03,199,20.0
07 AAA 058,Renault,Fluence,2,10.24,2024-02-04,292,32.51
07 AAA 058,Renault,Fluence,2,10.24,2024-02-05,165,21.61
07 AAA 058,Renault,Fluence,2,10.24,2024-02-06,147,21.09
07 AAA 058,Renault,Fluence,2,10.24,2024-02-07,188,28.5
07 AAA 058,Renault,Fluence,2,10.24,2024-02-08,149,20.5
07 AAA 058,Renault,Fluence,2,10.24,2024-02-09,193,25.88
07 AAA 058,Renault,Fluence,2,10.24,2024-02-10,61,5.52
07 AAA 058,Renault,Fluence,2,10.24,2024-02-11,126,12.98
07 AAA 058,Renault,Fluence,2,10.24,2024-02-12,197,18.46
07 AAA 058,Renault,Fluence,2,10.24,2024-02-13,189,19.84
07 AAA 058,Renault,Fluence,2,10.24,2024-02-14,227,29.28
07 AAA 058,Renault,Fluence,2,10.24,2024-02-15,196,23.3
07 AAA 058,Renault,Fluence,2,10.24,2024-02-16,228,19.81
07 AAA 058,Renault,Fluence,2,10.24,2024-02-17,223,19.93
07 AAA 058,Renault,Fluence,2,10.24,2024-02-18,145,17.02
07 AAA 058,Renault,Fluence,2,10.24,2024-02-19,151,13.1
07 AAA 058,Renault,Fluence,2,10.24,2024-02-20,261,32.12
07 AAA 058,Renault,Fluence,2,10.24,2024-02-21,195,28.61
07 AAA 058,Renault,Fluence,2,10.24,2024-02-22,130,19.37
07 AAA 058,Renault,Fluence,2,10.24,2024-02-23,186,23.32
07 AAA 058,Renault,Fluence,2,10.24,2024-02-24,199,27.01
07 AAA 058,Renault,Fluence,2,10.24,2024-02-25,211,21.77
07 AAA 058,Renault,Fluence,2,10.24,2024-02-26,212,23.92
07 AAA 058,Renault,Fluence,2,10.24,2024-02-27,86,12.29
07 AAA 058,Renault,Fluence,2,10.24,2024-02-28,244,34.49
07 AAA 058,Renault,Fluence,2,10.24,2024-02-29,85,7.52
07 AAA 058,Renault,Fluence,2,10.24,2024-03-01,72,11.0
07 AAA 058,Renault,Fluence,2,10.24,2024-03-02,275,40.59
07 AAA 058,Renault,Fluence,2,10.24,2024-03-03,290,31.61
07 AAA 058,Renault,Fluence,2,10.24,2024-03-04,86,9.27
07 AAA 058,Renault,Fluence,2,10.24,2024-03-05,198,28.78
07 AAA 058,Renault,Fluence,2,10.24,2024-03-06,81,6.92
07 AAA 058,Renault,Fluence,2,10.24,2024-03-07,185,25.82
07 AAA 058,Renault,Fluence,2,10.24,2024-03-08,156,23.76
07 AAA 058,Renault,Fluence,2,10.24,2024-03-09,98,14.31
07 AAA 058,Renault,Fluence,2,10.24,2024-03-10,226,29.0
07 AAA 058,Renault,Fluence,2,10.24,2024-03-11,166,13.69
07 AAA 058,Renault,Fluence,2,10.24,2024-03-12,258,34.59
07 AAA 058,Renault,Fluence,2,10.24,2024-03-13,235,25.59
07 AAA 058,Renault,Fluence,2,10.24,2024-03-14,255,23.54
07 AAA 058,Renault,Fluence,2,10.24,2024-03-15,161,22.74
07 AAA 058,Renault,Fluence,2,10.24,2024-03-16,50,4.8
07 AAA 058,Renault,Fluence,2,10.24,2024-03-17,273,28.92
07 AAA 058,Renault,Fluence,2,10.24,2024-03-18,96,9.22
07 AAA 058,Renault,Fluence,2,10.24,2024-03-19,157,18.27
07 AAA 058,Renault,Fluence,2,10.24,2024-03-20,149,14.08
07 AAA 058,Renault,Fluence,2,10.24,2024-03-21,130,15.11
07 AAA 058,Renault,Fluence,2,10.24,2024-03-22,47,7.05
07 AAA 058,Renault,Fluence,2,10.24,2024-03-23,287,27.89
07 AAA 058,Renault,Fluence,2,10.24,2024-03-24,170,25.93
07 AAA 058,Renault,Fluence,2,10.24,2024-03-25,119,17.78
07 AAA 058,Renault,Fluence,2,10.24,2024-03-26,143,13.82
07 AAA 058,Renault,Fluence,2,10.24,2024-03-27,58,7.46
07 AAA 058,Renault,Fluence,2,10.24,2024-03-28,106,14.45
07 AAA 058,Renault,Fluence,2,10.24,2024-03-29,184,27.97
07 AAA 058,Renault,Fluence,2,10.24,2024-03-30,204,22.07
07 AAA 058,Renault,Fluence,2,10.24,2024-03-31,273,30.42
07 AAA 058,Renault,Fluence,2,10.24,2024-04-01,206,24.42
07 AAA 058,Renault,Fluence,2,10.24,2024-04-02,59,4.91
07 AAA 058,Renault,Fluence,2,10.24,2024-04-03,163,15.82
07 AAA 058,Renault,Fluence,2,10.24,2024-04-04,209,18.37
07 AAA 058,Renault,Fluence,2,10.24,2024-04-05,132,19.88
07 AAA 058,Renault,Fluence,2,10.24,2024-04-06,296,31.56
07 AAA 058,Renault,Fluence,2,10.24,2024-04-07,190,21.52
07 AAA 058,Renault,Fluence,2,10.24,2024-04-08,127,16.66
07 AAA 058,Renault,Fluence,2,10.24,2024-04-09,166,21.82
07 AAA 058,Renault,Fluence,2,10.24,2024-04-10,239,29.42
07 AAA 058,Renault,Fluence,2,10.24,2024-04-11,265,26.69
07 AAA 058,Renault,Fluence,2,10.24,2024-04-12,72,10.51
07 AAA 058,Renault,Fluence,2,10.24,2024-04-13,136,16.01
07 AAA 058,Renault,Fluence,2,10.24,2024-04-14,259,26.94
07 AAA 058,Renault,Fluence,2,10.24,2024-04-15,234,33.88
07 AAA 058,Renault,Fluence,2,10.24,2024-04-16,76,9.94
07 AAA 058,Renault,Fluence,2,10.24,2024-04-17,256,25.41
07 AAA 058,Renault,Fluence,2,10.24,2024-04-18,54,5.27
07 AAA 058,Renault,Fluence,2,10.24,2024-04-19,150,22.69
07 AAA 058,Renault,Fluence,2,10.24,2024-04-20,229,32.35
07 AAA 058,Renault,Fluence,2,10.24,2024-04-21,157,23.87
07 AAA 058,Renault,Fluence,2,10.24,2024-04-22,114,9.64
07 AAA 058,Renault,Fluence,2,10.24,2024-04-23,149,22.32
07 AAA 058,Renault,Fluence,2,10.24,2024-04-24,215,23.72
07 AAA 058,Renault,Fluence,2,10.24,2024-04-25,179,18.86
07 AAA 058,Renault,Fluence,2,10.24,2024-04-26,258,27.98
07 AAA 058,Renault,Fluence,2,10.24,2024-04-27,187,15.47
07 AAA 058,Renault,Fluence,2,10.24,2024-04-28,90,13.05
07 AAA 058,Renault,Fluence,2,10.24,2024-04-29,125,12.13
07 AAA 059,Ford,Caddy,2,10.57,2024-01-01,68,6.63
07 AAA 059,Ford,Caddy,2,10.57,2024-01-02,238,33.41
07 AAA 059,Ford,Caddy,2,10.57,2024-01-03,139,20.74
07 AAA 059,Ford,Caddy,2,10.57,2024-01-04,137,19.22
07 AAA 059,Ford,Caddy,2,10.57,2024-01-05,48,6.89
07 AAA 059,Ford,Caddy,2,10.57,2024-01-06,92,9.88
07 AAA 059,Ford,Caddy,2,10.57,2024-01-07,117,18.5
07 AAA 059,Ford,Caddy,2,10.57,2024-01-08,229,20.45
07 AAA 059,Ford,Caddy,2,10.57,2024-01-09,144,20.64
07 AAA 059,Ford,Caddy,2,10.57,2024-01-10,132,16.68
07 AAA 059,Ford,Caddy,2,10.57,2024-01-11,184,24.8
07 AAA 059,Ford,Caddy,2,10.57,2024-01-12,269,26.54
07 AAA 059,Ford,Caddy,2,10.57,2024-01-13,216,29.24
07 AAA 059,Ford,Caddy,2,10.57,2024-01-14,184,26.08
07 AAA 059,Ford,Caddy,2,10.57,2024-01-15,121,18.24
07 AAA 059,Ford,Caddy,2,10.57,2024-01-16,134,21.12
07 AAA 059,Ford,Caddy,2,10.57,2024-01-17,116,15.49
07 AAA 059,Ford,Caddy,2,10.57,2024-01-18,48,5.09
07 AAA 059,Ford,Caddy,2,10.57,2024-01-19,274,43.42
07 AAA 059,Ford,Caddy,2,10.57,2024-01-20,294,44.87
07 AAA 059,Ford,Caddy,2,10.57,2024-01-21,179,17.82
07 AAA 059,Ford,Caddy,2,10.57,2024-01-22,83,12.15
07 AAA 059,Ford,Caddy,2,10.57,2024-01-23,82,12.18
07 AAA 059,Ford,Caddy,2,10.57,2024-01-24,93,8.82
07 AAA 059,Ford,Caddy,2,10.57,2024-01-25,178,15.85
07 AAA 059,Ford,Caddy,2,10.57,2024-01-26,55,6.68
07 AAA 059,Ford,Caddy,2,10.57,2024-01-27,144,16.88
07 AAA 059,Ford,Caddy,2,10.57,2024-01-28,170,21.19
07 AAA 059,Ford,Caddy,2,10.57,2024-01-29,252,22.45
07 AAA 059,Ford,Caddy,2,10.57,2024-01-30,182,18.02
07 AAA 059,Ford,Caddy,2,10.57,2024-01-31,176,20.19
07 AAA 059,Ford,Caddy,2,10.57,2024-02-01,197,30.56
07 AAA 059,Ford,Caddy,2,10.57,2024-02-02,280,38.39
07 AAA 059,Ford,Caddy,2,10.57,2024-02-03,266,41.84
07 AAA 059,Ford,Caddy,2,10.57,2024-02-04,57,8.92
07 AAA 059,Ford,Caddy,2,10.57,2024-02-05,210,30.59
07 AAA 059,Ford,Caddy,2,10.57,2024-02-06,170,16.51
07 AAA 059,Ford,Caddy,2,10.57,2024-02-07,140,20.73
07 AAA 059,Ford,Caddy,2,10.57,2024-02-08,141,17.67
07 AAA 059,Ford,Caddy,2,10.57,2024-02-09,61,8.34
07 AAA 059,Ford,Caddy,2,10.57,2024-02-10,242,29.1
07 AAA 059,Ford,Caddy,2,10.57,2024-02-11,78,9.42
07 AAA 059,Ford,Caddy,2,10.57,2024-02-12,261,32.27
07 AAA 059,Ford,Caddy,2,10.57,2024-02-13,73,10.03
07 AAA 059,Ford,Caddy,2,10.57,2024-02-14,75,9.41
07 AAA 059,Ford,Caddy,2,10.57,2024-02-15,259,26.53
07 AAA 059,Ford,Caddy,2,10.57,2024-02-16,179,21.83
07 AAA 059,Ford,Caddy,2,10.57,2024-02-17,133,13.32
07 AAA 059,Ford,Caddy,2,10.57,2024-02-18,130,17.29
07 AAA 059,Ford,Caddy,2,10.57,2024-02-19,238,33.17
07 AAA 059,Ford,Caddy,2,10.57,2024-02-20,161,22.28
07 AAA 059,Ford,Caddy,2,10.57,2024-02-21,257,37.41
07 AAA 059,Ford,Caddy,2,10.57,2024-02-22,256,31.83
07 AAA 059,Ford,Caddy,2,10.57,2024-02-23,176,24.7
07 AAA 059,Ford,Caddy,2,10.57,2024-02-24,182,24.56
07 AAA 059,Ford,Caddy,2,10.57,2024-02-25,254,34.99
07 AAA 059,Ford,Caddy,2,10.57,2024-02-26,282,31.9
07 AAA 059,Ford,Caddy,2,10.57,2024-02-27,76,7.82
07 AAA 059,Ford,Caddy,2,10.57,2024-02-28,231,23.31
07 AAA 059,Ford,Caddy,2,10.57,2024-02-29,140,17.33
07 AAA 059,Ford,Caddy,2,10.57,2024-03-01,199,17.74
07 AAA 059,Ford,Caddy,2,10.57,2024-03-02,230,28.27
07 AAA 059,Ford,Caddy,2,10.57,2024-03-03,136,18.5
07 AAA 059,Ford,Caddy,2,10.57,2024-03-04,44,5.24
07 AAA 059,Ford,Caddy,2,10.57,2024-03-05,155,15.33
07 AAA 059,Ford,Caddy,2,10.57,2024-03-06,59,5.91
07 AAA 059,Ford,Caddy,2,10.57,2024-03-07,68,6.08
07 AAA 059,Ford,Caddy,2,10.57,2024-03-08,267,38.33
07 AAA 059,Ford,Caddy,2,10.57,2024-03-09,212,19.81
07 AAA 059,Ford,Caddy,2,10.57,2024-03-10,240,21.57
07 AAA 059,Ford,Caddy,2,10.57,2024-03-11,253,38.94
07 AAA 059,Ford,Caddy,2,10.57,2024-03-12,88,10.19
07 AAA 059,Ford,Caddy,2,10.57,2024-03-13,210,21.58
07 AAA 059,Ford,Caddy,2,10.57,2024-03-14,259,27.32
07 AAA 059,Ford,Caddy,2,10.57,2024-03-15,164,24.15
07 AAA 059,Ford,Caddy,2,10.57,2024-03-16,286,33.2
07 AAA 059,Ford,Caddy,2,10.57,2024-03-17,52,7.33
07 AAA 059,Ford,Caddy,2,10.57,2024-03-18,127,17.04
07 AAA 059,Ford,Caddy,2,10.57,2024-03-19,292,29.17
07 AAA 059,Ford,Caddy,2,10.57,2024-03-20,58,8.29
07 AAA 059,Ford,Caddy,2,10.57,2024-03-21,118,17.19
07 AAA 059,Ford,Caddy,2,10.57,2024-03-22,133,21.04
07 AAA 059,Ford,Caddy,2,10.57,2024-03-23,239,28.24
07 AAA 059,Ford,Caddy,2,10.57,2024-03-24,264,28.88
07 AAA 059,Ford,Caddy,2,10.57,2024-03-25,98,9.81
07 AAA 059,Ford,Caddy,2,10.57,2024-03-26,190,26.78
07 AAA 059,Ford,Caddy,2,10.57,2024-03-27,283,31.57
07 AAA 059,Ford,Caddy,2,10.57,2024-03-28,280,26.86
07 AAA 059,Ford,Caddy,2,10.57,2024-03-29,237,27.02
07 AAA 059,Ford,Caddy,2,10.57,2024-03-30,235,28.88
07 AAA 059,Ford,Caddy,2,10.57,2024-03-31,52,7.63
07 AAA 059,Ford,Caddy,2,10.57,2024-04-01,208,23.48
07 AAA 059,Ford,Caddy,2,10.57,2024-04-02,184,25.73
07 AAA 059,Ford,Caddy,2,10.57,2024-04-03,88,7.47
07 AAA 059,Ford,Caddy,2,10.57,2024-04-04,273,23.79
07 AAA 059,Ford,Caddy,2,10.57,2024-04-05,224,21.59
07 AAA 059,Ford,Caddy,2,10.57,2024-04-06,83,11.88
07 AAA 059,Ford,Caddy,2,10.57,2024-04-07,40,3.62
07 AAA 059,Ford,Caddy,2,10.57,2024-04-08,150,15.57
07 AAA 059,Ford,Caddy,2,10.57,2024-04-09,258,36.23
07 AAA 059,Ford,Caddy,2,10.57,2024-04-10,123,16.5
07 AAA 059,Ford,Caddy,2,10.57,2024-04-11,283,24.84
07 AAA 059,Ford,Caddy,2,10.57,2024-04-12,178,18.77
07 AAA 059,Ford,Caddy,2,10.57,2024-04-13,74,11.14
07 AAA 059,Ford,Caddy,2,10.57,2024-04-14,269,39.39
07 AAA 059,Ford,Caddy,2,10.57,2024-04-15,223,32.02
07 AAA 059,Ford,Caddy,2,10.57,2024-04-16,55,7.48
07 AAA 059,Ford,Caddy,2,10.57,2024-04-17,120,15.9
07 AAA 059,Ford,Caddy,2,10.57,2024-04-18,268,26.62
07 AAA 059,Ford,Caddy,2,10.57,2024-04-19,96,13.97
07 AAA 059,Ford,Caddy,2,10.57,2024-04-20,161,21.62
07 AAA 059,Ford,Caddy,2,10.57,2024-04-21,66,8.77
07 AAA 059,Ford,Caddy,2,10.57,2024-04-22,218,19.34
07 AAA 059,Ford,Caddy,2,10.57,2024-04-23,126,14.35
07 AAA 059,Ford,Caddy,2,10.57,2024-04-24,50,6.65
07 AAA 059,Ford,Caddy,2,10.57,2024-04-25,279,29.39
07 AAA 059,Ford,Caddy,2,10.57,2024-04-26,234,33.88
07 AAA 059,Ford,Caddy,2,10.57,2024-04-27,270,35.24
07 AAA 059,Ford,Caddy,2,10.57,2024-04-28,252,33.69
07 AAA 059,Ford,Caddy,2,10.57,2024-04-29,182,18.19
07 AAA 060,Renault,Fluence,3,24.15,2024-01-01,75,24.99
07 AAA 060,Renault,Fluence,3,24.15,2024-01-02,252,63.02
07 AAA 060,Renault,Fluence,3,24.15,2024-01-03,96,27.25
07 AAA 060,Renault,Fluence,3,24.15,2024-01-04,257,69.36
07 AAA 060,Renault,Fluence,3,24.15,2024-01-05,97,26.88
07 AAA 060,Renault,Fluence,3,24.15,2024-01-06,105,27.94
07 AAA 060,Renault,Fluence,3,24.15,2024-01-07,161,51.28
07 AAA 060,Renault,Fluence,3,24.15,2024-01-08,69,23.34
07 AAA 060,Renault,Fluence,3,24.15,2024-01-09,40,8.23
07 AAA 060,Renault,Fluence,3,24.15,2024-01-10,267,67.4
07 AAA 060,Renault,Fluence,3,24.15,2024-01-11,111,27.55
07 AAA 060,Renault,Fluence,3,24.15,2024-01-12,207,40.77
07 AAA 060,Renault,Fluence,3,24.15,2024-01-13,163,58.33
07 AAA 060,Renault,Fluence,3,24.15,2024-01-14,265,57.78
07 AAA 060,Renault,Fluence,3,24.15,2024-01-15,63,12.74
07 AAA 060,Renault,Fluence,3,24.15,2024-01-16,94,21.31
07 AAA 060,Renault,Fluence,3,24.15,2024-01-17,148,48.28
07 AAA 060,Renault,Fluence,3,24.15,2024-01-18,206,63.01
07 AAA 060,Renault,Fluence,3,24.15,2024-01-19,266,76.93
07 AAA 060,Renault,Fluence,3,24.15,2024-01-20,151,39.71
07 AAA 060,Renault,Fluence,3,24.15,2024-01-21,287,56.13
07 AAA 060,Renault,Fluence,3,24.15,2024-01-22,245,53.32
07 AAA 060,Renault,Fluence,3,24.15,2024-01-23,118,29.61
07 AAA 060,Renault,Fluence,3,24.15,2024-01-24,269,93.56
07 AAA 060,Renault,Fluence,3,24.15,2024-01-25,122,29.23
07 AAA 060,Renault,Fluence,3,24.15,2024-01-26,184,47.42
07 AAA 060,Renault,Fluence,3,24.15,2024-01-27,48,16.35
07 AAA 060,Renault,Fluence,3,24.15,2024-01-28,45,14.86
07 AAA 060,Renault,Fluence,3,24.15,2024-01-29,296,97.09
07 AAA 060,Renault,Fluence,3,24.15,2024-01-30,166,35.26
07 AAA 060,Renault,Fluence,3,24.15,2024-01-31,267,79.94
07 AAA 060,Renault,Fluence,3,24.15,2024-02-01,179,38.03
07 AAA 060,Renault,Fluence,3,24.15,2024-02-02,217,71.24
07 AAA 060,Renault,Fluence,3,24.15,2024-02-03,160,33.32
07 AAA 060,Renault,Fluence,3,24.15,2024-02-04,187,64.89
07 AAA 060,Renault,Fluence,3,24.15,2024-02-05,272,86.25
07 AAA 060,Renault,Fluence,3,24.15,2024-02-06,184,65.19
07 AAA 060,Renault,Fluence,3,24.15,2024-02-07,88,28.13
07 AAA 060,Renault,Fluence,3,24.15,2024-02-08,113,28.86
07 AAA 060,Renault,Fluence,3,24.15,2024-02-09,125,41.36
07 AAA 060,Renault,Fluence,3,24.15,2024-02-10,84,27.95
07 AAA 060,Renault,Fluence,3,24.15,2024-02-11,215,72.03
07 AAA 060,Renault,Fluence,3,24.15,2024-02-12,109,30.89
07 AAA 060,Renault,Fluence,3,24.15,2024-02-13,47,13.46
07 AAA 060,Renault,Fluence,3,24.15,2024-02-14,173,59.0
07 AAA 060,Renault,Fluence,3,24.15,2024-02-15,231,63.04
07 AAA 060,Renault,Fluence,3,24.15,2024-02-16,280,64.02
07 AAA 060,Renault,Fluence,3,24.15,2024-02-17,281,82.51
07 AAA 060,Renault,Fluence,3,24.15,2024-02-18,238,81.61
07 AAA 060,Renault,Fluence,3,24.15,2024-02-19,175,56.83
07 AAA 060,Renault,Fluence,3,24.15,2024-02-20,176,38.48
07 AAA 060,Renault,Fluence,3,24.15,2024-02-21,140,31.24
07 AAA 060,Renault,Fluence,3,24.15,2024-02-22,100,23.96
07 AAA 060,Renault,Fluence,3,24.15,2024-02-23,168,33.69
07 AAA 060,Renault,Fluence,3,24.15,2024-02-24,57,17.93
07 AAA 060,Renault,Fluence,3,24.15,2024-02-25,244,84.18
07 AAA 060,Renault,Fluence,3,24.15,2024-02-26,88,27.93
07 AAA 060,Renault,Fluence,3,24.15,2024-02-27,82,27.59
07 AAA 060,Renault,Fluence,3,24.15,2024-02-28,137,47.38
07 AAA 060,Renault,Fluence,3,24.15,2024-02-29,289,85.44
07 AAA 060,Renault,Fluence,3,24.15,2024-03-01,283,73.05
07 AAA 060,Renault,Fluence,3,24.15,2024-03-02,162,34.74
07 AAA 060,Renault,Fluence,3,24.15,2024-03-03,228,50.34
07 AAA 060,Renault,Fluence,3,24.15,2024-03-04,93,28.95
07 AAA 060,Renault,Fluence,3,24.15,2024-03-05,185,44.89
07 AAA 060,Renault,Fluence,3,24.15,2024-03-06,248,82.27
07 AAA 060,Renault,Fluence,3,24.15,2024-03-07,191,48.3
07 AAA 060,Renault,Fluence,3,24.15,2024-03-08,122,36.8
07 AAA 060,Renault,Fluence,3,24.15,2024-03-09,106,37.79
07 AAA 060,Renault,Fluence,3,24.15,2024-03-10,69,19.68
07 AAA 060,Renault,Fluence,3,24.15,2024-03-11,114,37.58
07 AAA 060,Renault,Fluence,3,24.15,2024-03-12,182,58.29
07 AAA 060,Renault,Fluence,3,24.15,2024-03-13,181,43.03
07 AAA 060,Renault,Fluence,3,24.15,2024-03-14,298,91.32
07 AAA 060,Renault,Fluence,3,24.15,2024-03-15,97,28.23
07 AAA 060,Renault,Fluence,3,24.15,2024-03-16,244,62.83
07 AAA 060,Renault,Fluence,3,24.15,2024-03-17,149,42.36
07 AAA 060,Renault,Fluence,3,24.15,2024-03-18,300,58.73
07 AAA 060,Renault,Fluence,3,24.15,2024-03-19,166,44.61
07 AAA 060,Renault,Fluence,3,24.15,2024-03-20,182,35.34
07 AAA 060,Renault,Fluence,3,24.15,2024-03-21,70,19.51
07 AAA 060,Renault,Fluence,3,24.15,2024-03-22,93,20.48
07 AAA 060,Renault,Fluence,3,24.15,2024-03-23,52,18.43
07 AAA 060,Renault,Fluence,3,24.15,2024-03-24,273,80.1
07 AAA 060,Renault,Fluence,3,24.15,2024-03-25,139,43.22
07 AAA 060,Renault,Fluence,3,24.15,2024-03-26,253,54.25
07 AAA 060,Renault,Fluence,3,24.15,2024-03-27,217,46.5
07 AAA 060,Renault,Fluence,3,24.15,2024-03-28,127,26.37
07 AAA 060,Renault,Fluence,3,24.15,2024-03-29,87,21.82
07 AAA 060,Renault,Fluence,3,24.15,2024-03-30,121,40.01
07 AAA 060,Renault,Fluence,3,24.15,2024-03-31,108,23.6
07 AAA 060,Renault,Fluence,3,24.15,2024-04-01,87,30.16
07 AAA 060,Renault,Fluence,3,24.15,2024-04-02,54,11.67
07 AAA 060,Renault,Fluence,3,24.15,2024-04-03,80,25.55
07 AAA 060,Renault,Fluence,3,24.15,2024-04-04,161,42.26
07 AAA 060,Renault,Fluence,3,24.15,2024-04-05,141,40.83
07 AAA 060,Renault,Fluence,3,24.15,2024-04-06,182,51.14
07 AAA 060,Renault,Fluence,3,24.15,2024-04-07,289,84.47
07 AAA 060,Renault,Fluence,3,24.15,2024-04-08,147,37.64
07 AAA 060,Renault,Fluence,3,24.15,2024-04-09,84,20.29
07 AAA 060,Renault,Fluence,3,24.15,2024-04-10,157,48.47
07 AAA 060,Renault,Fluence,3,24.15,2024-04-11,227,61.31
07 AAA 060,Renault,Fluence,3,24.15,2024-04-12,81,20.29
07 AAA 060,Renault,Fluence,3,24.15,2024-04-13,59,18.4
07 AAA 060,Renault,Fluence,3,24.15,2024-04-14,111,25.85
07 AAA 060,Renault,Fluence,3,24.15,2024-04-15,172,53.55
07 AAA 060,Renault,Fluence,3,24.15,2024-04-16,88,30.47
07 AAA 060,Renault,Fluence,3,24.15,2024-04-17,286,88.09
07 AAA 060,Renault,Fluence,3,24.15,2024-04-18,156,46.71
07 AAA 060,Renault,Fluence,3,24.15,2024-04-19,82,16.38
07 AAA 060,Renault,Fluence,3,24.15,2024-04-20,174,47.36
07 AAA 060,Renault,Fluence,3,24.15,2024-04-21,40,10.61
07 AAA 060,Renault,Fluence,3,24.15,2024-04-22,114,40.65
07 AAA 060,Renault,Fluence,3,24.15,2024-04-23,54,18.04
07 AAA 060,Renault,Fluence,3,24.15,2024-04-24,219,66.82
07 AAA 060,Renault,Fluence,3,24.15,2024-04-25,108,23.56
07 AAA 060,Renault,Fluence,3,24.15,2024-04-26,98,34.82
07 AAA 060,Renault,Fluence,3,24.15,2024-04-27,119,38.52
07 AAA 060,Renault,Fluence,3,24.15,2024-04-28,103,20.77
07 AAA 060,Renault,Fluence,3,24.15,2024-04-29,278,74.42
07 AAA 061,Volkswagen,Transit,4,7.52,2024-01-01,84,7.49
07 AAA 061,Volkswagen,Transit,4,7.52,2024-01-02,253,24.32
07 AAA 061,Volkswagen,Transit,4,7.52,2024-01-03,158,16.21
07 AAA 061,Volkswagen,Transit,4,7.52,2024-01-04,265,20.12
07 AAA 061,Volkswagen,Transit,4,7.52,2024-01-05,270,19.31
07 AAA 061,Volkswagen,Transit,4,7.52,2024-01-06,256,26.92
07 AAA 061,Volkswagen,Transit,4,7.52,2024-01-07,194,21.29
07 AAA 061,Volkswagen,Transit,4,7.52,2024-01-08,48,2.94
07 AAA 061,Volkswagen,Transit,4,7.52,2024-01-09,236,19.35
07 AAA 061,Volkswagen,Transit,4,7.52,2024-01-10,105,8.69
07 AAA 061,Volkswagen,Transit,4,7.52,2024-01-11,265,16.36
07 AAA 061,Volkswagen,Transit,4,7.52,2024-01-12,190,21.42
07 AAA 061,Volkswagen,Transit,4,7.52,2024-01-13,269,17.96
07 AAA 061,Volkswagen,Transit,4,7.52,2024-01-14,180,11.71
07 AAA 061,Volkswagen,Transit,4,7.52,2024-01-15,273,22.03
07 AAA 061,Volkswagen,Transit,4,7.52,2024-01-16,209,21.84
07 AAA 061,Volkswagen,Transit,4,7.52,2024-01-17,224,16.35
07 AAA 061,Volkswagen,Transit,4,7.52,2024-01-18,225,17.77
07 AAA 061,Volkswagen,Transit,4,7.52,2024-01-19,90,7.74
07 AAA 061,Volkswagen,Transit,4,7.52,2024-01-20,269,29.55
07 AAA 061,Volkswagen,Transit,4,7.52,2024-01-21,64,7.18
07 AAA 061,Volkswagen,Transit,4,7.52,2024-01-22,285,28.22
07 AAA 061,Volkswagen,Transit,4,7.52,2024-01-23,197,15.36
07 AAA 061,Volkswagen,Transit,4,7.52,2024-01-24,296,20.88
07 AAA 061,Volkswagen,Transit,4,7.52,2024-01-25,49,5.24
07 AAA 061,Volkswagen,Transit,4,7.52,2024-01-26,195,20.96
07 AAA 061,Volkswagen,Transit,4,7.52,2024-01-27,121,7.83
07 AAA 061,Volkswagen,Transit,4,7.52,2024-01-28,271,29.2
07 AAA 061,Volkswagen,Transit,4,7.52,2024-01-29,157,9.72
07 AAA 061,Volkswagen,Transit,4,7.52,2024-01-30,87,8.5
07 AAA 061,Volkswagen,Transit,4,7.52,2024-01-31,242,27.15
07 AAA 061,Volkswagen,Transit,4,7.52,2024-02-01,281,17.96
07 AAA 061,Volkswagen,Transit,4,7.52,2024-02-02,207,17.21
07 AAA 061,Volkswagen,Transit,4,7.52,2024-02-03,127,7.8
07 AAA 061,Volkswagen,Transit,4,7.52,2024-02-04,245,18.33
07 AAA 061,Volkswagen,Transit,4,7.52,2024-02-05,222,17.28
07 AAA 061,Volkswagen,Transit,4,7.52,2024-02-06,241,16.78
07 AAA 061,Volkswagen,Transit,4,7.52,2024-02-07,266,16.76
07 AAA 061,Volkswagen,Transit,4,7.52,2024-02-08,180,17.31
07 AAA 061,Volkswagen,Transit,4,7.52,2024-02-09,298,24.25
07 AAA 061,Volkswagen,Transit,4,7.52,2024-02-10,212,14.66
07 AAA 061,Volkswagen,Transit,4,7.52,2024-02-11,188,11.85
07 AAA 061,Volkswagen,Transit,4,7.52,2024-02-12,69,5.96
07 AAA 061,Volkswagen,Transit,4,7.52,2024-02-13,164,12.61
07 AAA 061,Volkswagen,Transit,4,7.52,2024-02-14,75,7.24
07 AAA 061,Volkswagen,Transit,4,7.52,2024-02-15,93,9.54
07 AAA 061,Volkswagen,Transit,4,7.52,2024-02-16,235,20.99
07 AAA 061,Volkswagen,Transit,4,7.52,2024-02-17,143,13.04
07 AAA 061,Volkswagen,Transit,4,7.52,2024-02-18,239,15.48
07 AAA 061,Volkswagen,Transit,4,7.52,2024-02-19,137,11.05
07 AAA 061,Volkswagen,Transit,4,7.52,2024-02-20,127,11.64
07 AAA 061,Volkswagen,Transit,4,7.52,2024-02-21,181,13.99
07 AAA 061,Volkswagen,Transit,4,7.52,2024-02-22,74,5.04
07 AAA 061,Volkswagen,Transit,4,7.52,2024-02-23,66,6.53
07 AAA 061,Volkswagen,Transit,4,7.52,2024-02-24,201,22.35
07 AAA 061,Volkswagen,Transit,4,7.52,2024-02-25,183,18.52
07 AAA 061,Volkswagen,Transit,4,7.52,2024-02-26,126,12.95
07 AAA 061,Volkswagen,Transit,4,7.52,2024-02-27,177,16.73
07 AAA 061,Volkswagen,Transit,4,7.52,2024-02-28,266,17.7
07 AAA 061,Volkswagen,Transit,4,7.52,2024-02-29,270,20.51
07 AAA 061,Volkswagen,Transit,4,7.52,2024-03-01,239,20.89
07 AAA 061,Volkswagen,Transit,4,7.52,2024-03-02,84,5.33
07 AAA 061,Volkswagen,Transit,4,7.52,2024-03-03,131,14.02
07 AAA 061,Volkswagen,Transit,4,7.52,2024-03-04,88,7.54
07 AAA 061,Volkswagen,Transit,4,7.52,2024-03-05,100,9.29
07 AAA 061,Volkswagen,Transit,4,7.52,2024-03-06,157,14.0
07 AAA 061,Volkswagen,Transit,4,7.52,2024-03-07,234,22.09
07 AAA 061,Volkswagen,Transit,4,7.52,2024-03-08,152,14.48
07 AAA 061,Volkswagen,Transit,4,7.52,2024-03-09,146,8.95
07 AAA 061,Volkswagen,Transit,4,7.52,2024-03-10,85,6.48
07 AAA 061,Volkswagen,Transit,4,7.52,2024-03-11,101,8.76
07 AAA 061,Volkswagen,Transit,4,7.52,2024-03-12,249,17.54
07 AAA 061,Volkswagen,Transit,4,7.52,2024-03-13,243,22.18
07 AAA 061,Volkswagen,Transit,4,7.52,2024-03-14,224,21.92
07 AAA 061,Volkswagen,Transit,4,7.52,2024-03-15,229,21.74
07 AAA 061,Volkswagen,Transit,4,7.52,2024-03-16,203,17.79
07 AAA 061,Volkswagen,Transit,4,7.52,2024-03-17,259,24.32
07 AAA 061,Volkswagen,Transit,4,7.52,2024-03-18,99,6.47
07 AAA 061,Volkswagen,Transit,4,7.52,2024-03-19,134,14.57
07 AAA 061,Volkswagen,Transit,4,7.52,2024-03-20,102,9.17
07 AAA 061,Volkswagen,Transit,4,7.52,2024-03-21,190,11.47
07 AAA 061,Volkswagen,Transit,4,7.52,2024-03-22,120,11.77
07 AAA 061,Volkswagen,Transit,4,7.52,2024-03-23,49,3.46
07 AAA 061,Volkswagen,Transit,4,7.52,2024-03-24,259,15.77
07 AAA 061,Volkswagen,Transit,4,7.52,2024-03-25,48,4.37
07 AAA 061,Volkswagen,Transit,4,7.52,2024-03-26,230,25.69
07 AAA 061,Volkswagen,Transit,4,7.52,2024-03-27,236,18.78
07 AAA 061,Volkswagen,Transit,4,7.52,2024-03-28,71,5.7
07 AAA 061,Volkswagen,Transit,4,7.52,2024-03-29,284,22.55
07 AAA 061,Volkswagen,Transit,4,7.52,2024-03-30,73,6.38
07 AAA 061,Volkswagen,Transit,4,7.52,2024-03-31,92,7.96
07 AAA 061,Volkswagen,Transit,4,7.52,2024-04-01,209,18.02
07 AAA 061,Volkswagen,Transit,4,7.52,2024-04-02,46,4.24
07 AAA 061,Volkswagen,Transit,4,7.52,2024-04-03,262,24.29
07 AAA 061,Volkswagen,Transit,4,7.52,2024-04-04,173,19.33
07 AAA 061,Volkswagen,Transit,4,7.52,2024-04-05,109,7.43
07 AAA 061,Volkswagen,Transit,4,7.52,2024-04-06,170,18.29
07 AAA 061,Volkswagen,Transit,4,7.52,2024-04-07,287,19.82
07 AAA 061,Volkswagen,Transit,4,7.52,2024-04-08,251,23.58
07 AAA 061,Volkswagen,Transit,4,7.52,2024-04-09,48,5.31
07 AAA 061,Volkswagen,Transit,4,7.52,2024-04-10,137,14.45
07 AAA 061,Volkswagen,Transit,4,7.52,2024-04-11,240,21.78
07 AAA 061,Volkswagen,Transit,4,7.52,2024-04-12,244,18.77
07 AAA 061,Volkswagen,Transit,4,7.52,2024-04-13,270,21.24
07 AAA 061,Volkswagen,Transit,4,7.52,2024-04-14,144,9.92
07 AAA 061,Volkswagen,Transit,4,7.52,2024-04-15,264,17.95
07 AAA 061,Volkswagen,Transit,4,7.52,2024-04-16,224,19.42
07 AAA 061,Volkswagen,Transit,4,7.52,2024-04-17,104,8.19
07 AAA 061,Volkswagen,Transit,4,7.52,2024-04-18,170,12.5
07 AAA 061,Volkswagen,Transit,4,7.52,2024-04-19,249,21.09
07 AAA 061,Volkswagen,Transit,4,7.52,2024-04-20,179,12.76
07 AAA 061,Volkswagen,Transit,4,7.52,2024-04-21,123,10.46
07 AAA 061,Volkswagen,Transit,4,7.52,2024-04-22,60,6.31
07 AAA 061,Volkswagen,Transit,4,7.52,2024-04-23,206,17.89
07 AAA 061,Volkswagen,Transit,4,7.52,2024-04-24,100,7.73
07 AAA 061,Volkswagen,Transit,4,7.52,2024-04-25,231,16.24
07 AAA 061,Volkswagen,Transit,4,7.52,2024-04-26,151,13.32
07 AAA 061,Volkswagen,Transit,4,7.52,2024-04-27,298,20.08
07 AAA 061,Volkswagen,Transit,4,7.52,2024-04-28,43,3.17
07 AAA 061,Volkswagen,Transit,4,7.52,2024-04-29,162,10.46
07 AAA 062,Ford,Caddy,1,12.28,2024-01-01,241,39.7
07 AAA 062,Ford,Caddy,1,12.28,2024-01-02,67,7.58
07 AAA 062,Ford,Caddy,1,12.28,2024-01-03,97,15.88
07 AAA 062,Ford,Caddy,1,12.28,2024-01-04,237,26.95
07 AAA 062,Ford,Caddy,1,12.28,2024-01-05,93,14.42
07 AAA 062,Ford,Caddy,1,12.28,2024-01-06,114,12.48
07 AAA 062,Ford,Caddy,1,12.28,2024-01-07,86,13.14
07 AAA 062,Ford,Caddy,1,12.28,2024-01-08,272,32.64
07 AAA 062,Ford,Caddy,1,12.28,2024-01-09,89,11.63
07 AAA 062,Ford,Caddy,1,12.28,2024-01-10,100,15.4
07 AAA 062,Ford,Caddy,1,12.28,2024-01-11,297,43.75
07 AAA 062,Ford,Caddy,1,12.28,2024-01-12,258,33.53
07 AAA 062,Ford,Caddy,1,12.28,2024-01-13,191,20.37
07 AAA 062,Ford,Caddy,1,12.28,2024-01-14,56,9.11
07 AAA 062,Ford,Caddy,1,12.28,2024-01-15,245,39.72
07 AAA 062,Ford,Caddy,1,12.28,2024-01-16,81,10.11
07 AAA 062,Ford,Caddy,1,12.28,2024-01-17,260,35.3
07 AAA 062,Ford,Caddy,1,12.28,2024-01-18,252,33.01
07 AAA 062,Ford,Caddy,1,12.28,2024-01-19,211,23.88
07 AAA 062,Ford,Caddy,1,12.28,2024-01-20,228,29.26
07 AAA 062,Ford,Caddy,1,12.28,2024-01-21,165,22.57
07 AAA 062,Ford,Caddy,1,12.28,2024-01-22,140,14.17
07 AAA 062,Ford,Caddy,1,12.28,2024-01-23,213,24.55
07 AAA 062,Ford,Caddy,1,12.28,2024-01-24,178,23.17
07 AAA 062,Ford,Caddy,1,12.28,2024-01-25,83,10.35
07 AAA 062,Ford,Caddy,1,12.28,2024-01-26,145,21.73
07 AAA 062,Ford,Caddy,1,12.28,2024-01-27,254,33.02
07 AAA 062,Ford,Caddy,1,12.28,2024-01-28,149,27.23
07 AAA 062,Ford,Caddy,1,12.28,2024-01-29,175,17.59
07 AAA 062,Ford,Caddy,1,12.28,2024-01-30,266,31.5
07 AAA 062,Ford,Caddy,1,12.28,2024-01-31,297,29.55
07 AAA 062,Ford,Caddy,1,12.28,2024-02-01,54,7.08
07 AAA 062,Ford,Caddy,1,12.28,2024-02-02,252,29.84
07 AAA 062,Ford,Caddy,1,12.28,2024-02-03,277,32.04
07 AAA 062,Ford,Caddy,1,12.28,2024-02-04,276,36.3
07 AAA 062,Ford,Caddy,1,12.28,2024-02-05,121,20.6
07 AAA 062,Ford,Caddy,1,12.28,2024-02-06,180,28.96
07 AAA 062,Ford,Caddy,1,12.28,2024-02-07,249,27.87
07 AAA 062,Ford,Caddy,1,12.28,2024-02-08,62,8.05
07 AAA 062,Ford,Caddy,1,12.28,2024-02-09,244,43.31
07 AAA 062,Ford,Caddy,1,12.28,2024-02-10,297,51.44
07 AAA 062,Ford,Caddy,1,12.28,2024-02-11,144,17.63
07 AAA 062,Ford,Caddy,1,12.28,2024-02-12,209,29.45
07 AAA 062,Ford,Caddy,1,12.28,2024-02-13,139,17.44
07 AAA 062,Ford,Caddy,1,12.28,2024-02-14,264,39.8
07 AAA 062,Ford,Caddy,1,12.28,2024-02-15,250,41.71
07 AAA 062,Ford,Caddy,1,12.28,2024-02-16,279,45.51
07 AAA 062,Ford,Caddy,1,12.28,2024-02-17,109,15.18
07 AAA 062,Ford,Caddy,1,12.28,2024-02-18,179,29.56
07 AAA 062,Ford,Caddy,1,12.28,2024-02-19,213,21.94
07 AAA 062,Ford,Caddy,1,12.28,2024-02-20,170,25.48
07 AAA 062,Ford,Caddy,1,12.28,2024-02-21,113,11.5
07 AAA 062,Ford,Caddy,1,12.28,2024-02-22,103,11.45
07 AAA 062,Ford,Caddy,1,12.28,2024-02-23,142,17.2
07 AAA 062,Ford,Caddy,1,12.28,2024-02-24,187,27.88
07 AAA 062,Ford,Caddy,1,12.28,2024-02-25,277,50.27
07 AAA 062,Ford,Caddy,1,12.28,2024-02-26,83,15.26
07 AAA 062,Ford,Caddy,1,12.28,2024-02-27,144,24.28
07 AAA 062,Ford,Caddy,1,12.28,2024-02-28,131,22.69
07 AAA 062,Ford,Caddy,1,12.28,2024-02-29,124,19.18
07 AAA 062,Ford,Caddy,1,12.28,2024-03-01,227,29.38
07 AAA 062,Ford,Caddy,1,12.28,2024-03-02,75,12.2
07 AAA 062,Ford,Caddy,1,12.28,2024-03-03,282,35.92
07 AAA 062,Ford,Caddy,1,12.28,2024-03-04,277,41.29
07 AAA 062,Ford,Caddy,1,12.28,2024-03-05,128,22.24
07 AAA 062,Ford,Caddy,1,12.28,2024-03-06,195,20.75
07 AAA 062,Ford,Caddy,1,12.28,2024-03-07,53,8.03
07 AAA 062,Ford,Caddy,1,12.28,2024-03-08,166,19.31
07 AAA 062,Ford,Caddy,1,12.28,2024-03-09,241,30.52
07 AAA 062,Ford,Caddy,1,12.28,2024-03-10,208,36.73
07 AAA 062,Ford,Caddy,1,12.28,2024-03-11,199,22.25
07 AAA 062,Ford,Caddy,1,12.28,2024-03-12,292,50.31
07 AAA 062,Ford,Caddy,1,12.28,2024-03-13,267,30.06
07 AAA 062,Ford,Caddy,1,12.28,2024-03-14,177,18.25
07 AAA 062,Ford,Caddy,1,12.28,2024-03-15,76,11.76
07 AAA 062,Ford,Caddy,1,12.28,2024-03-16,251,29.27
07 AAA 062,Ford,Caddy,1,12.28,2024-03-17,128,20.96
07 AAA 062,Ford,Caddy,1,12.28,2024-03-18,112,20.11
07 AAA 062,Ford,Caddy,1,12.28,2024-03-19,128,18.32
07 AAA 062,Ford,Caddy,1,12.28,2024-03-20,243,32.0
07 AAA 062,Ford,Caddy,1,12.28,2024-03-21,181,25.26
07 AAA 062,Ford,Caddy,1,12.28,2024-03-22,290,50.07
07 AAA 062,Ford,Caddy,1,12.28,2024-03-23,282,35.93
07 AAA 062,Ford,Caddy,1,12.28,2024-03-24,238,36.7
07 AAA 062,Ford,Caddy,1,12.28,2024-03-25,91,11.1
07 AAA 062,Ford,Caddy,1,12.28,2024-03-26,141,21.22
07 AAA 062,Ford,Caddy,1,12.28,2024-03-27,137,23.88
07 AAA 062,Ford,Caddy,1,12.28,2024-03-28,45,7.68
07 AAA 062,Ford,Caddy,1,12.28,2024-03-29,163,17.38
07 AAA 062,Ford,Caddy,1,12.28,2024-03-30,203,32.98
07 AAA 062,Ford,Caddy,1,12.28,2024-03-31,169,21.59
07 AAA 062,Ford,Caddy,1,12.28,2024-04-01,40,5.13
07 AAA 062,Ford,Caddy,1,12.28,2024-04-02,214,24.71
07 AAA 062,Ford,Caddy,1,12.28,2024-04-03,292,32.21
07 AAA 062,Ford,Caddy,1,12.28,2024-04-04,293,34.67
07 AAA 062,Ford,Caddy,1,12.28,2024-04-05,198,25.65
07 AAA 062,Ford,Caddy,1,12.28,2024-04-06,49,8.35
07 AAA 062,Ford,Caddy,1,12.28,2024-04-07,189,23.49
07 AAA 062,Ford,Caddy,1,12.28,2024-04-08,293,53.06
07 AAA 062,Ford,Caddy,1,12.28,2024-04-09,98,14.77
07 AAA 062,Ford,Caddy,1,12.28,2024-04-10,53,8.78
07 AAA 062,Ford,Caddy,1,12.28,2024-04-11,158,21.42
07 AAA 062,Ford,Caddy,1,12.28,2024-04-12,142,20.72
07 AAA 062,Ford,Caddy,1,12.28,2024-04-13,181,22.03
07 AAA 062,Ford,Caddy,1,12.28,2024-04-14,106,15.19
07 AAA 062,Ford,Caddy,1,12.28,2024-04-15,59,10.42
07 AAA 062,Ford,Caddy,1,12.28,2024-04-16,169,25.2
07 AAA 062,Ford,Caddy,1,12.28,2024-04-17,83,8.5
07 AAA 062,Ford,Caddy,1,12.28,2024-04-18,279,33.92
07 AAA 062,Ford,Caddy,1,12.28,2024-04-19,42,5.33
07 AAA 062,Ford,Caddy,1,12.28,2024-04-20,211,35.56
07 AAA 062,Ford,Caddy,1,12.28,2024-04-21,216,33.68
07 AAA 062,Ford,Caddy,1,12.28,2024-04-22,181,32.58
07 AAA 062,Ford,Caddy,1,12.28,2024-04-23,271,31.13
07 AAA 062,Ford,Caddy,1,12.28,2024-04-24,121,21.21
07 AAA 062,Ford,Caddy,1,12.28,2024-04-25,92,11.11
07 AAA 062,Ford,Caddy,1,12.28,2024-04-26,58,9.25
07 AAA 062,Ford,Caddy,1,12.28,2024-04-27,173,23.86
07 AAA 062,Ford,Caddy,1,12.28,2024-04-28,236,25.69
07 AAA 062,Ford,Caddy,1,12.28,2024-04-29,93,14.36
07 AAA 063,Renault,Fluence,2,10.7,2024-01-01,203,18.45
07 AAA 063,Renault,Fluence,2,10.7,2024-01-02,173,19.1
07 AAA 063,Renault,Fluence,2,10.7,2024-01-03,206,18.39
07 AAA 063,Renault,Fluence,2,10.7,2024-01-04,262,28.5
07 AAA 063,Renault,Fluence,2,10.7,2024-01-05,64,7.02
07 AAA 063,Renault,Fluence,2,10.7,2024-01-06,245,25.11
07 AAA 063,Renault,Fluence,2,10.7,2024-01-07,176,18.45
07 AAA 063,Renault,Fluence,2,10.7,2024-01-08,273,41.89
07 AAA 063,Renault,Fluence,2,10.7,2024-01-09,145,23.22
07 AAA 063,Renault,Fluence,2,10.7,2024-01-10,89,11.48
07 AAA 063,Renault,Fluence,2,10.7,2024-01-11,190,25.49
07 AAA 063,Renault,Fluence,2,10.7,2024-01-12,218,34.52
07 AAA 063,Renault,Fluence,2,10.7,2024-01-13,80,12.28
07 AAA 063,Renault,Fluence,2,10.7,2024-01-14,207,27.04
07 AAA 063,Renault,Fluence,2,10.7,2024-01-15,155,17.94
07 AAA 063,Renault,Fluence,2,10.7,2024-01-16,67,6.13
07 AAA 063,Renault,Fluence,2,10.7,2024-01-17,145,17.69
07 AAA 063,Renault,Fluence,2,10.7,2024-01-18,263,36.24
07 AAA 063,Renault,Fluence,2,10.7,2024-01-19,300,37.25
07 AAA 063,Renault,Fluence,2,10.7,2024-01-20,216,34.6
07 AAA 063,Renault,Fluence,2,10.7,2024-01-21,114,14.22
07 AAA 063,Renault,Fluence,2,10.7,2024-01-22,49,4.28
07 AAA 063,Renault,Fluence,2,10.7,2024-01-23,178,19.88
07 AAA 063,Renault,Fluence,2,10.7,2024-01-24,241,21.08
07 AAA 063,Renault,Fluence,2,10.7,2024-01-25,109,17.23
07 AAA 063,Renault,Fluence,2,10.7,2024-01-26,74,10.2
07 AAA 063,Renault,Fluence,2,10.7,2024-01-27,116,11.44
07 AAA 063,Renault,Fluence,2,10.7,2024-01-28,193,28.25
07 AAA 063,Renault,Fluence,2,10.7,2024-01-29,100,15.73
07 AAA 063,Renault,Fluence,2,10.7,2024-01-30,291,43.62
07 AAA 063,Renault,Fluence,2,10.7,2024-01-31,187,27.37
07 AAA 063,Renault,Fluence,2,10.7,2024-02-01,111,12.45
07 AAA 063,Renault,Fluence,2,10.7,2024-02-02,44,4.16
07 AAA 063,Renault,Fluence,2,10.7,2024-02-03,151,21.21
07 AAA 063,Renault,Fluence,2,10.7,2024-02-04,276,28.85
07 AAA 063,Renault,Fluence,2,10.7,2024-02-05,262,39.74
07 AAA 063,Renault,Fluence,2,10.7,2024-02-06,244,22.51
07 AAA 063,Renault,Fluence,2,10.7,2024-02-07,254,35.87
07 AAA 063,Renault,Fluence,2,10.7,2024-02-08,244,26.58
07 AAA 063,Renault,Fluence,2,10.7,2024-02-09,92,14.34
07 AAA 063,Renault,Fluence,2,10.7,2024-02-10,142,22.7
07 AAA 063,Renault,Fluence,2,10.7,2024-02-11,68,9.37
07 AAA 063,Renault,Fluence,2,10.7,2024-02-12,128,19.7
07 AAA 063,Renault,Fluence,2,10.7,2024-02-13,254,30.09
07 AAA 063,Renault,Fluence,2,10.7,2024-02-14,147,13.01
07 AAA 063,Renault,Fluence,2,10.7,2024-02-15,251,34.63
07 AAA 063,Renault,Fluence,2,10.7,2024-02-16,288,43.71
07 AAA 063,Renault,Fluence,2,10.7,2024-02-17,160,22.47
07 AAA 063,Renault,Fluence,2,10.7,2024-02-18,95,8.96
07 AAA 063,Renault,Fluence,2,10.7,2024-02-19,121,17.64
07 AAA 063,Renault,Fluence,2,10.7,2024-02-20,183,22.16
07 AAA 063,Renault,Fluence,2,10.7,2024-02-21,77,10.43
07 AAA 063,Renault,Fluence,2,10.7,2024-02-22,118,13.12
07 AAA 063,Renault,Fluence,2,10.7,2024-02-23,145,12.51
07 AAA 063,Renault,Fluence,2,10.7,2024-02-24,204,21.02
07 AAA 063,Renault,Fluence,2,10.7,2024-02-25,163,24.59
07 AAA 063,Renault,Fluence,2,10.7,2024-02-26,204,32.7
07 AAA 063,Renault,Fluence,2,10.7,2024-02-27,105,14.05
07 AAA 063,Renault,Fluence,2,10.7,2024-02-28,135,20.25
07 AAA 063,Renault,Fluence,2,10.7,2024-02-29,235,27.5
07 AAA 063,Renault,Fluence,2,10.7,2024-03-01,273,30.45
07 AAA 063,Renault,Fluence,2,10.7,2024-03-02,168,17.47
07 AAA 063,Renault,Fluence,2,10.7,2024-03-03,146,19.43
07 AAA 063,Renault,Fluence,2,10.7,2024-03-04,186,16.1
07 AAA 063,Renault,Fluence,2,10.7,2024-03-05,94,14.13
07 AAA 063,Renault,Fluence,2,10.7,2024-03-06,270,28.95
07 AAA 063,Renault,Fluence,2,10.7,2024-03-07,238,21.24
07 AAA 063,Renault,Fluence,2,10.7,2024-03-08,123,13.36
07 AAA 063,Renault,Fluence,2,10.7,2024-03-09,113,12.99
07 AAA 063,Renault,Fluence,2,10.7,2024-03-10,234,26.38
07 AAA 063,Renault,Fluence,2,10.7,2024-03-11,284,32.41
07 AAA 063,Renault,Fluence,2,10.7,2024-03-12,99,13.92
07 AAA 063,Renault,Fluence,2,10.7,2024-03-13,53,6.88
07 AAA 063,Renault,Fluence,2,10.7,2024-03-14,53,8.26
07 AAA 063,Renault,Fluence,2,10.7,2024-03-15,181,25.86
07 AAA 063,Renault,Fluence,2,10.7,2024-03-16,245,31.53
07 AAA 063,Renault,Fluence,2,10.7,2024-03-17,225,34.01
07 AAA 063,Renault,Fluence,2,10.7,2024-03-18,256,33.97
07 AAA 063,Renault,Fluence,2,10.7,2024-03-19,194,23.91
07 AAA 063,Renault,Fluence,2,10.7,2024-03-20,293,32.92
07 AAA 063,Renault,Fluence,2,10.7,2024-03-21,211,18.93
07 AAA 063,Renault,Fluence,2,10.7,2024-03-22,237,21.52
07 AAA 063,Renault,Fluence,2,10.7,2024-03-23,83,13.25
07 AAA 063,Renault,Fluence,2,10.7,2024-03-24,108,13.94
07 AAA 063,Renault,Fluence,2,10.7,2024-03-25,201,30.2
07 AAA 063,Renault,Fluence,2,10.7,2024-03-26,217,26.07
07 AAA 063,Renault,Fluence,2,10.7,2024-03-27,255,31.45
07 AAA 063,Renault,Fluence,2,10.7,2024-03-28,85,10.08
07 AAA 063,Renault,Fluence,2,10.7,2024-03-29,245,35.76
07 AAA 063,Renault,Fluence,2,10.7,2024-03-30,43,6.5
07 AAA 063,Renault,Fluence,2,10.7,2024-03-31,64,9.14
07 AAA 063,Renault,Fluence,2,10.7,2024-04-01,261,40.49
07 AAA 063,Renault,Fluence,2,10.7,2024-04-02,142,19.66
07 AAA 063,Renault,Fluence,2,10.7,2024-04-03,92,10.35
07 AAA 063,Renault,Fluence,2,10.7,2024-04-04,84,12.72
07 AAA 063,Renault,Fluence,2,10.7,2024-04-05,143,17.86
07 AAA 063,Renault,Fluence,2,10.7,2024-04-06,117,16.45
07 AAA 063,Renault,Fluence,2,10.7,2024-04-07,133,20.48
07 AAA 063,Renault,Fluence,2,10.7,2024-04-08,59,7.76
07 AAA 063,Renault,Fluence,2,10.7,2024-04-09,284,41.59
07 AAA 063,Renault,Fluence,2,10.7,2024-04-10,130,20.84
07 AAA 063,Renault,Fluence,2,10.7,2024-04-11,100,13.7
07 AAA 063,Renault,Fluence,2,10.7,2024-04-12,211,21.03
07 AAA 063,Renault,Fluence,2,10.7,2024-04-13,119,17.04
07 AAA 063,Renault,Fluence,2,10.7,2024-04-14,182,25.74
07 AAA 063,Renault,Fluence,2,10.7,2024-04-15,224,23.7
07 AAA 063,Renault,Fluence,2,10.7,2024-04-16,179,21.05
07 AAA 063,Renault,Fluence,2,10.7,2024-04-17,101,12.33
07 AAA 063,Renault,Fluence,2,10.7,2024-04-18,255,33.4
07 AAA 063,Renault,Fluence,2,10.7,2024-04-19,102,15.96
07 AAA 063,Renault,Fluence,2,10.7,2024-04-20,82,9.06
07 AAA 063,Renault,Fluence,2,10.7,2024-04-21,240,28.53
07 AAA 063,Renault,Fluence,2,10.7,2024-04-22,92,14.13
07 AAA 063,Renault,Fluence,2,10.7,2024-04-23,57,4.89
07 AAA 063,Renault,Fluence,2,10.7,2024-04-24,234,22.31
07 AAA 063,Renault,Fluence,2,10.7,2024-04-25,284,42.38
07 AAA 063,Renault,Fluence,2,10.7,2024-04-26,132,13.0
07 AAA 063,Renault,Fluence,2,10.7,2024-04-27,215,33.67
07 AAA 063,Renault,Fluence,2,10.7,2024-04-28,58,7.95
07 AAA 063,Renault,Fluence,2,10.7,2024-04-29,286,40.11
07 AAA 064,Fiat,Doblo,1,11.47,2024-01-01,140,22.27
07 AAA 064,Fiat,Doblo,1,11.47,2024-01-02,153,16.84
07 AAA 064,Fiat,Doblo,1,11.47,2024-01-03,108,13.19
07 AAA 064,Fiat,Doblo,1,11.47,2024-01-04,146,22.28
07 AAA 064,Fiat,Doblo,1,11.47,2024-01-05,157,18.92
07 AAA 064,Fiat,Doblo,1,11.47,2024-01-06,130,14.98
07 AAA 064,Fiat,Doblo,1,11.47,2024-01-07,100,16.34
07 AAA 064,Fiat,Doblo,1,11.47,2024-01-08,112,12.88
07 AAA 064,Fiat,Doblo,1,11.47,2024-01-09,62,6.56
07 AAA 064,Fiat,Doblo,1,11.47,2024-01-10,109,13.72
07 AAA 064,Fiat,Doblo,1,11.47,2024-01-11,265,32.18
07 AAA 064,Fiat,Doblo,1,11.47,2024-01-12,243,34.43
07 AAA 064,Fiat,Doblo,1,11.47,2024-01-13,193,22.36
07 AAA 064,Fiat,Doblo,1,11.47,2024-01-14,62,7.89
07 AAA 064,Fiat,Doblo,1,11.47,2024-01-15,242,34.36
07 AAA 064,Fiat,Doblo,1,11.47,2024-01-16,54,9.24
07 AAA 064,Fiat,Doblo,1,11.47,2024-01-17,262,35.5
07 AAA 064,Fiat,Doblo,1,11.47,2024-01-18,90,10.64
07 AAA 064,Fiat,Doblo,1,11.47,2024-01-19,292,34.01
07 AAA 064,Fiat,Doblo,1,11.47,2024-01-20,272,32.76
07 AAA 064,Fiat,Doblo,1,11.47,2024-01-21,59,9.8
07 AAA 064,Fiat,Doblo,1,11.47,2024-01-22,144,16.32
07 AAA 064,Fiat,Doblo,1,11.47,2024-01-23,201,18.46
07 AAA 064,Fiat,Doblo,1,11.47,2024-01-24,91,8.99
07 AAA 064,Fiat,Doblo,1,11.47,2024-01-25,103,10.84
07 AAA 064,Fiat,Doblo,1,11.47,2024-01-26,41,6.49
07 AAA 064,Fiat,Doblo,1,11.47,2024-01-27,192,22.47
07 AAA 064,Fiat,Doblo,1,11.47,2024-01-28,187,26.94
07 AAA 064,Fiat,Doblo,1,11.47,2024-01-29,109,13.66
07 AAA 064,Fiat,Doblo,1,11.47,2024-01-30,71,9.78
07 AAA 064,Fiat,Doblo,1,11.47,2024-01-31,67,7.16
07 AAA 064,Fiat,Doblo,1,11.47,2024-02-01,296,28.22
07 AAA 064,Fiat,Doblo,1,11.47,2024-02-02,189,31.54
07 AAA 064,Fiat,Doblo,1,11.47,2024-02-03,165,15.63
07 AAA 064,Fiat,Doblo,1,11.47,2024-02-04,242,32.83
07 AAA 064,Fiat,Doblo,1,11.47,2024-02-05,94,15.65
07 AAA 064,Fiat,Doblo,1,11.47,2024-02-06,275,32.28
07 AAA 064,Fiat,Doblo,1,11.47,2024-02-07,236,34.95
07 AAA 064,Fiat,Doblo,1,11.47,2024-02-08,144,24.44
07 AAA 064,Fiat,Doblo,1,11.47,2024-02-09,164,24.57
07 AAA 064,Fiat,Doblo,1,11.47,2024-02-10,209,35.93
07 AAA 064,Fiat,Doblo,1,11.47,2024-02-11,133,17.56
07 AAA 064,Fiat,Doblo,1,11.47,2024-02-12,223,37.6
07 AAA 064,Fiat,Doblo,1,11.47,2024-02-13,199,28.51
07 AAA 064,Fiat,Doblo,1,11.47,2024-02-14,152,15.58
07 AAA 064,Fiat,Doblo,1,11.47,2024-02-15,238,39.16
07 AAA 064,Fiat,Doblo,1,11.47,2024-02-16,150,19.89
07 AAA 064,Fiat,Doblo,1,11.47,2024-02-17,239,29.73
07 AAA 064,Fiat,Doblo,1,11.47,2024-02-18,235,31.27
07 AAA 064,Fiat,Doblo,1,11.47,2024-02-19,300,36.26
07 AAA 064,Fiat,Doblo,1,11.47,2024-02-20,219,34.77
07 AAA 064,Fiat,Doblo,1,11.47,2024-02-21,55,6.35
07 AAA 064,Fiat,Doblo,1,11.47,2024-02-22,150,24.61
07 AAA 064,Fiat,Doblo,1,11.47,2024-02-23,281,30.77
07 AAA 064,Fiat,Doblo,1,11.47,2024-02-24,271,32.33
07 AAA 064,Fiat,Doblo,1,11.47,2024-02-25,94,15.02
07 AAA 064,Fiat,Doblo,1,11.47,2024-02-26,90,10.77
07 AAA 064,Fiat,Doblo,1,11.47,2024-02-27,267,37.02
07 AAA 064,Fiat,Doblo,1,11.47,2024-02-28,129,14.58
07 AAA 064,Fiat,Doblo,1,11.47,2024-02-29,127,15.42
07 AAA 064,Fiat,Doblo,1,11.47,2024-03-01,166,16.52
07 AAA 064,Fiat,Doblo,1,11.47,2024-03-02,267,32.09
07 AAA 064,Fiat,Doblo,1,11.47,2024-03-03,144,14.66
07 AAA 064,Fiat,Doblo,1,11.47,2024-03-04,135,19.42
07 AAA 064,Fiat,Doblo,1,11.47,2024-03-05,271,43.23
07 AAA 064,Fiat,Doblo,1,11.47,2024-03-06,158,20.54
07 AAA 064,Fiat,Doblo,1,11.47,2024-03-07,229,30.57
07 AAA 064,Fiat,Doblo,1,11.47,2024-03-08,217,36.9
07 AAA 064,Fiat,Doblo,1,11.47,2024-03-09,179,18.31
07 AAA 064,Fiat,Doblo,1,11.47,2024-03-10,100,14.66
07 AAA 064,Fiat,Doblo,1,11.47,2024-03-11,78,12.86
07 AAA 064,Fiat,Doblo,1,11.47,2024-03-12,293,30.48
07 AAA 064,Fiat,Doblo,1,11.47,2024-03-13,85,13.22
07 AAA 064,Fiat,Doblo,1,11.47,2024-03-14,108,13.03
07 AAA 064,Fiat,Doblo,1,11.47,2024-03-15,268,37.98
07 AAA 064,Fiat,Doblo,1,11.47,2024-03-16,124,20.26
07 AAA 064,Fiat,Doblo,1,11.47,2024-03-17,149,21.11
07 AAA 064,Fiat,Doblo,1,11.47,2024-03-18,245,24.33
07 AAA 064,Fiat,Doblo,1,11.47,2024-03-19,148,16.79
07 AAA 064,Fiat,Doblo,1,11.47,2024-03-20,85,10.18
07 AAA 064,Fiat,Doblo,1,11.47,2024-03-21,290,27.83
07 AAA 064,Fiat,Doblo,1,11.47,2024-03-22,168,23.29
07 AAA 064,Fiat,Doblo,1,11.47,2024-03-23,193,29.92
07 AAA 064,Fiat,Doblo,1,11.47,2024-03-24,127,12.54
07 AAA 064,Fiat,Doblo,1,11.47,2024-03-25,132,21.46
07 AAA 064,Fiat,Doblo,1,11.47,2024-03-26,73,7.57
07 AAA 064,Fiat,Doblo,1,11.47,2024-03-27,164,24.34
07 AAA 064,Fiat,Doblo,1,11.47,2024-03-28,285,45.86
07 AAA 064,Fiat,Doblo,1,11.47,2024-03-29,247,38.0
07 AAA 064,Fiat,Doblo,1,11.47,2024-03-30,106,15.33
07 AAA 064,Fiat,Doblo,1,11.47,2024-03-31,283,31.14
07 AAA 064,Fiat,Doblo,1,11.47,2024-04-01,131,14.44
07 AAA 064,Fiat,Doblo,1,11.47,2024-04-02,187,28.85
07 AAA 064,Fiat,Doblo,1,11.47,2024-04-03,150,14.36
07 AAA 064,Fiat,Doblo,1,11.47,2024-04-04,261,44.48
07 AAA 064,Fiat,Doblo,1,11.47,2024-04-05,225,23.62
07 AAA 064,Fiat,Doblo,1,11.47,2024-04-06,79,8.1
07 AAA 064,Fiat,Doblo,1,11.47,2024-04-07,275,42.23
07 AAA 064,Fiat,Doblo,1,11.47,2024-04-08,63,6.82
07 AAA 064,Fiat,Doblo,1,11.47,2024-04-09,79,10.87
07 AAA 064,Fiat,Doblo,1,11.47,2024-04-10,270,45.21
07 AAA 064,Fiat,Doblo,1,11.47,2024-04-11,278,40.89
07 AAA 064,Fiat,Doblo,1,11.47,2024-04-12,69,7.95
07 AAA 064,Fiat,Doblo,1,11.47,2024-04-13,61,5.92
07 AAA 064,Fiat,Doblo,1,11.47,2024-04-14,183,25.79
07 AAA 064,Fiat,Doblo,1,11.47,2024-04-15,142,15.99
07 AAA 064,Fiat,Doblo,1,11.47,2024-04-16,136,18.38
07 AAA 064,Fiat,Doblo,1,11.47,2024-04-17,285,35.36
07 AAA 064,Fiat,Doblo,1,11.47,2024-04-18,172,19.75
07 AAA 064,Fiat,Doblo,1,11.47,2024-04-19,193,30.74
07 AAA 064,Fiat,Doblo,1,11.47,2024-04-20,82,8.17
07 AAA 064,Fiat,Doblo,1,11.47,2024-04-21,91,8.58
07 AAA 064,Fiat,Doblo,1,11.47,2024-04-22,213,23.3
07 AAA 064,Fiat,Doblo,1,11.47,2024-04-23,297,28.95
07 AAA 064,Fiat,Doblo,1,11.47,2024-04-24,63,6.54
07 AAA 064,Fiat,Doblo,1,11.47,2024-04-25,167,22.09
07 AAA 064,Fiat,Doblo,1,11.47,2024-04-26,175,19.71
07 AAA 064,Fiat,Doblo,1,11.47,2024-04-27,71,10.64
07 AAA 064,Fiat,Doblo,1,11.47,2024-04-28,216,36.12
07 AAA 064,Fiat,Doblo,1,11.47,2024-04-29,136,21.75
07 AAA 065,Mercedes,Caddy,3,25.84,2024-01-01,116,39.62
07 AAA 065,Mercedes,Caddy,3,25.84,2024-01-02,298,85.02
07 AAA 065,Mercedes,Caddy,3,25.84,2024-01-03,42,13.32
07 AAA 065,Mercedes,Caddy,3,25.84,2024-01-04,194,52.22
07 AAA 065,Mercedes,Caddy,3,25.84,2024-01-05,63,15.94
07 AAA 065,Mercedes,Caddy,3,25.84,2024-01-06,114,24.23
07 AAA 065,Mercedes,Caddy,3,25.84,2024-01-07,252,93.43
07 AAA 065,Mercedes,Caddy,3,25.84,2024-01-08,137,46.86
07 AAA 065,Mercedes,Caddy,3,25.84,2024-01-09,156,52.43
07 AAA 065,Mercedes,Caddy,3,25.84,2024-01-10,116,27.3
07 AAA 065,Mercedes,Caddy,3,25.84,2024-01-11,89,22.04
07 AAA 065,Mercedes,Caddy,3,25.84,2024-01-12,86,19.05
07 AAA 065,Mercedes,Caddy,3,25.84,2024-01-13,97,25.87
07 AAA 065,Mercedes,Caddy,3,25.84,2024-01-14,266,56.35
07 AAA 065,Mercedes,Caddy,3,25.84,2024-01-15,201,65.11
07 AAA 065,Mercedes,Caddy,3,25.84,2024-01-16,299,100.86
07 AAA 065,Mercedes,Caddy,3,25.84,2024-01-17,197,66.49
07 AAA 065,Mercedes,Caddy,3,25.84,2024-01-18,281,104.58
07 AAA 065,Mercedes,Caddy,3,25.84,2024-01-19,194,69.8
07 AAA 065,Mercedes,Caddy,3,25.84,2024-01-20,65,23.54
07 AAA 065,Mercedes,Caddy,3,25.84,2024-01-21,249,95.19
07 AAA 065,Mercedes,Caddy,3,25.84,2024-01-22,144,49.63
07 AAA 065,Mercedes,Caddy,3,25.84,2024-01-23,201,47.79
07 AAA 065,Mercedes,Caddy,3,25.84,2024-01-24,266,80.44
07 AAA 065,Mercedes,Caddy,3,25.84,2024-01-25,95,36.64
07 AAA 065,Mercedes,Caddy,3,25.84,2024-01-26,54,12.45
07 AAA 065,Mercedes,Caddy,3,25.84,2024-01-27,246,92.16
07 AAA 065,Mercedes,Caddy,3,25.84,2024-01-28,92,24.54
07 AAA 065,Mercedes,Caddy,3,25.84,2024-01-29,239,76.63
07 AAA 065,Mercedes,Caddy,3,25.84,2024-01-30,144,38.36
07 AAA 065,Mercedes,Caddy,3,25.84,2024-01-31,197,61.19
07 AAA 065,Mercedes,Caddy,3,25.84,2024-02-01,277,94.13
07 AAA 065,Mercedes,Caddy,3,25.84,2024-02-02,283,66.91
07 AAA 065,Mercedes,Caddy,3,25.84,2024-02-03,158,57.17
07 AAA 065,Mercedes,Caddy,3,25.84,2024-02-04,194,47.46
07 AAA 065,Mercedes,Caddy,3,25.84,2024-02-05,252,93.49
07 AAA 065,Mercedes,Caddy,3,25.84,2024-02-06,267,96.51
07 AAA 065,Mercedes,Caddy,3,25.84,2024-02-07,47,14.46
07 AAA 065,Mercedes,Caddy,3,25.84,2024-02-08,293,67.7
07 AAA 065,Mercedes,Caddy,3,25.84,2024-02-09,274,91.75
07 AAA 065,Mercedes,Caddy,3,25.84,2024-02-10,201,58.69
07 AAA 065,Mercedes,Caddy,3,25.84,2024-02-11,88,23.04
07 AAA 065,Mercedes,Caddy,3,25.84,2024-02-12,197,76.25
07 AAA 065,Mercedes,Caddy,3,25.84,2024-02-13,91,28.54
07 AAA 065,Mercedes,Caddy,3,25.84,2024-02-14,210,72.4
07 AAA 065,Mercedes,Caddy,3,25.84,2024-02-15,66,22.32
07 AAA 065,Mercedes,Caddy,3,25.84,2024-02-16,146,47.68
07 AAA 065,Mercedes,Caddy,3,25.84,2024-02-17,97,31.69
07 AAA 065,Mercedes,Caddy,3,25.84,2024-02-18,71,20.45
07 AAA 065,Mercedes,Caddy,3,25.84,2024-02-19,295,62.9
07 AAA 065,Mercedes,Caddy,3,25.84,2024-02-20,159,47.04
07 AAA 065,Mercedes,Caddy,3,25.84,2024-02-21,72,14.89
07 AAA 065,Mercedes,Caddy,3,25.84,2024-02-22,68,19.44
07 AAA 065,Mercedes,Caddy,3,25.84,2024-02-23,224,65.35
07 AAA 065,Mercedes,Caddy,3,25.84,2024-02-24,117,40.75
07 AAA 065,Mercedes,Caddy,3,25.84,2024-02-25,230,74.56
07 AAA 065,Mercedes,Caddy,3,25.84,2024-02-26,128,45.59
07 AAA 065,Mercedes,Caddy,3,25.84,2024-02-27,73,25.45
07 AAA 065,Mercedes,Caddy,3,25.84,2024-02-28,214,77.38
07 AAA 065,Mercedes,Caddy,3,25.84,2024-02-29,188,47.51
07 AAA 065,Mercedes,Caddy,3,25.84,2024-03-01,90,24.72
07 AAA 065,Mercedes,Caddy,3,25.84,2024-03-02,157,59.81
07 AAA 065,Mercedes,Caddy,3,25.84,2024-03-03,170,35.96
07 AAA 065,Mercedes,Caddy,3,25.84,2024-03-04,285,89.63
07 AAA 065,Mercedes,Caddy,3,25.84,2024-03-05,218,58.42
07 AAA 065,Mercedes,Caddy,3,25.84,2024-03-06,201,68.78
07 AAA 065,Mercedes,Caddy,3,25.84,2024-03-07,129,39.82
07 AAA 065,Mercedes,Caddy,3,25.84,2024-03-08,202,76.97
07 AAA 065,Mercedes,Caddy,3,25.84,2024-03-09,46,15.46
07 AAA 065,Mercedes,Caddy,3,25.84,2024-03-10,194,48.16
07 AAA 065,Mercedes,Caddy,3,25.84,2024-03-11,172,39.93
07 AAA 065,Mercedes,Caddy,3,25.84,2024-03-12,91,22.49
07 AAA 065,Mercedes,Caddy,3,25.84,2024-03-13,93,25.05
07 AAA 065,Mercedes,Caddy,3,25.84,2024-03-14,88,32.73
07 AAA 065,Mercedes,Caddy,3,25.84,2024-03-15,96,32.18
07 AAA 065,Mercedes,Caddy,3,25.84,2024-03-16,216,68.36
07 AAA 065,Mercedes,Caddy,3,25.84,2024-03-17,114,40.14
07 AAA 065,Mercedes,Caddy,3,25.84,2024-03-18,280,68.58
07 AAA 065,Mercedes,Caddy,3,25.84,2024-03-19,48,15.2
07 AAA 065,Mercedes,Caddy,3,25.84,2024-03-20,289,73.2
07 AAA 065,Mercedes,Caddy,3,25.84,2024-03-21,104,26.9
07 AAA 065,Mercedes,Caddy,3,25.84,2024-03-22,71,22.18
07 AAA 065,Mercedes,Caddy,3,25.84,2024-03-23,46,14.32
07 AAA 065,Mercedes,Caddy,3,25.84,2024-03-24,282,67.2
07 AAA 065,Mercedes,Caddy,3,25.84,2024-03-25,55,19.54
07 AAA 065,Mercedes,Caddy,3,25.84,2024-03-26,206,75.67
07 AAA 065,Mercedes,Caddy,3,25.84,2024-03-27,73,19.27
07 AAA 065,Mercedes,Caddy,3,25.84,2024-03-28,41,14.78
07 AAA 065,Mercedes,Caddy,3,25.84,2024-03-29,209,78.38
07 AAA 065,Mercedes,Caddy,3,25.84,2024-03-30,262,95.36
07 AAA 065,Mercedes,Caddy,3,25.84,2024-03-31,82,30.06
07 AAA 065,Mercedes,Caddy,3,25.84,2024-04-01,288,71.82
07 AAA 065,Mercedes,Caddy,3,25.84,2024-04-02,164,53.93
07 AAA 065,Mercedes,Caddy,3,25.84,2024-04-03,255,62.5
07 AAA 065,Mercedes,Caddy,3,25.84,2024-04-04,217,50.9
07 AAA 065,Mercedes,Caddy,3,25.84,2024-04-05,85,28.47
07 AAA 065,Mercedes,Caddy,3,25.84,2024-04-06,144,48.83
07 AAA 065,Mercedes,Caddy,3,25.84,2024-04-07,271,103.92
07 AAA 065,Mercedes,Caddy,3,25.84,2024-04-08,78,29.24
07 AAA 065,Mercedes,Caddy,3,25.84,2024-04-09,120,38.82
07 AAA 065,Mercedes,Caddy,3,25.84,2024-04-10,266,94.88
07 AAA 065,Mercedes,Caddy,3,25.84,2024-04-11,287,78.29
07 AAA 065,Mercedes,Caddy,3,25.84,2024-04-12,152,41.3
07 AAA 065,Mercedes,Caddy,3,25.84,2024-04-13,291,62.88
07 AAA 065,Mercedes,Caddy,3,25.84,2024-04-14,194,42.04
07 AAA 065,Mercedes,Caddy,3,25.84,2024-04-15,107,22.58
07 AAA 065,Mercedes,Caddy,3,25.84,2024-04-16,165,34.78
07 AAA 065,Mercedes,Caddy,3,25.84,2024-04-17,184,69.66
07 AAA 065,Mercedes,Caddy,3,25.84,2024-04-18,96,23.06
07 AAA 065,Mercedes,Caddy,3,25.84,2024-04-19,275,66.08
07 AAA 065,Mercedes,Caddy,3,25.84,2024-04-20,124,34.05
07 AAA 065,Mercedes,Caddy,3,25.84,2024-04-21,198,74.1
07 AAA 065,Mercedes,Caddy,3,25.84,2024-04-22,188,58.52
07 AAA 065,Mercedes,Caddy,3,25.84,2024-04-23,195,73.93
07 AAA 065,Mercedes,Caddy,3,25.84,2024-04-24,178,41.72
07 AAA 065,Mercedes,Caddy,3,25.84,2024-04-25,45,16.16
07 AAA 065,Mercedes,Caddy,3,25.84,2024-04-26,96,24.73
07 AAA 065,Mercedes,Caddy,3,25.84,2024-04-27,210,43.77
07 AAA 065,Mercedes,Caddy,3,25.84,2024-04-28,103,34.37
07 AAA 065,Mercedes,Caddy,3,25.84,2024-04-29,278,93.7
07 AAA 066,Ford,Atego,2,10.0,2024-01-01,246,32.0
07 AAA 066,Ford,Atego,2,10.0,2024-01-02,229,29.87
07 AAA 066,Ford,Atego,2,10.0,2024-01-03,71,6.46
07 AAA 066,Ford,Atego,2,10.0,2024-01-04,241,24.67
07 AAA 066,Ford,Atego,2,10.0,2024-01-05,114,12.98
07 AAA 066,Ford,Atego,2,10.0,2024-01-06,166,21.22
07 AAA 066,Ford,Atego,2,10.0,2024-01-07,263,27.22
07 AAA 066,Ford,Atego,2,10.0,2024-01-08,196,17.74
07 AAA 066,Ford,Atego,2,10.0,2024-01-09,280,30.58
07 AAA 066,Ford,Atego,2,10.0,2024-01-10,204,26.38
07 AAA 066,Ford,Atego,2,10.0,2024-01-11,197,21.3
07 AAA 066,Ford,Atego,2,10.0,2024-01-12,99,10.16
07 AAA 066,Ford,Atego,2,10.0,2024-01-13,92,7.75
07 AAA 066,Ford,Atego,2,10.0,2024-01-14,291,31.16
07 AAA 066,Ford,Atego,2,10.0,2024-01-15,135,14.55
07 AAA 066,Ford,Atego,2,10.0,2024-01-16,106,11.83
07 AAA 066,Ford,Atego,2,10.0,2024-01-17,178,18.24
07 AAA 066,Ford,Atego,2,10.0,2024-01-18,245,20.1
07 AAA 066,Ford,Atego,2,10.0,2024-01-19,267,24.55
07 AAA 066,Ford,Atego,2,10.0,2024-01-20,125,13.45
07 AAA 066,Ford,Atego,2,10.0,2024-01-21,189,24.49
07 AAA 066,Ford,Atego,2,10.0,2024-01-22,255,36.88
07 AAA 066,Ford,Atego,2,10.0,2024-01-23,129,17.44
07 AAA 066,Ford,Atego,2,10.0,2024-01-24,232,33.48
07 AAA 066,Ford,Atego,2,10.0,2024-01-25,151,12.18
07 AAA 066,Ford,Atego,2,10.0,2024-01-26,179,17.58
07 AAA 066,Ford,Atego,2,10.0,2024-01-27,229,32.27
07 AAA 066,Ford,Atego,2,10.0,2024-01-28,152,12.54
07 AAA 066,Ford,Atego,2,10.0,2024-01-29,174,16.65
07 AAA 066,Ford,Atego,2,10.0,2024-01-30,110,16.0
07 AAA 066,Ford,Atego,2,10.0,2024-01-31,258,29.0
07 AAA 066,Ford,Atego,2,10.0,2024-02-01,189,20.37
07 AAA 066,Ford,Atego,2,10.0,2024-02-02,64,7.46
07 AAA 066,Ford,Atego,2,10.0,2024-02-03,58,8.13
07 AAA 066,Ford,Atego,2,10.0,2024-02-04,156,18.35
07 AAA 066,Ford,Atego,2,10.0,2024-02-05,71,7.49
07 AAA 066,Ford,Atego,2,10.0,2024-02-06,263,34.48
07 AAA 066,Ford,Atego,2,10.0,2024-02-07,59,7.94
07 AAA 066,Ford,Atego,2,10.0,2024-02-08,112,10.9
07 AAA 066,Ford,Atego,2,10.0,2024-02-09,294,40.97
07 AAA 066,Ford,Atego,2,10.0,2024-02-10,264,25.2
07 AAA 066,Ford,Atego,2,10.0,2024-02-11,65,9.06
07 AAA 066,Ford,Atego,2,10.0,2024-02-12,284,32.74
07 AAA 066,Ford,Atego,2,10.0,2024-02-13,162,18.41
07 AAA 066,Ford,Atego,2,10.0,2024-02-14,91,8.79
07 AAA 066,Ford,Atego,2,10.0,2024-02-15,244,29.16
07 AAA 066,Ford,Atego,2,10.0,2024-02-16,46,4.13
07 AAA 066,Ford,Atego,2,10.0,2024-02-17,137,18.24
07 AAA 066,Ford,Atego,2,10.0,2024-02-18,61,6.95
07 AAA 066,Ford,Atego,2,10.0,2024-02-19,197,25.55
07 AAA 066,Ford,Atego,2,10.0,2024-02-20,99,14.28
07 AAA 066,Ford,Atego,2,10.0,2024-02-21,176,16.48
07 AAA 066,Ford,Atego,2,10.0,2024-02-22,230,31.98
07 AAA 066,Ford,Atego,2,10.0,2024-02-23,271,25.66
07 AAA 066,Ford,Atego,2,10.0,2024-02-24,299,41.7
07 AAA 066,Ford,Atego,2,10.0,2024-02-25,228,21.03
07 AAA 066,Ford,Atego,2,10.0,2024-02-26,119,11.65
07 AAA 066,Ford,Atego,2,10.0,2024-02-27,70,6.5
07 AAA 066,Ford,Atego,2,10.0,2024-02-28,138,16.22
07 AAA 066,Ford,Atego,2,10.0,2024-02-29,267,37.68
07 AAA 066,Ford,Atego,2,10.0,2024-03-01,126,18.84
07 AAA 066,Ford,Atego,2,10.0,2024-03-02,153,14.88
07 AAA 066,Ford,Atego,2,10.0,2024-03-03,281,32.3
07 AAA 066,Ford,Atego,2,10.0,2024-03-04,87,9.45
07 AAA 066,Ford,Atego,2,10.0,2024-03-05,197,19.09
07 AAA 066,Ford,Atego,2,10.0,2024-03-06,100,10.68
07 AAA 066,Ford,Atego,2,10.0,2024-03-07,226,31.17
07 AAA 066,Ford,Atego,2,10.0,2024-03-08,194,23.69
07 AAA 066,Ford,Atego,2,10.0,2024-03-09,58,4.93
07 AAA 066,Ford,Atego,2,10.0,2024-03-10,186,20.38
07 AAA 066,Ford,Atego,2,10.0,2024-03-11,222,31.75
07 AAA 066,Ford,Atego,2,10.0,2024-03-12,68,7.14
07 AAA 066,Ford,Atego,2,10.0,2024-03-13,275,27.0
07 AAA 066,Ford,Atego,2,10.0,2024-03-14,286,27.91
07 AAA 066,Ford,Atego,2,10.0,2024-03-15,62,6.38
07 AAA 066,Ford,Atego,2,10.0,2024-03-16,256,27.96
07 AAA 066,Ford,Atego,2,10.0,2024-03-17,297,40.52
07 AAA 066,Ford,Atego,2,10.0,2024-03-18,260,28.79
07 AAA 066,Ford,Atego,2,10.0,2024-03-19,41,4.49
07 AAA 066,Ford,Atego,2,10.0,2024-03-20,276,22.66
07 AAA 066,Ford,Atego,2,10.0,2024-03-21,42,5.27
07 AAA 066,Ford,Atego,2,10.0,2024-03-22,212,18.63
07 AAA 066,Ford,Atego,2,10.0,2024-03-23,238,33.2
07 AAA 066,Ford,Atego,2,10.0,2024-03-24,103,9.76
07 AAA 066,Ford,Atego,2,10.0,2024-03-25,169,23.04
07 AAA 066,Ford,Atego,2,10.0,2024-03-26,285,41.76
07 AAA 066,Ford,Atego,2,10.0,2024-03-27,226,30.87
07 AAA 066,Ford,Atego,2,10.0,2024-03-28,51,7.44
07 AAA 066,Ford,Atego,2,10.0,2024-03-29,260,32.3
07 AAA 066,Ford,Atego,2,10.0,2024-03-30,85,7.72
07 AAA 066,Ford,Atego,2,10.0,2024-03-31,289,26.47
07 AAA 066,Ford,Atego,2,10.0,2024-04-01,228,23.38
07 AAA 066,Ford,Atego,2,10.0,2024-04-02,133,10.84
07 AAA 066,Ford,Atego,2,10.0,2024-04-03,216,22.14
07 AAA 066,Ford,Atego,2,10.0,2024-04-04,241,31.55
07 AAA 066,Ford,Atego,2,10.0,2024-04-05,289,33.74
07 AAA 066,Ford,Atego,2,10.0,2024-04-06,226,33.14
07 AAA 066,Ford,Atego,2,10.0,2024-04-07,276,23.47
07 AAA 066,Ford,Atego,2,10.0,2024-04-08,67,9.14
07 AAA 066,Ford,Atego,2,10.0,2024-04-09,186,15.41
07 AAA 066,Ford,Atego,2,10.0,2024-04-10,96,9.49
07 AAA 066,Ford,Atego,2,10.0,2024-04-11,296,38.36
07 AAA 066,Ford,Atego,2,10.0,2024-04-12,131,19.15
07 AAA 066,Ford,Atego,2,10.0,2024-04-13,282,29.15
07 AAA 066,Ford,Atego,2,10.0,2024-04-14,44,4.6
07 AAA 066,Ford,Atego,2,10.0,2024-04-15,223,19.06
07 AAA 066,Ford,Atego,2,10.0,2024-04-16,234,20.86
07 AAA 066,Ford,Atego,2,10.0,2024-04-17,292,37.76
07 AAA 066,Ford,Atego,2,10.0,2024-04-18,116,14.87
07 AAA 066,Ford,Atego,2,10.0,2024-04-19,280,29.74
07 AAA 066,Ford,Atego,2,10.0,2024-04-20,61,6.16
07 AAA 066,Ford,Atego,2,10.0,2024-04-21,72,6.31
07 AAA 066,Ford,Atego,2,10.0,2024-04-22,274,40.54
07 AAA 066,Ford,Atego,2,10.0,2024-04-23,224,33.2
07 AAA 066,Ford,Atego,2,10.0,2024-04-24,205,28.83
07 AAA 066,Ford,Atego,2,10.0,2024-04-25,162,20.65
07 AAA 066,Ford,Atego,2,10.0,2024-04-26,222,20.63
07 AAA 066,Ford,Atego,2,10.0,2024-04-27,182,22.2
07 AAA 066,Ford,Atego,2,10.0,2024-04-28,257,31.07
07 AAA 066,Ford,Atego,2,10.0,2024-04-29,249,29.3
07 AAA 067,Renault,Atego,4,8.79,2024-01-01,184,21.03
07 AAA 067,Renault,Atego,4,8.79,2024-01-02,183,23.81
07 AAA 067,Renault,Atego,4,8.79,2024-01-03,51,5.51
07 AAA 067,Renault,Atego,4,8.79,2024-01-04,169,22.08
07 AAA 067,Renault,Atego,4,8.79,2024-01-05,286,24.01
07 AAA 067,Renault,Atego,4,8.79,2024-01-06,49,5.06
07 AAA 067,Renault,Atego,4,8.79,2024-01-07,178,19.75
07 AAA 067,Renault,Atego,4,8.79,2024-01-08,183,16.49
07 AAA 067,Renault,Atego,4,8.79,2024-01-09,42,3.25
07 AAA 067,Renault,Atego,4,8.79,2024-01-10,156,16.44
07 AAA 067,Renault,Atego,4,8.79,2024-01-11,284,30.57
07 AAA 067,Renault,Atego,4,8.79,2024-01-12,161,12.39
07 AAA 067,Renault,Atego,4,8.79,2024-01-13,182,16.47
07 AAA 067,Renault,Atego,4,8.79,2024-01-14,125,9.73
07 AAA 067,Renault,Atego,4,8.79,2024-01-15,246,25.56
07 AAA 067,Renault,Atego,4,8.79,2024-01-16,46,3.38
07 AAA 067,Renault,Atego,4,8.79,2024-01-17,79,6.64
07 AAA 067,Renault,Atego,4,8.79,2024-01-18,45,3.64
07 AAA 067,Renault,Atego,4,8.79,2024-01-19,181,16.11
07 AAA 067,Renault,Atego,4,8.79,2024-01-20,70,7.34
07 AAA 067,Renault,Atego,4,8.79,2024-01-21,112,14.15
07 AAA 067,Renault,Atego,4,8.79,2024-01-22,143,18.3
07 AAA 067,Renault,Atego,4,8.79,2024-01-23,92,9.9
07 AAA 067,Renault,Atego,4,8.79,2024-01-24,215,16.65
07 AAA 067,Renault,Atego,4,8.79,2024-01-25,215,22.33
07 AAA 067,Renault,Atego,4,8.79,2024-01-26,67,7.84
07 AAA 067,Renault,Atego,4,8.79,2024-01-27,74,8.52
07 AAA 067,Renault,Atego,4,8.79,2024-01-28,226,19.66
07 AAA 067,Renault,Atego,4,8.79,2024-01-29,173,19.38
07 AAA 067,Renault,Atego,4,8.79,2024-01-30,285,20.61
07 AAA 067,Renault,Atego,4,8.79,2024-01-31,294,32.11
07 AAA 067,Renault,Atego,4,8.79,2024-02-01,47,3.56
07 AAA 067,Renault,Atego,4,8.79,2024-02-02,48,5.39
07 AAA 067,Renault,Atego,4,8.79,2024-02-03,58,7.14
07 AAA 067,Renault,Atego,4,8.79,2024-02-04,218,25.75
07 AAA 067,Renault,Atego,4,8.79,2024-02-05,58,4.12
07 AAA 067,Renault,Atego,4,8.79,2024-02-06,142,10.01
07 AAA 067,Renault,Atego,4,8.79,2024-02-07,175,15.52
07 AAA 067,Renault,Atego,4,8.79,2024-02-08,249,31.28
07 AAA 067,Renault,Atego,4,8.79,2024-02-09,90,11.32
07 AAA 067,Renault,Atego,4,8.79,2024-02-10,213,19.62
07 AAA 067,Renault,Atego,4,8.79,2024-02-11,44,4.96
07 AAA 067,Renault,Atego,4,8.79,2024-02-12,84,6.03
07 AAA 067,Renault,Atego,4,8.79,2024-02-13,200,21.73
07 AAA 067,Renault,Atego,4,8.79,2024-02-14,156,19.78
07 AAA 067,Renault,Atego,4,8.79,2024-02-15,96,10.13
07 AAA 067,Renault,Atego,4,8.79,2024-02-16,223,28.79
07 AAA 067,Renault,Atego,4,8.79,2024-02-17,52,6.78
07 AAA 067,Renault,Atego,4,8.79,2024-02-18,180,22.21
07 AAA 067,Renault,Atego,4,8.79,2024-02-19,232,25.11
07 AAA 067,Renault,Atego,4,8.79,2024-02-20,104,10.44
07 AAA 067,Renault,Atego,4,8.79,2024-02-21,283,26.32
07 AAA 067,Renault,Atego,4,8.79,2024-02-22,163,20.18
07 AAA 067,Renault,Atego,4,8.79,2024-02-23,144,11.49
07 AAA 067,Renault,Atego,4,8.79,2024-02-24,246,25.44
07 AAA 067,Renault,Atego,4,8.79,2024-02-25,244,29.14
07 AAA 067,Renault,Atego,4,8.79,2024-02-26,128,10.72
07 AAA 067,Renault,Atego,4,8.79,2024-02-27,246,31.39
07 AAA 067,Renault,Atego,4,8.79,2024-02-28,183,16.66
07 AAA 067,Renault,Atego,4,8.79,2024-02-29,92,10.64
07 AAA 067,Renault,Atego,4,8.79,2024-03-01,60,5.65
07 AAA 067,Renault,Atego,4,8.79,2024-03-02,226,18.73
07 AAA 067,Renault,Atego,4,8.79,2024-03-03,206,15.84
07 AAA 067,Renault,Atego,4,8.79,2024-03-04,195,15.0
07 AAA 067,Renault,Atego,4,8.79,2024-03-05,244,26.95
07 AAA 067,Renault,Atego,4,8.79,2024-03-06,131,11.85
07 AAA 067,Renault,Atego,4,8.79,2024-03-07,219,18.94
07 AAA 067,Renault,Atego,4,8.79,2024-03-08,257,29.95
07 AAA 067,Renault,Atego,4,8.79,2024-03-09,241,23.08
07 AAA 067,Renault,Atego,4,8.79,2024-03-10,256,32.95
07 AAA 067,Renault,Atego,4,8.79,2024-03-11,94,7.18
07 AAA 067,Renault,Atego,4,8.79,2024-03-12,214,21.11
07 AAA 067,Renault,Atego,4,8.79,2024-03-13,90,11.43
07 AAA 067,Renault,Atego,4,8.79,2024-03-14,90,7.58
07 AAA 067,Renault,Atego,4,8.79,2024-03-15,256,23.51
07 AAA 067,Renault,Atego,4,8.79,2024-03-16,281,28.75
07 AAA 067,Renault,Atego,4,8.79,2024-03-17,286,34.49
07 AAA 067,Renault,Atego,4,8.79,2024-03-18,257,30.46
07 AAA 067,Renault,Atego,4,8.79,2024-03-19,130,14.81
07 AAA 067,Renault,Atego,4,8.79,2024-03-20,49,4.05
07 AAA 067,Renault,Atego,4,8.79,2024-03-21,115,9.64
07 AAA 067,Renault,Atego,4,8.79,2024-03-22,111,8.75
07 AAA 067,Renault,Atego,4,8.79,2024-03-23,237,26.3
07 AAA 067,Renault,Atego,4,8.79,2024-03-24,283,31.25
07 AAA 067,Renault,Atego,4,8.79,2024-03-25,271,26.81
07 AAA 067,Renault,Atego,4,8.79,2024-03-26,133,12.45
07 AAA 067,Renault,Atego,4,8.79,2024-03-27,81,6.08
07 AAA 067,Renault,Atego,4,8.79,2024-03-28,245,24.98
07 AAA 067,Renault,Atego,4,8.79,2024-03-29,237,18.4
07 AAA 067,Renault,Atego,4,8.79,2024-03-30,51,6.6
07 AAA 067,Renault,Atego,4,8.79,2024-03-31,191,13.47
07 AAA 067,Renault,Atego,4,8.79,2024-04-01,61,5.07
07 AAA 067,Renault,Atego,4,8.79,2024-04-02,212,22.47
07 AAA 067,Renault,Atego,4,8.79,2024-04-03,97,11.61
07 AAA 067,Renault,Atego,4,8.79,2024-04-04,300,33.6
07 AAA 067,Renault,Atego,4,8.79,2024-04-05,192,15.89
07 AAA 067,Renault,Atego,4,8.79,2024-04-06,127,10.74
07 AAA 067,Renault,Atego,4,8.79,2024-04-07,104,9.01
07 AAA 067,Renault,Atego,4,8.79,2024-04-08,99,12.26
07 AAA 067,Renault,Atego,4,8.79,2024-04-09,190,16.06
07 AAA 067,Renault,Atego,4,8.79,2024-04-10,254,32.66
07 AAA 067,Renault,Atego,4,8.79,2024-04-11,224,16.44
07 AAA 067,Renault,Atego,4,8.79,2024-04-12,155,11.45
07 AAA 067,Renault,Atego,4,8.79,2024-04-13,128,14.33
07 AAA 067,Renault,Atego,4,8.79,2024-04-14,159,14.72
07 AAA 067,Renault,Atego,4,8.79,2024-04-15,226,16.72
07 AAA 067,Renault,Atego,4,8.79,2024-04-16,281,28.01
07 AAA 067,Renault,Atego,4,8.79,2024-04-17,163,16.07
07 AAA 067,Renault,Atego,4,8.79,2024-04-18,51,4.93
07 AAA 067,Renault,Atego,4,8.79,2024-04-19,197,15.35
07 AAA 067,Renault,Atego,4,8.79,2024-04-20,233,18.86
07 AAA 067,Renault,Atego,4,8.79,2024-04-21,120,9.79
07 AAA 067,Renault,Atego,4,8.79,2024-04-22,248,17.92
07 AAA 067,Renault,Atego,4,8.79,2024-04-23,180,19.01
07 AAA 067,Renault,Atego,4,8.79,2024-04-24,75,7.96
07 AAA 067,Renault,Atego,4,8.79,2024-04-25,97,7.91
07 AAA 067,Renault,Atego,4,8.79,2024-04-26,239,17.57
07 AAA 067,Renault,Atego,4,8.79,2024-04-27,275,25.99
07 AAA 067,Renault,Atego,4,8.79,2024-04-28,180,15.53
07 AAA 067,Renault,Atego,4,8.79,2024-04-29,277,31.54
07 AAA 068,Volkswagen,Caddy,1,12.59,2024-01-01,288,43.85
07 AAA 068,Volkswagen,Caddy,1,12.59,2024-01-02,246,39.74
07 AAA 068,Volkswagen,Caddy,1,12.59,2024-01-03,57,8.17
07 AAA 068,Volkswagen,Caddy,1,12.59,2024-01-04,167,26.01
07 AAA 068,Volkswagen,Caddy,1,12.59,2024-01-05,145,17.29
07 AAA 068,Volkswagen,Caddy,1,12.59,2024-01-06,153,17.52
07 AAA 068,Volkswagen,Caddy,1,12.59,2024-01-07,153,20.72
07 AAA 068,Volkswagen,Caddy,1,12.59,2024-01-08,162,26.38
07 AAA 068,Volkswagen,Caddy,1,12.59,2024-01-09,57,9.53
07 AAA 068,Volkswagen,Caddy,1,12.59,2024-01-10,148,20.58
07 AAA 068,Volkswagen,Caddy,1,12.59,2024-01-11,93,10.93
07 AAA 068,Volkswagen,Caddy,1,12.59,2024-01-12,135,19.54
07 AAA 068,Volkswagen,Caddy,1,12.59,2024-01-13,60,7.18
07 AAA 068,Volkswagen,Caddy,1,12.59,2024-01-14,201,35.21
07 AAA 068,Volkswagen,Caddy,1,12.59,2024-01-15,181,19.39
07 AAA 068,Volkswagen,Caddy,1,12.59,2024-01-16,122,18.21
07 AAA 068,Volkswagen,Caddy,1,12.59,2024-01-17,80,10.82
07 AAA 068,Volkswagen,Caddy,1,12.59,2024-01-18,134,23.01
07 AAA 068,Volkswagen,Caddy,1,12.59,2024-01-19,196,26.78
07 AAA 068,Volkswagen,Caddy,1,12.59,2024-01-20,261,32.48
07 AAA 068,Volkswagen,Caddy,1,12.59,2024-01-21,126,16.21
07 AAA 068,Volkswagen,Caddy,1,12.59,2024-01-22,176,23.55
07 AAA 068,Volkswagen,Caddy,1,12.59,2024-01-23,155,19.6
07 AAA 068,Volkswagen,Caddy,1,12.59,2024-01-24,230,32.54
07 AAA 068,Volkswagen,Caddy,1,12.59,2024-01-25,256,41.8
07 AAA 068,Volkswagen,Caddy,1,12.59,2024-01-26,154,25.9
07 AAA 068,Volkswagen,Caddy,1,12.59,2024-01-27,95,14.02
07 AAA 068,Volkswagen,Caddy,1,12.59,2024-01-28,268,43.86
07 AAA 068,Volkswagen,Caddy,1,12.59,2024-01-29,293,43.82
07 AAA 068,Volkswagen,Caddy,1,12.59,2024-01-30,68,9.93
07 AAA 068,Volkswagen,Caddy,1,12.59,2024-01-31,124,19.16
07 AAA 068,Volkswagen,Caddy,1,12.59,2024-02-01,114,21.15
07 AAA 068,Volkswagen,Caddy,1,12.59,2024-02-02,174,32.22
07 AAA 068,Volkswagen,Caddy,1,12.59,2024-02-03,102,18.17
07 AAA 068,Volkswagen,Caddy,1,12.59,2024-02-04,221,33.33
07 AAA 068,Volkswagen,Caddy,1,12.59,2024-02-05,107,16.89
07 AAA 068,Volkswagen,Caddy,1,12.59,2024-02-06,69,8.65
07 AAA 068,Volkswagen,Caddy,1,12.59,2024-02-07,258,26.4
07 AAA 068,Volkswagen,Caddy,1,12.59,2024-02-08,266,45.61
07 AAA 068,Volkswagen,Caddy,1,12.59,2024-02-09,299,37.52
07 AAA 068,Volkswagen,Caddy,1,12.59,2024-02-10,65,9.6
07 AAA 068,Volkswagen,Caddy,1,12.59,2024-02-11,220,25.15
07 AAA 068,Volkswagen,Caddy,1,12.59,2024-02-12,230,36.82
07 AAA 068,Volkswagen,Caddy,1,12.59,2024-02-13,105,17.41
07 AAA 068,Volkswagen,Caddy,1,12.59,2024-02-14,106,14.83
07 AAA 068,Volkswagen,Caddy,1,12.59,2024-02-15,177,32.34
07 AAA 068,Volkswagen,Caddy,1,12.59,2024-02-16,178,29.39
07 AAA 068,Volkswagen,Caddy,1,12.59,2024-02-17,131,21.24
07 AAA 068,Volkswagen,Caddy,1,12.59,2024-02-18,187,24.95
07 AAA 068,Volkswagen,Caddy,1,12.59,2024-02-19,145,17.61
07 AAA 068,Volkswagen,Caddy,1,12.59,2024-02-20,222,35.12
07 AAA 068,Volkswagen,Caddy,1,12.59,2024-02-21,61,10.63
07 AAA 068,Volkswagen,Caddy,1,12.59,2024-02-22,161,24.72
07 AAA 068,Volkswagen,Caddy,1,12.59,2024-02-23,207,34.52
07 AAA 068,Volkswagen,Caddy,1,12.59,2024-02-24,44,7.56
07 AAA 068,Volkswagen,Caddy,1,12.59,2024-02-25,93,13.8
07 AAA 068,Volkswagen,Caddy,1,12.59,2024-02-26,40,4.08
07 AAA 068,Volkswagen,Caddy,1,12.59,2024-02-27,153,16.49
07 AAA 068,Volkswagen,Caddy,1,12.59,2024-02-28,149,15.45
07 AAA 068,Volkswagen,Caddy,1,12.59,2024-02-29,251,41.55
07 AAA 068,Volkswagen,Caddy,1,12.59,2024-03-01,252,41.8
07 AAA 068,Volkswagen,Caddy,1,12.59,2024-03-02,170,28.19
07 AAA 068,Volkswagen,Caddy,1,12.59,2024-03-03,153,28.39
07 AAA 068,Volkswagen,Caddy,1,12.59,2024-03-04,262,35.92
07 AAA 068,Volkswagen,Caddy,1,12.59,2024-03-05,46,7.6
07 AAA 068,Volkswagen,Caddy,1,12.59,2024-03-06,104,10.62
07 AAA 068,Volkswagen,Caddy,1,12.59,2024-03-07,149,27.15
07 AAA 068,Volkswagen,Caddy,1,12.59,2024-03-08,75,11.51
07 AAA 068,Volkswagen,Caddy,1,12.59,2024-03-09,170,17.9
07 AAA 068,Volkswagen,Caddy,1,12.59,2024-03-10,100,14.1
07 AAA 068,Volkswagen,Caddy,1,12.59,2024-03-11,77,10.75
07 AAA 068,Volkswagen,Caddy,1,12.59,2024-03-12,169,28.77
07 AAA 068,Volkswagen,Caddy,1,12.59,2024-03-13,223,37.58
07 AAA 068,Volkswagen,Caddy,1,12.59,2024-03-14,59,6.89
07 AAA 068,Volkswagen,Caddy,1,12.59,2024-03-15,50,5.4
07 AAA 068,Volkswagen,Caddy,1,12.59,2024-03-16,169,29.15
07 AAA 068,Volkswagen,Caddy,1,12.59,2024-03-17,67,7.0
07 AAA 068,Volkswagen,Caddy,1,12.59,2024-03-18,137,21.72
07 AAA 068,Volkswagen,Caddy,1,12.59,2024-03-19,193,22.09
07 AAA 068,Volkswagen,Caddy,1,12.59,2024-03-20,224,41.67
07 AAA 068,Volkswagen,Caddy,1,12.59,2024-03-21,75,10.06
07 AAA 068,Volkswagen,Caddy,1,12.59,2024-03-22,173,21.39
07 AAA 068,Volkswagen,Caddy,1,12.59,2024-03-23,256,28.02
07 AAA 068,Volkswagen,Caddy,1,12.59,2024-03-24,224,38.41
07 AAA 068,Volkswagen,Caddy,1,12.59,2024-03-25,186,24.88
07 AAA 068,Volkswagen,Caddy,1,12.59,2024-03-26,233,32.47
07 AAA 068,Volkswagen,Caddy,1,12.59,2024-03-27,212,33.19
07 AAA 068,Volkswagen,Caddy,1,12.59,2024-03-28,56,9.91
07 AAA 068,Volkswagen,Caddy,1,12.59,2024-03-29,277,34.06
07 AAA 068,Volkswagen,Caddy,1,12.59,2024-03-30,189,33.89
07 AAA 068,Volkswagen,Caddy,1,12.59,2024-03-31,148,19.21
07 AAA 068,Volkswagen,Caddy,1,12.59,2024-04-01,48,8.6
07 AAA 068,Volkswagen,Caddy,1,12.59,2024-04-02,288,30.97
07 AAA 068,Volkswagen,Caddy,1,12.59,2024-04-03,259,27.26
07 AAA 068,Volkswagen,Caddy,1,12.59,2024-04-04,249,36.35
07 AAA 068,Volkswagen,Caddy,1,12.59,2024-04-05,292,50.1
07 AAA 068,Volkswagen,Caddy,1,12.59,2024-04-06,164,28.54
07 AAA 068,Volkswagen,Caddy,1,12.59,2024-04-07,132,17.84
07 AAA 068,Volkswagen,Caddy,1,12.59,2024-04-08,231,39.29
07 AAA 068,Volkswagen,Caddy,1,12.59,2024-04-09,92,17.33
07 AAA 068,Volkswagen,Caddy,1,12.59,2024-04-10,158,25.34
07 AAA 068,Volkswagen,Caddy,1,12.59,2024-04-11,235,44.29
07 AAA 068,Volkswagen,Caddy,1,12.59,2024-04-12,298,38.11
07 AAA 068,Volkswagen,Caddy,1,12.59,2024-04-13,296,32.65
07 AAA 068,Volkswagen,Caddy,1,12.59,2024-04-14,285,33.45
07 AAA 068,Volkswagen,Caddy,1,12.59,2024-04-15,218,32.95
07 AAA 068,Volkswagen,Caddy,1,12.59,2024-04-16,184,27.6
07 AAA 068,Volkswagen,Caddy,1,12.59,2024-04-17,64,7.65
07 AAA 068,Volkswagen,Caddy,1,12.59,2024-04-18,299,36.6
07 AAA 068,Volkswagen,Caddy,1,12.59,2024-04-19,205,29.31
07 AAA 068,Volkswagen,Caddy,1,12.59,2024-04-20,134,21.16
07 AAA 068,Volkswagen,Caddy,1,12.59,2024-04-21,131,17.02
07 AAA 068,Volkswagen,Caddy,1,12.59,2024-04-22,73,8.54
07 AAA 068,Volkswagen,Caddy,1,12.59,2024-04-23,144,16.16
07 AAA 068,Volkswagen,Caddy,1,12.59,2024-04-24,102,16.88
07 AAA 068,Volkswagen,Caddy,1,12.59,2024-04-25,87,9.43
07 AAA 068,Volkswagen,Caddy,1,12.59,2024-04-26,299,42.14
07 AAA 068,Volkswagen,Caddy,1,12.59,2024-04-27,99,16.4
07 AAA 068,Volkswagen,Caddy,1,12.59,2024-04-28,111,20.55
07 AAA 068,Volkswagen,Caddy,1,12.59,2024-04-29,206,27.1
07 AAA 069,Renault,Fluence,1,12.62,2024-01-01,276,48.63
07 AAA 069,Renault,Fluence,1,12.62,2024-01-02,125,20.15
07 AAA 069,Renault,Fluence,1,12.62,2024-01-03,191,35.67
07 AAA 069,Renault,Fluence,1,12.62,2024-01-04,236,34.7
07 AAA 069,Renault,Fluence,1,12.62,2024-01-05,205,36.12
07 AAA 069,Renault,Fluence,1,12.62,2024-01-06,220,27.06
07 AAA 069,Renault,Fluence,1,12.62,2024-01-07,167,28.17
07 AAA 069,Renault,Fluence,1,12.62,2024-01-08,177,23.33
07 AAA 069,Renault,Fluence,1,12.62,2024-01-09,202,30.11
07 AAA 069,Renault,Fluence,1,12.62,2024-01-10,105,15.89
07 AAA 069,Renault,Fluence,1,12.62,2024-01-11,180,32.59
07 AAA 069,Renault,Fluence,1,12.62,2024-01-12,59,8.55
07 AAA 069,Renault,Fluence,1,12.62,2024-01-13,187,33.91
07 AAA 069,Renault,Fluence,1,12.62,2024-01-14,188,34.99
07 AAA 069,Renault,Fluence,1,12.62,2024-01-15,197,24.83
07 AAA 069,Renault,Fluence,1,12.62,2024-01-16,147,18.41
07 AAA 069,Renault,Fluence,1,12.62,2024-01-17,46,8.57
07 AAA 069,Renault,Fluence,1,12.62,2024-01-18,192,20.98
07 AAA 069,Renault,Fluence,1,12.62,2024-01-19,254,46.37
07 AAA 069,Renault,Fluence,1,12.62,2024-01-20,103,11.82
07 AAA 069,Renault,Fluence,1,12.62,2024-01-21,158,19.9
07 AAA 069,Renault,Fluence,1,12.62,2024-01-22,256,27.83
07 AAA 069,Renault,Fluence,1,12.62,2024-01-23,139,19.53
07 AAA 069,Renault,Fluence,1,12.62,2024-01-24,292,40.53
07 AAA 069,Renault,Fluence,1,12.62,2024-01-25,248,31.39
07 AAA 069,Renault,Fluence,1,12.62,2024-01-26,123,16.58
07 AAA 069,Renault,Fluence,1,12.62,2024-01-27,90,9.13
07 AAA 069,Renault,Fluence,1,12.62,2024-01-28,103,15.9
07 AAA 069,Renault,Fluence,1,12.62,2024-01-29,201,21.14
07 AAA 069,Renault,Fluence,1,12.62,2024-01-30,270,45.6
07 AAA 069,Renault,Fluence,1,12.62,2024-01-31,177,26.13
07 AAA 069,Renault,Fluence,1,12.62,2024-02-01,245,43.41
07 AAA 069,Renault,Fluence,1,12.62,2024-02-02,142,15.5
07 AAA 069,Renault,Fluence,1,12.62,2024-02-03,289,46.54
07 AAA 069,Renault,Fluence,1,12.62,2024-02-04,88,12.46
07 AAA 069,Renault,Fluence,1,12.62,2024-02-05,121,19.82
07 AAA 069,Renault,Fluence,1,12.62,2024-02-06,131,20.36
07 AAA 069,Renault,Fluence,1,12.62,2024-02-07,145,23.63
07 AAA 069,Renault,Fluence,1,12.62,2024-02-08,83,10.81
07 AAA 069,Renault,Fluence,1,12.62,2024-02-09,282,52.21
07 AAA 069,Renault,Fluence,1,12.62,2024-02-10,95,10.02
07 AAA 069,Renault,Fluence,1,12.62,2024-02-11,114,13.44
07 AAA 069,Renault,Fluence,1,12.62,2024-02-12,123,18.08
07 AAA 069,Renault,Fluence,1,12.62,2024-02-13,248,43.15
07 AAA 069,Renault,Fluence,1,12.62,2024-02-14,148,26.88
07 AAA 069,Renault,Fluence,1,12.62,2024-02-15,231,41.93
07 AAA 069,Renault,Fluence,1,12.62,2024-02-16,186,32.46
07 AAA 069,Renault,Fluence,1,12.62,2024-02-17,293,52.98
07 AAA 069,Renault,Fluence,1,12.62,2024-02-18,89,15.53
07 AAA 069,Renault,Fluence,1,12.62,2024-02-19,259,48.37
07 AAA 069,Renault,Fluence,1,12.62,2024-02-20,278,33.25
07 AAA 069,Renault,Fluence,1,12.62,2024-02-21,119,17.69
07 AAA 069,Renault,Fluence,1,12.62,2024-02-22,164,23.93
07 AAA 069,Renault,Fluence,1,12.62,2024-02-23,88,16.43
07 AAA 069,Renault,Fluence,1,12.62,2024-02-24,135,15.9
07 AAA 069,Renault,Fluence,1,12.62,2024-02-25,278,44.47
07 AAA 069,Renault,Fluence,1,12.62,2024-02-26,191,23.32
07 AAA 069,Renault,Fluence,1,12.62,2024-02-27,288,36.76
07 AAA 069,Renault,Fluence,1,12.62,2024-02-28,75,10.55
07 AAA 069,Renault,Fluence,1,12.62,2024-02-29,125,21.41
07 AAA 069,Renault,Fluence,1,12.62,2024-03-01,72,11.45
07 AAA 069,Renault,Fluence,1,12.62,2024-03-02,239,33.13
07 AAA 069,Renault,Fluence,1,12.62,2024-03-03,160,20.24
07 AAA 069,Renault,Fluence,1,12.62,2024-03-04,143,18.89
07 AAA 069,Renault,Fluence,1,12.62,2024-03-05,261,43.59
07 AAA 069,Renault,Fluence,1,12.62,2024-03-06,130,22.21
07 AAA 069,Renault,Fluence,1,12.62,2024-03-07,237,40.52
07 AAA 069,Renault,Fluence,1,12.62,2024-03-08,108,16.88
07 AAA 069,Renault,Fluence,1,12.62,2024-03-09,276,30.38
07 AAA 069,Renault,Fluence,1,12.62,2024-03-10,71,7.34
07 AAA 069,Renault,Fluence,1,12.62,2024-03-11,285,45.19
07 AAA 069,Renault,Fluence,1,12.62,2024-03-12,219,39.05
07 AAA 069,Renault,Fluence,1,12.62,2024-03-13,210,30.49
07 AAA 069,Renault,Fluence,1,12.62,2024-03-14,71,8.32
07 AAA 069,Renault,Fluence,1,12.62,2024-03-15,267,44.19
07 AAA 069,Renault,Fluence,1,12.62,2024-03-16,265,35.7
07 AAA 069,Renault,Fluence,1,12.62,2024-03-17,158,20.53
07 AAA 069,Renault,Fluence,1,12.62,2024-03-18,44,6.56
07 AAA 069,Renault,Fluence,1,12.62,2024-03-19,249,33.45
07 AAA 069,Renault,Fluence,1,12.62,2024-03-20,95,16.26
07 AAA 069,Renault,Fluence,1,12.62,2024-03-21,146,18.57
07 AAA 069,Renault,Fluence,1,12.62,2024-03-22,138,20.26
07 AAA 069,Renault,Fluence,1,12.62,2024-03-23,116,13.74
07 AAA 069,Renault,Fluence,1,12.62,2024-03-24,268,29.85
07 AAA 069,Renault,Fluence,1,12.62,2024-03-25,227,31.96
07 AAA 069,Renault,Fluence,1,12.62,2024-03-26,135,21.47
07 AAA 069,Renault,Fluence,1,12.62,2024-03-27,272,37.95
07 AAA 069,Renault,Fluence,1,12.62,2024-03-28,274,36.7
07 AAA 069,Renault,Fluence,1,12.62,2024-03-29,186,34.53
07 AAA 069,Renault,Fluence,1,12.62,2024-03-30,223,27.55
07 AAA 069,Renault,Fluence,1,12.62,2024-03-31,233,38.74
07 AAA 069,Renault,Fluence,1,12.62,2024-04-01,118,16.26
07 AAA 069,Renault,Fluence,1,12.62,2024-04-02,161,23.91
07 AAA 069,Renault,Fluence,1,12.62,2024-04-03,126,14.69
07 AAA 069,Renault,Fluence,1,12.62,2024-04-04,247,44.59
07 AAA 069,Renault,Fluence,1,12.62,2024-04-05,52,5.28
07 AAA 069,Renault,Fluence,1,12.62,2024-04-06,132,22.11
07 AAA 069,Renault,Fluence,1,12.62,2024-04-07,298,51.72
07 AAA 069,Renault,Fluence,1,12.62,2024-04-08,195,35.5
07 AAA 069,Renault,Fluence,1,12.62,2024-04-09,48,6.9
07 AAA 069,Renault,Fluence,1,12.62,2024-04-10,287,51.1
07 AAA 069,Renault,Fluence,1,12.62,2024-04-11,80,14.45
07 AAA 069,Renault,Fluence,1,12.62,2024-04-12,78,10.4
07 AAA 069,Renault,Fluence,1,12.62,2024-04-13,199,37.65
07 AAA 069,Renault,Fluence,1,12.62,2024-04-14,249,36.39
07 AAA 069,Renault,Fluence,1,12.62,2024-04-15,221,40.64
07 AAA 069,Renault,Fluence,1,12.62,2024-04-16,294,47.67
07 AAA 069,Renault,Fluence,1,12.62,2024-04-17,195,32.64
07 AAA 069,Renault,Fluence,1,12.62,2024-04-18,136,22.19
07 AAA 069,Renault,Fluence,1,12.62,2024-04-19,54,9.21
07 AAA 069,Renault,Fluence,1,12.62,2024-04-20,135,23.13
07 AAA 069,Renault,Fluence,1,12.62,2024-04-21,276,29.29
07 AAA 069,Renault,Fluence,1,12.62,2024-04-22,51,6.71
07 AAA 069,Renault,Fluence,1,12.62,2024-04-23,58,6.68
07 AAA 069,Renault,Fluence,1,12.62,2024-04-24,121,15.62
07 AAA 069,Renault,Fluence,1,12.62,2024-04-25,138,20.91
07 AAA 069,Renault,Fluence,1,12.62,2024-04-26,222,26.52
07 AAA 069,Renault,Fluence,1,12.62,2024-04-27,135,19.5
07 AAA 069,Renault,Fluence,1,12.62,2024-04-28,222,24.88
07 AAA 069,Renault,Fluence,1,12.62,2024-04-29,166,23.58
07 AAA 070,Renault,Transit,3,25.12,2024-01-01,134,41.18
07 AAA 070,Renault,Transit,3,25.12,2024-01-02,131,33.16
07 AAA 070,Renault,Transit,3,25.12,2024-01-03,145,43.76
07 AAA 070,Renault,Transit,3,25.12,2024-01-04,228,72.17
07 AAA 070,Renault,Transit,3,25.12,2024-01-05,251,55.89
07 AAA 070,Renault,Transit,3,25.12,2024-01-06,227,73.12
07 AAA 070,Renault,Transit,3,25.12,2024-01-07,54,18.63
07 AAA 070,Renault,Transit,3,25.12,2024-01-08,255,96.04
07 AAA 070,Renault,Transit,3,25.12,2024-01-09,140,39.18
07 AAA 070,Renault,Transit,3,25.12,2024-01-10,263,53.1
07 AAA 070,Renault,Transit,3,25.12,2024-01-11,108,23.6
07 AAA 070,Renault,Transit,3,25.12,2024-01-12,290,91.02
07 AAA 070,Renault,Transit,3,25.12,2024-01-13,243,91.39
07 AAA 070,Renault,Transit,3,25.12,2024-01-14,200,56.35
07 AAA 070,Renault,Transit,3,25.12,2024-01-15,43,15.24
07 AAA 070,Renault,Transit,3,25.12,2024-01-16,257,80.52
07 AAA 070,Renault,Transit,3,25.12,2024-01-17,209,71.77
07 AAA 070,Renault,Transit,3,25.12,2024-01-18,184,39.43
07 AAA 070,Renault,Transit,3,25.12,2024-01-19,199,51.88
07 AAA 070,Renault,Transit,3,25.12,2024-01-20,99,37.01
07 AAA 070,Renault,Transit,3,25.12,2024-01-21,246,52.47
07 AAA 070,Renault,Transit,3,25.12,2024-01-22,112,32.66
07 AAA 070,Renault,Transit,3,25.12,2024-01-23,77,16.78
07 AAA 070,Renault,Transit,3,25.12,2024-01-24,143,31.63
07 AAA 070,Renault,Transit,3,25.12,2024-01-25,215,44.68
07 AAA 070,Renault,Transit,3,25.12,2024-01-26,74,22.01
07 AAA 070,Renault,Transit,3,25.12,2024-01-27,68,15.57
07 AAA 070,Renault,Transit,3,25.12,2024-01-28,231,53.56
07 AAA 070,Renault,Transit,3,25.12,2024-01-29,205,52.6
07 AAA 070,Renault,Transit,3,25.12,2024-01-30,187,61.71
07 AAA 070,Renault,Transit,3,25.12,2024-01-31,259,61.34
07 AAA 070,Renault,Transit,3,25.12,2024-02-01,218,44.28
07 AAA 070,Renault,Transit,3,25.12,2024-02-02,57,19.44
07 AAA 070,Renault,Transit,3,25.12,2024-02-03,277,97.21
07 AAA 070,Renault,Transit,3,25.12,2024-02-04,208,72.4
07 AAA 070,Renault,Transit,3,25.12,2024-02-05,176,52.87
07 AAA 070,Renault,Transit,3,25.12,2024-02-06,59,15.13
07 AAA 070,Renault,Transit,3,25.12,2024-02-07,93,25.22
07 AAA 070,Renault,Transit,3,25.12,2024-02-08,193,51.47
07 AAA 070,Renault,Transit,3,25.12,2024-02-09,195,63.78
07 AAA 070,Renault,Transit,3,25.12,2024-02-10,132,40.14
07 AAA 070,Renault,Transit,3,25.12,2024-02-11,77,22.61
07 AAA 070,Renault,Transit,3,25.12,2024-02-12,200,67.23
07 AAA 070,Renault,Transit,3,25.12,2024-02-13,84,20.99
07 AAA 070,Renault,Transit,3,25.12,2024-02-14,56,11.81
07 AAA 070,Renault,Transit,3,25.12,2024-02-15,275,80.12
07 AAA 070,Renault,Transit,3,25.12,2024-02-16,94,23.28
07 AAA 070,Renault,Transit,3,25.12,2024-02-17,54,19.83
07 AAA 070,Renault,Transit,3,25.12,2024-02-18,234,52.61
07 AAA 070,Renault,Transit,3,25.12,2024-02-19,193,60.07
07 AAA 070,Renault,Transit,3,25.12,2024-02-20,201,42.56
07 AAA 070,Renault,Transit,3,25.12,2024-02-21,91,18.52
07 AAA 070,Renault,Transit,3,25.12,2024-02-22,114,42.3
07 AAA 070,Renault,Transit,3,25.12,2024-02-23,168,60.22
07 AAA 070,Renault,Transit,3,25.12,2024-02-24,291,94.69
07 AAA 070,Renault,Transit,3,25.12,2024-02-25,189,49.52
07 AAA 070,Renault,Transit,3,25.12,2024-02-26,194,62.19
07 AAA 070,Renault,Transit,3,25.12,2024-02-27,252,67.37
07 AAA 070,Renault,Transit,3,25.12,2024-02-28,86,22.3
07 AAA 070,Renault,Transit,3,25.12,2024-02-29,278,56.57
07 AAA 070,Renault,Transit,3,25.12,2024-03-01,195,54.73
07 AAA 070,Renault,Transit,3,25.12,2024-03-02,285,78.37
07 AAA 070,Renault,Transit,3,25.12,2024-03-03,81,18.89
07 AAA 070,Renault,Transit,3,25.12,2024-03-04,173,47.72
07 AAA 070,Renault,Transit,3,25.12,2024-03-05,79,21.5
07 AAA 070,Renault,Transit,3,25.12,2024-03-06,235,72.69
07 AAA 070,Renault,Transit,3,25.12,2024-03-07,83,18.42
07 AAA 070,Renault,Transit,3,25.12,2024-03-08,272,83.67
07 AAA 070,Renault,Transit,3,25.12,2024-03-09,220,54.77
07 AAA 070,Renault,Transit,3,25.12,2024-03-10,293,84.99
07 AAA 070,Renault,Transit,3,25.12,2024-03-11,97,19.9
07 AAA 070,Renault,Transit,3,25.12,2024-03-12,153,32.61
07 AAA 070,Renault,Transit,3,25.12,2024-03-13,52,15.01
07 AAA 070,Renault,Transit,3,25.12,2024-03-14,168,57.93
07 AAA 070,Renault,Transit,3,25.12,2024-03-15,60,18.84
07 AAA 070,Renault,Transit,3,25.12,2024-03-16,171,60.49
07 AAA 070,Renault,Transit,3,25.12,2024-03-17,288,93.98
07 AAA 070,Renault,Transit,3,25.12,2024-03-18,249,89.55
07 AAA 070,Renault,Transit,3,25.12,2024-03-19,166,42.14
07 AAA 070,Renault,Transit,3,25.12,2024-03-20,262,80.2
07 AAA 070,Renault,Transit,3,25.12,2024-03-21,108,36.72
07 AAA 070,Renault,Transit,3,25.12,2024-03-22,293,108.44
07 AAA 070,Renault,Transit,3,25.12,2024-03-23,152,50.39
07 AAA 070,Renault,Transit,3,25.12,2024-03-24,240,69.32
07 AAA 070,Renault,Transit,3,25.12,2024-03-25,229,58.15
07 AAA 070,Renault,Transit,3,25.12,2024-03-26,54,15.23
07 AAA 070,Renault,Transit,3,25.12,2024-03-27,229,76.5
07 AAA 070,Renault,Transit,3,25.12,2024-03-28,165,58.18
07 AAA 070,Renault,Transit,3,25.12,2024-03-29,229,70.99
07 AAA 070,Renault,Transit,3,25.12,2024-03-30,112,37.84
07 AAA 070,Renault,Transit,3,25.12,2024-03-31,150,46.09
07 AAA 070,Renault,Transit,3,25.12,2024-04-01,184,39.34
07 AAA 070,Renault,Transit,3,25.12,2024-04-02,280,75.82
07 AAA 070,Renault,Transit,3,25.12,2024-04-03,84,17.19
07 AAA 070,Renault,Transit,3,25.12,2024-04-04,121,37.64
07 AAA 070,Renault,Transit,3,25.12,2024-04-05,262,92.64
07 AAA 070,Renault,Transit,3,25.12,2024-04-06,199,66.25
07 AAA 070,Renault,Transit,3,25.12,2024-04-07,231,54.44
07 AAA 070,Renault,Transit,3,25.12,2024-04-08,274,81.97
07 AAA 070,Renault,Transit,3,25.12,2024-04-09,257,81.8
07 AAA 070,Renault,Transit,3,25.12,2024-04-10,257,94.56
07 AAA 070,Renault,Transit,3,25.12,2024-04-11,288,99.75
07 AAA 070,Renault,Transit,3,25.12,2024-04-12,293,105.01
07 AAA 070,Renault,Transit,3,25.12,2024-04-13,229,75.99
07 AAA 070,Renault,Transit,3,25.12,2024-04-14,245,51.86
07 AAA 070,Renault,Transit,3,25.12,2024-04-15,44,8.91
07 AAA 070,Renault,Transit,3,25.12,2024-04-16,166,57.89
07 AAA 070,Renault,Transit,3,25.12,2024-04-17,148,31.14
07 AAA 070,Renault,Transit,3,25.12,2024-04-18,256,66.41
07 AAA 070,Renault,Transit,3,25.12,2024-04-19,225,59.35
07 AAA 070,Renault,Transit,3,25.12,2024-04-20,147,52.8
07 AAA 070,Renault,Transit,3,25.12,2024-04-21,120,31.51
07 AAA 070,Renault,Transit,3,25.12,2024-04-22,253,77.76
07 AAA 070,Renault,Transit,3,25.12,2024-04-23,187,67.67
07 AAA 070,Renault,Transit,3,25.12,2024-04-24,77,23.77
07 AAA 070,Renault,Transit,3,25.12,2024-04-25,273,98.83
07 AAA 070,Renault,Transit,3,25.12,2024-04-26,152,38.0
07 AAA 070,Renault,Transit,3,25.12,2024-04-27,116,39.6
07 AAA 070,Renault,Transit,3,25.12,2024-04-28,215,68.16
07 AAA 070,Renault,Transit,3,25.12,2024-04-29,91,20.02
07 AAA 071,Renault,Transit,4,8.6,2024-01-01,48,4.92
07 AAA 071,Renault,Transit,4,8.6,2024-01-02,264,33.17
07 AAA 071,Renault,Transit,4,8.6,2024-01-03,195,16.36
07 AAA 071,Renault,Transit,4,8.6,2024-01-04,216,25.68
07 AAA 071,Renault,Transit,4,8.6,2024-01-05,137,10.19
07 AAA 071,Renault,Transit,4,8.6,2024-01-06,257,31.02
07 AAA 071,Renault,Transit,4,8.6,2024-01-07,106,8.49
07 AAA 071,Renault,Transit,4,8.6,2024-01-08,65,4.54
07 AAA 071,Renault,Transit,4,8.6,2024-01-09,52,6.54
07 AAA 071,Renault,Transit,4,8.6,2024-01-10,249,27.63
07 AAA 071,Renault,Transit,4,8.6,2024-01-11,78,7.75
07 AAA 071,Renault,Transit,4,8.6,2024-01-12,143,14.97
07 AAA 071,Renault,Transit,4,8.6,2024-01-13,159,15.1
07 AAA 071,Renault,Transit,4,8.6,2024-01-14,203,16.78
07 AAA 071,Renault,Transit,4,8.6,2024-01-15,185,15.98
07 AAA 071,Renault,Transit,4,8.6,2024-01-16,41,3.23
07 AAA 071,Renault,Transit,4,8.6,2024-01-17,156,11.56
07 AAA 071,Renault,Transit,4,8.6,2024-01-18,73,7.47
07 AAA 071,Renault,Transit,4,8.6,2024-01-19,154,13.33
07 AAA 071,Renault,Transit,4,8.6,2024-01-20,278,23.0
07 AAA 071,Renault,Transit,4,8.6,2024-01-21,186,19.2
07 AAA 071,Renault,Transit,4,8.6,2024-01-22,233,27.43
07 AAA 071,Renault,Transit,4,8.6,2024-01-23,54,6.38
07 AAA 071,Renault,Transit,4,8.6,2024-01-24,96,6.67
07 AAA 071,Renault,Transit,4,8.6,2024-01-25,122,13.22
07 AAA 071,Renault,Transit,4,8.6,2024-01-26,204,25.8
07 AAA 071,Renault,Transit,4,8.6,2024-01-27,184,17.07
07 AAA 071,Renault,Transit,4,8.6,2024-01-28,58,6.6
07 AAA 071,Renault,Transit,4,8.6,2024-01-29,106,13.14
07 AAA 071,Renault,Transit,4,8.6,2024-01-30,121,12.04
07 AAA 071,Renault,Transit,4,8.6,2024-01-31,210,26.63
07 AAA 071,Renault,Transit,4,8.6,2024-02-01,279,29.99
07 AAA 071,Renault,Transit,4,8.6,2024-02-02,70,6.91
07 AAA 071,Renault,Transit,4,8.6,2024-02-03,120,12.31
07 AAA 071,Renault,Transit,4,8.6,2024-02-04,272,30.67
07 AAA 071,Renault,Transit,4,8.6,2024-02-05,279,30.43
07 AAA 071,Renault,Transit,4,8.6,2024-02-06,195,17.48
07 AAA 071,Renault,Transit,4,8.6,2024-02-07,46,4.4
07 AAA 071,Renault,Transit,4,8.6,2024-02-08,220,23.05
07 AAA 071,Renault,Transit,4,8.6,2024-02-09,165,18.45
07 AAA 071,Renault,Transit,4,8.6,2024-02-10,102,7.28
07 AAA 071,Renault,Transit,4,8.6,2024-02-11,52,4.14
07 AAA 071,Renault,Transit,4,8.6,2024-02-12,45,4.77
07 AAA 071,Renault,Transit,4,8.6,2024-02-13,160,14.72
07 AAA 071,Renault,Transit,4,8.6,2024-02-14,87,10.32
07 AAA 071,Renault,Transit,4,8.6,2024-02-15,290,30.31
07 AAA 071,Renault,Transit,4,8.6,2024-02-16,195,24.34
07 AAA 071,Renault,Transit,4,8.6,2024-02-17,291,23.49
07 AAA 071,Renault,Transit,4,8.6,2024-02-18,245,21.33
07 AAA 071,Renault,Transit,4,8.6,2024-02-19,234,22.25
07 AAA 071,Renault,Transit,4,8.6,2024-02-20,192,24.64
07 AAA 071,Renault,Transit,4,8.6,2024-02-21,74,6.06
07 AAA 071,Renault,Transit,4,8.6,2024-02-22,239,24.76
07 AAA 071,Renault,Transit,4,8.6,2024-02-23,49,3.57
07 AAA 071,Renault,Transit,4,8.6,2024-02-24,295,29.24
07 AAA 071,Renault,Transit,4,8.6,2024-02-25,177,20.13
07 AAA 071,Renault,Transit,4,8.6,2024-02-26,192,16.32
07 AAA 071,Renault,Transit,4,8.6,2024-02-27,195,19.51
07 AAA 071,Renault,Transit,4,8.6,2024-02-28,94,11.37
07 AAA 071,Renault,Transit,4,8.6,2024-02-29,196,21.18
07 AAA 071,Renault,Transit,4,8.6,2024-03-01,68,8.33
07 AAA 071,Renault,Transit,4,8.6,2024-03-02,147,12.54
07 AAA 071,Renault,Transit,4,8.6,2024-03-03,176,16.1
07 AAA 071,Renault,Transit,4,8.6,2024-03-04,128,10.69
07 AAA 071,Renault,Transit,4,8.6,2024-03-05,78,7.87
07 AAA 071,Renault,Transit,4,8.6,2024-03-06,132,11.07
07 AAA 071,Renault,Transit,4,8.6,2024-03-07,292,27.79
07 AAA 071,Renault,Transit,4,8.6,2024-03-08,81,9.93
07 AAA 071,Renault,Transit,4,8.6,2024-03-09,267,29.23
07 AAA 071,Renault,Transit,4,8.6,2024-03-10,102,12.85
07 AAA 071,Renault,Transit,4,8.6,2024-03-11,285,26.45
07 AAA 071,Renault,Transit,4,8.6,2024-03-12,59,6.53
07 AAA 071,Renault,Transit,4,8.6,2024-03-13,189,14.94
07 AAA 071,Renault,Transit,4,8.6,2024-03-14,237,28.23
07 AAA 071,Renault,Transit,4,8.6,2024-03-15,276,27.02
07 AAA 071,Renault,Transit,4,8.6,2024-03-16,246,26.46
07 AAA 071,Renault,Transit,4,8.6,2024-03-17,122,8.85
07 AAA 071,Renault,Transit,4,8.6,2024-03-18,157,19.05
07 AAA 071,Renault,Transit,4,8.6,2024-03-19,298,37.74
07 AAA 071,Renault,Transit,4,8.6,2024-03-20,140,17.51
07 AAA 071,Renault,Transit,4,8.6,2024-03-21,283,20.81
07 AAA 071,Renault,Transit,4,8.6,2024-03-22,239,29.07
07 AAA 071,Renault,Transit,4,8.6,2024-03-23,58,7.0
07 AAA 071,Renault,Transit,4,8.6,2024-03-24,214,25.58
07 AAA 071,Renault,Transit,4,8.6,2024-03-25,136,15.53
07 AAA 071,Renault,Transit,4,8.6,2024-03-26,169,17.48
07 AAA 071,Renault,Transit,4,8.6,2024-03-27,109,13.78
07 AAA 071,Renault,Transit,4,8.6,2024-03-28,89,10.35
07 AAA 071,Renault,Transit,4,8.6,2024-03-29,291,32.74
07 AAA 071,Renault,Transit,4,8.6,2024-03-30,145,15.7
07 AAA 071,Renault,Transit,4,8.6,2024-03-31,216,17.47
07 AAA 071,Renault,Transit,4,8.6,2024-04-01,155,16.68
07 AAA 071,Renault,Transit,4,8.6,2024-04-02,243,27.13
07 AAA 071,Renault,Transit,4,8.6,2024-04-03,61,5.28
07 AAA 071,Renault,Transit,4,8.6,2024-04-04,74,7.12
07 AAA 071,Renault,Transit,4,8.6,2024-04-05,286,32.42
07 AAA 071,Renault,Transit,4,8.6,2024-04-06,127,13.96
07 AAA 071,Renault,Transit,4,8.6,2024-04-07,84,8.17
07 AAA 071,Renault,Transit,4,8.6,2024-04-08,50,4.97
07 AAA 071,Renault,Transit,4,8.6,2024-04-09,115,10.35
07 AAA 071,Renault,Transit,4,8.6,2024-04-10,150,16.56
07 AAA 071,Renault,Transit,4,8.6,2024-04-11,268,32.35
07 AAA 071,Renault,Transit,4,8.6,2024-04-12,146,11.63
07 AAA 071,Renault,Transit,4,8.6,2024-04-13,218,20.08
07 AAA 071,Renault,Transit,4,8.6,2024-04-14,109,12.85
07 AAA 071,Renault,Transit,4,8.6,2024-04-15,137,17.36
07 AAA 071,Renault,Transit,4,8.6,2024-04-16,200,22.41
07 AAA 071,Renault,Transit,4,8.6,2024-04-17,53,5.87
07 AAA 071,Renault,Transit,4,8.6,2024-04-18,42,4.98
07 AAA 071,Renault,Transit,4,8.6,2024-04-19,270,24.07
07 AAA 071,Renault,Transit,4,8.6,2024-04-20,76,9.6
07 AAA 071,Renault,Transit,4,8.6,2024-04-21,40,3.41
07 AAA 071,Renault,Transit,4,8.6,2024-04-22,268,23.98
07 AAA 071,Renault,Transit,4,8.6,2024-04-23,216,22.28
07 AAA 071,Renault,Transit,4,8.6,2024-04-24,92,9.09
07 AAA 071,Renault,Transit,4,8.6,2024-04-25,199,19.37
07 AAA 071,Renault,Transit,4,8.6,2024-04-26,256,31.5
07 AAA 071,Renault,Transit,4,8.6,2024-04-27,167,17.61
07 AAA 071,Renault,Transit,4,8.6,2024-04-28,61,5.66
07 AAA 071,Renault,Transit,4,8.6,2024-04-29,85,9.46
07 AAA 072,Ford,Transit,4,8.9,2024-01-01,295,31.09
07 AAA 072,Ford,Transit,4,8.9,2024-01-02,56,5.07
07 AAA 072,Ford,Transit,4,8.9,2024-01-03,267,24.38
07 AAA 072,Ford,Transit,4,8.9,2024-01-04,281,36.13
07 AAA 072,Ford,Transit,4,8.9,2024-01-05,166,12.91
07 AAA 072,Ford,Transit,4,8.9,2024-01-06,80,6.32
07 AAA 072,Ford,Transit,4,8.9,2024-01-07,82,10.5
07 AAA 072,Ford,Transit,4,8.9,2024-01-08,251,25.38
07 AAA 072,Ford,Transit,4,8.9,2024-01-09,60,6.27
07 AAA 072,Ford,Transit,4,8.9,2024-01-10,47,4.72
07 AAA 072,Ford,Transit,4,8.9,2024-01-11,222,23.88
07 AAA 072,Ford,Transit,4,8.9,2024-01-12,97,12.84
07 AAA 072,Ford,Transit,4,8.9,2024-01-13,51,6.73
07 AAA 072,Ford,Transit,4,8.9,2024-01-14,212,20.74
07 AAA 072,Ford,Transit,4,8.9,2024-01-15,169,13.92
07 AAA 072,Ford,Transit,4,8.9,2024-01-16,163,19.54
07 AAA 072,Ford,Transit,4,8.9,2024-01-17,268,21.26
07 AAA 072,Ford,Transit,4,8.9,2024-01-18,90,7.6
07 AAA 072,Ford,Transit,4,8.9,2024-01-19,249,25.39
07 AAA 072,Ford,Transit,4,8.9,2024-01-20,172,22.72
07 AAA 072,Ford,Transit,4,8.9,2024-01-21,289,29.46
07 AAA 072,Ford,Transit,4,8.9,2024-01-22,268,31.15
07 AAA 072,Ford,Transit,4,8.9,2024-01-23,263,27.7
07 AAA 072,Ford,Transit,4,8.9,2024-01-24,209,24.39
07 AAA 072,Ford,Transit,4,8.9,2024-01-25,239,19.93
07 AAA 072,Ford,Transit,4,8.9,2024-01-26,136,14.11
07 AAA 072,Ford,Transit,4,8.9,2024-01-27,229,30.39
07 AAA 072,Ford,Transit,4,8.9,2024-01-28,261,27.63
07 AAA 072,Ford,Transit,4,8.9,2024-01-29,66,6.8
07 AAA 072,Ford,Transit,4,8.9,2024-01-30,135,13.36
07 AAA 072,Ford,Transit,4,8.9,2024-01-31,228,23.25
07 AAA 072,Ford,Transit,4,8.9,2024-02-01,65,5.98
07 AAA 072,Ford,Transit,4,8.9,2024-02-02,122,10.7
07 AAA 072,Ford,Transit,4,8.9,2024-02-03,243,20.91
07 AAA 072,Ford,Transit,4,8.9,2024-02-04,166,15.35
07 AAA 072,Ford,Transit,4,8.9,2024-02-05,189,23.77
07 AAA 072,Ford,Transit,4,8.9,2024-02-06,40,3.59
07 AAA 072,Ford,Transit,4,8.9,2024-02-07,142,13.44
07 AAA 072,Ford,Transit,4,8.9,2024-02-08,187,24.96
07 AAA 072,Ford,Transit,4,8.9,2024-02-09,98,7.23
07 AAA 072,Ford,Transit,4,8.9,2024-02-10,120,15.42
07 AAA 072,Ford,Transit,4,8.9,2024-02-11,210,18.87
07 AAA 072,Ford,Transit,4,8.9,2024-02-12,163,21.53
07 AAA 072,Ford,Transit,4,8.9,2024-02-13,260,26.61
07 AAA 072,Ford,Transit,4,8.9,2024-02-14,274,23.48
07 AAA 072,Ford,Transit,4,8.9,2024-02-15,172,18.39
07 AAA 072,Ford,Transit,4,8.9,2024-02-16,42,3.82
07 AAA 072,Ford,Transit,4,8.9,2024-02-17,272,32.27
07 AAA 072,Ford,Transit,4,8.9,2024-02-18,287,33.53
07 AAA 072,Ford,Transit,4,8.9,2024-02-19,47,5.15
07 AAA 072,Ford,Transit,4,8.9,2024-02-20,122,15.12
07 AAA 072,Ford,Transit,4,8.9,2024-02-21,153,16.56
07 AAA 072,Ford,Transit,4,8.9,2024-02-22,49,5.6
07 AAA 072,Ford,Transit,4,8.9,2024-02-23,298,23.41
07 AAA 072,Ford,Transit,4,8.9,2024-02-24,81,7.0
07 AAA 072,Ford,Transit,4,8.9,2024-02-25,59,6.65
07 AAA 072,Ford,Transit,4,8.9,2024-02-26,194,20.59
07 AAA 072,Ford,Transit,4,8.9,2024-02-27,45,3.55
07 AAA 072,Ford,Transit,4,8.9,2024-02-28,49,6.13
07 AAA 072,Ford,Transit,4,8.9,2024-02-29,225,26.34
07 AAA 072,Ford,Transit,4,8.9,2024-03-01,244,23.01
07 AAA 072,Ford,Transit,4,8.9,2024-03-02,262,26.24
07 AAA 072,Ford,Transit,4,8.9,2024-03-03,93,7.7
07 AAA 072,Ford,Transit,4,8.9,2024-03-04,209,23.68
07 AAA 072,Ford,Transit,4,8.9,2024-03-05,194,21.96
07 AAA 072,Ford,Transit,4,8.9,2024-03-06,285,26.0
07 AAA 072,Ford,Transit,4,8.9,2024-03-07,187,16.05
07 AAA 072,Ford,Transit,4,8.9,2024-03-08,274,32.48
07 AAA 072,Ford,Transit,4,8.9,2024-03-09,133,13.98
07 AAA 072,Ford,Transit,4,8.9,2024-03-10,255,23.09
07 AAA 072,Ford,Transit,4,8.9,2024-03-11,222,21.58
07 AAA 072,Ford,Transit,4,8.9,2024-03-12,119,13.46
07 AAA 072,Ford,Transit,4,8.9,2024-03-13,234,18.18
07 AAA 072,Ford,Transit,4,8.9,2024-03-14,230,23.22
07 AAA 072,Ford,Transit,4,8.9,2024-03-15,172,13.02
07 AAA 072,Ford,Transit,4,8.9,2024-03-16,223,26.92
07 AAA 072,Ford,Transit,4,8.9,2024-03-17,237,30.18
07 AAA 072,Ford,Transit,4,8.9,2024-03-18,65,7.75
07 AAA 072,Ford,Transit,4,8.9,2024-03-19,120,10.89
07 AAA 072,Ford,Transit,4,8.9,2024-03-20,276,26.41
07 AAA 072,Ford,Transit,4,8.9,2024-03-21,241,28.63
07 AAA 072,Ford,Transit,4,8.9,2024-03-22,174,16.29
07 AAA 072,Ford,Transit,4,8.9,2024-03-23,74,6.14
07 AAA 072,Ford,Transit,4,8.9,2024-03-24,67,5.55
07 AAA 072,Ford,Transit,4,8.9,2024-03-25,44,3.81
07 AAA 072,Ford,Transit,4,8.9,2024-03-26,249,32.61
07 AAA 072,Ford,Transit,4,8.9,2024-03-27,180,16.65
07 AAA 072,Ford,Transit,4,8.9,2024-03-28,43,4.84
07 AAA 072,Ford,Transit,4,8.9,2024-03-29,54,6.4
07 AAA 072,Ford,Transit,4,8.9,2024-03-30,139,17.21
07 AAA 072,Ford,Transit,4,8.9,2024-03-31,212,19.34
07 AAA 072,Ford,Transit,4,8.9,2024-04-01,126,13.25
07 AAA 072,Ford,Transit,4,8.9,2024-04-02,232,27.87
07 AAA 072,Ford,Transit,4,8.9,2024-04-03,162,15.11
07 AAA 072,Ford,Transit,4,8.9,2024-04-04,292,37.84
07 AAA 072,Ford,Transit,4,8.9,2024-04-05,144,12.71
07 AAA 072,Ford,Transit,4,8.9,2024-04-06,267,29.64
07 AAA 072,Ford,Transit,4,8.9,2024-04-07,230,27.09
07 AAA 072,Ford,Transit,4,8.9,2024-04-08,123,12.99
07 AAA 072,Ford,Transit,4,8.9,2024-04-09,180,22.4
07 AAA 072,Ford,Transit,4,8.9,2024-04-10,247,22.77
07 AAA 072,Ford,Transit,4,8.9,2024-04-11,47,4.13
07 AAA 072,Ford,Transit,4,8.9,2024-04-12,60,5.93
07 AAA 072,Ford,Transit,4,8.9,2024-04-13,75,6.71
07 AAA 072,Ford,Transit,4,8.9,2024-04-14,159,21.14
07 AAA 072,Ford,Transit,4,8.9,2024-04-15,300,29.09
07 AAA 072,Ford,Transit,4,8.9,2024-04-16,243,26.47
07 AAA 072,Ford,Transit,4,8.9,2024-04-17,41,4.93
07 AAA 072,Ford,Transit,4,8.9,2024-04-18,253,27.83
07 AAA 072,Ford,Transit,4,8.9,2024-04-19,247,25.66
07 AAA 072,Ford,Transit,4,8.9,2024-04-20,270,25.58
07 AAA 072,Ford,Transit,4,8.9,2024-04-21,179,22.54
07 AAA 072,Ford,Transit,4,8.9,2024-04-22,171,15.16
07 AAA 072,Ford,Transit,4,8.9,2024-04-23,106,7.95
07 AAA 072,Ford,Transit,4,8.9,2024-04-24,199,17.2
07 AAA 072,Ford,Transit,4,8.9,2024-04-25,293,30.24
07 AAA 072,Ford,Transit,4,8.9,2024-04-26,149,13.21
07 AAA 072,Ford,Transit,4,8.9,2024-04-27,190,20.74
07 AAA 072,Ford,Transit,4,8.9,2024-04-28,285,28.15
07 AAA 072,Ford,Transit,4,8.9,2024-04-29,152,12.78
07 AAA 073,Fiat,Transit,1,11.11,2024-01-01,78,7.76
07 AAA 073,Fiat,Transit,1,11.11,2024-01-02,69,8.0
07 AAA 073,Fiat,Transit,1,11.11,2024-01-03,244,35.12
07 AAA 073,Fiat,Transit,1,11.11,2024-01-04,198,27.25
07 AAA 073,Fiat,Transit,1,11.11,2024-01-05,281,31.77
07 AAA 073,Fiat,Transit,1,11.11,2024-01-06,198,27.6
07 AAA 073,Fiat,Transit,1,11.11,2024-01-07,208,23.0
07 AAA 073,Fiat,Transit,1,11.11,2024-01-08,205,33.74
07 AAA 073,Fiat,Transit,1,11.11,2024-01-09,152,21.67
07 AAA 073,Fiat,Transit,1,11.11,2024-01-10,262,37.93
07 AAA 073,Fiat,Transit,1,11.11,2024-01-11,205,30.67
07 AAA 073,Fiat,Transit,1,11.11,2024-01-12,268,31.27
07 AAA 073,Fiat,Transit,1,11.11,2024-01-13,149,14.3
07 AAA 073,Fiat,Transit,1,11.11,2024-01-14,199,27.08
07 AAA 073,Fiat,Transit,1,11.11,2024-01-15,188,24.97
07 AAA 073,Fiat,Transit,1,11.11,2024-01-16,199,32.19
07 AAA 073,Fiat,Transit,1,11.11,2024-01-17,171,22.37
07 AAA 073,Fiat,Transit,1,11.11,2024-01-18,74,11.01
07 AAA 073,Fiat,Transit,1,11.11,2024-01-19,69,10.79
07 AAA 073,Fiat,Transit,1,11.11,2024-01-20,240,39.43
07 AAA 073,Fiat,Transit,1,11.11,2024-01-21,41,6.71
07 AAA 073,Fiat,Transit,1,11.11,2024-01-22,215,23.09
07 AAA 073,Fiat,Transit,1,11.11,2024-01-23,228,32.55
07 AAA 073,Fiat,Transit,1,11.11,2024-01-24,289,36.01
07 AAA 073,Fiat,Transit,1,11.11,2024-01-25,288,29.38
07 AAA 073,Fiat,Transit,1,11.11,2024-01-26,221,24.37
07 AAA 073,Fiat,Transit,1,11.11,2024-01-27,296,38.68
07 AAA 073,Fiat,Transit,1,11.11,2024-01-28,197,19.79
07 AAA 073,Fiat,Transit,1,11.11,2024-01-29,188,24.09
07 AAA 073,Fiat,Transit,1,11.11,2024-01-30,232,27.92
07 AAA 073,Fiat,Transit,1,11.11,2024-01-31,177,21.38
07 AAA 073,Fiat,Transit,1,11.11,2024-02-01,225,32.72
07 AAA 073,Fiat,Transit,1,11.11,2024-02-02,289,29.58
07 AAA 073,Fiat,Transit,1,11.11,2024-02-03,236,29.93
07 AAA 073,Fiat,Transit,1,11.11,2024-02-04,228,27.79
07 AAA 073,Fiat,Transit,1,11.11,2024-02-05,96,14.12
07 AAA 073,Fiat,Transit,1,11.11,2024-02-06,292,47.23
07 AAA 073,Fiat,Transit,1,11.11,2024-02-07,285,34.83
07 AAA 073,Fiat,Transit,1,11.11,2024-02-08,237,32.58
07 AAA 073,Fiat,Transit,1,11.11,2024-02-09,245,36.78
07 AAA 073,Fiat,Transit,1,11.11,2024-02-10,109,14.1
07 AAA 073,Fiat,Transit,1,11.11,2024-02-11,86,8.0
07 AAA 073,Fiat,Transit,1,11.11,2024-02-12,204,32.38
07 AAA 073,Fiat,Transit,1,11.11,2024-02-13,281,34.89
07 AAA 073,Fiat,Transit,1,11.11,2024-02-14,224,35.29
07 AAA 073,Fiat,Transit,1,11.11,2024-02-15,226,29.34
07 AAA 073,Fiat,Transit,1,11.11,2024-02-16,126,14.36
07 AAA 073,Fiat,Transit,1,11.11,2024-02-17,175,28.05
07 AAA 073,Fiat,Transit,1,11.11,2024-02-18,191,31.17
07 AAA 073,Fiat,Transit,1,11.11,2024-02-19,253,26.33
07 AAA 073,Fiat,Transit,1,11.11,2024-02-20,280,34.34
07 AAA 073,Fiat,Transit,1,11.11,2024-02-21,45,4.29
07 AAA 073,Fiat,Transit,1,11.11,2024-02-22,284,33.26
07 AAA 073,Fiat,Transit,1,11.11,2024-02-23,66,10.27
07 AAA 073,Fiat,Transit,1,11.11,2024-02-24,275,27.82
07 AAA 073,Fiat,Transit,1,11.11,2024-02-25,53,6.94
07 AAA 073,Fiat,Transit,1,11.11,2024-02-26,65,8.65
07 AAA 073,Fiat,Transit,1,11.11,2024-02-27,76,7.8
07 AAA 073,Fiat,Transit,1,11.11,2024-02-28,268,41.6
07 AAA 073,Fiat,Transit,1,11.11,2024-02-29,244,34.46
07 AAA 073,Fiat,Transit,1,11.11,2024-03-01,273,42.13
07 AAA 073,Fiat,Transit,1,11.11,2024-03-02,285,29.09
07 AAA 073,Fiat,Transit,1,11.11,2024-03-03,192,25.88
07 AAA 073,Fiat,Transit,1,11.11,2024-03-04,208,27.46
07 AAA 073,Fiat,Transit,1,11.11,2024-03-05,294,39.24
07 AAA 073,Fiat,Transit,1,11.11,2024-03-06,176,27.89
07 AAA 073,Fiat,Transit,1,11.11,2024-03-07,153,24.74
07 AAA 073,Fiat,Transit,1,11.11,2024-03-08,284,29.34
07 AAA 073,Fiat,Transit,1,11.11,2024-03-09,158,17.34
07 AAA 073,Fiat,Transit,1,11.11,2024-03-10,132,16.57
07 AAA 073,Fiat,Transit,1,11.11,2024-03-11,270,30.68
07 AAA 073,Fiat,Transit,1,11.11,2024-03-12,232,33.66
07 AAA 073,Fiat,Transit,1,11.11,2024-03-13,152,13.61
07 AAA 073,Fiat,Transit,1,11.11,2024-03-14,225,27.65
07 AAA 073,Fiat,Transit,1,11.11,2024-03-15,146,13.7
07 AAA 073,Fiat,Transit,1,11.11,2024-03-16,118,19.4
07 AAA 073,Fiat,Transit,1,11.11,2024-03-17,279,45.0
07 AAA 073,Fiat,Transit,1,11.11,2024-03-18,286,34.06
07 AAA 073,Fiat,Transit,1,11.11,2024-03-19,209,24.28
07 AAA 073,Fiat,Transit,1,11.11,2024-03-20,61,9.47
07 AAA 073,Fiat,Transit,1,11.11,2024-03-21,127,17.59
07 AAA 073,Fiat,Transit,1,11.11,2024-03-22,159,17.96
07 AAA 073,Fiat,Transit,1,11.11,2024-03-23,249,26.28
07 AAA 073,Fiat,Transit,1,11.11,2024-03-24,98,9.49
07 AAA 073,Fiat,Transit,1,11.11,2024-03-25,166,23.49
07 AAA 073,Fiat,Transit,1,11.11,2024-03-26,249,32.53
07 AAA 073,Fiat,Transit,1,11.11,2024-03-27,242,35.66
07 AAA 073,Fiat,Transit,1,11.11,2024-03-28,138,19.6
07 AAA 073,Fiat,Transit,1,11.11,2024-03-29,182,25.25
07 AAA 073,Fiat,Transit,1,11.11,2024-03-30,164,17.61
07 AAA 073,Fiat,Transit,1,11.11,2024-03-31,212,32.41
07 AAA 073,Fiat,Transit,1,11.11,2024-04-01,205,22.65
07 AAA 073,Fiat,Transit,1,11.11,2024-04-02,195,23.71
07 AAA 073,Fiat,Transit,1,11.11,2024-04-03,225,26.01
07 AAA 073,Fiat,Transit,1,11.11,2024-04-04,196,21.86
07 AAA 073,Fiat,Transit,1,11.11,2024-04-05,151,17.02
07 AAA 073,Fiat,Transit,1,11.11,2024-04-06,123,12.87
07 AAA 073,Fiat,Transit,1,11.11,2024-04-07,119,11.34
07 AAA 073,Fiat,Transit,1,11.11,2024-04-08,185,16.69
07 AAA 073,Fiat,Transit,1,11.11,2024-04-09,290,38.52
07 AAA 073,Fiat,Transit,1,11.11,2024-04-10,167,16.65
07 AAA 073,Fiat,Transit,1,11.11,2024-04-11,153,17.06
07 AAA 073,Fiat,Transit,1,11.11,2024-04-12,280,29.89
07 AAA 073,Fiat,Transit,1,11.11,2024-04-13,284,46.98
07 AAA 073,Fiat,Transit,1,11.11,2024-04-14,268,32.17
07 AAA 073,Fiat,Transit,1,11.11,2024-04-15,178,27.84
07 AAA 073,Fiat,Transit,1,11.11,2024-04-16,150,19.49
07 AAA 073,Fiat,Transit,1,11.11,2024-04-17,266,40.65
07 AAA 073,Fiat,Transit,1,11.11,2024-04-18,43,6.52
07 AAA 073,Fiat,Transit,1,11.11,2024-04-19,83,12.49
07 AAA 073,Fiat,Transit,1,11.11,2024-04-20,179,24.5
07 AAA 073,Fiat,Transit,1,11.11,2024-04-21,117,13.26
07 AAA 073,Fiat,Transit,1,11.11,2024-04-22,121,14.47
07 AAA 073,Fiat,Transit,1,11.11,2024-04-23,46,4.65
07 AAA 073,Fiat,Transit,1,11.11,2024-04-24,190,24.67
07 AAA 073,Fiat,Transit,1,11.11,2024-04-25,275,42.03
07 AAA 073,Fiat,Transit,1,11.11,2024-04-26,233,25.58
07 AAA 073,Fiat,Transit,1,11.11,2024-04-27,197,32.36
07 AAA 073,Fiat,Transit,1,11.11,2024-04-28,189,28.74
07 AAA 073,Fiat,Transit,1,11.11,2024-04-29,225,32.58
07 AAA 074,Mercedes,Fluence,1,11.37,2024-01-01,297,44.02
07 AAA 074,Mercedes,Fluence,1,11.37,2024-01-02,295,31.59
07 AAA 074,Mercedes,Fluence,1,11.37,2024-01-03,276,29.62
07 AAA 074,Mercedes,Fluence,1,11.37,2024-01-04,298,30.78
07 AAA 074,Mercedes,Fluence,1,11.37,2024-01-05,183,16.72
07 AAA 074,Mercedes,Fluence,1,11.37,2024-01-06,94,11.3
07 AAA 074,Mercedes,Fluence,1,11.37,2024-01-07,54,5.17
07 AAA 074,Mercedes,Fluence,1,11.37,2024-01-08,110,15.41
07 AAA 074,Mercedes,Fluence,1,11.37,2024-01-09,245,33.12
07 AAA 074,Mercedes,Fluence,1,11.37,2024-01-10,259,39.72
07 AAA 074,Mercedes,Fluence,1,11.37,2024-01-11,267,31.19
07 AAA 074,Mercedes,Fluence,1,11.37,2024-01-12,236,24.02
07 AAA 074,Mercedes,Fluence,1,11.37,2024-01-13,142,17.18
07 AAA 074,Mercedes,Fluence,1,11.37,2024-01-14,83,13.76
07 AAA 074,Mercedes,Fluence,1,11.37,2024-01-15,71,6.48
07 AAA 074,Mercedes,Fluence,1,11.37,2024-01-16,54,6.01
07 AAA 074,Mercedes,Fluence,1,11.37,2024-01-17,237,35.58
07 AAA 074,Mercedes,Fluence,1,11.37,2024-01-18,201,28.55
07 AAA 074,Mercedes,Fluence,1,11.37,2024-01-19,158,18.03
07 AAA 074,Mercedes,Fluence,1,11.37,2024-01-20,71,8.89
07 AAA 074,Mercedes,Fluence,1,11.37,2024-01-21,65,9.09
07 AAA 074,Mercedes,Fluence,1,11.37,2024-01-22,201,22.13
07 AAA 074,Mercedes,Fluence,1,11.37,2024-01-23,265,33.59
07 AAA 074,Mercedes,Fluence,1,11.37,2024-01-24,229,35.99
07 AAA 074,Mercedes,Fluence,1,11.37,2024-01-25,102,10.51
07 AAA 074,Mercedes,Fluence,1,11.37,2024-01-26,220,23.49
07 AAA 074,Mercedes,Fluence,1,11.37,2024-01-27,214,23.16
07 AAA 074,Mercedes,Fluence,1,11.37,2024-01-28,204,31.28
07 AAA 074,Mercedes,Fluence,1,11.37,2024-01-29,211,34.8
07 AAA 074,Mercedes,Fluence,1,11.37,2024-01-30,91,11.79
07 AAA 074,Mercedes,Fluence,1,11.37,2024-01-31,117,13.03
07 AAA 074,Mercedes,Fluence,1,11.37,2024-02-01,273,40.96
07 AAA 074,Mercedes,Fluence,1,11.37,2024-02-02,48,5.4
07 AAA 074,Mercedes,Fluence,1,11.37,2024-02-03,231,21.88
07 AAA 074,Mercedes,Fluence,1,11.37,2024-02-04,123,17.63
07 AAA 074,Mercedes,Fluence,1,11.37,2024-02-05,292,40.62
07 AAA 074,Mercedes,Fluence,1,11.37,2024-02-06,67,8.28
07 AAA 074,Mercedes,Fluence,1,11.37,2024-02-07,170,15.57
07 AAA 074,Mercedes,Fluence,1,11.37,2024-02-08,219,37.23
07 AAA 074,Mercedes,Fluence,1,11.37,2024-02-09,52,8.84
07 AAA 074,Mercedes,Fluence,1,11.37,2024-02-10,294,39.06
07 AAA 074,Mercedes,Fluence,1,11.37,2024-02-11,291,28.52
07 AAA 074,Mercedes,Fluence,1,11.37,2024-02-12,194,18.57
07 AAA 074,Mercedes,Fluence,1,11.37,2024-02-13,226,27.45
07 AAA 074,Mercedes,Fluence,1,11.37,2024-02-14,60,5.76
07 AAA 074,Mercedes,Fluence,1,11.37,2024-02-15,66,6.1
07 AAA 074,Mercedes,Fluence,1,11.37,2024-02-16,144,15.43
07 AAA 074,Mercedes,Fluence,1,11.37,2024-02-17,210,22.25
07 AAA 074,Mercedes,Fluence,1,11.37,2024-02-18,167,20.89
07 AAA 074,Mercedes,Fluence,1,11.37,2024-02-19,277,25.69
07 AAA 074,Mercedes,Fluence,1,11.37,2024-02-20,282,44.24
07 AAA 074,Mercedes,Fluence,1,11.37,2024-02-21,144,18.97
07 AAA 074,Mercedes,Fluence,1,11.37,2024-02-22,129,16.49
07 AAA 074,Mercedes,Fluence,1,11.37,2024-02-23,193,22.63
07 AAA 074,Mercedes,Fluence,1,11.37,2024-02-24,81,10.57
07 AAA 074,Mercedes,Fluence,1,11.37,2024-02-25,186,23.46
07 AAA 074,Mercedes,Fluence,1,11.37,2024-02-26,48,7.99
07 AAA 074,Mercedes,Fluence,1,11.37,2024-02-27,206,34.45
07 AAA 074,Mercedes,Fluence,1,11.37,2024-02-28,192,25.14
07 AAA 074,Mercedes,Fluence,1,11.37,2024-02-29,57,8.24
07 AAA 074,Mercedes,Fluence,1,11.37,2024-03-01,114,18.66
07 AAA 074,Mercedes,Fluence,1,11.37,2024-03-02,237,40.43
07 AAA 074,Mercedes,Fluence,1,11.37,2024-03-03,163,16.19
07 AAA 074,Mercedes,Fluence,1,11.37,2024-03-04,136,16.25
07 AAA 074,Mercedes,Fluence,1,11.37,2024-03-05,177,27.39
07 AAA 074,Mercedes,Fluence,1,11.37,2024-03-06,218,31.41
07 AAA 074,Mercedes,Fluence,1,11.37,2024-03-07,99,14.96
07 AAA 074,Mercedes,Fluence,1,11.37,2024-03-08,192,29.25
07 AAA 074,Mercedes,Fluence,1,11.37,2024-03-09,80,10.77
07 AAA 074,Mercedes,Fluence,1,11.37,2024-03-10,242,32.22
07 AAA 074,Mercedes,Fluence,1,11.37,2024-03-11,81,11.48
07 AAA 074,Mercedes,Fluence,1,11.37,2024-03-12,160,20.6
07 AAA 074,Mercedes,Fluence,1,11.37,2024-03-13,232,33.9
07 AAA 074,Mercedes,Fluence,1,11.37,2024-03-14,268,35.49
07 AAA 074,Mercedes,Fluence,1,11.37,2024-03-15,123,11.9
07 AAA 074,Mercedes,Fluence,1,11.37,2024-03-16,128,20.38
07 AAA 074,Mercedes,Fluence,1,11.37,2024-03-17,86,12.93
07 AAA 074,Mercedes,Fluence,1,11.37,2024-03-18,183,25.72
07 AAA 074,Mercedes,Fluence,1,11.37,2024-03-19,87,11.02
07 AAA 074,Mercedes,Fluence,1,11.37,2024-03-20,178,25.64
07 AAA 074,Mercedes,Fluence,1,11.37,2024-03-21,129,21.25
07 AAA 074,Mercedes,Fluence,1,11.37,2024-03-22,95,10.32
07 AAA 074,Mercedes,Fluence,1,11.37,2024-03-23,209,19.88
07 AAA 074,Mercedes,Fluence,1,11.37,2024-03-24,57,9.49
07 AAA 074,Mercedes,Fluence,1,11.37,2024-03-25,90,8.79
07 AAA 074,Mercedes,Fluence,1,11.37,2024-03-26,54,7.92
07 AAA 074,Mercedes,Fluence,1,11.37,2024-03-27,115,12.22
07 AAA 074,Mercedes,Fluence,1,11.37,2024-03-28,137,19.58
07 AAA 074,Mercedes,Fluence,1,11.37,2024-03-29,88,11.34
07 AAA 074,Mercedes,Fluence,1,11.37,2024-03-30,237,24.74
07 AAA 074,Mercedes,Fluence,1,11.37,2024-03-31,199,18.59
07 AAA 074,Mercedes,Fluence,1,11.37,2024-04-01,292,49.77
07 AAA 074,Mercedes,Fluence,1,11.37,2024-04-02,42,5.13
07 AAA 074,Mercedes,Fluence,1,11.37,2024-04-03,221,34.81
07 AAA 074,Mercedes,Fluence,1,11.37,2024-04-04,64,7.8
07 AAA 074,Mercedes,Fluence,1,11.37,2024-04-05,229,35.38
07 AAA 074,Mercedes,Fluence,1,11.37,2024-04-06,248,41.47
07 AAA 074,Mercedes,Fluence,1,11.37,2024-04-07,245,38.25
07 AAA 074,Mercedes,Fluence,1,11.37,2024-04-08,280,25.86
07 AAA 074,Mercedes,Fluence,1,11.37,2024-04-09,242,22.14
07 AAA 074,Mercedes,Fluence,1,11.37,2024-04-10,284,37.13
07 AAA 074,Mercedes,Fluence,1,11.37,2024-04-11,277,39.81
07 AAA 074,Mercedes,Fluence,1,11.37,2024-04-12,177,27.65
07 AAA 074,Mercedes,Fluence,1,11.37,2024-04-13,169,15.38
07 AAA 074,Mercedes,Fluence,1,11.37,2024-04-14,92,15.58
07 AAA 074,Mercedes,Fluence,1,11.37,2024-04-15,271,29.86
07 AAA 074,Mercedes,Fluence,1,11.37,2024-04-16,147,22.67
07 AAA 074,Mercedes,Fluence,1,11.37,2024-04-17,117,18.08
07 AAA 074,Mercedes,Fluence,1,11.37,2024-04-18,251,38.84
07 AAA 074,Mercedes,Fluence,1,11.37,2024-04-19,275,25.65
07 AAA 074,Mercedes,Fluence,1,11.37,2024-04-20,193,26.22
07 AAA 074,Mercedes,Fluence,1,11.37,2024-04-21,293,34.21
07 AAA 074,Mercedes,Fluence,1,11.37,2024-04-22,207,22.89
07 AAA 074,Mercedes,Fluence,1,11.37,2024-04-23,86,9.67
07 AAA 074,Mercedes,Fluence,1,11.37,2024-04-24,145,21.08
07 AAA 074,Mercedes,Fluence,1,11.37,2024-04-25,174,16.44
07 AAA 074,Mercedes,Fluence,1,11.37,2024-04-26,199,21.65
07 AAA 074,Mercedes,Fluence,1,11.37,2024-04-27,279,26.81
07 AAA 074,Mercedes,Fluence,1,11.37,2024-04-28,237,33.88
07 AAA 074,Mercedes,Fluence,1,11.37,2024-04-29,123,14.49
07 AAA 075,Volkswagen,Caddy,1,12.51,2024-01-01,44,7.69
07 AAA 075,Volkswagen,Caddy,1,12.51,2024-01-02,110,12.5
07 AAA 075,Volkswagen,Caddy,1,12.51,2024-01-03,185,23.38
07 AAA 075,Volkswagen,Caddy,1,12.51,2024-01-04,124,22.66
07 AAA 075,Volkswagen,Caddy,1,12.51,2024-01-05,221,40.71
07 AAA 075,Volkswagen,Caddy,1,12.51,2024-01-06,162,21.93
07 AAA 075,Volkswagen,Caddy,1,12.51,2024-01-07,177,27.57
07 AAA 075,Volkswagen,Caddy,1,12.51,2024-01-08,109,16.6
07 AAA 075,Volkswagen,Caddy,1,12.51,2024-01-09,50,7.7
07 AAA 075,Volkswagen,Caddy,1,12.51,2024-01-10,85,14.81
07 AAA 075,Volkswagen,Caddy,1,12.51,2024-01-11,102,15.46
07 AAA 075,Volkswagen,Caddy,1,12.51,2024-01-12,299,35.0
07 AAA 075,Volkswagen,Caddy,1,12.51,2024-01-13,221,26.8
07 AAA 075,Volkswagen,Caddy,1,12.51,2024-01-14,73,8.58
07 AAA 075,Volkswagen,Caddy,1,12.51,2024-01-15,177,23.54
07 AAA 075,Volkswagen,Caddy,1,12.51,2024-01-16,134,15.82
07 AAA 075,Volkswagen,Caddy,1,12.51,2024-01-17,41,5.47
07 AAA 075,Volkswagen,Caddy,1,12.51,2024-01-18,47,6.41
07 AAA 075,Volkswagen,Caddy,1,12.51,2024-01-19,229,40.07
07 AAA 075,Volkswagen,Caddy,1,12.51,2024-01-20,242,35.11
07 AAA 075,Volkswagen,Caddy,1,12.51,2024-01-21,184,23.8
07 AAA 075,Volkswagen,Caddy,1,12.51,2024-01-22,172,22.46
07 AAA 075,Volkswagen,Caddy,1,12.51,2024-01-23,69,10.22
07 AAA 075,Volkswagen,Caddy,1,12.51,2024-01-24,277,47.81
07 AAA 075,Volkswagen,Caddy,1,12.51,2024-01-25,178,27.29
07 AAA 075,Volkswagen,Caddy,1,12.51,2024-01-26,206,22.98
07 AAA 075,Volkswagen,Caddy,1,12.51,2024-01-27,75,8.99
07 AAA 075,Volkswagen,Caddy,1,12.51,2024-01-28,207,29.76
07 AAA 075,Volkswagen,Caddy,1,12.51,2024-01-29,53,7.12
07 AAA 075,Volkswagen,Caddy,1,12.51,2024-01-30,162,25.34
07 AAA 075,Volkswagen,Caddy,1,12.51,2024-01-31,267,41.91
07 AAA 075,Volkswagen,Caddy,1,12.51,2024-02-01,61,11.4
07 AAA 075,Volkswagen,Caddy,1,12.51,2024-02-02,83,10.66
07 AAA 075,Volkswagen,Caddy,1,12.51,2024-02-03,248,29.55
07 AAA 075,Volkswagen,Caddy,1,12.51,2024-02-04,89,9.76
07 AAA 075,Volkswagen,Caddy,1,12.51,2024-02-05,148,19.16
07 AAA 075,Volkswagen,Caddy,1,12.51,2024-02-06,126,14.16
07 AAA 075,Volkswagen,Caddy,1,12.51,2024-02-07,114,11.71
07 AAA 075,Volkswagen,Caddy,1,12.51,2024-02-08,258,38.23
07 AAA 075,Volkswagen,Caddy,1,12.51,2024-02-09,143,22.69
07 AAA 075,Volkswagen,Caddy,1,12.51,2024-02-10,170,21.52
07 AAA 075,Volkswagen,Caddy,1,12.51,2024-02-11,150,27.53
07 AAA 075,Volkswagen,Caddy,1,12.51,2024-02-12,87,12.88
07 AAA 075,Volkswagen,Caddy,1,12.51,2024-02-13,250,35.53
07 AAA 075,Volkswagen,Caddy,1,12.51,2024-02-14,157,25.81
07 AAA 075,Volkswagen,Caddy,1,12.51,2024-02-15,108,19.97
07 AAA 075,Volkswagen,Caddy,1,12.51,2024-02-16,266,27.95
07 AAA 075,Volkswagen,Caddy,1,12.51,2024-02-17,257,43.06
07 AAA 075,Volkswagen,Caddy,1,12.51,2024-02-18,218,27.5
07 AAA 075,Volkswagen,Caddy,1,12.51,2024-02-19,139,15.28
07 AAA 075,Volkswagen,Caddy,1,12.51,2024-02-20,138,18.27
07 AAA 075,Volkswagen,Caddy,1,12.51,2024-02-21,46,8.57
07 AAA 075,Volkswagen,Caddy,1,12.51,2024-02-22,185,31.56
07 AAA 075,Volkswagen,Caddy,1,12.51,2024-02-23,51,6.58
07 AAA 075,Volkswagen,Caddy,1,12.51,2024-02-24,107,16.21
07 AAA 075,Volkswagen,Caddy,1,12.51,2024-02-25,129,22.32
07 AAA 075,Volkswagen,Caddy,1,12.51,2024-02-26,91,10.94
07 AAA 075,Volkswagen,Caddy,1,12.51,2024-02-27,253,45.32
07 AAA 075,Volkswagen,Caddy,1,12.51,2024-02-28,258,40.01
07 AAA 075,Volkswagen,Caddy,1,12.51,2024-02-29,174,18.55
07 AAA 075,Volkswagen,Caddy,1,12.51,2024-03-01,40,4.74
07 AAA 075,Volkswagen,Caddy,1,12.51,2024-03-02,48,4.89
07 AAA 075,Volkswagen,Caddy,1,12.51,2024-03-03,85,8.75
07 AAA 075,Volkswagen,Caddy,1,12.51,2024-03-04,123,13.76
07 AAA 075,Volkswagen,Caddy,1,12.51,2024-03-05,173,22.77
07 AAA 075,Volkswagen,Caddy,1,12.51,2024-03-06,75,8.23
07 AAA 075,Volkswagen,Caddy,1,12.51,2024-03-07,135,23.87
07 AAA 075,Volkswagen,Caddy,1,12.51,2024-03-08,279,28.3
07 AAA 075,Volkswagen,Caddy,1,12.51,2024-03-09,78,7.82
07 AAA 075,Volkswagen,Caddy,1,12.51,2024-03-10,258,39.95
07 AAA 075,Volkswagen,Caddy,1,12.51,2024-03-11,146,21.66
07 AAA 075,Volkswagen,Caddy,1,12.51,2024-03-12,256,30.37
07 AAA 075,Volkswagen,Caddy,1,12.51,2024-03-13,74,11.77
07 AAA 075,Volkswagen,Caddy,1,12.51,2024-03-14,179,23.41
07 AAA 075,Volkswagen,Caddy,1,12.51,2024-03-15,205,22.93
07 AAA 075,Volkswagen,Caddy,1,12.51,2024-03-16,163,19.15
07 AAA 075,Volkswagen,Caddy,1,12.51,2024-03-17,210,32.06
07 AAA 075,Volkswagen,Caddy,1,12.51,2024-03-18,79,8.88
07 AAA 075,Volkswagen,Caddy,1,12.51,2024-03-19,182,19.22
07 AAA 075,Volkswagen,Caddy,1,12.51,2024-03-20,156,29.26
07 AAA 075,Volkswagen,Caddy,1,12.51,2024-03-21,47,6.6
07 AAA 075,Volkswagen,Caddy,1,12.51,2024-03-22,292,43.92
07 AAA 075,Volkswagen,Caddy,1,12.51,2024-03-23,183,29.77
07 AAA 075,Volkswagen,Caddy,1,12.51,2024-03-24,145,21.35
07 AAA 075,Volkswagen,Caddy,1,12.51,2024-03-25,89,13.69
07 AAA 075,Volkswagen,Caddy,1,12.51,2024-03-26,72,9.88
07 AAA 075,Volkswagen,Caddy,1,12.51,2024-03-27,263,49.21
07 AAA 075,Volkswagen,Caddy,1,12.51,2024-03-28,242,42.13
07 AAA 075,Volkswagen,Caddy,1,12.51,2024-03-29,242,35.21
07 AAA 075,Volkswagen,Caddy,1,12.51,2024-03-30,68,10.22
07 AAA 075,Volkswagen,Caddy,1,12.51,2024-03-31,150,25.11
07 AAA 075,Volkswagen,Caddy,1,12.51,2024-04-01,98,16.78
07 AAA 075,Volkswagen,Caddy,1,12.51,2024-04-02,234,28.73
07 AAA 075,Volkswagen,Caddy,1,12.51,2024-04-03,147,16.47
07 AAA 075,Volkswagen,Caddy,1,12.51,2024-04-04,203,20.9
07 AAA 075,Volkswagen,Caddy,1,12.51,2024-04-05,141,15.53
07 AAA 075,Volkswagen,Caddy,1,12.51,2024-04-06,275,32.38
07 AAA 075,Volkswagen,Caddy,1,12.51,2024-04-07,263,43.95
07 AAA 075,Volkswagen,Caddy,1,12.51,2024-04-08,220,33.13
07 AAA 075,Volkswagen,Caddy,1,12.51,2024-04-09,57,6.51
07 AAA 075,Volkswagen,Caddy,1,12.51,2024-04-10,87,14.56
07 AAA 075,Volkswagen,Caddy,1,12.51,2024-04-11,142,25.85
07 AAA 075,Volkswagen,Caddy,1,12.51,2024-04-12,187,25.97
07 AAA 075,Volkswagen,Caddy,1,12.51,2024-04-13,42,6.14
07 AAA 075,Volkswagen,Caddy,1,12.51,2024-04-14,165,24.5
07 AAA 075,Volkswagen,Caddy,1,12.51,2024-04-15,291,49.24
07 AAA 075,Volkswagen,Caddy,1,12.51,2024-04-16,188,34.77
07 AAA 075,Volkswagen,Caddy,1,12.51,2024-04-17,150,20.81
07 AAA 075,Volkswagen,Caddy,1,12.51,2024-04-18,295,30.16
07 AAA 075,Volkswagen,Caddy,1,12.51,2024-04-19,230,33.65
07 AAA 075,Volkswagen,Caddy,1,12.51,2024-04-20,294,47.95
07 AAA 075,Volkswagen,Caddy,1,12.51,2024-04-21,223,35.27
07 AAA 075,Volkswagen,Caddy,1,12.51,2024-04-22,106,14.16
07 AAA 075,Volkswagen,Caddy,1,12.51,2024-04-23,76,8.81
07 AAA 075,Volkswagen,Caddy,1,12.51,2024-04-24,208,30.76
07 AAA 075,Volkswagen,Caddy,1,12.51,2024-04-25,208,26.1
07 AAA 075,Volkswagen,Caddy,1,12.51,2024-04-26,182,31.96
07 AAA 075,Volkswagen,Caddy,1,12.51,2024-04-27,52,9.48
07 AAA 075,Volkswagen,Caddy,1,12.51,2024-04-28,265,32.36
07 AAA 075,Volkswagen,Caddy,1,12.51,2024-04-29,229,25.2
07 AAA 076,Renault,Atego,4,7.9,2024-01-01,268,17.52
07 AAA 076,Renault,Atego,4,7.9,2024-01-02,79,8.97
07 AAA 076,Renault,Atego,4,7.9,2024-01-03,221,22.8
07 AAA 076,Renault,Atego,4,7.9,2024-01-04,255,27.21
07 AAA 076,Renault,Atego,4,7.9,2024-01-05,152,12.12
07 AAA 076,Renault,Atego,4,7.9,2024-01-06,225,26.13
07 AAA 076,Renault,Atego,4,7.9,2024-01-07,47,5.33
07 AAA 076,Renault,Atego,4,7.9,2024-01-08,178,15.78
07 AAA 076,Renault,Atego,4,7.9,2024-01-09,194,15.14
07 AAA 076,Renault,Atego,4,7.9,2024-01-10,58,5.68
07 AAA 076,Renault,Atego,4,7.9,2024-01-11,213,17.25
07 AAA 076,Renault,Atego,4,7.9,2024-01-12,234,18.94
07 AAA 076,Renault,Atego,4,7.9,2024-01-13,65,6.23
07 AAA 076,Renault,Atego,4,7.9,2024-01-14,241,28.03
07 AAA 076,Renault,Atego,4,7.9,2024-01-15,188,17.66
07 AAA 076,Renault,Atego,4,7.9,2024-01-16,174,15.42
07 AAA 076,Renault,Atego,4,7.9,2024-01-17,146,14.08
07 AAA 076,Renault,Atego,4,7.9,2024-01-18,81,5.28
07 AAA 076,Renault,Atego,4,7.9,2024-01-19,267,25.05
07 AAA 076,Renault,Atego,4,7.9,2024-01-20,193,19.23
07 AAA 076,Renault,Atego,4,7.9,2024-01-21,238,21.49
07 AAA 076,Renault,Atego,4,7.9,2024-01-22,286,24.57
07 AAA 076,Renault,Atego,4,7.9,2024-01-23,237,19.28
07 AAA 076,Renault,Atego,4,7.9,2024-01-24,254,19.61
07 AAA 076,Renault,Atego,4,7.9,2024-01-25,68,5.75
07 AAA 076,Renault,Atego,4,7.9,2024-01-26,123,9.06
07 AAA 076,Renault,Atego,4,7.9,2024-01-27,178,14.21
07 AAA 076,Renault,Atego,4,7.9,2024-01-28,49,3.21
07 AAA 076,Renault,Atego,4,7.9,2024-01-29,293,32.34
07 AAA 076,Renault,Atego,4,7.9,2024-01-30,155,18.1
07 AAA 076,Renault,Atego,4,7.9,2024-01-31,259,24.73
07 AAA 076,Renault,Atego,4,7.9,2024-02-01,118,11.07
07 AAA 076,Renault,Atego,4,7.9,2024-02-02,67,7.91
07 AAA 076,Renault,Atego,4,7.9,2024-02-03,125,10.98
07 AAA 076,Renault,Atego,4,7.9,2024-02-04,210,21.94
07 AAA 076,Renault,Atego,4,7.9,2024-02-05,211,19.51
07 AAA 076,Renault,Atego,4,7.9,2024-02-06,58,6.84
07 AAA 076,Renault,Atego,4,7.9,2024-02-07,149,17.51
07 AAA 076,Renault,Atego,4,7.9,2024-02-08,285,20.14
07 AAA 076,Renault,Atego,4,7.9,2024-02-09,91,9.21
07 AAA 076,Renault,Atego,4,7.9,2024-02-10,145,12.48
07 AAA 076,Renault,Atego,4,7.9,2024-02-11,150,10.1
07 AAA 076,Renault,Atego,4,7.9,2024-02-12,93,10.61
07 AAA 076,Renault,Atego,4,7.9,2024-02-13,254,17.6
07 AAA 076,Renault,Atego,4,7.9,2024-02-14,83,6.03
07 AAA 076,Renault,Atego,4,7.9,2024-02-15,74,5.68
07 AAA 076,Renault,Atego,4,7.9,2024-02-16,185,17.5
07 AAA 076,Renault,Atego,4,7.9,2024-02-17,290,24.09
07 AAA 076,Renault,Atego,4,7.9,2024-02-18,65,4.32
07 AAA 076,Renault,Atego,4,7.9,2024-02-19,233,17.46
07 AAA 076,Renault,Atego,4,7.9,2024-02-20,170,20.08
07 AAA 076,Renault,Atego,4,7.9,2024-02-21,136,15.72
07 AAA 076,Renault,Atego,4,7.9,2024-02-22,48,3.37
07 AAA 076,Renault,Atego,4,7.9,2024-02-23,257,16.48
07 AAA 076,Renault,Atego,4,7.9,2024-02-24,289,26.93
07 AAA 076,Renault,Atego,4,7.9,2024-02-25,42,2.74
07 AAA 076,Renault,Atego,4,7.9,2024-02-26,281,24.59
07 AAA 076,Renault,Atego,4,7.9,2024-02-27,253,23.03
07 AAA 076,Renault,Atego,4,7.9,2024-02-28,290,28.5
07 AAA 076,Renault,Atego,4,7.9,2024-02-29,130,10.14
07 AAA 076,Renault,Atego,4,7.9,2024-03-01,132,9.37
07 AAA 076,Renault,Atego,4,7.9,2024-03-02,219,16.72
07 AAA 076,Renault,Atego,4,7.9,2024-03-03,177,15.32
07 AAA 076,Renault,Atego,4,7.9,2024-03-04,141,14.32
07 AAA 076,Renault,Atego,4,7.9,2024-03-05,134,15.16
07 AAA 076,Renault,Atego,4,7.9,2024-03-06,260,22.88
07 AAA 076,Renault,Atego,4,7.9,2024-03-07,272,26.62
07 AAA 076,Renault,Atego,4,7.9,2024-03-08,92,8.28
07 AAA 076,Renault,Atego,4,7.9,2024-03-09,144,12.19
07 AAA 076,Renault,Atego,4,7.9,2024-03-10,252,20.69
07 AAA 076,Renault,Atego,4,7.9,2024-03-11,235,24.96
07 AAA 076,Renault,Atego,4,7.9,2024-03-12,296,21.24
07 AAA 076,Renault,Atego,4,7.9,2024-03-13,161,16.95
07 AAA 076,Renault,Atego,4,7.9,2024-03-14,120,9.22
07 AAA 076,Renault,Atego,4,7.9,2024-03-15,64,6.79
07 AAA 076,Renault,Atego,4,7.9,2024-03-16,98,8.4
07 AAA 076,Renault,Atego,4,7.9,2024-03-17,85,5.75
07 AAA 076,Renault,Atego,4,7.9,2024-03-18,69,5.44
07 AAA 076,Renault,Atego,4,7.9,2024-03-19,86,9.8
07 AAA 076,Renault,Atego,4,7.9,2024-03-20,279,24.15
07 AAA 076,Renault,Atego,4,7.9,2024-03-21,87,7.51
07 AAA 076,Renault,Atego,4,7.9,2024-03-22,111,10.2
07 AAA 076,Renault,Atego,4,7.9,2024-03-23,107,11.22
07 AAA 076,Renault,Atego,4,7.9,2024-03-24,281,23.3
07 AAA 076,Renault,Atego,4,7.9,2024-03-25,201,21.27
07 AAA 076,Renault,Atego,4,7.9,2024-03-26,99,10.7
07 AAA 076,Renault,Atego,4,7.9,2024-03-27,125,14.11
07 AAA 076,Renault,Atego,4,7.9,2024-03-28,199,15.92
07 AAA 076,Renault,Atego,4,7.9,2024-03-29,121,13.52
07 AAA 076,Renault,Atego,4,7.9,2024-03-30,266,26.41
07 AAA 076,Renault,Atego,4,7.9,2024-03-31,237,19.26
07 AAA 076,Renault,Atego,4,7.9,2024-04-01,186,21.36
07 AAA 076,Renault,Atego,4,7.9,2024-04-02,217,14.3
07 AAA 076,Renault,Atego,4,7.9,2024-04-03,211,16.85
07 AAA 076,Renault,Atego,4,7.9,2024-04-04,59,6.79
07 AAA 076,Renault,Atego,4,7.9,2024-04-05,66,7.4
07 AAA 076,Renault,Atego,4,7.9,2024-04-06,174,20.4
07 AAA 076,Renault,Atego,4,7.9,2024-04-07,263,27.21
07 AAA 076,Renault,Atego,4,7.9,2024-04-08,286,20.92
07 AAA 076,Renault,Atego,4,7.9,2024-04-09,104,9.39
07 AAA 076,Renault,Atego,4,7.9,2024-04-10,277,17.51
07 AAA 076,Renault,Atego,4,7.9,2024-04-11,288,27.18
07 AAA 076,Renault,Atego,4,7.9,2024-04-12,167,16.25
07 AAA 076,Renault,Atego,4,7.9,2024-04-13,114,7.65
07 AAA 076,Renault,Atego,4,7.9,2024-04-14,101,8.68
07 AAA 076,Renault,Atego,4,7.9,2024-04-15,216,18.44
07 AAA 076,Renault,Atego,4,7.9,2024-04-16,200,22.99
07 AAA 076,Renault,Atego,4,7.9,2024-04-17,276,28.59
07 AAA 076,Renault,Atego,4,7.9,2024-04-18,173,19.29
07 AAA 076,Renault,Atego,4,7.9,2024-04-19,198,19.99
07 AAA 076,Renault,Atego,4,7.9,2024-04-20,99,6.97
07 AAA 076,Renault,Atego,4,7.9,2024-04-21,43,3.5
07 AAA 076,Renault,Atego,4,7.9,2024-04-22,187,21.46
07 AAA 076,Renault,Atego,4,7.9,2024-04-23,114,11.99
07 AAA 076,Renault,Atego,4,7.9,2024-04-24,238,22.32
07 AAA 076,Renault,Atego,4,7.9,2024-04-25,237,19.62
07 AAA 076,Renault,Atego,4,7.9,2024-04-26,294,22.98
07 AAA 076,Renault,Atego,4,7.9,2024-04-27,269,24.79
07 AAA 076,Renault,Atego,4,7.9,2024-04-28,130,15.32
07 AAA 076,Renault,Atego,4,7.9,2024-04-29,219,21.97
07 AAA 077,Fiat,Fluence,3,25.49,2024-01-01,242,59.77
07 AAA 077,Fiat,Fluence,3,25.49,2024-01-02,141,43.11
07 AAA 077,Fiat,Fluence,3,25.49,2024-01-03,174,55.02
07 AAA 077,Fiat,Fluence,3,25.49,2024-01-04,157,33.83
07 AAA 077,Fiat,Fluence,3,25.49,2024-01-05,71,19.45
07 AAA 077,Fiat,Fluence,3,25.49,2024-01-06,95,28.27
07 AAA 077,Fiat,Fluence,3,25.49,2024-01-07,106,22.57
07 AAA 077,Fiat,Fluence,3,25.49,2024-01-08,213,49.92
07 AAA 077,Fiat,Fluence,3,25.49,2024-01-09,87,27.23
07 AAA 077,Fiat,Fluence,3,25.49,2024-01-10,113,42.11
07 AAA 077,Fiat,Fluence,3,25.49,2024-01-11,198,67.94
07 AAA 077,Fiat,Fluence,3,25.49,2024-01-12,113,31.14
07 AAA 077,Fiat,Fluence,3,25.49,2024-01-13,106,27.88
07 AAA 077,Fiat,Fluence,3,25.49,2024-01-14,177,36.66
07 AAA 077,Fiat,Fluence,3,25.49,2024-01-15,290,86.1
07 AAA 077,Fiat,Fluence,3,25.49,2024-01-16,164,41.5
07 AAA 077,Fiat,Fluence,3,25.49,2024-01-17,119,40.08
07 AAA 077,Fiat,Fluence,3,25.49,2024-01-18,130,32.51
07 AAA 077,Fiat,Fluence,3,25.49,2024-01-19,220,71.22
07 AAA 077,Fiat,Fluence,3,25.49,2024-01-20,227,75.76
07 AAA 077,Fiat,Fluence,3,25.49,2024-01-21,262,63.86
07 AAA 077,Fiat,Fluence,3,25.49,2024-01-22,103,36.29
07 AAA 077,Fiat,Fluence,3,25.49,2024-01-23,78,16.21
07 AAA 077,Fiat,Fluence,3,25.49,2024-01-24,169,59.58
07 AAA 077,Fiat,Fluence,3,25.49,2024-01-25,163,61.35
07 AAA 077,Fiat,Fluence,3,25.49,2024-01-26,164,42.59
07 AAA 077,Fiat,Fluence,3,25.49,2024-01-27,108,30.17
07 AAA 077,Fiat,Fluence,3,25.49,2024-01-28,257,61.68
07 AAA 077,Fiat,Fluence,3,25.49,2024-01-29,215,81.0
07 AAA 077,Fiat,Fluence,3,25.49,2024-01-30,170,61.33
07 AAA 077,Fiat,Fluence,3,25.49,2024-01-31,216,54.24
07 AAA 077,Fiat,Fluence,3,25.49,2024-02-01,100,31.95
07 AAA 077,Fiat,Fluence,3,25.49,2024-02-02,241,71.72
07 AAA 077,Fiat,Fluence,3,25.49,2024-02-03,207,60.5
07 AAA 077,Fiat,Fluence,3,25.49,2024-02-04,134,49.6
07 AAA 077,Fiat,Fluence,3,25.49,2024-02-05,99,34.52
07 AAA 077,Fiat,Fluence,3,25.49,2024-02-06,179,43.69
07 AAA 077,Fiat,Fluence,3,25.49,2024-02-07,224,84.43
07 AAA 077,Fiat,Fluence,3,25.49,2024-02-08,59,20.31
07 AAA 077,Fiat,Fluence,3,25.49,2024-02-09,239,54.23
07 AAA 077,Fiat,Fluence,3,25.49,2024-02-10,289,92.87
07 AAA 077,Fiat,Fluence,3,25.49,2024-02-11,288,91.09
07 AAA 077,Fiat,Fluence,3,25.49,2024-02-12,234,65.47
07 AAA 077,Fiat,Fluence,3,25.49,2024-02-13,53,14.33
07 AAA 077,Fiat,Fluence,3,25.49,2024-02-14,156,55.76
07 AAA 077,Fiat,Fluence,3,25.49,2024-02-15,267,70.25
07 AAA 077,Fiat,Fluence,3,25.49,2024-02-16,191,55.71
07 AAA 077,Fiat,Fluence,3,25.49,2024-02-17,64,15.6
07 AAA 077,Fiat,Fluence,3,25.49,2024-02-18,83,22.34
07 AAA 077,Fiat,Fluence,3,25.49,2024-02-19,175,54.56
07 AAA 077,Fiat,Fluence,3,25.49,2024-02-20,251,76.17
07 AAA 077,Fiat,Fluence,3,25.49,2024-02-21,236,87.57
07 AAA 077,Fiat,Fluence,3,25.49,2024-02-22,298,76.41
07 AAA 077,Fiat,Fluence,3,25.49,2024-02-23,298,97.68
07 AAA 077,Fiat,Fluence,3,25.49,2024-02-24,112,36.29
07 AAA 077,Fiat,Fluence,3,25.49,2024-02-25,155,33.58
07 AAA 077,Fiat,Fluence,3,25.49,2024-02-26,205,42.82
07 AAA 077,Fiat,Fluence,3,25.49,2024-02-27,56,16.19
07 AAA 077,Fiat,Fluence,3,25.49,2024-02-28,138,30.92
07 AAA 077,Fiat,Fluence,3,25.49,2024-02-29,199,58.37
07 AAA 077,Fiat,Fluence,3,25.49,2024-03-01,177,61.55
07 AAA 077,Fiat,Fluence,3,25.49,2024-03-02,117,29.14
07 AAA 077,Fiat,Fluence,3,25.49,2024-03-03,260,64.6
07 AAA 077,Fiat,Fluence,3,25.49,2024-03-04,150,43.08
07 AAA 077,Fiat,Fluence,3,25.49,2024-03-05,109,35.3
07 AAA 077,Fiat,Fluence,3,25.49,2024-03-06,64,16.81
07 AAA 077,Fiat,Fluence,3,25.49,2024-03-07,269,84.77
07 AAA 077,Fiat,Fluence,3,25.49,2024-03-08,236,65.53
07 AAA 077,Fiat,Fluence,3,25.49,2024-03-09,215,68.28
07 AAA 077,Fiat,Fluence,3,25.49,2024-03-10,188,61.47
07 AAA 077,Fiat,Fluence,3,25.49,2024-03-11,176,40.5
07 AAA 077,Fiat,Fluence,3,25.49,2024-03-12,113,32.61
07 AAA 077,Fiat,Fluence,3,25.49,2024-03-13,149,48.76
07 AAA 077,Fiat,Fluence,3,25.49,2024-03-14,275,93.26
07 AAA 077,Fiat,Fluence,3,25.49,2024-03-15,177,45.45
07 AAA 077,Fiat,Fluence,3,25.49,2024-03-16,168,36.4
07 AAA 077,Fiat,Fluence,3,25.49,2024-03-17,128,44.93
07 AAA 077,Fiat,Fluence,3,25.49,2024-03-18,74,23.47
07 AAA 077,Fiat,Fluence,3,25.49,2024-03-19,152,33.95
07 AAA 077,Fiat,Fluence,3,25.49,2024-03-20,149,41.56
07 AAA 077,Fiat,Fluence,3,25.49,2024-03-21,74,25.86
07 AAA 077,Fiat,Fluence,3,25.49,2024-03-22,111,33.36
07 AAA 077,Fiat,Fluence,3,25.49,2024-03-23,298,90.58
07 AAA 077,Fiat,Fluence,3,25.49,2024-03-24,152,33.18
07 AAA 077,Fiat,Fluence,3,25.49,2024-03-25,168,51.03
07 AAA 077,Fiat,Fluence,3,25.49,2024-03-26,93,29.54
07 AAA 077,Fiat,Fluence,3,25.49,2024-03-27,69,21.68
07 AAA 077,Fiat,Fluence,3,25.49,2024-03-28,149,36.23
07 AAA 077,Fiat,Fluence,3,25.49,2024-03-29,274,93.77
07 AAA 077,Fiat,Fluence,3,25.49,2024-03-30,176,49.53
07 AAA 077,Fiat,Fluence,3,25.49,2024-03-31,89,32.81
07 AAA 077,Fiat,Fluence,3,25.49,2024-04-01,258,82.11
07 AAA 077,Fiat,Fluence,3,25.49,2024-04-02,243,83.41
07 AAA 077,Fiat,Fluence,3,25.49,2024-04-03,264,54.23
07 AAA 077,Fiat,Fluence,3,25.49,2024-04-04,264,89.07
07 AAA 077,Fiat,Fluence,3,25.49,2024-04-05,131,35.16
07 AAA 077,Fiat,Fluence,3,25.49,2024-04-06,117,29.73
07 AAA 077,Fiat,Fluence,3,25.49,2024-04-07,226,67.86
07 AAA 077,Fiat,Fluence,3,25.49,2024-04-08,193,55.88
07 AAA 077,Fiat,Fluence,3,25.49,2024-04-09,72,18.94
07 AAA 077,Fiat,Fluence,3,25.49,2024-04-10,141,30.25
07 AAA 077,Fiat,Fluence,3,25.49,2024-04-11,223,70.08
07 AAA 077,Fiat,Fluence,3,25.49,2024-04-12,72,18.76
07 AAA 077,Fiat,Fluence,3,25.49,2024-04-13,245,75.69
07 AAA 077,Fiat,Fluence,3,25.49,2024-04-14,93,24.15
07 AAA 077,Fiat,Fluence,3,25.49,2024-04-15,43,12.7
07 AAA 077,Fiat,Fluence,3,25.49,2024-04-16,56,12.86
07 AAA 077,Fiat,Fluence,3,25.49,2024-04-17,77,20.32
07 AAA 077,Fiat,Fluence,3,25.49,2024-04-18,113,34.91
07 AAA 077,Fiat,Fluence,3,25.49,2024-04-19,244,82.28
07 AAA 077,Fiat,Fluence,3,25.49,2024-04-20,113,34.12
07 AAA 077,Fiat,Fluence,3,25.49,2024-04-21,266,67.94
07 AAA 077,Fiat,Fluence,3,25.49,2024-04-22,196,67.02
07 AAA 077,Fiat,Fluence,3,25.49,2024-04-23,115,33.63
07 AAA 077,Fiat,Fluence,3,25.49,2024-04-24,74,23.2
07 AAA 077,Fiat,Fluence,3,25.49,2024-04-25,64,19.36
07 AAA 077,Fiat,Fluence,3,25.49,2024-04-26,176,51.45
07 AAA 077,Fiat,Fluence,3,25.49,2024-04-27,78,25.64
07 AAA 077,Fiat,Fluence,3,25.49,2024-04-28,67,21.28
07 AAA 077,Fiat,Fluence,3,25.49,2024-04-29,182,46.4
07 AAA 078,Renault,Doblo,4,8.71,2024-01-01,140,17.0
07 AAA 078,Renault,Doblo,4,8.71,2024-01-02,137,11.41
07 AAA 078,Renault,Doblo,4,8.71,2024-01-03,143,15.18
07 AAA 078,Renault,Doblo,4,8.71,2024-01-04,65,8.12
07 AAA 078,Renault,Doblo,4,8.71,2024-01-05,124,11.65
07 AAA 078,Renault,Doblo,4,8.71,2024-01-06,242,28.15
07 AAA 078,Renault,Doblo,4,8.71,2024-01-07,247,22.37
07 AAA 078,Renault,Doblo,4,8.71,2024-01-08,233,18.17
07 AAA 078,Renault,Doblo,4,8.71,2024-01-09,85,10.83
07 AAA 078,Renault,Doblo,4,8.71,2024-01-10,123,10.08
07 AAA 078,Renault,Doblo,4,8.71,2024-01-11,250,18.72
07 AAA 078,Renault,Doblo,4,8.71,2024-01-12,144,18.03
07 AAA 078,Renault,Doblo,4,8.71,2024-01-13,211,17.73
07 AAA 078,Renault,Doblo,4,8.71,2024-01-14,125,12.6
07 AAA 078,Renault,Doblo,4,8.71,2024-01-15,42,3.78
07 AAA 078,Renault,Doblo,4,8.71,2024-01-16,253,17.69
07 AAA 078,Renault,Doblo,4,8.71,2024-01-17,187,18.41
07 AAA 078,Renault,Doblo,4,8.71,2024-01-18,176,21.38
07 AAA 078,Renault,Doblo,4,8.71,2024-01-19,275,20.5
07 AAA 078,Renault,Doblo,4,8.71,2024-01-20,138,11.98
07 AAA 078,Renault,Doblo,4,8.71,2024-01-21,180,13.27
07 AAA 078,Renault,Doblo,4,8.71,2024-01-22,284,23.82
07 AAA 078,Renault,Doblo,4,8.71,2024-01-23,70,5.46
07 AAA 078,Renault,Doblo,4,8.71,2024-01-24,213,24.48
07 AAA 078,Renault,Doblo,4,8.71,2024-01-25,264,27.41
07 AAA 078,Renault,Doblo,4,8.71,2024-01-26,96,8.62
07 AAA 078,Renault,Doblo,4,8.71,2024-01-27,238,18.49
07 AAA 078,Renault,Doblo,4,8.71,2024-01-28,264,33.87
07 AAA 078,Renault,Doblo,4,8.71,2024-01-29,155,12.75
07 AAA 078,Renault,Doblo,4,8.71,2024-01-30,278,20.91
07 AAA 078,Renault,Doblo,4,8.71,2024-01-31,112,11.38
07 AAA 078,Renault,Doblo,4,8.71,2024-02-01,238,30.26
07 AAA 078,Renault,Doblo,4,8.71,2024-02-02,108,9.86
07 AAA 078,Renault,Doblo,4,8.71,2024-02-03,143,18.16
07 AAA 078,Renault,Doblo,4,8.71,2024-02-04,246,24.83
07 AAA 078,Renault,Doblo,4,8.71,2024-02-05,266,26.4
07 AAA 078,Renault,Doblo,4,8.71,2024-02-06,108,12.39
07 AAA 078,Renault,Doblo,4,8.71,2024-02-07,163,15.16
07 AAA 078,Renault,Doblo,4,8.71,2024-02-08,135,10.82
07 AAA 078,Renault,Doblo,4,8.71,2024-02-09,95,11.4
07 AAA 078,Renault,Doblo,4,8.71,2024-02-10,259,33.57
07 AAA 078,Renault,Doblo,4,8.71,2024-02-11,113,11.16
07 AAA 078,Renault,Doblo,4,8.71,2024-02-12,297,36.17
07 AAA 078,Renault,Doblo,4,8.71,2024-02-13,261,26.12
07 AAA 078,Renault,Doblo,4,8.71,2024-02-14,240,28.49
07 AAA 078,Renault,Doblo,4,8.71,2024-02-15,94,10.5
07 AAA 078,Renault,Doblo,4,8.71,2024-02-16,207,24.96
07 AAA 078,Renault,Doblo,4,8.71,2024-02-17,52,5.75
07 AAA 078,Renault,Doblo,4,8.71,2024-02-18,83,9.75
07 AAA 078,Renault,Doblo,4,8.71,2024-02-19,195,21.56
07 AAA 078,Renault,Doblo,4,8.71,2024-02-20,240,20.39
07 AAA 078,Renault,Doblo,4,8.71,2024-02-21,105,7.4
07 AAA 078,Renault,Doblo,4,8.71,2024-02-22,165,17.26
07 AAA 078,Renault,Doblo,4,8.71,2024-02-23,173,22.08
07 AAA 078,Renault,Doblo,4,8.71,2024-02-24,268,21.39
07 AAA 078,Renault,Doblo,4,8.71,2024-02-25,243,29.16
07 AAA 078,Renault,Doblo,4,8.71,2024-02-26,102,8.85
07 AAA 078,Renault,Doblo,4,8.71,2024-02-27,184,18.71
07 AAA 078,Renault,Doblo,4,8.71,2024-02-28,102,9.91
07 AAA 078,Renault,Doblo,4,8.71,2024-02-29,61,6.23
07 AAA 078,Renault,Doblo,4,8.71,2024-03-01,274,33.57
07 AAA 078,Renault,Doblo,4,8.71,2024-03-02,131,9.48
07 AAA 078,Renault,Doblo,4,8.71,2024-03-03,67,5.82
07 AAA 078,Renault,Doblo,4,8.71,2024-03-04,85,7.11
07 AAA 078,Renault,Doblo,4,8.71,2024-03-05,270,21.7
07 AAA 078,Renault,Doblo,4,8.71,2024-03-06,214,27.61
07 AAA 078,Renault,Doblo,4,8.71,2024-03-07,227,23.79
07 AAA 078,Renault,Doblo,4,8.71,2024-03-08,118,9.37
07 AAA 078,Renault,Doblo,4,8.71,2024-03-09,53,6.92
07 AAA 078,Renault,Doblo,4,8.71,2024-03-10,271,23.45
07 AAA 078,Renault,Doblo,4,8.71,2024-03-11,109,12.48
07 AAA 078,Renault,Doblo,4,8.71,2024-03-12,245,27.66
07 AAA 078,Renault,Doblo,4,8.71,2024-03-13,251,28.24
07 AAA 078,Renault,Doblo,4,8.71,2024-03-14,214,22.14
07 AAA 078,Renault,Doblo,4,8.71,2024-03-15,167,17.1
07 AAA 078,Renault,Doblo,4,8.71,2024-03-16,153,15.32
07 AAA 078,Renault,Doblo,4,8.71,2024-03-17,231,26.7
07 AAA 078,Renault,Doblo,4,8.71,2024-03-18,71,5.23
07 AAA 078,Renault,Doblo,4,8.71,2024-03-19,128,16.19
07 AAA 078,Renault,Doblo,4,8.71,2024-03-20,91,10.13
07 AAA 078,Renault,Doblo,4,8.71,2024-03-21,66,6.24
07 AAA 078,Renault,Doblo,4,8.71,2024-03-22,42,4.0
07 AAA 078,Renault,Doblo,4,8.71,2024-03-23,131,14.51
07 AAA 078,Renault,Doblo,4,8.71,2024-03-24,112,11.46
07 AAA 078,Renault,Doblo,4,8.71,2024-03-25,201,14.2
07 AAA 078,Renault,Doblo,4,8.71,2024-03-26,131,13.16
07 AAA 078,Renault,Doblo,4,8.71,2024-03-27,49,5.64
07 AAA 078,Renault,Doblo,4,8.71,2024-03-28,272,32.23
07 AAA 078,Renault,Doblo,4,8.71,2024-03-29,258,18.52
07 AAA 078,Renault,Doblo,4,8.71,2024-03-30,271,30.04
07 AAA 078,Renault,Doblo,4,8.71,2024-03-31,42,4.86
07 AAA 078,Renault,Doblo,4,8.71,2024-04-01,68,5.89
07 AAA 078,Renault,Doblo,4,8.71,2024-04-02,105,11.57
07 AAA 078,Renault,Doblo,4,8.71,2024-04-03,147,14.66
07 AAA 078,Renault,Doblo,4,8.71,2024-04-04,141,12.08
07 AAA 078,Renault,Doblo,4,8.71,2024-04-05,255,28.2
07 AAA 078,Renault,Doblo,4,8.71,2024-04-06,52,4.54
07 AAA 078,Renault,Doblo,4,8.71,2024-04-07,138,15.52
07 AAA 078,Renault,Doblo,4,8.71,2024-04-08,91,10.83
07 AAA 078,Renault,Doblo,4,8.71,2024-04-09,192,21.75
07 AAA 078,Renault,Doblo,4,8.71,2024-04-10,80,8.06
07 AAA 078,Renault,Doblo,4,8.71,2024-04-11,123,9.05
07 AAA 078,Renault,Doblo,4,8.71,2024-04-12,98,8.84
07 AAA 078,Renault,Doblo,4,8.71,2024-04-13,172,17.43
07 AAA 078,Renault,Doblo,4,8.71,2024-04-14,219,23.35
07 AAA 078,Renault,Doblo,4,8.71,2024-04-15,288,27.45
07 AAA 078,Renault,Doblo,4,8.71,2024-04-16,285,33.93
07 AAA 078,Renault,Doblo,4,8.71,2024-04-17,174,14.63
07 AAA 078,Renault,Doblo,4,8.71,2024-04-18,233,24.01
07 AAA 078,Renault,Doblo,4,8.71,2024-04-19,73,6.18
07 AAA 078,Renault,Doblo,4,8.71,2024-04-20,239,16.86
07 AAA 078,Renault,Doblo,4,8.71,2024-04-21,71,8.3
07 AAA 078,Renault,Doblo,4,8.71,2024-04-22,153,12.26
07 AAA 078,Renault,Doblo,4,8.71,2024-04-23,122,13.82
07 AAA 078,Renault,Doblo,4,8.71,2024-04-24,56,6.73
07 AAA 078,Renault,Doblo,4,8.71,2024-04-25,136,11.62
07 AAA 078,Renault,Doblo,4,8.71,2024-04-26,78,6.0
07 AAA 078,Renault,Doblo,4,8.71,2024-04-27,299,23.49
07 AAA 078,Renault,Doblo,4,8.71,2024-04-28,59,4.13
07 AAA 078,Renault,Doblo,4,8.71,2024-04-29,255,25.8
07 AAA 079,Fiat,Caddy,3,24.26,2024-01-01,278,99.7
07 AAA 079,Fiat,Caddy,3,24.26,2024-01-02,243,80.91
07 AAA 079,Fiat,Caddy,3,24.26,2024-01-03,46,8.99
07 AAA 079,Fiat,Caddy,3,24.26,2024-01-04,247,57.41
07 AAA 079,Fiat,Caddy,3,24.26,2024-01-05,74,26.13
07 AAA 079,Fiat,Caddy,3,24.26,2024-01-06,197,54.73
07 AAA 079,Fiat,Caddy,3,24.26,2024-01-07,127,31.62
07 AAA 079,Fiat,Caddy,3,24.26,2024-01-08,208,53.19
07 AAA 079,Fiat,Caddy,3,24.26,2024-01-09,86,27.03
07 AAA 079,Fiat,Caddy,3,24.26,2024-01-10,255,59.87
07 AAA 079,Fiat,Caddy,3,24.26,2024-01-11,44,8.55
07 AAA 079,Fiat,Caddy,3,24.26,2024-01-12,185,57.69
07 AAA 079,Fiat,Caddy,3,24.26,2024-01-13,89,22.65
07 AAA 079,Fiat,Caddy,3,24.26,2024-01-14,244,87.19
07 AAA 079,Fiat,Caddy,3,24.26,2024-01-15,231,59.16
07 AAA 079,Fiat,Caddy,3,24.26,2024-01-16,149,51.34
07 AAA 079,Fiat,Caddy,3,24.26,2024-01-17,63,20.27
07 AAA 079,Fiat,Caddy,3,24.26,2024-01-18,134,48.69
07 AAA 079,Fiat,Caddy,3,24.26,2024-01-19,286,94.18
07 AAA 079,Fiat,Caddy,3,24.26,2024-01-20,185,60.42
07 AAA 079,Fiat,Caddy,3,24.26,2024-01-21,160,53.57
07 AAA 079,Fiat,Caddy,3,24.26,2024-01-22,167,42.82
07 AAA 079,Fiat,Caddy,3,24.26,2024-01-23,200,61.93
07 AAA 079,Fiat,Caddy,3,24.26,2024-01-24,103,25.2
07 AAA 079,Fiat,Caddy,3,24.26,2024-01-25,187,43.22
07 AAA 079,Fiat,Caddy,3,24.26,2024-01-26,300,107.59
07 AAA 079,Fiat,Caddy,3,24.26,2024-01-27,244,73.53
07 AAA 079,Fiat,Caddy,3,24.26,2024-01-28,133,39.46
07 AAA 079,Fiat,Caddy,3,24.26,2024-01-29,101,35.21
07 AAA 079,Fiat,Caddy,3,24.26,2024-01-30,145,49.97
07 AAA 079,Fiat,Caddy,3,24.26,2024-01-31,273,71.74
07 AAA 079,Fiat,Caddy,3,24.26,2024-02-01,269,72.64
07 AAA 079,Fiat,Caddy,3,24.26,2024-02-02,151,45.76
07 AAA 079,Fiat,Caddy,3,24.26,2024-02-03,84,23.18
07 AAA 079,Fiat,Caddy,3,24.26,2024-02-04,225,69.48
07 AAA 079,Fiat,Caddy,3,24.26,2024-02-05,284,99.11
07 AAA 079,Fiat,Caddy,3,24.26,2024-02-06,236,74.99
07 AAA 079,Fiat,Caddy,3,24.26,2024-02-07,40,9.16
07 AAA 079,Fiat,Caddy,3,24.26,2024-02-08,249,48.46
07 AAA 079,Fiat,Caddy,3,24.26,2024-02-09,213,73.47
07 AAA 079,Fiat,Caddy,3,24.26,2024-02-10,274,70.48
07 AAA 079,Fiat,Caddy,3,24.26,2024-02-11,242,62.61
07 AAA 079,Fiat,Caddy,3,24.26,2024-02-12,300,94.38
07 AAA 079,Fiat,Caddy,3,24.26,2024-02-13,298,60.54
07 AAA 079,Fiat,Caddy,3,24.26,2024-02-14,222,55.99
07 AAA 079,Fiat,Caddy,3,24.26,2024-02-15,296,96.3
07 AAA 079,Fiat,Caddy,3,24.26,2024-02-16,41,14.18
07 AAA 079,Fiat,Caddy,3,24.26,2024-02-17,67,20.48
07 AAA 079,Fiat,Caddy,3,24.26,2024-02-18,193,45.03
07 AAA 079,Fiat,Caddy,3,24.26,2024-02-19,236,82.88
07 AAA 079,Fiat,Caddy,3,24.26,2024-02-20,94,21.65
07 AAA 079,Fiat,Caddy,3,24.26,2024-02-21,180,35.57
07 AAA 079,Fiat,Caddy,3,24.26,2024-02-22,141,46.8
07 AAA 079,Fiat,Caddy,3,24.26,2024-02-23,227,46.93
07 AAA 079,Fiat,Caddy,3,24.26,2024-02-24,261,88.94
07 AAA 079,Fiat,Caddy,3,24.26,2024-02-25,47,12.48
07 AAA 079,Fiat,Caddy,3,24.26,2024-02-26,185,52.56
07 AAA 079,Fiat,Caddy,3,24.26,2024-02-27,112,22.41
07 AAA 079,Fiat,Caddy,3,24.26,2024-02-28,42,9.65
07 AAA 079,Fiat,Caddy,3,24.26,2024-02-29,122,27.3
07 AAA 079,Fiat,Caddy,3,24.26,2024-03-01,186,56.77
07 AAA 079,Fiat,Caddy,3,24.26,2024-03-02,293,93.01
07 AAA 079,Fiat,Caddy,3,24.26,2024-03-03,77,19.91
07 AAA 079,Fiat,Caddy,3,24.26,2024-03-04,252,57.7
07 AAA 079,Fiat,Caddy,3,24.26,2024-03-05,206,72.75
07 AAA 079,Fiat,Caddy,3,24.26,2024-03-06,184,55.28
07 AAA 079,Fiat,Caddy,3,24.26,2024-03-07,221,56.37
07 AAA 079,Fiat,Caddy,3,24.26,2024-03-08,252,56.0
07 AAA 079,Fiat,Caddy,3,24.26,2024-03-09,209,40.6
07 AAA 079,Fiat,Caddy,3,24.26,2024-03-10,210,69.28
07 AAA 079,Fiat,Caddy,3,24.26,2024-03-11,193,61.28
07 AAA 079,Fiat,Caddy,3,24.26,2024-03-12,88,18.77
07 AAA 079,Fiat,Caddy,3,24.26,2024-03-13,130,37.99
07 AAA 079,Fiat,Caddy,3,24.26,2024-03-14,207,71.68
07 AAA 079,Fiat,Caddy,3,24.26,2024-03-15,167,56.07
07 AAA 079,Fiat,Caddy,3,24.26,2024-03-16,285,93.61
07 AAA 079,Fiat,Caddy,3,24.26,2024-03-17,237,49.24
07 AAA 079,Fiat,Caddy,3,24.26,2024-03-18,59,17.22
07 AAA 079,Fiat,Caddy,3,24.26,2024-03-19,98,30.01
07 AAA 079,Fiat,Caddy,3,24.26,2024-03-20,234,53.25
07 AAA 079,Fiat,Caddy,3,24.26,2024-03-21,187,51.84
07 AAA 079,Fiat,Caddy,3,24.26,2024-03-22,205,45.86
07 AAA 079,Fiat,Caddy,3,24.26,2024-03-23,173,43.12
07 AAA 079,Fiat,Caddy,3,24.26,2024-03-24,139,32.35
07 AAA 079,Fiat,Caddy,3,24.26,2024-03-25,100,20.97
07 AAA 079,Fiat,Caddy,3,24.26,2024-03-26,180,53.25
07 AAA 079,Fiat,Caddy,3,24.26,2024-03-27,56,14.43
07 AAA 079,Fiat,Caddy,3,24.26,2024-03-28,67,23.97
07 AAA 079,Fiat,Caddy,3,24.26,2024-03-29,208,72.59
07 AAA 079,Fiat,Caddy,3,24.26,2024-03-30,240,73.82
07 AAA 079,Fiat,Caddy,3,24.26,2024-03-31,215,44.13
07 AAA 079,Fiat,Caddy,3,24.26,2024-04-01,232,66.74
07 AAA 079,Fiat,Caddy,3,24.26,2024-04-02,188,67.18
07 AAA 079,Fiat,Caddy,3,24.26,2024-04-03,70,14.13
07 AAA 079,Fiat,Caddy,3,24.26,2024-04-04,192,53.9
07 AAA 079,Fiat,Caddy,3,24.26,2024-04-05,70,13.8
07 AAA 079,Fiat,Caddy,3,24.26,2024-04-06,123,40.64
07 AAA 079,Fiat,Caddy,3,24.26,2024-04-07,113,41.08
07 AAA 079,Fiat,Caddy,3,24.26,2024-04-08,177,57.11
07 AAA 079,Fiat,Caddy,3,24.26,2024-04-09,70,25.22
07 AAA 079,Fiat,Caddy,3,24.26,2024-04-10,231,53.56
07 AAA 079,Fiat,Caddy,3,24.26,2024-04-11,106,31.41
07 AAA 079,Fiat,Caddy,3,24.26,2024-04-12,52,17.73
07 AAA 079,Fiat,Caddy,3,24.26,2024-04-13,273,94.39
07 AAA 079,Fiat,Caddy,3,24.26,2024-04-14,88,24.69
07 AAA 079,Fiat,Caddy,3,24.26,2024-04-15,48,15.41
07 AAA 079,Fiat,Caddy,3,24.26,2024-04-16,241,58.89
07 AAA 079,Fiat,Caddy,3,24.26,2024-04-17,199,47.74
07 AAA 079,Fiat,Caddy,3,24.26,2024-04-18,174,40.84
07 AAA 079,Fiat,Caddy,3,24.26,2024-04-19,41,12.39
07 AAA 079,Fiat,Caddy,3,24.26,2024-04-20,252,55.23
07 AAA 079,Fiat,Caddy,3,24.26,2024-04-21,277,86.59
07 AAA 079,Fiat,Caddy,3,24.26,2024-04-22,99,20.81
07 AAA 079,Fiat,Caddy,3,24.26,2024-04-23,181,43.45
07 AAA 079,Fiat,Caddy,3,24.26,2024-04-24,255,70.56
07 AAA 079,Fiat,Caddy,3,24.26,2024-04-25,177,45.65
07 AAA 079,Fiat,Caddy,3,24.26,2024-04-26,228,55.97
07 AAA 079,Fiat,Caddy,3,24.26,2024-04-27,297,91.27
07 AAA 079,Fiat,Caddy,3,24.26,2024-04-28,203,58.56
07 AAA 079,Fiat,Caddy,3,24.26,2024-04-29,214,59.5
07 AAA 080,Volkswagen,Atego,2,10.87,2024-01-01,149,15.31
07 AAA 080,Volkswagen,Atego,2,10.87,2024-01-02,218,35.02
07 AAA 080,Volkswagen,Atego,2,10.87,2024-01-03,214,18.93
07 AAA 080,Volkswagen,Atego,2,10.87,2024-01-04,47,5.9
07 AAA 080,Volkswagen,Atego,2,10.87,2024-01-05,101,9.67
07 AAA 080,Volkswagen,Atego,2,10.87,2024-01-06,145,16.17
07 AAA 080,Volkswagen,Atego,2,10.87,2024-01-07,52,5.22
07 AAA 080,Volkswagen,Atego,2,10.87,2024-01-08,131,20.68
07 AAA 080,Volkswagen,Atego,2,10.87,2024-01-09,58,6.6
07 AAA 080,Volkswagen,Atego,2,10.87,2024-01-10,222,34.02
07 AAA 080,Volkswagen,Atego,2,10.87,2024-01-11,83,12.38
07 AAA 080,Volkswagen,Atego,2,10.87,2024-01-12,230,34.19
07 AAA 080,Volkswagen,Atego,2,10.87,2024-01-13,91,13.86
07 AAA 080,Volkswagen,Atego,2,10.87,2024-01-14,278,40.74
07 AAA 080,Volkswagen,Atego,2,10.87,2024-01-15,170,22.59
07 AAA 080,Volkswagen,Atego,2,10.87,2024-01-16,290,33.16
07 AAA 080,Volkswagen,Atego,2,10.87,2024-01-17,144,23.25
07 AAA 080,Volkswagen,Atego,2,10.87,2024-01-18,288,27.76
07 AAA 080,Volkswagen,Atego,2,10.87,2024-01-19,107,10.54
07 AAA 080,Volkswagen,Atego,2,10.87,2024-01-20,134,21.28
07 AAA 080,Volkswagen,Atego,2,10.87,2024-01-21,193,27.58
07 AAA 080,Volkswagen,Atego,2,10.87,2024-01-22,169,25.04
07 AAA 080,Volkswagen,Atego,2,10.87,2024-01-23,47,4.28
07 AAA 080,Volkswagen,Atego,2,10.87,2024-01-24,162,24.52
07 AAA 080,Volkswagen,Atego,2,10.87,2024-01-25,65,5.93
07 AAA 080,Volkswagen,Atego,2,10.87,2024-01-26,164,21.74
07 AAA 080,Volkswagen,Atego,2,10.87,2024-01-27,113,18.37
07 AAA 080,Volkswagen,Atego,2,10.87,2024-01-28,215,21.71
07 AAA 080,Volkswagen,Atego,2,10.87,2024-01-29,48,4.37
07 AAA 080,Volkswagen,Atego,2,10.87,2024-01-30,187,28.28
07 AAA 080,Volkswagen,Atego,2,10.87,2024-01-31,64,7.41
07 AAA 080,Volkswagen,Atego,2,10.87,2024-02-01,224,25.75
07 AAA 080,Volkswagen,Atego,2,10.87,2024-02-02,157,20.6
07 AAA 080,Volkswagen,Atego,2,10.87,2024-02-03,70,9.23
07 AAA 080,Volkswagen,Atego,2,10.87,2024-02-04,141,22.28
07 AAA 080,Volkswagen,Atego,2,10.87,2024-02-05,50,6.37
07 AAA 080,Volkswagen,Atego,2,10.87,2024-02-06,260,31.41
07 AAA 080,Volkswagen,Atego,2,10.87,2024-02-07,110,11.27
07 AAA 080,Volkswagen,Atego,2,10.87,2024-02-08,87,13.66
07 AAA 080,Volkswagen,Atego,2,10.87,2024-02-09,41,5.21
07 AAA 080,Volkswagen,Atego,2,10.87,2024-02-10,257,28.61
07 AAA 080,Volkswagen,Atego,2,10.87,2024-02-11,210,32.03
07 AAA 080,Volkswagen,Atego,2,10.87,2024-02-12,230,22.06
07 AAA 080,Volkswagen,Atego,2,10.87,2024-02-13,184,20.61
07 AAA 080,Volkswagen,Atego,2,10.87,2024-02-14,293,31.37
07 AAA 080,Volkswagen,Atego,2,10.87,2024-02-15,67,10.23
07 AAA 080,Volkswagen,Atego,2,10.87,2024-02-16,69,10.92
07 AAA 080,Volkswagen,Atego,2,10.87,2024-02-17,293,30.07
07 AAA 080,Volkswagen,Atego,2,10.87,2024-02-18,144,13.02
07 AAA 080,Volkswagen,Atego,2,10.87,2024-02-19,102,15.72
07 AAA 080,Volkswagen,Atego,2,10.87,2024-02-20,296,38.2
07 AAA 080,Volkswagen,Atego,2,10.87,2024-02-21,246,22.95
07 AAA 080,Volkswagen,Atego,2,10.87,2024-02-22,284,28.54
07 AAA 080,Volkswagen,Atego,2,10.87,2024-02-23,287,39.33
07 AAA 080,Volkswagen,Atego,2,10.87,2024-02-24,300,44.19
07 AAA 080,Volkswagen,Atego,2,10.87,2024-02-25,91,13.77
07 AAA 080,Volkswagen,Atego,2,10.87,2024-02-26,277,42.63
07 AAA 080,Volkswagen,Atego,2,10.87,2024-02-27,96,13.13
07 AAA 080,Volkswagen,Atego,2,10.87,2024-02-28,44,5.45
07 AAA 080,Volkswagen,Atego,2,10.87,2024-02-29,286,41.23
07 AAA 080,Volkswagen,Atego,2,10.87,2024-03-01,159,18.46
07 AAA 080,Volkswagen,Atego,2,10.87,2024-03-02,237,34.18
07 AAA 080,Volkswagen,Atego,2,10.87,2024-03-03,60,6.71
07 AAA 080,Volkswagen,Atego,2,10.87,2024-03-04,60,5.93
07 AAA 080,Volkswagen,Atego,2,10.87,2024-03-05,86,9.94
07 AAA 080,Volkswagen,Atego,2,10.87,2024-03-06,51,6.02
07 AAA 080,Volkswagen,Atego,2,10.87,2024-03-07,216,30.64
07 AAA 080,Volkswagen,Atego,2,10.87,2024-03-08,69,10.25
07 AAA 080,Volkswagen,Atego,2,10.87,2024-03-09,160,18.45
07 AAA 080,Volkswagen,Atego,2,10.87,2024-03-10,149,21.35
07 AAA 080,Volkswagen,Atego,2,10.87,2024-03-11,132,20.36
07 AAA 080,Volkswagen,Atego,2,10.87,2024-03-12,282,33.28
07 AAA 080,Volkswagen,Atego,2,10.87,2024-03-13,133,14.11
07 AAA 080,Volkswagen,Atego,2,10.87,2024-03-14,299,47.9
07 AAA 080,Volkswagen,Atego,2,10.87,2024-03-15,115,16.16
07 AAA 080,Volkswagen,Atego,2,10.87,2024-03-16,230,27.49
07 AAA 080,Volkswagen,Atego,2,10.87,2024-03-17,116,10.87
07 AAA 080,Volkswagen,Atego,2,10.87,2024-03-18,151,13.73
07 AAA 080,Volkswagen,Atego,2,10.87,2024-03-19,70,7.26
07 AAA 080,Volkswagen,Atego,2,10.87,2024-03-20,68,8.29
07 AAA 080,Volkswagen,Atego,2,10.87,2024-03-21,249,22.01
07 AAA 080,Volkswagen,Atego,2,10.87,2024-03-22,90,13.22
07 AAA 080,Volkswagen,Atego,2,10.87,2024-03-23,133,21.62
07 AAA 080,Volkswagen,Atego,2,10.87,2024-03-24,144,21.65
07 AAA 080,Volkswagen,Atego,2,10.87,2024-03-25,232,28.95
07 AAA 080,Volkswagen,Atego,2,10.87,2024-03-26,138,13.19
07 AAA 080,Volkswagen,Atego,2,10.87,2024-03-27,185,25.14
07 AAA 080,Volkswagen,Atego,2,10.87,2024-03-28,190,26.05
07 AAA 080,Volkswagen,Atego,2,10.87,2024-03-29,71,9.93
07 AAA 080,Volkswagen,Atego,2,10.87,2024-03-30,90,13.35
07 AAA 080,Volkswagen,Atego,2,10.87,2024-03-31,237,37.06
07 AAA 080,Volkswagen,Atego,2,10.87,2024-04-01,251,26.33
07 AAA 080,Volkswagen,Atego,2,10.87,2024-04-02,216,23.8
07 AAA 080,Volkswagen,Atego,2,10.87,2024-04-03,179,17.5
07 AAA 080,Volkswagen,Atego,2,10.87,2024-04-04,42,5.52
07 AAA 080,Volkswagen,Atego,2,10.87,2024-04-05,243,29.38
07 AAA 080,Volkswagen,Atego,2,10.87,2024-04-06,121,17.9
07 AAA 080,Volkswagen,Atego,2,10.87,2024-04-07,243,32.24
07 AAA 080,Volkswagen,Atego,2,10.87,2024-04-08,62,9.52
07 AAA 080,Volkswagen,Atego,2,10.87,2024-04-09,43,3.9
07 AAA 080,Volkswagen,Atego,2,10.87,2024-04-10,93,11.35
07 AAA 080,Volkswagen,Atego,2,10.87,2024-04-11,164,17.49
07 AAA 080,Volkswagen,Atego,2,10.87,2024-04-12,102,12.52
07 AAA 080,Volkswagen,Atego,2,10.87,2024-04-13,191,30.39
07 AAA 080,Volkswagen,Atego,2,10.87,2024-04-14,293,25.54
07 AAA 080,Volkswagen,Atego,2,10.87,2024-04-15,148,20.32
07 AAA 080,Volkswagen,Atego,2,10.87,2024-04-16,163,23.5
07 AAA 080,Volkswagen,Atego,2,10.87,2024-04-17,243,28.83
07 AAA 080,Volkswagen,Atego,2,10.87,2024-04-18,239,24.82
07 AAA 080,Volkswagen,Atego,2,10.87,2024-04-19,111,11.12
07 AAA 080,Volkswagen,Atego,2,10.87,2024-04-20,200,21.35
07 AAA 080,Volkswagen,Atego,2,10.87,2024-04-21,296,33.86
07 AAA 080,Volkswagen,Atego,2,10.87,2024-04-22,127,15.5
07 AAA 080,Volkswagen,Atego,2,10.87,2024-04-23,284,27.03
07 AAA 080,Volkswagen,Atego,2,10.87,2024-04-24,160,14.31
07 AAA 080,Volkswagen,Atego,2,10.87,2024-04-25,270,36.02
07 AAA 080,Volkswagen,Atego,2,10.87,2024-04-26,201,20.37
07 AAA 080,Volkswagen,Atego,2,10.87,2024-04-27,150,16.07
07 AAA 080,Volkswagen,Atego,2,10.87,2024-04-28,123,18.6
07 AAA 080,Volkswagen,Atego,2,10.87,2024-04-29,264,37.38
07 AAA 081,Ford,Boxer,3,24.21,2024-01-01,182,41.04
07 AAA 081,Ford,Boxer,3,24.21,2024-01-02,250,56.01
07 AAA 081,Ford,Boxer,3,24.21,2024-01-03,72,21.89
07 AAA 081,Ford,Boxer,3,24.21,2024-01-04,73,21.79
07 AAA 081,Ford,Boxer,3,24.21,2024-01-05,100,35.86
07 AAA 081,Ford,Boxer,3,24.21,2024-01-06,287,75.81
07 AAA 081,Ford,Boxer,3,24.21,2024-01-07,258,70.83
07 AAA 081,Ford,Boxer,3,24.21,2024-01-08,54,14.38
07 AAA 081,Ford,Boxer,3,24.21,2024-01-09,151,42.0
07 AAA 081,Ford,Boxer,3,24.21,2024-01-10,52,13.47
07 AAA 081,Ford,Boxer,3,24.21,2024-01-11,134,28.9
07 AAA 081,Ford,Boxer,3,24.21,2024-01-12,91,30.43
07 AAA 081,Ford,Boxer,3,24.21,2024-01-13,125,41.65
07 AAA 081,Ford,Boxer,3,24.21,2024-01-14,159,37.01
07 AAA 081,Ford,Boxer,3,24.21,2024-01-15,231,78.22
07 AAA 081,Ford,Boxer,3,24.21,2024-01-16,81,22.28
07 AAA 081,Ford,Boxer,3,24.21,2024-01-17,269,94.45
07 AAA 081,Ford,Boxer,3,24.21,2024-01-18,292,84.92
07 AAA 081,Ford,Boxer,3,24.21,2024-01-19,184,66.55
07 AAA 081,Ford,Boxer,3,24.21,2024-01-20,266,94.44
07 AAA 081,Ford,Boxer,3,24.21,2024-01-21,250,75.92
07 AAA 081,Ford,Boxer,3,24.21,2024-01-22,167,36.33
07 AAA 081,Ford,Boxer,3,24.21,2024-01-23,82,17.7
07 AAA 081,Ford,Boxer,3,24.21,2024-01-24,268,93.88
07 AAA 081,Ford,Boxer,3,24.21,2024-01-25,188,64.77
07 AAA 081,Ford,Boxer,3,24.21,2024-01-26,294,80.24
07 AAA 081,Ford,Boxer,3,24.21,2024-01-27,292,75.81
07 AAA 081,Ford,Boxer,3,24.21,2024-01-28,116,35.38
07 AAA 081,Ford,Boxer,3,24.21,2024-01-29,169,41.31
07 AAA 081,Ford,Boxer,3,24.21,2024-01-30,213,48.16
07 AAA 081,Ford,Boxer,3,24.21,2024-01-31,97,19.78
07 AAA 081,Ford,Boxer,3,24.21,2024-02-01,295,92.39
07 AAA 081,Ford,Boxer,3,24.21,2024-02-02,210,46.57
07 AAA 081,Ford,Boxer,3,24.21,2024-02-03,292,104.6
07 AAA 081,Ford,Boxer,3,24.21,2024-02-04,82,20.45
07 AAA 081,Ford,Boxer,3,24.21,2024-02-05,189,64.95
07 AAA 081,Ford,Boxer,3,24.21,2024-02-06,109,25.81
07 AAA 081,Ford,Boxer,3,24.21,2024-02-07,255,65.36
07 AAA 081,Ford,Boxer,3,24.21,2024-02-08,152,42.03
07 AAA 081,Ford,Boxer,3,24.21,2024-02-09,259,75.37
07 AAA 081,Ford,Boxer,3,24.21,2024-02-10,258,84.21
07 AAA 081,Ford,Boxer,3,24.21,2024-02-11,49,13.58
07 AAA 081,Ford,Boxer,3,24.21,2024-02-12,289,75.11
07 AAA 081,Ford,Boxer,3,24.21,2024-02-13,110,34.73
07 AAA 081,Ford,Boxer,3,24.21,2024-02-14,56,15.86
07 AAA 081,Ford,Boxer,3,24.21,2024-02-15,158,36.33
07 AAA 081,Ford,Boxer,3,24.21,2024-02-16,272,96.49
07 AAA 081,Ford,Boxer,3,24.21,2024-02-17,296,79.24
07 AAA 081,Ford,Boxer,3,24.21,2024-02-18,105,30.27
07 AAA 081,Ford,Boxer,3,24.21,2024-02-19,254,72.94
07 AAA 081,Ford,Boxer,3,24.21,2024-02-20,291,101.5
07 AAA 081,Ford,Boxer,3,24.21,2024-02-21,220,60.25
07 AAA 081,Ford,Boxer,3,24.21,2024-02-22,58,11.72
07 AAA 081,Ford,Boxer,3,24.21,2024-02-23,238,62.25
07 AAA 081,Ford,Boxer,3,24.21,2024-02-24,85,28.16
07 AAA 081,Ford,Boxer,3,24.21,2024-02-25,163,35.29
07 AAA 081,Ford,Boxer,3,24.21,2024-02-26,143,42.7
07 AAA 081,Ford,Boxer,3,24.21,2024-02-27,90,22.38
07 AAA 081,Ford,Boxer,3,24.21,2024-02-28,293,78.87
07 AAA 081,Ford,Boxer,3,24.21,2024-02-29,137,47.08
07 AAA 081,Ford,Boxer,3,24.21,2024-03-01,170,38.2
07 AAA 081,Ford,Boxer,3,24.21,2024-03-02,245,85.24
07 AAA 081,Ford,Boxer,3,24.21,2024-03-03,277,61.7
07 AAA 081,Ford,Boxer,3,24.21,2024-03-04,267,92.81
07 AAA 081,Ford,Boxer,3,24.21,2024-03-05,119,28.65
07 AAA 081,Ford,Boxer,3,24.21,2024-03-06,80,18.88
07 AAA 081,Ford,Boxer,3,24.21,2024-03-07,73,26.31
07 AAA 081,Ford,Boxer,3,24.21,2024-03-08,279,76.37
07 AAA 081,Ford,Boxer,3,24.21,2024-03-09,104,20.83
07 AAA 081,Ford,Boxer,3,24.21,2024-03-10,247,56.38
07 AAA 081,Ford,Boxer,3,24.21,2024-03-11,106,27.83
07 AAA 081,Ford,Boxer,3,24.21,2024-03-12,269,71.91
07 AAA 081,Ford,Boxer,3,24.21,2024-03-13,275,71.84
07 AAA 081,Ford,Boxer,3,24.21,2024-03-14,62,18.47
07 AAA 081,Ford,Boxer,3,24.21,2024-03-15,77,18.23
07 AAA 081,Ford,Boxer,3,24.21,2024-03-16,88,28.03
07 AAA 081,Ford,Boxer,3,24.21,2024-03-17,171,46.63
07 AAA 081,Ford,Boxer,3,24.21,2024-03-18,234,73.11
07 AAA 081,Ford,Boxer,3,24.21,2024-03-19,112,22.59
07 AAA 081,Ford,Boxer,3,24.21,2024-03-20,178,37.99
07 AAA 081,Ford,Boxer,3,24.21,2024-03-21,230,67.48
07 AAA 081,Ford,Boxer,3,24.21,2024-03-22,281,70.14
07 AAA 081,Ford,Boxer,3,24.21,2024-03-23,153,38.52
07 AAA 081,Ford,Boxer,3,24.21,2024-03-24,276,99.51
07 AAA 081,Ford,Boxer,3,24.21,2024-03-25,202,51.35
07 AAA 081,Ford,Boxer,3,24.21,2024-03-26,178,47.71
07 AAA 081,Ford,Boxer,3,24.21,2024-03-27,261,79.55
07 AAA 081,Ford,Boxer,3,24.21,2024-03-28,103,37.18
07 AAA 081,Ford,Boxer,3,24.21,2024-03-29,142,45.63
07 AAA 081,Ford,Boxer,3,24.21,2024-03-30,196,53.58
07 AAA 081,Ford,Boxer,3,24.21,2024-03-31,204,57.19
07 AAA 081,Ford,Boxer,3,24.21,2024-04-01,252,65.96
07 AAA 081,Ford,Boxer,3,24.21,2024-04-02,116,30.74
07 AAA 081,Ford,Boxer,3,24.21,2024-04-03,297,63.83
07 AAA 081,Ford,Boxer,3,24.21,2024-04-04,150,31.02
07 AAA 081,Ford,Boxer,3,24.21,2024-04-05,265,66.46
07 AAA 081,Ford,Boxer,3,24.21,2024-04-06,161,50.38
07 AAA 081,Ford,Boxer,3,24.21,2024-04-07,270,61.26
07 AAA 081,Ford,Boxer,3,24.21,2024-04-08,200,45.49
07 AAA 081,Ford,Boxer,3,24.21,2024-04-09,146,29.58
07 AAA 081,Ford,Boxer,3,24.21,2024-04-10,81,19.92
07 AAA 081,Ford,Boxer,3,24.21,2024-04-11,215,50.5
07 AAA 081,Ford,Boxer,3,24.21,2024-04-12,89,28.54
07 AAA 081,Ford,Boxer,3,24.21,2024-04-13,241,61.7
07 AAA 081,Ford,Boxer,3,24.21,2024-04-14,48,10.17
07 AAA 081,Ford,Boxer,3,24.21,2024-04-15,273,54.44
07 AAA 081,Ford,Boxer,3,24.21,2024-04-16,133,32.74
07 AAA 081,Ford,Boxer,3,24.21,2024-04-17,271,85.8
07 AAA 081,Ford,Boxer,3,24.21,2024-04-18,53,11.58
07 AAA 081,Ford,Boxer,3,24.21,2024-04-19,271,55.9
07 AAA 081,Ford,Boxer,3,24.21,2024-04-20,222,51.12
07 AAA 081,Ford,Boxer,3,24.21,2024-04-21,99,23.78
07 AAA 081,Ford,Boxer,3,24.21,2024-04-22,76,21.61
07 AAA 081,Ford,Boxer,3,24.21,2024-04-23,108,30.56
07 AAA 081,Ford,Boxer,3,24.21,2024-04-24,277,78.19
07 AAA 081,Ford,Boxer,3,24.21,2024-04-25,234,66.38
07 AAA 081,Ford,Boxer,3,24.21,2024-04-26,57,11.19
07 AAA 081,Ford,Boxer,3,24.21,2024-04-27,95,18.92
07 AAA 081,Ford,Boxer,3,24.21,2024-04-28,129,45.51
07 AAA 081,Ford,Boxer,3,24.21,2024-04-29,175,45.67
07 AAA 082,Volkswagen,Transit,4,7.45,2024-01-01,136,14.59
07 AAA 082,Volkswagen,Transit,4,7.45,2024-01-02,40,2.45
07 AAA 082,Volkswagen,Transit,4,7.45,2024-01-03,259,26.31
07 AAA 082,Volkswagen,Transit,4,7.45,2024-01-04,184,13.36
07 AAA 082,Volkswagen,Transit,4,7.45,2024-01-05,297,22.39
07 AAA 082,Volkswagen,Transit,4,7.45,2024-01-06,267,23.61
07 AAA 082,Volkswagen,Transit,4,7.45,2024-01-07,88,6.67
07 AAA 082,Volkswagen,Transit,4,7.45,2024-01-08,73,6.04
07 AAA 082,Volkswagen,Transit,4,7.45,2024-01-09,218,24.01
07 AAA 082,Volkswagen,Transit,4,7.45,2024-01-10,180,19.73
07 AAA 082,Volkswagen,Transit,4,7.45,2024-01-11,52,3.2
07 AAA 082,Volkswagen,Transit,4,7.45,2024-01-12,198,19.62
07 AAA 082,Volkswagen,Transit,4,7.45,2024-01-13,116,7.59
07 AAA 082,Volkswagen,Transit,4,7.45,2024-01-14,210,22.78
07 AAA 082,Volkswagen,Transit,4,7.45,2024-01-15,234,14.42
07 AAA 082,Volkswagen,Transit,4,7.45,2024-01-16,143,8.62
07 AAA 082,Volkswagen,Transit,4,7.45,2024-01-17,149,12.84
07 AAA 082,Volkswagen,Transit,4,7.45,2024-01-18,134,11.66
07 AAA 082,Volkswagen,Transit,4,7.45,2024-01-19,292,21.04
07 AAA 082,Volkswagen,Transit,4,7.45,2024-01-20,44,2.92
07 AAA 082,Volkswagen,Transit,4,7.45,2024-01-21,219,19.16
07 AAA 082,Volkswagen,Transit,4,7.45,2024-01-22,167,16.93
07 AAA 082,Volkswagen,Transit,4,7.45,2024-01-23,274,20.68
07 AAA 082,Volkswagen,Transit,4,7.45,2024-01-24,272,25.61
07 AAA 082,Volkswagen,Transit,4,7.45,2024-01-25,188,15.07
07 AAA 082,Volkswagen,Transit,4,7.45,2024-01-26,206,13.86
07 AAA 082,Volkswagen,Transit,4,7.45,2024-01-27,225,17.8
07 AAA 082,Volkswagen,Transit,4,7.45,2024-01-28,42,4.41
07 AAA 082,Volkswagen,Transit,4,7.45,2024-01-29,293,26.96
07 AAA 082,Volkswagen,Transit,4,7.45,2024-01-30,239,26.43
07 AAA 082,Volkswagen,Transit,4,7.45,2024-01-31,124,9.22
07 AAA 082,Volkswagen,Transit,4,7.45,2024-02-01,256,17.43
07 AAA 082,Volkswagen,Transit,4,7.45,2024-02-02,292,24.84
07 AAA 082,Volkswagen,Transit,4,7.45,2024-02-03,295,28.59
07 AAA 082,Volkswagen,Transit,4,7.45,2024-02-04,162,15.19
07 AAA 082,Volkswagen,Transit,4,7.45,2024-02-05,78,8.13
07 AAA 082,Volkswagen,Transit,4,7.45,2024-02-06,162,14.28
07 AAA 082,Volkswagen,Transit,4,7.45,2024-02-07,131,10.61
07 AAA 082,Volkswagen,Transit,4,7.45,2024-02-08,244,25.36
07 AAA 082,Volkswagen,Transit,4,7.45,2024-02-09,228,18.11
07 AAA 082,Volkswagen,Transit,4,7.45,2024-02-10,52,4.39
07 AAA 082,Volkswagen,Transit,4,7.45,2024-02-11,85,9.09
07 AAA 082,Volkswagen,Transit,4,7.45,2024-02-12,101,9.98
07 AAA 082,Volkswagen,Transit,4,7.45,2024-02-13,59,4.83
07 AAA 082,Volkswagen,Transit,4,7.45,2024-02-14,139,14.94
07 AAA 082,Volkswagen,Transit,4,7.45,2024-02-15,277,28.48
07 AAA 082,Volkswagen,Transit,4,7.45,2024-02-16,132,14.36
07 AAA 082,Volkswagen,Transit,4,7.45,2024-02-17,267,28.72
07 AAA 082,Volkswagen,Transit,4,7.45,2024-02-18,248,20.75
07 AAA 082,Volkswagen,Transit,4,7.45,2024-02-19,89,6.67
07 AAA 082,Volkswagen,Transit,4,7.45,2024-02-20,207,20.2
07 AAA 082,Volkswagen,Transit,4,7.45,2024-02-21,234,15.86
07 AAA 082,Volkswagen,Transit,4,7.45,2024-02-22,126,9.05
07 AAA 082,Volkswagen,Transit,4,7.45,2024-02-23,41,3.32
07 AAA 082,Volkswagen,Transit,4,7.45,2024-02-24,50,5.34
07 AAA 082,Volkswagen,Transit,4,7.45,2024-02-25,214,22.02
07 AAA 082,Volkswagen,Transit,4,7.45,2024-02-26,261,25.28
07 AAA 082,Volkswagen,Transit,4,7.45,2024-02-27,209,20.13
07 AAA 082,Volkswagen,Transit,4,7.45,2024-02-28,228,16.06
07 AAA 082,Volkswagen,Transit,4,7.45,2024-02-29,108,7.05
07 AAA 082,Volkswagen,Transit,4,7.45,2024-03-01,78,5.65
07 AAA 082,Volkswagen,Transit,4,7.45,2024-03-02,109,11.88
07 AAA 082,Volkswagen,Transit,4,7.45,2024-03-03,140,9.36
07 AAA 082,Volkswagen,Transit,4,7.45,2024-03-04,140,10.72
07 AAA 082,Volkswagen,Transit,4,7.45,2024-03-05,142,13.58
07 AAA 082,Volkswagen,Transit,4,7.45,2024-03-06,116,11.86
07 AAA 082,Volkswagen,Transit,4,7.45,2024-03-07,163,11.48
07 AAA 082,Volkswagen,Transit,4,7.45,2024-03-08,263,23.24
07 AAA 082,Volkswagen,Transit,4,7.45,2024-03-09,251,15.86
07 AAA 082,Volkswagen,Transit,4,7.45,2024-03-10,169,12.14
07 AAA 082,Volkswagen,Transit,4,7.45,2024-03-11,178,15.08
07 AAA 082,Volkswagen,Transit,4,7.45,2024-03-12,167,13.13
07 AAA 082,Volkswagen,Transit,4,7.45,2024-03-13,227,23.43
07 AAA 082,Volkswagen,Transit,4,7.45,2024-03-14,66,6.29
07 AAA 082,Volkswagen,Transit,4,7.45,2024-03-15,295,18.7
07 AAA 082,Volkswagen,Transit,4,7.45,2024-03-16,161,16.66
07 AAA 082,Volkswagen,Transit,4,7.45,2024-03-17,79,7.94
07 AAA 082,Volkswagen,Transit,4,7.45,2024-03-18,272,21.65
07 AAA 082,Volkswagen,Transit,4,7.45,2024-03-19,98,6.29
07 AAA 082,Volkswagen,Transit,4,7.45,2024-03-20,207,12.67
07 AAA 082,Volkswagen,Transit,4,7.45,2024-03-21,262,23.87
07 AAA 082,Volkswagen,Transit,4,7.45,2024-03-22,240,23.75
07 AAA 082,Volkswagen,Transit,4,7.45,2024-03-23,276,19.95
07 AAA 082,Volkswagen,Transit,4,7.45,2024-03-24,292,26.06
07 AAA 082,Volkswagen,Transit,4,7.45,2024-03-25,247,23.99
07 AAA 082,Volkswagen,Transit,4,7.45,2024-03-26,112,9.2
07 AAA 082,Volkswagen,Transit,4,7.45,2024-03-27,177,13.89
07 AAA 082,Volkswagen,Transit,4,7.45,2024-03-28,76,4.53
07 AAA 082,Volkswagen,Transit,4,7.45,2024-03-29,57,5.63
07 AAA 082,Volkswagen,Transit,4,7.45,2024-03-30,160,14.84
07 AAA 082,Volkswagen,Transit,4,7.45,2024-03-31,54,3.89
07 AAA 082,Volkswagen,Transit,4,7.45,2024-04-01,124,9.94
07 AAA 082,Volkswagen,Transit,4,7.45,2024-04-02,74,7.23
07 AAA 082,Volkswagen,Transit,4,7.45,2024-04-03,227,19.15
07 AAA 082,Volkswagen,Transit,4,7.45,2024-04-04,187,14.2
07 AAA 082,Volkswagen,Transit,4,7.45,2024-04-05,186,14.29
07 AAA 082,Volkswagen,Transit,4,7.45,2024-04-06,251,27.6
07 AAA 082,Volkswagen,Transit,4,7.45,2024-04-07,66,4.6
07 AAA 082,Volkswagen,Transit,4,7.45,2024-04-08,246,27.33
07 AAA 082,Volkswagen,Transit,4,7.45,2024-04-09,265,19.74
07 AAA 082,Volkswagen,Transit,4,7.45,2024-04-10,149,13.06
07 AAA 082,Volkswagen,Transit,4,7.45,2024-04-11,191,19.76
07 AAA 082,Volkswagen,Transit,4,7.45,2024-04-12,70,6.71
07 AAA 082,Volkswagen,Transit,4,7.45,2024-04-13,296,25.78
07 AAA 082,Volkswagen,Transit,4,7.45,2024-04-14,69,4.13
07 AAA 082,Volkswagen,Transit,4,7.45,2024-04-15,177,12.27
07 AAA 082,Volkswagen,Transit,4,7.45,2024-04-16,243,25.65
07 AAA 082,Volkswagen,Transit,4,7.45,2024-04-17,151,12.57
07 AAA 082,Volkswagen,Transit,4,7.45,2024-04-18,178,10.71
07 AAA 082,Volkswagen,Transit,4,7.45,2024-04-19,111,12.38
07 AAA 082,Volkswagen,Transit,4,7.45,2024-04-20,298,21.66
07 AAA 082,Volkswagen,Transit,4,7.45,2024-04-21,173,15.29
07 AAA 082,Volkswagen,Transit,4,7.45,2024-04-22,211,20.38
07 AAA 082,Volkswagen,Transit,4,7.45,2024-04-23,149,9.8
07 AAA 082,Volkswagen,Transit,4,7.45,2024-04-24,213,22.0
07 AAA 082,Volkswagen,Transit,4,7.45,2024-04-25,171,10.64
07 AAA 082,Volkswagen,Transit,4,7.45,2024-04-26,271,24.75
07 AAA 082,Volkswagen,Transit,4,7.45,2024-04-27,298,27.54
07 AAA 082,Volkswagen,Transit,4,7.45,2024-04-28,229,21.43
07 AAA 082,Volkswagen,Transit,4,7.45,2024-04-29,51,3.49
07 AAA 083,Mercedes,Fluence,3,25.83,2024-01-01,207,69.91
07 AAA 083,Mercedes,Fluence,3,25.83,2024-01-02,98,28.64
07 AAA 083,Mercedes,Fluence,3,25.83,2024-01-03,246,77.68
07 AAA 083,Mercedes,Fluence,3,25.83,2024-01-04,277,82.95
07 AAA 083,Mercedes,Fluence,3,25.83,2024-01-05,214,72.2
07 AAA 083,Mercedes,Fluence,3,25.83,2024-01-06,194,65.41
07 AAA 083,Mercedes,Fluence,3,25.83,2024-01-07,274,77.48
07 AAA 083,Mercedes,Fluence,3,25.83,2024-01-08,250,54.86
07 AAA 083,Mercedes,Fluence,3,25.83,2024-01-09,77,26.01
07 AAA 083,Mercedes,Fluence,3,25.83,2024-01-10,167,38.41
07 AAA 083,Mercedes,Fluence,3,25.83,2024-01-11,113,40.65
07 AAA 083,Mercedes,Fluence,3,25.83,2024-01-12,141,40.32
07 AAA 083,Mercedes,Fluence,3,25.83,2024-01-13,222,80.09
07 AAA 083,Mercedes,Fluence,3,25.83,2024-01-14,191,46.96
07 AAA 083,Mercedes,Fluence,3,25.83,2024-01-15,43,12.98
07 AAA 083,Mercedes,Fluence,3,25.83,2024-01-16,90,22.77
07 AAA 083,Mercedes,Fluence,3,25.83,2024-01-17,286,97.0
07 AAA 083,Mercedes,Fluence,3,25.83,2024-01-18,187,40.57
07 AAA 083,Mercedes,Fluence,3,25.83,2024-01-19,105,37.86
07 AAA 083,Mercedes,Fluence,3,25.83,2024-01-20,105,29.7
07 AAA 083,Mercedes,Fluence,3,25.83,2024-01-21,228,78.87
07 AAA 083,Mercedes,Fluence,3,25.83,2024-01-22,259,61.67
07 AAA 083,Mercedes,Fluence,3,25.83,2024-01-23,115,37.18
07 AAA 083,Mercedes,Fluence,3,25.83,2024-01-24,188,68.64
07 AAA 083,Mercedes,Fluence,3,25.83,2024-01-25,252,57.0
07 AAA 083,Mercedes,Fluence,3,25.83,2024-01-26,128,36.15
07 AAA 083,Mercedes,Fluence,3,25.83,2024-01-27,298,70.64
07 AAA 083,Mercedes,Fluence,3,25.83,2024-01-28,206,43.55
07 AAA 083,Mercedes,Fluence,3,25.83,2024-01-29,124,26.13
07 AAA 083,Mercedes,Fluence,3,25.83,2024-01-30,275,104.73
07 AAA 083,Mercedes,Fluence,3,25.83,2024-01-31,114,33.92
07 AAA 083,Mercedes,Fluence,3,25.83,2024-02-01,224,75.16
07 AAA 083,Mercedes,Fluence,3,25.83,2024-02-02,269,64.5
07 AAA 083,Mercedes,Fluence,3,25.83,2024-02-03,101,37.35
07 AAA 083,Mercedes,Fluence,3,25.83,2024-02-04,215,72.06
07 AAA 083,Mercedes,Fluence,3,25.83,2024-02-05,108,29.04
07 AAA 083,Mercedes,Fluence,3,25.83,2024-02-06,196,52.55
07 AAA 083,Mercedes,Fluence,3,25.83,2024-02-07,204,45.75
07 AAA 083,Mercedes,Fluence,3,25.83,2024-02-08,157,60.25
07 AAA 083,Mercedes,Fluence,3,25.83,2024-02-09,143,38.78
07 AAA 083,Mercedes,Fluence,3,25.83,2024-02-10,147,53.54
07 AAA 083,Mercedes,Fluence,3,25.83,2024-02-11,76,25.99
07 AAA 083,Mercedes,Fluence,3,25.83,2024-02-12,264,57.04
07 AAA 083,Mercedes,Fluence,3,25.83,2024-02-13,290,93.73
07 AAA 083,Mercedes,Fluence,3,25.83,2024-02-14,192,70.61
07 AAA 083,Mercedes,Fluence,3,25.83,2024-02-15,155,58.99
07 AAA 083,Mercedes,Fluence,3,25.83,2024-02-16,71,17.48
07 AAA 083,Mercedes,Fluence,3,25.83,2024-02-17,224,66.21
07 AAA 083,Mercedes,Fluence,3,25.83,2024-02-18,89,22.2
07 AAA 083,Mercedes,Fluence,3,25.83,2024-02-19,96,36.35
07 AAA 083,Mercedes,Fluence,3,25.83,2024-02-20,117,27.79
07 AAA 083,Mercedes,Fluence,3,25.83,2024-02-21,177,42.89
07 AAA 083,Mercedes,Fluence,3,25.83,2024-02-22,67,23.86
07 AAA 083,Mercedes,Fluence,3,25.83,2024-02-23,65,16.75
07 AAA 083,Mercedes,Fluence,3,25.83,2024-02-24,69,19.61
07 AAA 083,Mercedes,Fluence,3,25.83,2024-02-25,255,93.96
07 AAA 083,Mercedes,Fluence,3,25.83,2024-02-26,121,35.53
07 AAA 083,Mercedes,Fluence,3,25.83,2024-02-27,253,87.73
07 AAA 083,Mercedes,Fluence,3,25.83,2024-02-28,91,22.78
07 AAA 083,Mercedes,Fluence,3,25.83,2024-02-29,216,54.96
07 AAA 083,Mercedes,Fluence,3,25.83,2024-03-01,151,45.28
07 AAA 083,Mercedes,Fluence,3,25.83,2024-03-02,66,20.61
07 AAA 083,Mercedes,Fluence,3,25.83,2024-03-03,289,109.6
07 AAA 083,Mercedes,Fluence,3,25.83,2024-03-04,231,56.38
07 AAA 083,Mercedes,Fluence,3,25.83,2024-03-05,257,60.47
07 AAA 083,Mercedes,Fluence,3,25.83,2024-03-06,248,70.43
07 AAA 083,Mercedes,Fluence,3,25.83,2024-03-07,96,33.3
07 AAA 083,Mercedes,Fluence,3,25.83,2024-03-08,165,52.6
07 AAA 083,Mercedes,Fluence,3,25.83,2024-03-09,201,69.45
07 AAA 083,Mercedes,Fluence,3,25.83,2024-03-10,184,67.28
07 AAA 083,Mercedes,Fluence,3,25.83,2024-03-11,77,17.02
07 AAA 083,Mercedes,Fluence,3,25.83,2024-03-12,72,19.53
07 AAA 083,Mercedes,Fluence,3,25.83,2024-03-13,262,100.33
07 AAA 083,Mercedes,Fluence,3,25.83,2024-03-14,258,58.83
07 AAA 083,Mercedes,Fluence,3,25.83,2024-03-15,181,51.73
07 AAA 083,Mercedes,Fluence,3,25.83,2024-03-16,54,16.51
07 AAA 083,Mercedes,Fluence,3,25.83,2024-03-17,114,27.1
07 AAA 083,Mercedes,Fluence,3,25.83,2024-03-18,183,52.32
07 AAA 083,Mercedes,Fluence,3,25.83,2024-03-19,90,24.85
07 AAA 083,Mercedes,Fluence,3,25.83,2024-03-20,96,36.65
07 AAA 083,Mercedes,Fluence,3,25.83,2024-03-21,195,61.07
07 AAA 083,Mercedes,Fluence,3,25.83,2024-03-22,188,47.05
07 AAA 083,Mercedes,Fluence,3,25.83,2024-03-23,244,59.48
07 AAA 083,Mercedes,Fluence,3,25.83,2024-03-24,203,42.72
07 AAA 083,Mercedes,Fluence,3,25.83,2024-03-25,207,60.07
07 AAA 083,Mercedes,Fluence,3,25.83,2024-03-26,56,17.59
07 AAA 083,Mercedes,Fluence,3,25.83,2024-03-27,250,82.87
07 AAA 083,Mercedes,Fluence,3,25.83,2024-03-28,240,74.8
07 AAA 083,Mercedes,Fluence,3,25.83,2024-03-29,275,88.47
07 AAA 083,Mercedes,Fluence,3,25.83,2024-03-30,93,22.9
07 AAA 083,Mercedes,Fluence,3,25.83,2024-03-31,68,17.87
07 AAA 083,Mercedes,Fluence,3,25.83,2024-04-01,230,71.37
07 AAA 083,Mercedes,Fluence,3,25.83,2024-04-02,71,20.81
07 AAA 083,Mercedes,Fluence,3,25.83,2024-04-03,233,71.92
07 AAA 083,Mercedes,Fluence,3,25.83,2024-04-04,135,44.55
07 AAA 083,Mercedes,Fluence,3,25.83,2024-04-05,193,47.65
07 AAA 083,Mercedes,Fluence,3,25.83,2024-04-06,49,13.67
07 AAA 083,Mercedes,Fluence,3,25.83,2024-04-07,232,69.31
07 AAA 083,Mercedes,Fluence,3,25.83,2024-04-08,257,78.7
07 AAA 083,Mercedes,Fluence,3,25.83,2024-04-09,233,83.41
07 AAA 083,Mercedes,Fluence,3,25.83,2024-04-10,263,79.15
07 AAA 083,Mercedes,Fluence,3,25.83,2024-04-11,70,25.8
07 AAA 083,Mercedes,Fluence,3,25.83,2024-04-12,95,30.18
07 AAA 083,Mercedes,Fluence,3,25.83,2024-04-13,190,41.8
07 AAA 083,Mercedes,Fluence,3,25.83,2024-04-14,146,49.2
07 AAA 083,Mercedes,Fluence,3,25.83,2024-04-15,71,21.46
07 AAA 083,Mercedes,Fluence,3,25.83,2024-04-16,289,82.53
07 AAA 083,Mercedes,Fluence,3,25.83,2024-04-17,185,61.96
07 AAA 083,Mercedes,Fluence,3,25.83,2024-04-18,71,26.25
07 AAA 083,Mercedes,Fluence,3,25.83,2024-04-19,166,63.3
07 AAA 083,Mercedes,Fluence,3,25.83,2024-04-20,245,78.88
07 AAA 083,Mercedes,Fluence,3,25.83,2024-04-21,81,18.35
07 AAA 083,Mercedes,Fluence,3,25.83,2024-04-22,296,87.45
07 AAA 083,Mercedes,Fluence,3,25.83,2024-04-23,293,96.75
07 AAA 083,Mercedes,Fluence,3,25.83,2024-04-24,243,53.08
07 AAA 083,Mercedes,Fluence,3,25.83,2024-04-25,60,15.75
07 AAA 083,Mercedes,Fluence,3,25.83,2024-04-26,214,58.66
07 AAA 083,Mercedes,Fluence,3,25.83,2024-04-27,104,25.87
07 AAA 083,Mercedes,Fluence,3,25.83,2024-04-28,295,89.32
07 AAA 083,Mercedes,Fluence,3,25.83,2024-04-29,186,44.24
07 AAA 084,Mercedes,Caddy,2,9.05,2024-01-01,43,3.12
07 AAA 084,Mercedes,Caddy,2,9.05,2024-01-02,114,14.78
07 AAA 084,Mercedes,Caddy,2,9.05,2024-01-03,268,22.92
07 AAA 084,Mercedes,Caddy,2,9.05,2024-01-04,84,11.28
07 AAA 084,Mercedes,Caddy,2,9.05,2024-01-05,260,22.78
07 AAA 084,Mercedes,Caddy,2,9.05,2024-01-06,225,28.16
07 AAA 084,Mercedes,Caddy,2,9.05,2024-01-07,235,22.46
07 AAA 084,Mercedes,Caddy,2,9.05,2024-01-08,143,18.8
07 AAA 084,Mercedes,Caddy,2,9.05,2024-01-09,278,33.0
07 AAA 084,Mercedes,Caddy,2,9.05,2024-01-10,263,29.77
07 AAA 084,Mercedes,Caddy,2,9.05,2024-01-11,243,25.54
07 AAA 084,Mercedes,Caddy,2,9.05,2024-01-12,300,31.04
07 AAA 084,Mercedes,Caddy,2,9.05,2024-01-13,199,16.56
07 AAA 084,Mercedes,Caddy,2,9.05,2024-01-14,214,17.96
07 AAA 084,Mercedes,Caddy,2,9.05,2024-01-15,236,17.54
07 AAA 084,Mercedes,Caddy,2,9.05,2024-01-16,80,9.92
07 AAA 084,Mercedes,Caddy,2,9.05,2024-01-17,126,12.94
07 AAA 084,Mercedes,Caddy,2,9.05,2024-01-18,199,16.17
07 AAA 084,Mercedes,Caddy,2,9.05,2024-01-19,172,13.55
07 AAA 084,Mercedes,Caddy,2,9.05,2024-01-20,300,32.11
07 AAA 084,Mercedes,Caddy,2,9.05,2024-01-21,237,18.95
07 AAA 084,Mercedes,Caddy,2,9.05,2024-01-22,120,9.1
07 AAA 084,Mercedes,Caddy,2,9.05,2024-01-23,54,4.08
07 AAA 084,Mercedes,Caddy,2,9.05,2024-01-24,256,20.2
07 AAA 084,Mercedes,Caddy,2,9.05,2024-01-25,231,25.95
07 AAA 084,Mercedes,Caddy,2,9.05,2024-01-26,62,5.43
07 AAA 084,Mercedes,Caddy,2,9.05,2024-01-27,252,21.76
07 AAA 084,Mercedes,Caddy,2,9.05,2024-01-28,231,22.23
07 AAA 084,Mercedes,Caddy,2,9.05,2024-01-29,189,18.54
07 AAA 084,Mercedes,Caddy,2,9.05,2024-01-30,152,14.63
07 AAA 084,Mercedes,Caddy,2,9.05,2024-01-31,245,20.95
07 AAA 084,Mercedes,Caddy,2,9.05,2024-02-01,194,18.09
07 AAA 084,Mercedes,Caddy,2,9.05,2024-02-02,58,6.61
07 AAA 084,Mercedes,Caddy,2,9.05,2024-02-03,213,26.69
07 AAA 084,Mercedes,Caddy,2,9.05,2024-02-04,230,20.86
07 AAA 084,Mercedes,Caddy,2,9.05,2024-02-05,191,15.37
07 AAA 084,Mercedes,Caddy,2,9.05,2024-02-06,268,21.6
07 AAA 084,Mercedes,Caddy,2,9.05,2024-02-07,114,9.39
07 AAA 084,Mercedes,Caddy,2,9.05,2024-02-08,295,34.24
07 AAA 084,Mercedes,Caddy,2,9.05,2024-02-09,106,12.35
07 AAA 084,Mercedes,Caddy,2,9.05,2024-02-10,134,12.17
07 AAA 084,Mercedes,Caddy,2,9.05,2024-02-11,223,17.81
07 AAA 084,Mercedes,Caddy,2,9.05,2024-02-12,117,10.95
07 AAA 084,Mercedes,Caddy,2,9.05,2024-02-13,220,24.01
07 AAA 084,Mercedes,Caddy,2,9.05,2024-02-14,248,24.4
07 AAA 084,Mercedes,Caddy,2,9.05,2024-02-15,194,21.43
07 AAA 084,Mercedes,Caddy,2,9.05,2024-02-16,193,14.44
07 AAA 084,Mercedes,Caddy,2,9.05,2024-02-17,178,20.92
07 AAA 084,Mercedes,Caddy,2,9.05,2024-02-18,246,19.43
07 AAA 084,Mercedes,Caddy,2,9.05,2024-02-19,233,18.58
07 AAA 084,Mercedes,Caddy,2,9.05,2024-02-20,104,7.58
07 AAA 084,Mercedes,Caddy,2,9.05,2024-02-21,267,35.53
07 AAA 084,Mercedes,Caddy,2,9.05,2024-02-22,297,36.72
07 AAA 084,Mercedes,Caddy,2,9.05,2024-02-23,99,8.82
07 AAA 084,Mercedes,Caddy,2,9.05,2024-02-24,283,27.08
07 AAA 084,Mercedes,Caddy,2,9.05,2024-02-25,94,12.29
07 AAA 084,Mercedes,Caddy,2,9.05,2024-02-26,105,13.15
07 AAA 084,Mercedes,Caddy,2,9.05,2024-02-27,54,6.54
07 AAA 084,Mercedes,Caddy,2,9.05,2024-02-28,141,13.61
07 AAA 084,Mercedes,Caddy,2,9.05,2024-02-29,61,7.59
07 AAA 084,Mercedes,Caddy,2,9.05,2024-03-01,60,6.32
07 AAA 084,Mercedes,Caddy,2,9.05,2024-03-02,160,16.25
07 AAA 084,Mercedes,Caddy,2,9.05,2024-03-03,284,36.18
07 AAA 084,Mercedes,Caddy,2,9.05,2024-03-04,258,31.57
07 AAA 084,Mercedes,Caddy,2,9.05,2024-03-05,217,22.58
07 AAA 084,Mercedes,Caddy,2,9.05,2024-03-06,208,22.13
07 AAA 084,Mercedes,Caddy,2,9.05,2024-03-07,148,18.76
07 AAA 084,Mercedes,Caddy,2,9.05,2024-03-08,236,27.14
07 AAA 084,Mercedes,Caddy,2,9.05,2024-03-09,209,24.94
07 AAA 084,Mercedes,Caddy,2,9.05,2024-03-10,119,8.79
07 AAA 084,Mercedes,Caddy,2,9.05,2024-03-11,234,29.37
07 AAA 084,Mercedes,Caddy,2,9.05,2024-03-12,94,8.69
07 AAA 084,Mercedes,Caddy,2,9.05,2024-03-13,151,11.87
07 AAA 084,Mercedes,Caddy,2,9.05,2024-03-14,108,11.08
07 AAA 084,Mercedes,Caddy,2,9.05,2024-03-15,159,12.19
07 AAA 084,Mercedes,Caddy,2,9.05,2024-03-16,42,3.36
07 AAA 084,Mercedes,Caddy,2,9.05,2024-03-17,275,27.82
07 AAA 084,Mercedes,Caddy,2,9.05,2024-03-18,41,4.51
07 AAA 084,Mercedes,Caddy,2,9.05,2024-03-19,226,16.56
07 AAA 084,Mercedes,Caddy,2,9.05,2024-03-20,42,5.22
07 AAA 084,Mercedes,Caddy,2,9.05,2024-03-21,41,4.08
07 AAA 084,Mercedes,Caddy,2,9.05,2024-03-22,289,25.21
07 AAA 084,Mercedes,Caddy,2,9.05,2024-03-23,227,23.0
07 AAA 084,Mercedes,Caddy,2,9.05,2024-03-24,89,12.06
07 AAA 084,Mercedes,Caddy,2,9.05,2024-03-25,175,20.77
07 AAA 084,Mercedes,Caddy,2,9.05,2024-03-26,100,10.32
07 AAA 084,Mercedes,Caddy,2,9.05,2024-03-27,258,21.91
07 AAA 084,Mercedes,Caddy,2,9.05,2024-03-28,40,3.84
07 AAA 084,Mercedes,Caddy,2,9.05,2024-03-29,286,22.55
07 AAA 084,Mercedes,Caddy,2,9.05,2024-03-30,269,20.07
07 AAA 084,Mercedes,Caddy,2,9.05,2024-03-31,81,10.48
07 AAA 084,Mercedes,Caddy,2,9.05,2024-04-01,204,15.45
07 AAA 084,Mercedes,Caddy,2,9.05,2024-04-02,219,27.41
07 AAA 084,Mercedes,Caddy,2,9.05,2024-04-03,241,17.9
07 AAA 084,Mercedes,Caddy,2,9.05,2024-04-04,184,15.36
07 AAA 084,Mercedes,Caddy,2,9.05,2024-04-05,217,19.14
07 AAA 084,Mercedes,Caddy,2,9.05,2024-04-06,105,13.24
07 AAA 084,Mercedes,Caddy,2,9.05,2024-04-07,167,18.54
07 AAA 084,Mercedes,Caddy,2,9.05,2024-04-08,269,34.47
07 AAA 084,Mercedes,Caddy,2,9.05,2024-04-09,82,9.12
07 AAA 084,Mercedes,Caddy,2,9.05,2024-04-10,259,32.95
07 AAA 084,Mercedes,Caddy,2,9.05,2024-04-11,216,21.23
07 AAA 084,Mercedes,Caddy,2,9.05,2024-04-12,108,11.25
07 AAA 084,Mercedes,Caddy,2,9.05,2024-04-13,171,18.07
07 AAA 084,Mercedes,Caddy,2,9.05,2024-04-14,181,17.94
07 AAA 084,Mercedes,Caddy,2,9.05,2024-04-15,58,6.18
07 AAA 084,Mercedes,Caddy,2,9.05,2024-04-16,126,12.66
07 AAA 084,Mercedes,Caddy,2,9.05,2024-04-17,121,15.1
07 AAA 084,Mercedes,Caddy,2,9.05,2024-04-18,128,13.05
07 AAA 084,Mercedes,Caddy,2,9.05,2024-04-19,191,18.3
07 AAA 084,Mercedes,Caddy,2,9.05,2024-04-20,276,21.68
07 AAA 084,Mercedes,Caddy,2,9.05,2024-04-21,93,7.78
07 AAA 084,Mercedes,Caddy,2,9.05,2024-04-22,150,19.06
07 AAA 084,Mercedes,Caddy,2,9.05,2024-04-23,191,19.24
07 AAA 084,Mercedes,Caddy,2,9.05,2024-04-24,114,9.6
07 AAA 084,Mercedes,Caddy,2,9.05,2024-04-25,97,10.13
07 AAA 084,Mercedes,Caddy,2,9.05,2024-04-26,192,15.97
07 AAA 084,Mercedes,Caddy,2,9.05,2024-04-27,95,10.02
07 AAA 084,Mercedes,Caddy,2,9.05,2024-04-28,294,24.29
07 AAA 084,Mercedes,Caddy,2,9.05,2024-04-29,75,6.41
07 AAA 085,Fiat,Atego,4,8.03,2024-01-01,166,12.7
07 AAA 085,Fiat,Atego,4,8.03,2024-01-02,165,17.9
07 AAA 085,Fiat,Atego,4,8.03,2024-01-03,275,22.58
07 AAA 085,Fiat,Atego,4,8.03,2024-01-04,185,19.58
07 AAA 085,Fiat,Atego,4,8.03,2024-01-05,61,4.16
07 AAA 085,Fiat,Atego,4,8.03,2024-01-06,137,10.7
07 AAA 085,Fiat,Atego,4,8.03,2024-01-07,260,25.72
07 AAA 085,Fiat,Atego,4,8.03,2024-01-08,256,29.72
07 AAA 085,Fiat,Atego,4,8.03,2024-01-09,183,13.32
07 AAA 085,Fiat,Atego,4,8.03,2024-01-10,218,20.33
07 AAA 085,Fiat,Atego,4,8.03,2024-01-11,217,16.41
07 AAA 085,Fiat,Atego,4,8.03,2024-01-12,126,12.17
07 AAA 085,Fiat,Atego,4,8.03,2024-01-13,49,5.62
07 AAA 085,Fiat,Atego,4,8.03,2024-01-14,71,5.04
07 AAA 085,Fiat,Atego,4,8.03,2024-01-15,166,11.04
07 AAA 085,Fiat,Atego,4,8.03,2024-01-16,120,8.69
07 AAA 085,Fiat,Atego,4,8.03,2024-01-17,275,21.79
07 AAA 085,Fiat,Atego,4,8.03,2024-01-18,45,5.26
07 AAA 085,Fiat,Atego,4,8.03,2024-01-19,233,16.53
07 AAA 085,Fiat,Atego,4,8.03,2024-01-20,249,28.74
07 AAA 085,Fiat,Atego,4,8.03,2024-01-21,169,19.97
07 AAA 085,Fiat,Atego,4,8.03,2024-01-22,92,9.43
07 AAA 085,Fiat,Atego,4,8.03,2024-01-23,293,23.95
07 AAA 085,Fiat,Atego,4,8.03,2024-01-24,224,26.82
07 AAA 085,Fiat,Atego,4,8.03,2024-01-25,195,16.28
07 AAA 085,Fiat,Atego,4,8.03,2024-01-26,245,29.34
07 AAA 085,Fiat,Atego,4,8.03,2024-01-27,150,13.82
07 AAA 085,Fiat,Atego,4,8.03,2024-01-28,172,17.06
07 AAA 085,Fiat,Atego,4,8.03,2024-01-29,115,8.43
07 AAA 085,Fiat,Atego,4,8.03,2024-01-30,190,15.15
07 AAA 085,Fiat,Atego,4,8.03,2024-01-31,157,10.25
07 AAA 085,Fiat,Atego,4,8.03,2024-02-01,71,4.73
07 AAA 085,Fiat,Atego,4,8.03,2024-02-02,46,4.01
07 AAA 085,Fiat,Atego,4,8.03,2024-02-03,154,18.23
07 AAA 085,Fiat,Atego,4,8.03,2024-02-04,296,33.99
07 AAA 085,Fiat,Atego,4,8.03,2024-02-05,76,6.17
07 AAA 085,Fiat,Atego,4,8.03,2024-02-06,160,16.22
07 AAA 085,Fiat,Atego,4,8.03,2024-02-07,80,6.65
07 AAA 085,Fiat,Atego,4,8.03,2024-02-08,70,7.37
07 AAA 085,Fiat,Atego,4,8.03,2024-02-09,63,4.71
07 AAA 085,Fiat,Atego,4,8.03,2024-02-10,224,19.15
07 AAA 085,Fiat,Atego,4,8.03,2024-02-11,137,9.13
07 AAA 085,Fiat,Atego,4,8.03,2024-02-12,100,10.89
07 AAA 085,Fiat,Atego,4,8.03,2024-02-13,182,15.0
07 AAA 085,Fiat,Atego,4,8.03,2024-02-14,236,20.25
07 AAA 085,Fiat,Atego,4,8.03,2024-02-15,168,17.28
07 AAA 085,Fiat,Atego,4,8.03,2024-02-16,98,9.99
07 AAA 085,Fiat,Atego,4,8.03,2024-02-17,244,27.23
07 AAA 085,Fiat,Atego,4,8.03,2024-02-18,132,10.6
07 AAA 085,Fiat,Atego,4,8.03,2024-02-19,84,8.74
07 AAA 085,Fiat,Atego,4,8.03,2024-02-20,264,24.52
07 AAA 085,Fiat,Atego,4,8.03,2024-02-21,261,25.49
07 AAA 085,Fiat,Atego,4,8.03,2024-02-22,142,11.54
07 AAA 085,Fiat,Atego,4,8.03,2024-02-23,222,15.17
07 AAA 085,Fiat,Atego,4,8.03,2024-02-24,101,10.31
07 AAA 085,Fiat,Atego,4,8.03,2024-02-25,261,19.56
07 AAA 085,Fiat,Atego,4,8.03,2024-02-26,291,20.64
07 AAA 085,Fiat,Atego,4,8.03,2024-02-27,100,11.66
07 AAA 085,Fiat,Atego,4,8.03,2024-02-28,275,24.44
07 AAA 085,Fiat,Atego,4,8.03,2024-02-29,282,31.77
07 AAA 085,Fiat,Atego,4,8.03,2024-03-01,112,7.95
07 AAA 085,Fiat,Atego,4,8.03,2024-03-02,239,22.13
07 AAA 085,Fiat,Atego,4,8.03,2024-03-03,211,16.06
07 AAA 085,Fiat,Atego,4,8.03,2024-03-04,133,9.93
07 AAA 085,Fiat,Atego,4,8.03,2024-03-05,294,27.73
07 AAA 085,Fiat,Atego,4,8.03,2024-03-06,300,24.15
07 AAA 085,Fiat,Atego,4,8.03,2024-03-07,287,19.89
07 AAA 085,Fiat,Atego,4,8.03,2024-03-08,251,25.18
07 AAA 085,Fiat,Atego,4,8.03,2024-03-09,45,4.14
07 AAA 085,Fiat,Atego,4,8.03,2024-03-10,159,11.75
07 AAA 085,Fiat,Atego,4,8.03,2024-03-11,113,13.41
07 AAA 085,Fiat,Atego,4,8.03,2024-03-12,123,9.56
07 AAA 085,Fiat,Atego,4,8.03,2024-03-13,129,10.48
07 AAA 085,Fiat,Atego,4,8.03,2024-03-14,141,15.34
07 AAA 085,Fiat,Atego,4,8.03,2024-03-15,241,24.51
07 AAA 085,Fiat,Atego,4,8.03,2024-03-16,139,9.37
07 AAA 085,Fiat,Atego,4,8.03,2024-03-17,264,21.87
07 AAA 085,Fiat,Atego,4,8.03,2024-03-18,272,26.19
07 AAA 085,Fiat,Atego,4,8.03,2024-03-19,268,18.19
07 AAA 085,Fiat,Atego,4,8.03,2024-03-20,115,9.98
07 AAA 085,Fiat,Atego,4,8.03,2024-03-21,59,4.33
07 AAA 085,Fiat,Atego,4,8.03,2024-03-22,57,4.02
07 AAA 085,Fiat,Atego,4,8.03,2024-03-23,147,15.13
07 AAA 085,Fiat,Atego,4,8.03,2024-03-24,167,15.49
07 AAA 085,Fiat,Atego,4,8.03,2024-03-25,223,21.55
07 AAA 085,Fiat,Atego,4,8.03,2024-03-26,126,11.94
07 AAA 085,Fiat,Atego,4,8.03,2024-03-27,109,10.43
07 AAA 085,Fiat,Atego,4,8.03,2024-03-28,245,27.97
07 AAA 085,Fiat,Atego,4,8.03,2024-03-29,53,6.24
07 AAA 085,Fiat,Atego,4,8.03,2024-03-30,60,5.46
07 AAA 085,Fiat,Atego,4,8.03,2024-03-31,60,4.56
07 AAA 085,Fiat,Atego,4,8.03,2024-04-01,139,13.1
07 AAA 085,Fiat,Atego,4,8.03,2024-04-02,196,16.16
07 AAA 085,Fiat,Atego,4,8.03,2024-04-03,114,9.05
07 AAA 085,Fiat,Atego,4,8.03,2024-04-04,292,20.12
07 AAA 085,Fiat,Atego,4,8.03,2024-04-05,156,17.03
07 AAA 085,Fiat,Atego,4,8.03,2024-04-06,288,30.66
07 AAA 085,Fiat,Atego,4,8.03,2024-04-07,280,30.04
07 AAA 085,Fiat,Atego,4,8.03,2024-04-08,266,29.56
07 AAA 085,Fiat,Atego,4,8.03,2024-04-09,114,12.84
07 AAA 085,Fiat,Atego,4,8.03,2024-04-10,48,3.9
07 AAA 085,Fiat,Atego,4,8.03,2024-04-11,102,7.03
07 AAA 085,Fiat,Atego,4,8.03,2024-04-12,277,24.96
07 AAA 085,Fiat,Atego,4,8.03,2024-04-13,78,5.22
07 AAA 085,Fiat,Atego,4,8.03,2024-04-14,43,3.88
07 AAA 085,Fiat,Atego,4,8.03,2024-04-15,42,2.7
07 AAA 085,Fiat,Atego,4,8.03,2024-04-16,218,23.36
07 AAA 085,Fiat,Atego,4,8.03,2024-04-17,70,7.38
07 AAA 085,Fiat,Atego,4,8.03,2024-04-18,69,4.65
07 AAA 085,Fiat,Atego,4,8.03,2024-04-19,183,12.06
07 AAA 085,Fiat,Atego,4,8.03,2024-04-20,283,27.52
07 AAA 085,Fiat,Atego,4,8.03,2024-04-21,137,15.49
07 AAA 085,Fiat,Atego,4,8.03,2024-04-22,104,11.42
07 AAA 085,Fiat,Atego,4,8.03,2024-04-23,164,14.84
07 AAA 085,Fiat,Atego,4,8.03,2024-04-24,167,15.41
07 AAA 085,Fiat,Atego,4,8.03,2024-04-25,66,6.81
07 AAA 085,Fiat,Atego,4,8.03,2024-04-26,181,21.49
07 AAA 085,Fiat,Atego,4,8.03,2024-04-27,65,5.2
07 AAA 085,Fiat,Atego,4,8.03,2024-04-28,41,4.84
07 AAA 085,Fiat,Atego,4,8.03,2024-04-29,183,21.03
07 AAA 086,Renault,Fluence,1,12.21,2024-01-01,79,11.66
07 AAA 086,Renault,Fluence,1,12.21,2024-01-02,133,20.16
07 AAA 086,Renault,Fluence,1,12.21,2024-01-03,261,34.87
07 AAA 086,Renault,Fluence,1,12.21,2024-01-04,182,30.59
07 AAA 086,Renault,Fluence,1,12.21,2024-01-05,212,26.0
07 AAA 086,Renault,Fluence,1,12.21,2024-01-06,140,20.69
07 AAA 086,Renault,Fluence,1,12.21,2024-01-07,51,5.48
07 AAA 086,Renault,Fluence,1,12.21,2024-01-08,180,25.65
07 AAA 086,Renault,Fluence,1,12.21,2024-01-09,120,13.98
07 AAA 086,Renault,Fluence,1,12.21,2024-01-10,196,25.6
07 AAA 086,Renault,Fluence,1,12.21,2024-01-11,206,24.76
07 AAA 086,Renault,Fluence,1,12.21,2024-01-12,192,20.08
07 AAA 086,Renault,Fluence,1,12.21,2024-01-13,157,25.07
07 AAA 086,Renault,Fluence,1,12.21,2024-01-14,215,21.32
07 AAA 086,Renault,Fluence,1,12.21,2024-01-15,134,13.93
07 AAA 086,Renault,Fluence,1,12.21,2024-01-16,178,27.48
07 AAA 086,Renault,Fluence,1,12.21,2024-01-17,116,16.69
07 AAA 086,Renault,Fluence,1,12.21,2024-01-18,67,8.86
07 AAA 086,Renault,Fluence,1,12.21,2024-01-19,42,6.78
07 AAA 086,Renault,Fluence,1,12.21,2024-01-20,219,29.75
07 AAA 086,Renault,Fluence,1,12.21,2024-01-21,287,43.77
07 AAA 086,Renault,Fluence,1,12.21,2024-01-22,257,44.95
07 AAA 086,Renault,Fluence,1,12.21,2024-01-23,162,26.27
07 AAA 086,Renault,Fluence,1,12.21,2024-01-24,190,21.92
07 AAA 086,Renault,Fluence,1,12.21,2024-01-25,288,28.63
07 AAA 086,Renault,Fluence,1,12.21,2024-01-26,73,12.54
07 AAA 086,Renault,Fluence,1,12.21,2024-01-27,212,33.95
07 AAA 086,Renault,Fluence,1,12.21,2024-01-28,263,44.61
07 AAA 086,Renault,Fluence,1,12.21,2024-01-29,274,28.11
07 AAA 086,Renault,Fluence,1,12.21,2024-01-30,127,19.63
07 AAA 086,Renault,Fluence,1,12.21,2024-01-31,278,46.22
07 AAA 086,Renault,Fluence,1,12.21,2024-02-01,165,24.33
07 AAA 086,Renault,Fluence,1,12.21,2024-02-02,189,32.06
07 AAA 086,Renault,Fluence,1,12.21,2024-02-03,264,39.72
07 AAA 086,Renault,Fluence,1,12.21,2024-02-04,113,19.59
07 AAA 086,Renault,Fluence,1,12.21,2024-02-05,212,22.85
07 AAA 086,Renault,Fluence,1,12.21,2024-02-06,165,19.6
07 AAA 086,Renault,Fluence,1,12.21,2024-02-07,186,22.44
07 AAA 086,Renault,Fluence,1,12.21,2024-02-08,94,15.71
07 AAA 086,Renault,Fluence,1,12.21,2024-02-09,208,37.9
07 AAA 086,Renault,Fluence,1,12.21,2024-02-10,60,9.73
07 AAA 086,Renault,Fluence,1,12.21,2024-02-11,185,28.97
07 AAA 086,Renault,Fluence,1,12.21,2024-02-12,117,20.75
07 AAA 086,Renault,Fluence,1,12.21,2024-02-13,225,40.81
07 AAA 086,Renault,Fluence,1,12.21,2024-02-14,203,36.46
07 AAA 086,Renault,Fluence,1,12.21,2024-02-15,138,16.89
07 AAA 086,Renault,Fluence,1,12.21,2024-02-16,207,27.9
07 AAA 086,Renault,Fluence,1,12.21,2024-02-17,223,32.61
07 AAA 086,Renault,Fluence,1,12.21,2024-02-18,296,44.8
07 AAA 086,Renault,Fluence,1,12.21,2024-02-19,76,11.76
07 AAA 086,Renault,Fluence,1,12.21,2024-02-20,185,22.7
07 AAA 086,Renault,Fluence,1,12.21,2024-02-21,110,18.32
07 AAA 086,Renault,Fluence,1,12.21,2024-02-22,263,41.15
07 AAA 086,Renault,Fluence,1,12.21,2024-02-23,65,7.54
07 AAA 086,Renault,Fluence,1,12.21,2024-02-24,274,29.03
07 AAA 086,Renault,Fluence,1,12.21,2024-02-25,288,40.3
07 AAA 086,Renault,Fluence,1,12.21,2024-02-26,224,36.01
07 AAA 086,Renault,Fluence,1,12.21,2024-02-27,62,8.27
07 AAA 086,Renault,Fluence,1,12.21,2024-02-28,228,30.3
07 AAA 086,Renault,Fluence,1,12.21,2024-02-29,49,6.2
07 AAA 086,Renault,Fluence,1,12.21,2024-03-01,137,20.74
07 AAA 086,Renault,Fluence,1,12.21,2024-03-02,54,5.97
07 AAA 086,Renault,Fluence,1,12.21,2024-03-03,172,24.6
07 AAA 086,Renault,Fluence,1,12.21,2024-03-04,173,30.11
07 AAA 086,Renault,Fluence,1,12.21,2024-03-05,270,33.34
07 AAA 086,Renault,Fluence,1,12.21,2024-03-06,198,34.59
07 AAA 086,Renault,Fluence,1,12.21,2024-03-07,244,41.96
07 AAA 086,Renault,Fluence,1,12.21,2024-03-08,284,32.84
07 AAA 086,Renault,Fluence,1,12.21,2024-03-09,62,9.57
07 AAA 086,Renault,Fluence,1,12.21,2024-03-10,125,19.37
07 AAA 086,Renault,Fluence,1,12.21,2024-03-11,273,39.91
07 AAA 086,Renault,Fluence,1,12.21,2024-03-12,65,11.76
07 AAA 086,Renault,Fluence,1,12.21,2024-03-13,221,33.6
07 AAA 086,Renault,Fluence,1,12.21,2024-03-14,84,13.91
07 AAA 086,Renault,Fluence,1,12.21,2024-03-15,229,31.16
07 AAA 086,Renault,Fluence,1,12.21,2024-03-16,269,49.14
07 AAA 086,Renault,Fluence,1,12.21,2024-03-17,88,9.4
07 AAA 086,Renault,Fluence,1,12.21,2024-03-18,152,24.6
07 AAA 086,Renault,Fluence,1,12.21,2024-03-19,270,45.22
07 AAA 086,Renault,Fluence,1,12.21,2024-03-20,112,14.58
07 AAA 086,Renault,Fluence,1,12.21,2024-03-21,259,44.06
07 AAA 086,Renault,Fluence,1,12.21,2024-03-22,277,32.24
07 AAA 086,Renault,Fluence,1,12.21,2024-03-23,291,40.55
07 AAA 086,Renault,Fluence,1,12.21,2024-03-24,284,40.72
07 AAA 086,Renault,Fluence,1,12.21,2024-03-25,104,15.4
07 AAA 086,Renault,Fluence,1,12.21,2024-03-26,66,11.67
07 AAA 086,Renault,Fluence,1,12.21,2024-03-27,160,23.37
07 AAA 086,Renault,Fluence,1,12.21,2024-03-28,130,17.03
07 AAA 086,Renault,Fluence,1,12.21,2024-03-29,154,24.26
07 AAA 086,Renault,Fluence,1,12.21,2024-03-30,155,20.76
07 AAA 086,Renault,Fluence,1,12.21,2024-03-31,264,45.41
07 AAA 086,Renault,Fluence,1,12.21,2024-04-01,150,20.24
07 AAA 086,Renault,Fluence,1,12.21,2024-04-02,104,15.81
07 AAA 086,Renault,Fluence,1,12.21,2024-04-03,218,31.85
07 AAA 086,Renault,Fluence,1,12.21,2024-04-04,267,46.68
07 AAA 086,Renault,Fluence,1,12.21,2024-04-05,122,19.68
07 AAA 086,Renault,Fluence,1,12.21,2024-04-06,114,17.88
07 AAA 086,Renault,Fluence,1,12.21,2024-04-07,218,35.43
07 AAA 086,Renault,Fluence,1,12.21,2024-04-08,236,28.18
07 AAA 086,Renault,Fluence,1,12.21,2024-04-09,292,51.7
07 AAA 086,Renault,Fluence,1,12.21,2024-04-10,296,51.32
07 AAA 086,Renault,Fluence,1,12.21,2024-04-11,98,12.13
07 AAA 086,Renault,Fluence,1,12.21,2024-04-12,269,39.53
07 AAA 086,Renault,Fluence,1,12.21,2024-04-13,148,21.45
07 AAA 086,Renault,Fluence,1,12.21,2024-04-14,103,18.2
07 AAA 086,Renault,Fluence,1,12.21,2024-04-15,157,26.15
07 AAA 086,Renault,Fluence,1,12.21,2024-04-16,219,23.98
07 AAA 086,Renault,Fluence,1,12.21,2024-04-17,135,21.13
07 AAA 086,Renault,Fluence,1,12.21,2024-04-18,259,37.93
07 AAA 086,Renault,Fluence,1,12.21,2024-04-19,148,18.05
07 AAA 086,Renault,Fluence,1,12.21,2024-04-20,254,45.16
07 AAA 086,Renault,Fluence,1,12.21,2024-04-21,280,41.92
07 AAA 086,Renault,Fluence,1,12.21,2024-04-22,232,40.59
07 AAA 086,Renault,Fluence,1,12.21,2024-04-23,160,25.47
07 AAA 086,Renault,Fluence,1,12.21,2024-04-24,210,35.68
07 AAA 086,Renault,Fluence,1,12.21,2024-04-25,108,15.02
07 AAA 086,Renault,Fluence,1,12.21,2024-04-26,114,16.68
07 AAA 086,Renault,Fluence,1,12.21,2024-04-27,197,21.13
07 AAA 086,Renault,Fluence,1,12.21,2024-04-28,90,14.16
07 AAA 086,Renault,Fluence,1,12.21,2024-04-29,192,32.1
07 AAA 087,Peugeot,Fluence,2,9.57,2024-01-01,212,17.24
07 AAA 087,Peugeot,Fluence,2,9.57,2024-01-02,188,17.64
07 AAA 087,Peugeot,Fluence,2,9.57,2024-01-03,285,29.34
07 AAA 087,Peugeot,Fluence,2,9.57,2024-01-04,123,12.17
07 AAA 087,Peugeot,Fluence,2,9.57,2024-01-05,202,23.35
07 AAA 087,Peugeot,Fluence,2,9.57,2024-01-06,74,8.16
07 AAA 087,Peugeot,Fluence,2,9.57,2024-01-07,290,33.43
07 AAA 087,Peugeot,Fluence,2,9.57,2024-01-08,226,26.61
07 AAA 087,Peugeot,Fluence,2,9.57,2024-01-09,164,22.12
07 AAA 087,Peugeot,Fluence,2,9.57,2024-01-10,280,21.48
07 AAA 087,Peugeot,Fluence,2,9.57,2024-01-11,291,34.47
07 AAA 087,Peugeot,Fluence,2,9.57,2024-01-12,141,14.76
07 AAA 087,Peugeot,Fluence,2,9.57,2024-01-13,275,23.32
07 AAA 087,Peugeot,Fluence,2,9.57,2024-01-14,229,25.18
07 AAA 087,Peugeot,Fluence,2,9.57,2024-01-15,78,9.46
07 AAA 087,Peugeot,Fluence,2,9.57,2024-01-16,216,17.47
07 AAA 087,Peugeot,Fluence,2,9.57,2024-01-17,253,30.54
07 AAA 087,Peugeot,Fluence,2,9.57,2024-01-18,67,8.09
07 AAA 087,Peugeot,Fluence,2,9.57,2024-01-19,167,23.73
07 AAA 087,Peugeot,Fluence,2,9.57,2024-01-20,172,14.45
07 AAA 087,Peugeot,Fluence,2,9.57,2024-01-21,194,22.75
07 AAA 087,Peugeot,Fluence,2,9.57,2024-01-22,132,17.81
07 AAA 087,Peugeot,Fluence,2,9.57,2024-01-23,95,11.22
07 AAA 087,Peugeot,Fluence,2,9.57,2024-01-24,209,17.8
07 AAA 087,Peugeot,Fluence,2,9.57,2024-01-25,78,9.64
07 AAA 087,Peugeot,Fluence,2,9.57,2024-01-26,210,28.9
07 AAA 087,Peugeot,Fluence,2,9.57,2024-01-27,51,4.27
07 AAA 087,Peugeot,Fluence,2,9.57,2024-01-28,134,17.39
07 AAA 087,Peugeot,Fluence,2,9.57,2024-01-29,112,15.04
07 AAA 087,Peugeot,Fluence,2,9.57,2024-01-30,83,10.38
07 AAA 087,Peugeot,Fluence,2,9.57,2024-01-31,233,23.2
07 AAA 087,Peugeot,Fluence,2,9.57,2024-02-01,88,11.7
07 AAA 087,Peugeot,Fluence,2,9.57,2024-02-02,251,23.49
07 AAA 087,Peugeot,Fluence,2,9.57,2024-02-03,174,17.67
07 AAA 087,Peugeot,Fluence,2,9.57,2024-02-04,108,13.77
07 AAA 087,Peugeot,Fluence,2,9.57,2024-02-05,253,34.01
07 AAA 087,Peugeot,Fluence,2,9.57,2024-02-06,227,23.13
07 AAA 087,Peugeot,Fluence,2,9.57,2024-02-07,230,30.33
07 AAA 087,Peugeot,Fluence,2,9.57,2024-02-08,220,28.36
07 AAA 087,Peugeot,Fluence,2,9.57,2024-02-09,169,18.32
07 AAA 087,Peugeot,Fluence,2,9.57,2024-02-10,295,23.44
07 AAA 087,Peugeot,Fluence,2,9.57,2024-02-11,110,15.14
07 AAA 087,Peugeot,Fluence,2,9.57,2024-02-12,88,9.01
07 AAA 087,Peugeot,Fluence,2,9.57,2024-02-13,53,7.45
07 AAA 087,Peugeot,Fluence,2,9.57,2024-02-14,210,28.97
07 AAA 087,Peugeot,Fluence,2,9.57,2024-02-15,97,12.07
07 AAA 087,Peugeot,Fluence,2,9.57,2024-02-16,108,10.51
07 AAA 087,Peugeot,Fluence,2,9.57,2024-02-17,288,38.3
07 AAA 087,Peugeot,Fluence,2,9.57,2024-02-18,125,14.28
07 AAA 087,Peugeot,Fluence,2,9.57,2024-02-19,216,19.88
07 AAA 087,Peugeot,Fluence,2,9.57,2024-02-20,207,25.12
07 AAA 087,Peugeot,Fluence,2,9.57,2024-02-21,167,17.19
07 AAA 087,Peugeot,Fluence,2,9.57,2024-02-22,89,11.11
07 AAA 087,Peugeot,Fluence,2,9.57,2024-02-23,185,20.95
07 AAA 087,Peugeot,Fluence,2,9.57,2024-02-24,182,14.76
07 AAA 087,Peugeot,Fluence,2,9.57,2024-02-25,149,16.12
07 AAA 087,Peugeot,Fluence,2,9.57,2024-02-26,82,7.12
07 AAA 087,Peugeot,Fluence,2,9.57,2024-02-27,202,27.27
07 AAA 087,Peugeot,Fluence,2,9.57,2024-02-28,69,7.47
07 AAA 087,Peugeot,Fluence,2,9.57,2024-02-29,228,24.95
07 AAA 087,Peugeot,Fluence,2,9.57,2024-03-01,176,16.24
07 AAA 087,Peugeot,Fluence,2,9.57,2024-03-02,137,15.67
07 AAA 087,Peugeot,Fluence,2,9.57,2024-03-03,218,30.52
07 AAA 087,Peugeot,Fluence,2,9.57,2024-03-04,67,6.82
07 AAA 087,Peugeot,Fluence,2,9.57,2024-03-05,206,19.88
07 AAA 087,Peugeot,Fluence,2,9.57,2024-03-06,272,24.67
07 AAA 087,Peugeot,Fluence,2,9.57,2024-03-07,219,21.28
07 AAA 087,Peugeot,Fluence,2,9.57,2024-03-08,77,8.4
07 AAA 087,Peugeot,Fluence,2,9.57,2024-03-09,217,26.27
07 AAA 087,Peugeot,Fluence,2,9.57,2024-03-10,292,28.63
07 AAA 087,Peugeot,Fluence,2,9.57,2024-03-11,178,24.23
07 AAA 087,Peugeot,Fluence,2,9.57,2024-03-12,267,34.67
07 AAA 087,Peugeot,Fluence,2,9.57,2024-03-13,233,32.45
07 AAA 087,Peugeot,Fluence,2,9.57,2024-03-14,159,22.7
07 AAA 087,Peugeot,Fluence,2,9.57,2024-03-15,175,13.84
07 AAA 087,Peugeot,Fluence,2,9.57,2024-03-16,139,14.73
07 AAA 087,Peugeot,Fluence,2,9.57,2024-03-17,161,22.22
07 AAA 087,Peugeot,Fluence,2,9.57,2024-03-18,43,3.79
07 AAA 087,Peugeot,Fluence,2,9.57,2024-03-19,47,4.05
07 AAA 087,Peugeot,Fluence,2,9.57,2024-03-20,161,15.6
07 AAA 087,Peugeot,Fluence,2,9.57,2024-03-21,76,9.17
07 AAA 087,Peugeot,Fluence,2,9.57,2024-03-22,126,11.51
07 AAA 087,Peugeot,Fluence,2,9.57,2024-03-23,46,4.29
07 AAA 087,Peugeot,Fluence,2,9.57,2024-03-24,182,15.54
07 AAA 087,Peugeot,Fluence,2,9.57,2024-03-25,119,12.86
07 AAA 087,Peugeot,Fluence,2,9.57,2024-03-26,238,19.44
07 AAA 087,Peugeot,Fluence,2,9.57,2024-03-27,53,6.66
07 AAA 087,Peugeot,Fluence,2,9.57,2024-03-28,256,21.16
07 AAA 087,Peugeot,Fluence,2,9.57,2024-03-29,217,26.46
07 AAA 087,Peugeot,Fluence,2,9.57,2024-03-30,86,10.44
07 AAA 087,Peugeot,Fluence,2,9.57,2024-03-31,58,7.61
07 AAA 087,Peugeot,Fluence,2,9.57,2024-04-01,104,9.03
07 AAA 087,Peugeot,Fluence,2,9.57,2024-04-02,284,29.09
07 AAA 087,Peugeot,Fluence,2,9.57,2024-04-03,168,19.43
07 AAA 087,Peugeot,Fluence,2,9.57,2024-04-04,286,34.44
07 AAA 087,Peugeot,Fluence,2,9.57,2024-04-05,109,10.36
07 AAA 087,Peugeot,Fluence,2,9.57,2024-04-06,149,18.87
07 AAA 087,Peugeot,Fluence,2,9.57,2024-04-07,145,18.74
07 AAA 087,Peugeot,Fluence,2,9.57,2024-04-08,71,8.31
07 AAA 087,Peugeot,Fluence,2,9.57,2024-04-09,79,8.69
07 AAA 087,Peugeot,Fluence,2,9.57,2024-04-10,246,32.38
07 AAA 087,Peugeot,Fluence,2,9.57,2024-04-11,95,12.42
07 AAA 087,Peugeot,Fluence,2,9.57,2024-04-12,297,36.27
07 AAA 087,Peugeot,Fluence,2,9.57,2024-04-13,123,13.2
07 AAA 087,Peugeot,Fluence,2,9.57,2024-04-14,281,23.76
07 AAA 087,Peugeot,Fluence,2,9.57,2024-04-15,82,6.86
07 AAA 087,Peugeot,Fluence,2,9.57,2024-04-16,76,6.0
07 AAA 087,Peugeot,Fluence,2,9.57,2024-04-17,197,16.52
07 AAA 087,Peugeot,Fluence,2,9.57,2024-04-18,108,9.4
07 AAA 087,Peugeot,Fluence,2,9.57,2024-04-19,280,31.81
07 AAA 087,Peugeot,Fluence,2,9.57,2024-04-20,95,10.49
07 AAA 087,Peugeot,Fluence,2,9.57,2024-04-21,85,10.29
07 AAA 087,Peugeot,Fluence,2,9.57,2024-04-22,233,24.77
07 AAA 087,Peugeot,Fluence,2,9.57,2024-04-23,279,28.6
07 AAA 087,Peugeot,Fluence,2,9.57,2024-04-24,300,41.48
07 AAA 087,Peugeot,Fluence,2,9.57,2024-04-25,211,16.49
07 AAA 087,Peugeot,Fluence,2,9.57,2024-04-26,178,14.19
07 AAA 087,Peugeot,Fluence,2,9.57,2024-04-27,192,24.3
07 AAA 087,Peugeot,Fluence,2,9.57,2024-04-28,50,7.08
07 AAA 087,Peugeot,Fluence,2,9.57,2024-04-29,177,21.83
07 AAA 088,Fiat,Boxer,2,9.52,2024-01-01,176,23.94
07 AAA 088,Fiat,Boxer,2,9.52,2024-01-02,59,6.97
07 AAA 088,Fiat,Boxer,2,9.52,2024-01-03,136,12.88
07 AAA 088,Fiat,Boxer,2,9.52,2024-01-04,66,7.68
07 AAA 088,Fiat,Boxer,2,9.52,2024-01-05,250,25.12
07 AAA 088,Fiat,Boxer,2,9.52,2024-01-06,209,24.81
07 AAA 088,Fiat,Boxer,2,9.52,2024-01-07,268,26.08
07 AAA 088,Fiat,Boxer,2,9.52,2024-01-08,285,26.97
07 AAA 088,Fiat,Boxer,2,9.52,2024-01-09,264,37.33
07 AAA 088,Fiat,Boxer,2,9.52,2024-01-10,81,10.17
07 AAA 088,Fiat,Boxer,2,9.52,2024-01-11,141,18.0
07 AAA 088,Fiat,Boxer,2,9.52,2024-01-12,117,14.03
07 AAA 088,Fiat,Boxer,2,9.52,2024-01-13,284,30.56
07 AAA 088,Fiat,Boxer,2,9.52,2024-01-14,237,25.56
07 AAA 088,Fiat,Boxer,2,9.52,2024-01-15,291,26.85
07 AAA 088,Fiat,Boxer,2,9.52,2024-01-16,264,21.07
07 AAA 088,Fiat,Boxer,2,9.52,2024-01-17,253,22.31
07 AAA 088,Fiat,Boxer,2,9.52,2024-01-18,152,14.78
07 AAA 088,Fiat,Boxer,2,9.52,2024-01-19,277,26.27
07 AAA 088,Fiat,Boxer,2,9.52,2024-01-20,106,11.58
07 AAA 088,Fiat,Boxer,2,9.52,2024-01-21,62,7.07
07 AAA 088,Fiat,Boxer,2,9.52,2024-01-22,113,13.8
07 AAA 088,Fiat,Boxer,2,9.52,2024-01-23,197,16.92
07 AAA 088,Fiat,Boxer,2,9.52,2024-01-24,68,6.34
07 AAA 088,Fiat,Boxer,2,9.52,2024-01-25,135,14.37
07 AAA 088,Fiat,Boxer,2,9.52,2024-01-26,136,14.1
07 AAA 088,Fiat,Boxer,2,9.52,2024-01-27,190,16.46
07 AAA 088,Fiat,Boxer,2,9.52,2024-01-28,144,14.86
07 AAA 088,Fiat,Boxer,2,9.52,2024-01-29,140,11.88
07 AAA 088,Fiat,Boxer,2,9.52,2024-01-30,90,7.02
07 AAA 088,Fiat,Boxer,2,9.52,2024-01-31,135,16.85
07 AAA 088,Fiat,Boxer,2,9.52,2024-02-01,125,15.65
07 AAA 088,Fiat,Boxer,2,9.52,2024-02-02,148,12.09
07 AAA 088,Fiat,Boxer,2,9.52,2024-02-03,280,39.86
07 AAA 088,Fiat,Boxer,2,9.52,2024-02-04,186,20.66
07 AAA 088,Fiat,Boxer,2,9.52,2024-02-05,154,15.12
07 AAA 088,Fiat,Boxer,2,9.52,2024-02-06,56,4.3
07 AAA 088,Fiat,Boxer,2,9.52,2024-02-07,253,22.2
07 AAA 088,Fiat,Boxer,2,9.52,2024-02-08,193,14.96
07 AAA 088,Fiat,Boxer,2,9.52,2024-02-09,237,21.11
07 AAA 088,Fiat,Boxer,2,9.52,2024-02-10,105,8.41
07 AAA 088,Fiat,Boxer,2,9.52,2024-02-11,123,15.39
07 AAA 088,Fiat,Boxer,2,9.52,2024-02-12,277,22.26
07 AAA 088,Fiat,Boxer,2,9.52,2024-02-13,193,25.1
07 AAA 088,Fiat,Boxer,2,9.52,2024-02-14,92,10.11
07 AAA 088,Fiat,Boxer,2,9.52,2024-02-15,101,11.12
07 AAA 088,Fiat,Boxer,2,9.52,2024-02-16,253,24.66
07 AAA 088,Fiat,Boxer,2,9.52,2024-02-17,130,15.46
07 AAA 088,Fiat,Boxer,2,9.52,2024-02-18,231,23.72
07 AAA 088,Fiat,Boxer,2,9.52,2024-02-19,55,5.26
07 AAA 088,Fiat,Boxer,2,9.52,2024-02-20,298,35.61
07 AAA 088,Fiat,Boxer,2,9.52,2024-02-21,50,5.68
07 AAA 088,Fiat,Boxer,2,9.52,2024-02-22,287,26.7
07 AAA 088,Fiat,Boxer,2,9.52,2024-02-23,124,15.56
07 AAA 088,Fiat,Boxer,2,9.52,2024-02-24,274,29.38
07 AAA 088,Fiat,Boxer,2,9.52,2024-02-25,251,24.39
07 AAA 088,Fiat,Boxer,2,9.52,2024-02-26,199,20.64
07 AAA 088,Fiat,Boxer,2,9.52,2024-02-27,265,23.81
07 AAA 088,Fiat,Boxer,2,9.52,2024-02-28,244,20.92
07 AAA 088,Fiat,Boxer,2,9.52,2024-02-29,253,21.51
07 AAA 088,Fiat,Boxer,2,9.52,2024-03-01,293,28.74
07 AAA 088,Fiat,Boxer,2,9.52,2024-03-02,200,17.93
07 AAA 088,Fiat,Boxer,2,9.52,2024-03-03,70,7.57
07 AAA 088,Fiat,Boxer,2,9.52,2024-03-04,218,19.06
07 AAA 088,Fiat,Boxer,2,9.52,2024-03-05,152,18.26
07 AAA 088,Fiat,Boxer,2,9.52,2024-03-06,161,18.5
07 AAA 088,Fiat,Boxer,2,9.52,2024-03-07,274,33.74
07 AAA 088,Fiat,Boxer,2,9.52,2024-03-08,255,21.52
07 AAA 088,Fiat,Boxer,2,9.52,2024-03-09,192,16.06
07 AAA 088,Fiat,Boxer,2,9.52,2024-03-10,263,20.82
07 AAA 088,Fiat,Boxer,2,9.52,2024-03-11,170,20.68
07 AAA 088,Fiat,Boxer,2,9.52,2024-03-12,122,15.44
07 AAA 088,Fiat,Boxer,2,9.52,2024-03-13,233,18.0
07 AAA 088,Fiat,Boxer,2,9.52,2024-03-14,134,11.49
07 AAA 088,Fiat,Boxer,2,9.52,2024-03-15,56,4.47
07 AAA 088,Fiat,Boxer,2,9.52,2024-03-16,83,10.34
07 AAA 088,Fiat,Boxer,2,9.52,2024-03-17,125,14.24
07 AAA 088,Fiat,Boxer,2,9.52,2024-03-18,198,18.45
07 AAA 088,Fiat,Boxer,2,9.52,2024-03-19,217,20.36
07 AAA 088,Fiat,Boxer,2,9.52,2024-03-20,189,17.19
07 AAA 088,Fiat,Boxer,2,9.52,2024-03-21,176,18.33
07 AAA 088,Fiat,Boxer,2,9.52,2024-03-22,89,8.66
07 AAA 088,Fiat,Boxer,2,9.52,2024-03-23,88,8.2
07 AAA 088,Fiat,Boxer,2,9.52,2024-03-24,278,28.67
07 AAA 088,Fiat,Boxer,2,9.52,2024-03-25,238,18.53
07 AAA 088,Fiat,Boxer,2,9.52,2024-03-26,54,4.26
07 AAA 088,Fiat,Boxer,2,9.52,2024-03-27,115,13.94
07 AAA 088,Fiat,Boxer,2,9.52,2024-03-28,65,7.6
07 AAA 088,Fiat,Boxer,2,9.52,2024-03-29,251,33.22
07 AAA 088,Fiat,Boxer,2,9.52,2024-03-30,99,9.07
07 AAA 088,Fiat,Boxer,2,9.52,2024-03-31,231,31.64
07 AAA 088,Fiat,Boxer,2,9.52,2024-04-01,75,9.65
07 AAA 088,Fiat,Boxer,2,9.52,2024-04-02,124,9.54
07 AAA 088,Fiat,Boxer,2,9.52,2024-04-03,173,23.7
07 AAA 088,Fiat,Boxer,2,9.52,2024-04-04,71,9.91
07 AAA 088,Fiat,Boxer,2,9.52,2024-04-05,215,20.68
07 AAA 088,Fiat,Boxer,2,9.52,2024-04-06,283,39.55
07 AAA 088,Fiat,Boxer,2,9.52,2024-04-07,45,6.2
07 AAA 088,Fiat,Boxer,2,9.52,2024-04-08,72,6.71
07 AAA 088,Fiat,Boxer,2,9.52,2024-04-09,86,7.1
07 AAA 088,Fiat,Boxer,2,9.52,2024-04-10,125,13.63
07 AAA 088,Fiat,Boxer,2,9.52,2024-04-11,148,15.34
07 AAA 088,Fiat,Boxer,2,9.52,2024-04-12,135,14.72
07 AAA 088,Fiat,Boxer,2,9.52,2024-04-13,237,33.79
07 AAA 088,Fiat,Boxer,2,9.52,2024-04-14,66,8.73
07 AAA 088,Fiat,Boxer,2,9.52,2024-04-15,141,15.52
07 AAA 088,Fiat,Boxer,2,9.52,2024-04-16,199,15.6
07 AAA 088,Fiat,Boxer,2,9.52,2024-04-17,183,14.03
07 AAA 088,Fiat,Boxer,2,9.52,2024-04-18,102,9.22
07 AAA 088,Fiat,Boxer,2,9.52,2024-04-19,284,26.82
07 AAA 088,Fiat,Boxer,2,9.52,2024-04-20,177,17.08
07 AAA 088,Fiat,Boxer,2,9.52,2024-04-21,194,27.52
07 AAA 088,Fiat,Boxer,2,9.52,2024-04-22,264,28.46
07 AAA 088,Fiat,Boxer,2,9.52,2024-04-23,46,6.22
07 AAA 088,Fiat,Boxer,2,9.52,2024-04-24,105,13.82
07 AAA 088,Fiat,Boxer,2,9.52,2024-04-25,54,7.32
07 AAA 088,Fiat,Boxer,2,9.52,2024-04-26,147,19.49
07 AAA 088,Fiat,Boxer,2,9.52,2024-04-27,184,24.64
07 AAA 088,Fiat,Boxer,2,9.52,2024-04-28,247,26.77
07 AAA 088,Fiat,Boxer,2,9.52,2024-04-29,113,9.84
07 AAA 089,Volkswagen,Boxer,3,24.64,2024-01-01,55,14.23
07 AAA 089,Volkswagen,Boxer,3,24.64,2024-01-02,276,89.94
07 AAA 089,Volkswagen,Boxer,3,24.64,2024-01-03,266,58.94
07 AAA 089,Volkswagen,Boxer,3,24.64,2024-01-04,99,29.66
07 AAA 089,Volkswagen,Boxer,3,24.64,2024-01-05,180,63.02
07 AAA 089,Volkswagen,Boxer,3,24.64,2024-01-06,190,42.86
07 AAA 089,Volkswagen,Boxer,3,24.64,2024-01-07,109,33.19
07 AAA 089,Volkswagen,Boxer,3,24.64,2024-01-08,228,61.78
07 AAA 089,Volkswagen,Boxer,3,24.64,2024-01-09,122,28.73
07 AAA 089,Volkswagen,Boxer,3,24.64,2024-01-10,160,50.89
07 AAA 089,Volkswagen,Boxer,3,24.64,2024-01-11,252,61.55
07 AAA 089,Volkswagen,Boxer,3,24.64,2024-01-12,203,61.03
07 AAA 089,Volkswagen,Boxer,3,24.64,2024-01-13,250,50.42
07 AAA 089,Volkswagen,Boxer,3,24.64,2024-01-14,68,19.62
07 AAA 089,Volkswagen,Boxer,3,24.64,2024-01-15,179,39.38
07 AAA 089,Volkswagen,Boxer,3,24.64,2024-01-16,122,31.81
07 AAA 089,Volkswagen,Boxer,3,24.64,2024-01-17,148,40.53
07 AAA 089,Volkswagen,Boxer,3,24.64,2024-01-18,182,46.77
07 AAA 089,Volkswagen,Boxer,3,24.64,2024-01-19,67,13.35
07 AAA 089,Volkswagen,Boxer,3,24.64,2024-01-20,144,49.92
07 AAA 089,Volkswagen,Boxer,3,24.64,2024-01-21,295,78.63
07 AAA 089,Volkswagen,Boxer,3,24.64,2024-01-22,82,17.82
07 AAA 089,Volkswagen,Boxer,3,24.64,2024-01-23,149,43.57
07 AAA 089,Volkswagen,Boxer,3,24.64,2024-01-24,267,79.15
07 AAA 089,Volkswagen,Boxer,3,24.64,2024-01-25,271,71.01
07 AAA 089,Volkswagen,Boxer,3,24.64,2024-01-26,218,75.5
07 AAA 089,Volkswagen,Boxer,3,24.64,2024-01-27,128,39.88
07 AAA 089,Volkswagen,Boxer,3,24.64,2024-01-28,74,19.77
07 AAA 089,Volkswagen,Boxer,3,24.64,2024-01-29,184,46.31
07 AAA 089,Volkswagen,Boxer,3,24.64,2024-01-30,213,59.34
07 AAA 089,Volkswagen,Boxer,3,24.64,2024-01-31,46,16.64
07 AAA 089,Volkswagen,Boxer,3,24.64,2024-02-01,54,11.88
07 AAA 089,Volkswagen,Boxer,3,24.64,2024-02-02,182,64.34
07 AAA 089,Volkswagen,Boxer,3,24.64,2024-02-03,205,75.5
07 AAA 089,Volkswagen,Boxer,3,24.64,2024-02-04,265,75.8
07 AAA 089,Volkswagen,Boxer,3,24.64,2024-02-05,211,76.29
07 AAA 089,Volkswagen,Boxer,3,24.64,2024-02-06,61,12.81
07 AAA 089,Volkswagen,Boxer,3,24.64,2024-02-07,194,49.52
07 AAA 089,Volkswagen,Boxer,3,24.64,2024-02-08,47,9.68
07 AAA 089,Volkswagen,Boxer,3,24.64,2024-02-09,273,69.18
07 AAA 089,Volkswagen,Boxer,3,24.64,2024-02-10,263,53.01
07 AAA 089,Volkswagen,Boxer,3,24.64,2024-02-11,230,70.99
07 AAA 089,Volkswagen,Boxer,3,24.64,2024-02-12,107,26.4
07 AAA 089,Volkswagen,Boxer,3,24.64,2024-02-13,95,31.95
07 AAA 089,Volkswagen,Boxer,3,24.64,2024-02-14,88,28.48
07 AAA 089,Volkswagen,Boxer,3,24.64,2024-02-15,179,53.94
07 AAA 089,Volkswagen,Boxer,3,24.64,2024-02-16,145,44.78
07 AAA 089,Volkswagen,Boxer,3,24.64,2024-02-17,200,51.69
07 AAA 089,Volkswagen,Boxer,3,24.64,2024-02-18,135,37.15
07 AAA 089,Volkswagen,Boxer,3,24.64,2024-02-19,268,94.72
07 AAA 089,Volkswagen,Boxer,3,24.64,2024-02-20,216,65.3
07 AAA 089,Volkswagen,Boxer,3,24.64,2024-02-21,253,92.03
07 AAA 089,Volkswagen,Boxer,3,24.64,2024-02-22,220,57.17
07 AAA 089,Volkswagen,Boxer,3,24.64,2024-02-23,116,30.97
07 AAA 089,Volkswagen,Boxer,3,24.64,2024-02-24,179,62.83
07 AAA 089,Volkswagen,Boxer,3,24.64,2024-02-25,82,23.12
07 AAA 089,Volkswagen,Boxer,3,24.64,2024-02-26,123,38.11
07 AAA 089,Volkswagen,Boxer,3,24.64,2024-02-27,277,97.83
07 AAA 089,Volkswagen,Boxer,3,24.64,2024-02-28,40,14.56
07 AAA 089,Volkswagen,Boxer,3,24.64,2024-02-29,203,46.85
07 AAA 089,Volkswagen,Boxer,3,24.64,2024-03-01,77,17.95
07 AAA 089,Volkswagen,Boxer,3,24.64,2024-03-02,262,91.62
07 AAA 089,Volkswagen,Boxer,3,24.64,2024-03-03,299,76.13
07 AAA 089,Volkswagen,Boxer,3,24.64,2024-03-04,138,46.73
07 AAA 089,Volkswagen,Boxer,3,24.64,2024-03-05,117,24.46
07 AAA 089,Volkswagen,Boxer,3,24.64,2024-03-06,206,64.98
07 AAA 089,Volkswagen,Boxer,3,24.64,2024-03-07,182,47.35
07 AAA 089,Volkswagen,Boxer,3,24.64,2024-03-08,272,62.94
07 AAA 089,Volkswagen,Boxer,3,24.64,2024-03-09,91,32.03
07 AAA 089,Volkswagen,Boxer,3,24.64,2024-03-10,262,73.8
07 AAA 089,Volkswagen,Boxer,3,24.64,2024-03-11,40,14.15
07 AAA 089,Volkswagen,Boxer,3,24.64,2024-03-12,106,28.7
07 AAA 089,Volkswagen,Boxer,3,24.64,2024-03-13,193,48.58
07 AAA 089,Volkswagen,Boxer,3,24.64,2024-03-14,177,63.42
07 AAA 089,Volkswagen,Boxer,3,24.64,2024-03-15,101,30.11
07 AAA 089,Volkswagen,Boxer,3,24.64,2024-03-16,83,18.87
07 AAA 089,Volkswagen,Boxer,3,24.64,2024-03-17,40,10.53
07 AAA 089,Volkswagen,Boxer,3,24.64,2024-03-18,111,22.53
07 AAA 089,Volkswagen,Boxer,3,24.64,2024-03-19,199,66.13
07 AAA 089,Volkswagen,Boxer,3,24.64,2024-03-20,173,58.55
07 AAA 089,Volkswagen,Boxer,3,24.64,2024-03-21,53,18.57
07 AAA 089,Volkswagen,Boxer,3,24.64,2024-03-22,121,35.08
07 AAA 089,Volkswagen,Boxer,3,24.64,2024-03-23,69,22.06
07 AAA 089,Volkswagen,Boxer,3,24.64,2024-03-24,212,53.6
07 AAA 089,Volkswagen,Boxer,3,24.64,2024-03-25,176,60.13
07 AAA 089,Volkswagen,Boxer,3,24.64,2024-03-26,130,47.97
07 AAA 089,Volkswagen,Boxer,3,24.64,2024-03-27,295,83.26
07 AAA 089,Volkswagen,Boxer,3,24.64,2024-03-28,205,42.74
07 AAA 089,Volkswagen,Boxer,3,24.64,2024-03-29,176,49.24
07 AAA 089,Volkswagen,Boxer,3,24.64,2024-03-30,210,77.34
07 AAA 089,Volkswagen,Boxer,3,24.64,2024-03-31,227,63.87
07 AAA 089,Volkswagen,Boxer,3,24.64,2024-04-01,168,53.49
07 AAA 089,Volkswagen,Boxer,3,24.64,2024-04-02,284,92.72
07 AAA 089,Volkswagen,Boxer,3,24.64,2024-04-03,260,51.36
07 AAA 089,Volkswagen,Boxer,3,24.64,2024-04-04,271,83.8
07 AAA 089,Volkswagen,Boxer,3,24.64,2024-04-05,267,77.93
07 AAA 089,Volkswagen,Boxer,3,24.64,2024-04-06,119,33.93
07 AAA 089,Volkswagen,Boxer,3,24.64,2024-04-07,277,79.55
07 AAA 089,Volkswagen,Boxer,3,24.64,2024-04-08,69,15.36
07 AAA 089,Volkswagen,Boxer,3,24.64,2024-04-09,180,42.47
07 AAA 089,Volkswagen,Boxer,3,24.64,2024-04-10,62,12.81
07 AAA 089,Volkswagen,Boxer,3,24.64,2024-04-11,204,63.16
07 AAA 089,Volkswagen,Boxer,3,24.64,2024-04-12,129,36.38
07 AAA 089,Volkswagen,Boxer,3,24.64,2024-04-13,292,84.4
07 AAA 089,Volkswagen,Boxer,3,24.64,2024-04-14,189,57.5
07 AAA 089,Volkswagen,Boxer,3,24.64,2024-04-15,246,52.67
07 AAA 089,Volkswagen,Boxer,3,24.64,2024-04-16,153,36.01
07 AAA 089,Volkswagen,Boxer,3,24.64,2024-04-17,115,38.15
07 AAA 089,Volkswagen,Boxer,3,24.64,2024-04-18,149,54.87
07 AAA 089,Volkswagen,Boxer,3,24.64,2024-04-19,179,61.45
07 AAA 089,Volkswagen,Boxer,3,24.64,2024-04-20,282,60.2
07 AAA 089,Volkswagen,Boxer,3,24.64,2024-04-21,196,59.44
07 AAA 089,Volkswagen,Boxer,3,24.64,2024-04-22,42,13.24
07 AAA 089,Volkswagen,Boxer,3,24.64,2024-04-23,52,12.57
07 AAA 089,Volkswagen,Boxer,3,24.64,2024-04-24,247,74.34
07 AAA 089,Volkswagen,Boxer,3,24.64,2024-04-25,202,42.09
07 AAA 089,Volkswagen,Boxer,3,24.64,2024-04-26,171,46.27
07 AAA 089,Volkswagen,Boxer,3,24.64,2024-04-27,127,46.6
07 AAA 089,Volkswagen,Boxer,3,24.64,2024-04-28,179,41.11
07 AAA 089,Volkswagen,Boxer,3,24.64,2024-04-29,145,29.81
07 AAA 090,Mercedes,Atego,1,12.98,2024-01-01,124,19.32
07 AAA 090,Mercedes,Atego,1,12.98,2024-01-02,117,17.64
07 AAA 090,Mercedes,Atego,1,12.98,2024-01-03,97,15.61
07 AAA 090,Mercedes,Atego,1,12.98,2024-01-04,226,36.9
07 AAA 090,Mercedes,Atego,1,12.98,2024-01-05,271,29.98
07 AAA 090,Mercedes,Atego,1,12.98,2024-01-06,113,18.1
07 AAA 090,Mercedes,Atego,1,12.98,2024-01-07,196,21.01
07 AAA 090,Mercedes,Atego,1,12.98,2024-01-08,106,13.8
07 AAA 090,Mercedes,Atego,1,12.98,2024-01-09,273,44.15
07 AAA 090,Mercedes,Atego,1,12.98,2024-01-10,229,28.97
07 AAA 090,Mercedes,Atego,1,12.98,2024-01-11,109,19.63
07 AAA 090,Mercedes,Atego,1,12.98,2024-01-12,45,5.7
07 AAA 090,Mercedes,Atego,1,12.98,2024-01-13,192,36.31
07 AAA 090,Mercedes,Atego,1,12.98,2024-01-14,200,38.89
07 AAA 090,Mercedes,Atego,1,12.98,2024-01-15,177,29.34
07 AAA 090,Mercedes,Atego,1,12.98,2024-01-16,86,13.12
07 AAA 090,Mercedes,Atego,1,12.98,2024-01-17,219,27.1
07 AAA 090,Mercedes,Atego,1,12.98,2024-01-18,60,7.2
07 AAA 090,Mercedes,Atego,1,12.98,2024-01-19,239,35.1
07 AAA 090,Mercedes,Atego,1,12.98,2024-01-20,148,24.42
07 AAA 090,Mercedes,Atego,1,12.98,2024-01-21,154,17.52
07 AAA 090,Mercedes,Atego,1,12.98,2024-01-22,99,12.74
07 AAA 090,Mercedes,Atego,1,12.98,2024-01-23,114,15.94
07 AAA 090,Mercedes,Atego,1,12.98,2024-01-24,189,20.04
07 AAA 090,Mercedes,Atego,1,12.98,2024-01-25,169,26.27
07 AAA 090,Mercedes,Atego,1,12.98,2024-01-26,296,39.49
07 AAA 090,Mercedes,Atego,1,12.98,2024-01-27,239,41.54
07 AAA 090,Mercedes,Atego,1,12.98,2024-01-28,107,19.94
07 AAA 090,Mercedes,Atego,1,12.98,2024-01-29,160,20.09
07 AAA 090,Mercedes,Atego,1,12.98,2024-01-30,266,37.17
07 AAA 090,Mercedes,Atego,1,12.98,2024-01-31,44,8.09
07 AAA 090,Mercedes,Atego,1,12.98,2024-02-01,258,45.09
07 AAA 090,Mercedes,Atego,1,12.98,2024-02-02,191,30.1
07 AAA 090,Mercedes,Atego,1,12.98,2024-02-03,49,5.58
07 AAA 090,Mercedes,Atego,1,12.98,2024-02-04,173,21.16
07 AAA 090,Mercedes,Atego,1,12.98,2024-02-05,102,11.51
07 AAA 090,Mercedes,Atego,1,12.98,2024-02-06,247,27.45
07 AAA 090,Mercedes,Atego,1,12.98,2024-02-07,186,26.34
07 AAA 090,Mercedes,Atego,1,12.98,2024-02-08,252,36.05
07 AAA 090,Mercedes,Atego,1,12.98,2024-02-09,151,27.16
07 AAA 090,Mercedes,Atego,1,12.98,2024-02-10,223,40.46
07 AAA 090,Mercedes,Atego,1,12.98,2024-02-11,168,20.41
07 AAA 090,Mercedes,Atego,1,12.98,2024-02-12,159,26.36
07 AAA 090,Mercedes,Atego,1,12.98,2024-02-13,189,22.13
07 AAA 090,Mercedes,Atego,1,12.98,2024-02-14,197,26.78
07 AAA 090,Mercedes,Atego,1,12.98,2024-02-15,86,10.34
07 AAA 090,Mercedes,Atego,1,12.98,2024-02-16,276,34.77
07 AAA 090,Mercedes,Atego,1,12.98,2024-02-17,118,21.0
07 AAA 090,Mercedes,Atego,1,12.98,2024-02-18,121,19.39
07 AAA 090,Mercedes,Atego,1,12.98,2024-02-19,282,41.44
07 AAA 090,Mercedes,Atego,1,12.98,2024-02-20,125,21.83
07 AAA 090,Mercedes,Atego,1,12.98,2024-02-21,122,17.67
07 AAA 090,Mercedes,Atego,1,12.98,2024-02-22,148,21.63
07 AAA 090,Mercedes,Atego,1,12.98,2024-02-23,43,6.3
07 AAA 090,Mercedes,Atego,1,12.98,2024-02-24,210,39.08
07 AAA 090,Mercedes,Atego,1,12.98,2024-02-25,125,15.12
07 AAA 090,Mercedes,Atego,1,12.98,2024-02-26,220,39.9
07 AAA 090,Mercedes,Atego,1,12.98,2024-02-27,134,21.92
07 AAA 090,Mercedes,Atego,1,12.98,2024-02-28,93,10.19
07 AAA 090,Mercedes,Atego,1,12.98,2024-02-29,152,19.31
07 AAA 090,Mercedes,Atego,1,12.98,2024-03-01,238,33.27
07 AAA 090,Mercedes,Atego,1,12.98,2024-03-02,50,6.03
07 AAA 090,Mercedes,Atego,1,12.98,2024-03-03,137,19.95
07 AAA 090,Mercedes,Atego,1,12.98,2024-03-04,192,22.62
07 AAA 090,Mercedes,Atego,1,12.98,2024-03-05,270,52.18
07 AAA 090,Mercedes,Atego,1,12.98,2024-03-06,58,9.93
07 AAA 090,Mercedes,Atego,1,12.98,2024-03-07,62,8.93
07 AAA 090,Mercedes,Atego,1,12.98,2024-03-08,48,7.65
07 AAA 090,Mercedes,Atego,1,12.98,2024-03-09,129,24.73
07 AAA 090,Mercedes,Atego,1,12.98,2024-03-10,213,39.0
07 AAA 090,Mercedes,Atego,1,12.98,2024-03-11,191,24.5
07 AAA 090,Mercedes,Atego,1,12.98,2024-03-12,148,23.63
07 AAA 090,Mercedes,Atego,1,12.98,2024-03-13,44,7.61
07 AAA 090,Mercedes,Atego,1,12.98,2024-03-14,188,30.2
07 AAA 090,Mercedes,Atego,1,12.98,2024-03-15,160,20.9
07 AAA 090,Mercedes,Atego,1,12.98,2024-03-16,150,24.84
07 AAA 090,Mercedes,Atego,1,12.98,2024-03-17,232,32.71
07 AAA 090,Mercedes,Atego,1,12.98,2024-03-18,243,43.7
07 AAA 090,Mercedes,Atego,1,12.98,2024-03-19,278,46.81
07 AAA 090,Mercedes,Atego,1,12.98,2024-03-20,69,8.29
07 AAA 090,Mercedes,Atego,1,12.98,2024-03-21,118,18.14
07 AAA 090,Mercedes,Atego,1,12.98,2024-03-22,145,16.81
07 AAA 090,Mercedes,Atego,1,12.98,2024-03-23,166,26.23
07 AAA 090,Mercedes,Atego,1,12.98,2024-03-24,181,20.27
07 AAA 090,Mercedes,Atego,1,12.98,2024-03-25,292,33.44
07 AAA 090,Mercedes,Atego,1,12.98,2024-03-26,82,8.66
07 AAA 090,Mercedes,Atego,1,12.98,2024-03-27,187,33.83
07 AAA 090,Mercedes,Atego,1,12.98,2024-03-28,129,22.21
07 AAA 090,Mercedes,Atego,1,12.98,2024-03-29,265,34.76
07 AAA 090,Mercedes,Atego,1,12.98,2024-03-30,84,16.21
07 AAA 090,Mercedes,Atego,1,12.98,2024-03-31,53,9.12
07 AAA 090,Mercedes,Atego,1,12.98,2024-04-01,291,45.83
07 AAA 090,Mercedes,Atego,1,12.98,2024-04-02,270,30.0
07 AAA 090,Mercedes,Atego,1,12.98,2024-04-03,40,4.19
07 AAA 090,Mercedes,Atego,1,12.98,2024-04-04,271,42.58
07 AAA 090,Mercedes,Atego,1,12.98,2024-04-05,40,6.17
07 AAA 090,Mercedes,Atego,1,12.98,2024-04-06,175,32.34
07 AAA 090,Mercedes,Atego,1,12.98,2024-04-07,198,34.0
07 AAA 090,Mercedes,Atego,1,12.98,2024-04-08,170,27.13
07 AAA 090,Mercedes,Atego,1,12.98,2024-04-09,127,24.72
07 AAA 090,Mercedes,Atego,1,12.98,2024-04-10,165,30.78
07 AAA 090,Mercedes,Atego,1,12.98,2024-04-11,166,28.97
07 AAA 090,Mercedes,Atego,1,12.98,2024-04-12,179,29.31
07 AAA 090,Mercedes,Atego,1,12.98,2024-04-13,78,13.35
07 AAA 090,Mercedes,Atego,1,12.98,2024-04-14,228,33.39
07 AAA 090,Mercedes,Atego,1,12.98,2024-04-15,110,16.53
07 AAA 090,Mercedes,Atego,1,12.98,2024-04-16,268,45.85
07 AAA 090,Mercedes,Atego,1,12.98,2024-04-17,108,12.68
07 AAA 090,Mercedes,Atego,1,12.98,2024-04-18,121,13.08
07 AAA 090,Mercedes,Atego,1,12.98,2024-04-19,201,23.8
07 AAA 090,Mercedes,Atego,1,12.98,2024-04-20,186,19.8
07 AAA 090,Mercedes,Atego,1,12.98,2024-04-21,284,52.97
07 AAA 090,Mercedes,Atego,1,12.98,2024-04-22,295,42.77
07 AAA 090,Mercedes,Atego,1,12.98,2024-04-23,102,16.46
07 AAA 090,Mercedes,Atego,1,12.98,2024-04-24,104,11.53
07 AAA 090,Mercedes,Atego,1,12.98,2024-04-25,297,51.94
07 AAA 090,Mercedes,Atego,1,12.98,2024-04-26,234,39.24
07 AAA 090,Mercedes,Atego,1,12.98,2024-04-27,157,21.18
07 AAA 090,Mercedes,Atego,1,12.98,2024-04-28,179,34.49
07 AAA 090,Mercedes,Atego,1,12.98,2024-04-29,40,7.05
07 AAA 091,Volkswagen,Fluence,4,7.9,2024-01-01,139,11.73
07 AAA 091,Volkswagen,Fluence,4,7.9,2024-01-02,122,13.28
07 AAA 091,Volkswagen,Fluence,4,7.9,2024-01-03,248,24.14
07 AAA 091,Volkswagen,Fluence,4,7.9,2024-01-04,54,6.35
07 AAA 091,Volkswagen,Fluence,4,7.9,2024-01-05,140,11.24
07 AAA 091,Volkswagen,Fluence,4,7.9,2024-01-06,216,14.52
07 AAA 091,Volkswagen,Fluence,4,7.9,2024-01-07,165,11.59
07 AAA 091,Volkswagen,Fluence,4,7.9,2024-01-08,212,13.88
07 AAA 091,Volkswagen,Fluence,4,7.9,2024-01-09,57,5.18
07 AAA 091,Volkswagen,Fluence,4,7.9,2024-01-10,292,18.86
07 AAA 091,Volkswagen,Fluence,4,7.9,2024-01-11,199,14.93
07 AAA 091,Volkswagen,Fluence,4,7.9,2024-01-12,293,25.61
07 AAA 091,Volkswagen,Fluence,4,7.9,2024-01-13,215,23.9
07 AAA 091,Volkswagen,Fluence,4,7.9,2024-01-14,55,6.23
07 AAA 091,Volkswagen,Fluence,4,7.9,2024-01-15,185,16.42
07 AAA 091,Volkswagen,Fluence,4,7.9,2024-01-16,226,24.99
07 AAA 091,Volkswagen,Fluence,4,7.9,2024-01-17,190,15.61
07 AAA 091,Volkswagen,Fluence,4,7.9,2024-01-18,131,13.15
07 AAA 091,Volkswagen,Fluence,4,7.9,2024-01-19,138,10.1
07 AAA 091,Volkswagen,Fluence,4,7.9,2024-01-20,96,6.73
07 AAA 091,Volkswagen,Fluence,4,7.9,2024-01-21,125,8.25
07 AAA 091,Volkswagen,Fluence,4,7.9,2024-01-22,238,19.35
07 AAA 091,Volkswagen,Fluence,4,7.9,2024-01-23,250,20.06
07 AAA 091,Volkswagen,Fluence,4,7.9,2024-01-24,223,18.86
07 AAA 091,Volkswagen,Fluence,4,7.9,2024-01-25,138,14.91
07 AAA 091,Volkswagen,Fluence,4,7.9,2024-01-26,194,13.49
07 AAA 091,Volkswagen,Fluence,4,7.9,2024-01-27,50,5.91
07 AAA 091,Volkswagen,Fluence,4,7.9,2024-01-28,52,5.7
07 AAA 091,Volkswagen,Fluence,4,7.9,2024-01-29,203,17.09
07 AAA 091,Volkswagen,Fluence,4,7.9,2024-01-30,235,17.18
07 AAA 091,Volkswagen,Fluence,4,7.9,2024-01-31,225,19.31
07 AAA 091,Volkswagen,Fluence,4,7.9,2024-02-01,106,7.57
07 AAA 091,Volkswagen,Fluence,4,7.9,2024-02-02,79,5.16
07 AAA 091,Volkswagen,Fluence,4,7.9,2024-02-03,293,26.66
07 AAA 091,Volkswagen,Fluence,4,7.9,2024-02-04,198,19.07
07 AAA 091,Volkswagen,Fluence,4,7.9,2024-02-05,46,4.41
07 AAA 091,Volkswagen,Fluence,4,7.9,2024-02-06,247,27.44
07 AAA 091,Volkswagen,Fluence,4,7.9,2024-02-07,224,24.99
07 AAA 091,Volkswagen,Fluence,4,7.9,2024-02-08,275,28.67
07 AAA 091,Volkswagen,Fluence,4,7.9,2024-02-09,136,14.21
07 AAA 091,Volkswagen,Fluence,4,7.9,2024-02-10,148,10.39
07 AAA 091,Volkswagen,Fluence,4,7.9,2024-02-11,67,7.64
07 AAA 091,Volkswagen,Fluence,4,7.9,2024-02-12,244,17.35
07 AAA 091,Volkswagen,Fluence,4,7.9,2024-02-13,227,24.84
07 AAA 091,Volkswagen,Fluence,4,7.9,2024-02-14,228,26.37
07 AAA 091,Volkswagen,Fluence,4,7.9,2024-02-15,223,22.84
07 AAA 091,Volkswagen,Fluence,4,7.9,2024-02-16,142,16.81
07 AAA 091,Volkswagen,Fluence,4,7.9,2024-02-17,218,18.62
07 AAA 091,Volkswagen,Fluence,4,7.9,2024-02-18,267,20.75
07 AAA 091,Volkswagen,Fluence,4,7.9,2024-02-19,50,3.59
07 AAA 091,Volkswagen,Fluence,4,7.9,2024-02-20,45,4.37
07 AAA 091,Volkswagen,Fluence,4,7.9,2024-02-21,169,17.51
07 AAA 091,Volkswagen,Fluence,4,7.9,2024-02-22,223,19.56
07 AAA 091,Volkswagen,Fluence,4,7.9,2024-02-23,218,17.53
07 AAA 091,Volkswagen,Fluence,4,7.9,2024-02-24,121,10.17
07 AAA 091,Volkswagen,Fluence,4,7.9,2024-02-25,192,21.87
07 AAA 091,Volkswagen,Fluence,4,7.9,2024-02-26,160,17.11
07 AAA 091,Volkswagen,Fluence,4,7.9,2024-02-27,264,22.04
07 AAA 091,Volkswagen,Fluence,4,7.9,2024-02-28,262,29.42
07 AAA 091,Volkswagen,Fluence,4,7.9,2024-02-29,272,29.38
07 AAA 091,Volkswagen,Fluence,4,7.9,2024-03-01,195,20.66
07 AAA 091,Volkswagen,Fluence,4,7.9,2024-03-02,166,14.23
07 AAA 091,Volkswagen,Fluence,4,7.9,2024-03-03,103,11.7
07 AAA 091,Volkswagen,Fluence,4,7.9,2024-03-04,95,10.57
07 AAA 091,Volkswagen,Fluence,4,7.9,2024-03-05,165,14.92
07 AAA 091,Volkswagen,Fluence,4,7.9,2024-03-06,256,20.33
07 AAA 091,Volkswagen,Fluence,4,7.9,2024-03-07,104,6.92
07 AAA 091,Volkswagen,Fluence,4,7.9,2024-03-08,92,9.12
07 AAA 091,Volkswagen,Fluence,4,7.9,2024-03-09,125,10.1
07 AAA 091,Volkswagen,Fluence,4,7.9,2024-03-10,110,8.03
07 AAA 091,Volkswagen,Fluence,4,7.9,2024-03-11,297,22.66
07 AAA 091,Volkswagen,Fluence,4,7.9,2024-03-12,254,24.29
07 AAA 091,Volkswagen,Fluence,4,7.9,2024-03-13,138,13.64
07 AAA 091,Volkswagen,Fluence,4,7.9,2024-03-14,126,9.63
07 AAA 091,Volkswagen,Fluence,4,7.9,2024-03-15,289,26.26
07 AAA 091,Volkswagen,Fluence,4,7.9,2024-03-16,211,20.2
07 AAA 091,Volkswagen,Fluence,4,7.9,2024-03-17,68,7.93
07 AAA 091,Volkswagen,Fluence,4,7.9,2024-03-18,207,22.12
07 AAA 091,Volkswagen,Fluence,4,7.9,2024-03-19,149,12.72
07 AAA 091,Volkswagen,Fluence,4,7.9,2024-03-20,138,9.83
07 AAA 091,Volkswagen,Fluence,4,7.9,2024-03-21,78,5.81
07 AAA 091,Volkswagen,Fluence,4,7.9,2024-03-22,172,18.91
07 AAA 091,Volkswagen,Fluence,4,7.9,2024-03-23,258,18.61
07 AAA 091,Volkswagen,Fluence,4,7.9,2024-03-24,127,8.77
07 AAA 091,Volkswagen,Fluence,4,7.9,2024-03-25,57,6.56
07 AAA 091,Volkswagen,Fluence,4,7.9,2024-03-26,235,27.18
07 AAA 091,Volkswagen,Fluence,4,7.9,2024-03-27,248,27.01
07 AAA 091,Volkswagen,Fluence,4,7.9,2024-03-28,136,13.61
07 AAA 091,Volkswagen,Fluence,4,7.9,2024-03-29,213,23.44
07 AAA 091,Volkswagen,Fluence,4,7.9,2024-03-30,279,25.21
07 AAA 091,Volkswagen,Fluence,4,7.9,2024-03-31,106,8.93
07 AAA 091,Volkswagen,Fluence,4,7.9,2024-04-01,215,18.54
07 AAA 091,Volkswagen,Fluence,4,7.9,2024-04-02,157,11.95
07 AAA 091,Volkswagen,Fluence,4,7.9,2024-04-03,75,5.36
07 AAA 091,Volkswagen,Fluence,4,7.9,2024-04-04,78,7.13
07 AAA 091,Volkswagen,Fluence,4,7.9,2024-04-05,125,9.36
07 AAA 091,Volkswagen,Fluence,4,7.9,2024-04-06,41,2.92
07 AAA 091,Volkswagen,Fluence,4,7.9,2024-04-07,154,14.18
07 AAA 091,Volkswagen,Fluence,4,7.9,2024-04-08,44,3.49
07 AAA 091,Volkswagen,Fluence,4,7.9,2024-04-09,45,4.96
07 AAA 091,Volkswagen,Fluence,4,7.9,2024-04-10,288,33.36
07 AAA 091,Volkswagen,Fluence,4,7.9,2024-04-11,253,19.62
07 AAA 091,Volkswagen,Fluence,4,7.9,2024-04-12,236,22.43
07 AAA 091,Volkswagen,Fluence,4,7.9,2024-04-13,151,13.61
07 AAA 091,Volkswagen,Fluence,4,7.9,2024-04-14,121,9.54
07 AAA 091,Volkswagen,Fluence,4,7.9,2024-04-15,97,8.34
07 AAA 091,Volkswagen,Fluence,4,7.9,2024-04-16,203,17.1
07 AAA 091,Volkswagen,Fluence,4,7.9,2024-04-17,235,20.74
07 AAA 091,Volkswagen,Fluence,4,7.9,2024-04-18,118,10.26
07 AAA 091,Volkswagen,Fluence,4,7.9,2024-04-19,224,20.46
07 AAA 091,Volkswagen,Fluence,4,7.9,2024-04-20,291,24.74
07 AAA 091,Volkswagen,Fluence,4,7.9,2024-04-21,148,16.2
07 AAA 091,Volkswagen,Fluence,4,7.9,2024-04-22,245,26.2
07 AAA 091,Volkswagen,Fluence,4,7.9,2024-04-23,41,3.95
07 AAA 091,Volkswagen,Fluence,4,7.9,2024-04-24,224,18.69
07 AAA 091,Volkswagen,Fluence,4,7.9,2024-04-25,176,19.76
07 AAA 091,Volkswagen,Fluence,4,7.9,2024-04-26,172,15.39
07 AAA 091,Volkswagen,Fluence,4,7.9,2024-04-27,151,13.22
07 AAA 091,Volkswagen,Fluence,4,7.9,2024-04-28,107,11.2
07 AAA 091,Volkswagen,Fluence,4,7.9,2024-04-29,98,11.28
07 AAA 092,Fiat,Caddy,3,24.7,2024-01-01,162,40.45
07 AAA 092,Fiat,Caddy,3,24.7,2024-01-02,287,74.93
07 AAA 092,Fiat,Caddy,3,24.7,2024-01-03,241,48.8
07 AAA 092,Fiat,Caddy,3,24.7,2024-01-04,186,54.13
07 AAA 092,Fiat,Caddy,3,24.7,2024-01-05,49,16.25
07 AAA 092,Fiat,Caddy,3,24.7,2024-01-06,146,51.95
07 AAA 092,Fiat,Caddy,3,24.7,2024-01-07,109,30.36
07 AAA 092,Fiat,Caddy,3,24.7,2024-01-08,282,101.35
07 AAA 092,Fiat,Caddy,3,24.7,2024-01-09,186,42.92
07 AAA 092,Fiat,Caddy,3,24.7,2024-01-10,226,80.78
07 AAA 092,Fiat,Caddy,3,24.7,2024-01-11,157,51.51
07 AAA 092,Fiat,Caddy,3,24.7,2024-01-12,258,69.38
07 AAA 092,Fiat,Caddy,3,24.7,2024-01-13,273,68.27
07 AAA 092,Fiat,Caddy,3,24.7,2024-01-14,248,78.76
07 AAA 092,Fiat,Caddy,3,24.7,2024-01-15,239,83.79
07 AAA 092,Fiat,Caddy,3,24.7,2024-01-16,267,72.14
07 AAA 092,Fiat,Caddy,3,24.7,2024-01-17,112,22.98
07 AAA 092,Fiat,Caddy,3,24.7,2024-01-18,44,9.21
07 AAA 092,Fiat,Caddy,3,24.7,2024-01-19,231,78.83
07 AAA 092,Fiat,Caddy,3,24.7,2024-01-20,47,14.4
07 AAA 092,Fiat,Caddy,3,24.7,2024-01-21,299,90.1
07 AAA 092,Fiat,Caddy,3,24.7,2024-01-22,239,70.0
07 AAA 092,Fiat,Caddy,3,24.7,2024-01-23,288,69.81
07 AAA 092,Fiat,Caddy,3,24.7,2024-01-24,133,45.76
07 AAA 092,Fiat,Caddy,3,24.7,2024-01-25,215,60.21
07 AAA 092,Fiat,Caddy,3,24.7,2024-01-26,110,31.63
07 AAA 092,Fiat,Caddy,3,24.7,2024-01-27,69,23.82
07 AAA 092,Fiat,Caddy,3,24.7,2024-01-28,78,27.97
07 AAA 092,Fiat,Caddy,3,24.7,2024-01-29,268,98.7
07 AAA 092,Fiat,Caddy,3,24.7,2024-01-30,285,96.58
07 AAA 092,Fiat,Caddy,3,24.7,2024-01-31,286,98.41
07 AAA 092,Fiat,Caddy,3,24.7,2024-02-01,184,47.06
07 AAA 092,Fiat,Caddy,3,24.7,2024-02-02,65,21.43
07 AAA 092,Fiat,Caddy,3,24.7,2024-02-03,80,21.47
07 AAA 092,Fiat,Caddy,3,24.7,2024-02-04,262,54.46
07 AAA 092,Fiat,Caddy,3,24.7,2024-02-05,62,18.4
07 AAA 092,Fiat,Caddy,3,24.7,2024-02-06,247,69.68
07 AAA 092,Fiat,Caddy,3,24.7,2024-02-07,154,48.54
07 AAA 092,Fiat,Caddy,3,24.7,2024-02-08,82,24.67
07 AAA 092,Fiat,Caddy,3,24.7,2024-02-09,147,42.71
07 AAA 092,Fiat,Caddy,3,24.7,2024-02-10,129,40.01
07 AAA 092,Fiat,Caddy,3,24.7,2024-02-11,118,30.06
07 AAA 092,Fiat,Caddy,3,24.7,2024-02-12,179,54.17
07 AAA 092,Fiat,Caddy,3,24.7,2024-02-13,259,82.26
07 AAA 092,Fiat,Caddy,3,24.7,2024-02-14,185,64.43
07 AAA 092,Fiat,Caddy,3,24.7,2024-02-15,139,47.59
07 AAA 092,Fiat,Caddy,3,24.7,2024-02-16,282,100.62
07 AAA 092,Fiat,Caddy,3,24.7,2024-02-17,293,92.16
07 AAA 092,Fiat,Caddy,3,24.7,2024-02-18,188,42.12
07 AAA 092,Fiat,Caddy,3,24.7,2024-02-19,49,17.08
07 AAA 092,Fiat,Caddy,3,24.7,2024-02-20,144,46.93
07 AAA 092,Fiat,Caddy,3,24.7,2024-02-21,174,57.09
07 AAA 092,Fiat,Caddy,3,24.7,2024-02-22,185,57.09
07 AAA 092,Fiat,Caddy,3,24.7,2024-02-23,148,29.59
07 AAA 092,Fiat,Caddy,3,24.7,2024-02-24,273,82.67
07 AAA 092,Fiat,Caddy,3,24.7,2024-02-25,88,30.79
07 AAA 092,Fiat,Caddy,3,24.7,2024-02-26,170,59.86
07 AAA 092,Fiat,Caddy,3,24.7,2024-02-27,146,37.08
07 AAA 092,Fiat,Caddy,3,24.7,2024-02-28,208,58.65
07 AAA 092,Fiat,Caddy,3,24.7,2024-02-29,151,52.28
07 AAA 092,Fiat,Caddy,3,24.7,2024-03-01,281,64.35
07 AAA 092,Fiat,Caddy,3,24.7,2024-03-02,197,69.35
07 AAA 092,Fiat,Caddy,3,24.7,2024-03-03,154,52.97
07 AAA 092,Fiat,Caddy,3,24.7,2024-03-04,215,59.41
07 AAA 092,Fiat,Caddy,3,24.7,2024-03-05,270,68.96
07 AAA 092,Fiat,Caddy,3,24.7,2024-03-06,267,91.65
07 AAA 092,Fiat,Caddy,3,24.7,2024-03-07,172,59.69
07 AAA 092,Fiat,Caddy,3,24.7,2024-03-08,111,30.44
07 AAA 092,Fiat,Caddy,3,24.7,2024-03-09,48,15.36
07 AAA 092,Fiat,Caddy,3,24.7,2024-03-10,157,53.19
07 AAA 092,Fiat,Caddy,3,24.7,2024-03-11,68,16.73
07 AAA 092,Fiat,Caddy,3,24.7,2024-03-12,212,51.87
07 AAA 092,Fiat,Caddy,3,24.7,2024-03-13,280,62.95
07 AAA 092,Fiat,Caddy,3,24.7,2024-03-14,184,39.61
07 AAA 092,Fiat,Caddy,3,24.7,2024-03-15,143,38.12
07 AAA 092,Fiat,Caddy,3,24.7,2024-03-16,225,69.82
07 AAA 092,Fiat,Caddy,3,24.7,2024-03-17,99,32.49
07 AAA 092,Fiat,Caddy,3,24.7,2024-03-18,189,46.79
07 AAA 092,Fiat,Caddy,3,24.7,2024-03-19,42,9.21
07 AAA 092,Fiat,Caddy,3,24.7,2024-03-20,84,17.85
07 AAA 092,Fiat,Caddy,3,24.7,2024-03-21,189,56.21
07 AAA 092,Fiat,Caddy,3,24.7,2024-03-22,73,20.59
07 AAA 092,Fiat,Caddy,3,24.7,2024-03-23,201,59.6
07 AAA 092,Fiat,Caddy,3,24.7,2024-03-24,181,63.87
07 AAA 092,Fiat,Caddy,3,24.7,2024-03-25,189,41.11
07 AAA 092,Fiat,Caddy,3,24.7,2024-03-26,278,79.09
07 AAA 092,Fiat,Caddy,3,24.7,2024-03-27,86,17.1
07 AAA 092,Fiat,Caddy,3,24.7,2024-03-28,176,63.08
07 AAA 092,Fiat,Caddy,3,24.7,2024-03-29,83,24.36
07 AAA 092,Fiat,Caddy,3,24.7,2024-03-30,117,43.2
07 AAA 092,Fiat,Caddy,3,24.7,2024-03-31,157,36.36
07 AAA 092,Fiat,Caddy,3,24.7,2024-04-01,177,51.23
07 AAA 092,Fiat,Caddy,3,24.7,2024-04-02,297,87.95
07 AAA 092,Fiat,Caddy,3,24.7,2024-04-03,186,48.73
07 AAA 092,Fiat,Caddy,3,24.7,2024-04-04,295,65.2
07 AAA 092,Fiat,Caddy,3,24.7,2024-04-05,208,72.81
07 AAA 092,Fiat,Caddy,3,24.7,2024-04-06,172,60.75
07 AAA 092,Fiat,Caddy,3,24.7,2024-04-07,154,50.29
07 AAA 092,Fiat,Caddy,3,24.7,2024-04-08,256,91.5
07 AAA 092,Fiat,Caddy,3,24.7,2024-04-09,234,83.81
07 AAA 092,Fiat,Caddy,3,24.7,2024-04-10,193,52.49
07 AAA 092,Fiat,Caddy,3,24.7,2024-04-11,146,46.97
07 AAA 092,Fiat,Caddy,3,24.7,2024-04-12,124,43.29
07 AAA 092,Fiat,Caddy,3,24.7,2024-04-13,233,83.48
07 AAA 092,Fiat,Caddy,3,24.7,2024-04-14,204,48.03
07 AAA 092,Fiat,Caddy,3,24.7,2024-04-15,249,57.48
07 AAA 092,Fiat,Caddy,3,24.7,2024-04-16,201,68.0
07 AAA 092,Fiat,Caddy,3,24.7,2024-04-17,240,63.41
07 AAA 092,Fiat,Caddy,3,24.7,2024-04-18,224,44.3
07 AAA 092,Fiat,Caddy,3,24.7,2024-04-19,237,69.26
07 AAA 092,Fiat,Caddy,3,24.7,2024-04-20,193,44.09
07 AAA 092,Fiat,Caddy,3,24.7,2024-04-21,89,19.3
07 AAA 092,Fiat,Caddy,3,24.7,2024-04-22,104,24.95
07 AAA 092,Fiat,Caddy,3,24.7,2024-04-23,95,34.68
07 AAA 092,Fiat,Caddy,3,24.7,2024-04-24,298,102.97
07 AAA 092,Fiat,Caddy,3,24.7,2024-04-25,195,61.84
07 AAA 092,Fiat,Caddy,3,24.7,2024-04-26,203,72.31
07 AAA 092,Fiat,Caddy,3,24.7,2024-04-27,263,69.07
07 AAA 092,Fiat,Caddy,3,24.7,2024-04-28,275,98.13
07 AAA 092,Fiat,Caddy,3,24.7,2024-04-29,267,69.83
07 AAA 093,Fiat,Caddy,3,25.44,2024-01-01,203,67.04
07 AAA 093,Fiat,Caddy,3,25.44,2024-01-02,119,35.15
07 AAA 093,Fiat,Caddy,3,25.44,2024-01-03,184,40.39
07 AAA 093,Fiat,Caddy,3,25.44,2024-01-04,297,60.64
07 AAA 093,Fiat,Caddy,3,25.44,2024-01-05,299,76.96
07 AAA 093,Fiat,Caddy,3,25.44,2024-01-06,170,61.61
07 AAA 093,Fiat,Caddy,3,25.44,2024-01-07,133,40.68
07 AAA 093,Fiat,Caddy,3,25.44,2024-01-08,167,43.44
07 AAA 093,Fiat,Caddy,3,25.44,2024-01-09,156,40.81
07 AAA 093,Fiat,Caddy,3,25.44,2024-01-10,55,15.44
07 AAA 093,Fiat,Caddy,3,25.44,2024-01-11,67,19.8
07 AAA 093,Fiat,Caddy,3,25.44,2024-01-12,196,65.02
07 AAA 093,Fiat,Caddy,3,25.44,2024-01-13,97,33.09
07 AAA 093,Fiat,Caddy,3,25.44,2024-01-14,48,11.69
07 AAA 093,Fiat,Caddy,3,25.44,2024-01-15,221,80.83
07 AAA 093,Fiat,Caddy,3,25.44,2024-01-16,93,20.25
07 AAA 093,Fiat,Caddy,3,25.44,2024-01-17,241,68.23
07 AAA 093,Fiat,Caddy,3,25.44,2024-01-18,260,88.95
07 AAA 093,Fiat,Caddy,3,25.44,2024-01-19,161,54.25
07 AAA 093,Fiat,Caddy,3,25.44,2024-01-20,264,60.72
07 AAA 093,Fiat,Caddy,3,25.44,2024-01-21,201,63.23
07 AAA 093,Fiat,Caddy,3,25.44,2024-01-22,57,11.82
07 AAA 093,Fiat,Caddy,3,25.44,2024-01-23,169,63.98
07 AAA 093,Fiat,Caddy,3,25.44,2024-01-24,207,61.62
07 AAA 093,Fiat,Caddy,3,25.44,2024-01-25,111,37.95
07 AAA 093,Fiat,Caddy,3,25.44,2024-01-26,73,17.14
07 AAA 093,Fiat,Caddy,3,25.44,2024-01-27,207,43.58
07 AAA 093,Fiat,Caddy,3,25.44,2024-01-28,227,79.97
07 AAA 093,Fiat,Caddy,3,25.44,2024-01-29,275,103.97
07 AAA 093,Fiat,Caddy,3,25.44,2024-01-30,279,72.71
07 AAA 093,Fiat,Caddy,3,25.44,2024-01-31,115,32.64
07 AAA 093,Fiat,Caddy,3,25.44,2024-02-01,141,48.98
07 AAA 093,Fiat,Caddy,3,25.44,2024-02-02,105,39.77
07 AAA 093,Fiat,Caddy,3,25.44,2024-02-03,72,22.53
07 AAA 093,Fiat,Caddy,3,25.44,2024-02-04,235,68.9
07 AAA 093,Fiat,Caddy,3,25.44,2024-02-05,299,96.86
07 AAA 093,Fiat,Caddy,3,25.44,2024-02-06,154,55.13
07 AAA 093,Fiat,Caddy,3,25.44,2024-02-07,123,35.17
07 AAA 093,Fiat,Caddy,3,25.44,2024-02-08,246,69.0
07 AAA 093,Fiat,Caddy,3,25.44,2024-02-09,129,34.2
07 AAA 093,Fiat,Caddy,3,25.44,2024-02-10,279,59.55
07 AAA 093,Fiat,Caddy,3,25.44,2024-02-11,235,70.63
07 AAA 093,Fiat,Caddy,3,25.44,2024-02-12,63,12.98
07 AAA 093,Fiat,Caddy,3,25.44,2024-02-13,206,61.85
07 AAA 093,Fiat,Caddy,3,25.44,2024-02-14,125,35.27
07 AAA 093,Fiat,Caddy,3,25.44,2024-02-15,118,24.52
07 AAA 093,Fiat,Caddy,3,25.44,2024-02-16,282,103.65
07 AAA 093,Fiat,Caddy,3,25.44,2024-02-17,58,15.01
07 AAA 093,Fiat,Caddy,3,25.44,2024-02-18,57,13.62
07 AAA 093,Fiat,Caddy,3,25.44,2024-02-19,219,79.3
07 AAA 093,Fiat,Caddy,3,25.44,2024-02-20,41,13.47
07 AAA 093,Fiat,Caddy,3,25.44,2024-02-21,91,31.44
07 AAA 093,Fiat,Caddy,3,25.44,2024-02-22,178,56.97
07 AAA 093,Fiat,Caddy,3,25.44,2024-02-23,245,83.66
07 AAA 093,Fiat,Caddy,3,25.44,2024-02-24,221,47.69
07 AAA 093,Fiat,Caddy,3,25.44,2024-02-25,215,79.52
07 AAA 093,Fiat,Caddy,3,25.44,2024-02-26,170,52.67
07 AAA 093,Fiat,Caddy,3,25.44,2024-02-27,290,73.5
07 AAA 093,Fiat,Caddy,3,25.44,2024-02-28,84,20.67
07 AAA 093,Fiat,Caddy,3,25.44,2024-02-29,65,20.5
07 AAA 093,Fiat,Caddy,3,25.44,2024-03-01,92,32.81
07 AAA 093,Fiat,Caddy,3,25.44,2024-03-02,121,34.54
07 AAA 093,Fiat,Caddy,3,25.44,2024-03-03,233,54.03
07 AAA 093,Fiat,Caddy,3,25.44,2024-03-04,242,57.37
07 AAA 093,Fiat,Caddy,3,25.44,2024-03-05,164,56.16
07 AAA 093,Fiat,Caddy,3,25.44,2024-03-06,181,50.1
07 AAA 093,Fiat,Caddy,3,25.44,2024-03-07,260,86.37
07 AAA 093,Fiat,Caddy,3,25.44,2024-03-08,267,98.74
07 AAA 093,Fiat,Caddy,3,25.44,2024-03-09,235,75.44
07 AAA 093,Fiat,Caddy,3,25.44,2024-03-10,67,18.97
07 AAA 093,Fiat,Caddy,3,25.44,2024-03-11,280,92.21
07 AAA 093,Fiat,Caddy,3,25.44,2024-03-12,113,37.9
07 AAA 093,Fiat,Caddy,3,25.44,2024-03-13,221,80.6
07 AAA 093,Fiat,Caddy,3,25.44,2024-03-14,271,79.58
07 AAA 093,Fiat,Caddy,3,25.44,2024-03-15,182,46.39
07 AAA 093,Fiat,Caddy,3,25.44,2024-03-16,287,94.39
07 AAA 093,Fiat,Caddy,3,25.44,2024-03-17,182,65.28
07 AAA 093,Fiat,Caddy,3,25.44,2024-03-18,238,53.73
07 AAA 093,Fiat,Caddy,3,25.44,2024-03-19,245,89.51
07 AAA 093,Fiat,Caddy,3,25.44,2024-03-20,157,56.87
07 AAA 093,Fiat,Caddy,3,25.44,2024-03-21,123,31.85
07 AAA 093,Fiat,Caddy,3,25.44,2024-03-22,172,46.94
07 AAA 093,Fiat,Caddy,3,25.44,2024-03-23,141,39.29
07 AAA 093,Fiat,Caddy,3,25.44,2024-03-24,163,58.76
07 AAA 093,Fiat,Caddy,3,25.44,2024-03-25,147,47.82
07 AAA 093,Fiat,Caddy,3,25.44,2024-03-26,223,67.66
07 AAA 093,Fiat,Caddy,3,25.44,2024-03-27,245,55.45
07 AAA 093,Fiat,Caddy,3,25.44,2024-03-28,85,28.35
07 AAA 093,Fiat,Caddy,3,25.44,2024-03-29,119,43.81
07 AAA 093,Fiat,Caddy,3,25.44,2024-03-30,78,23.98
07 AAA 093,Fiat,Caddy,3,25.44,2024-03-31,162,51.45
07 AAA 093,Fiat,Caddy,3,25.44,2024-04-01,125,39.67
07 AAA 093,Fiat,Caddy,3,25.44,2024-04-02,261,69.39
07 AAA 093,Fiat,Caddy,3,25.44,2024-04-03,204,56.73
07 AAA 093,Fiat,Caddy,3,25.44,2024-04-04,146,38.39
07 AAA 093,Fiat,Caddy,3,25.44,2024-04-05,287,82.28
07 AAA 093,Fiat,Caddy,3,25.44,2024-04-06,86,27.52
07 AAA 093,Fiat,Caddy,3,25.44,2024-04-07,200,53.71
07 AAA 093,Fiat,Caddy,3,25.44,2024-04-08,232,51.11
07 AAA 093,Fiat,Caddy,3,25.44,2024-04-09,59,14.19
07 AAA 093,Fiat,Caddy,3,25.44,2024-04-10,264,87.17
07 AAA 093,Fiat,Caddy,3,25.44,2024-04-11,40,14.78
07 AAA 093,Fiat,Caddy,3,25.44,2024-04-12,291,75.0
07 AAA 093,Fiat,Caddy,3,25.44,2024-04-13,188,60.54
07 AAA 093,Fiat,Caddy,3,25.44,2024-04-14,87,24.06
07 AAA 093,Fiat,Caddy,3,25.44,2024-04-15,276,85.53
07 AAA 093,Fiat,Caddy,3,25.44,2024-04-16,109,30.3
07 AAA 093,Fiat,Caddy,3,25.44,2024-04-17,189,40.78
07 AAA 093,Fiat,Caddy,3,25.44,2024-04-18,199,46.48
07 AAA 093,Fiat,Caddy,3,25.44,2024-04-19,270,61.34
07 AAA 093,Fiat,Caddy,3,25.44,2024-04-20,189,68.48
07 AAA 093,Fiat,Caddy,3,25.44,2024-04-21,282,71.0
07 AAA 093,Fiat,Caddy,3,25.44,2024-04-22,240,72.82
07 AAA 093,Fiat,Caddy,3,25.44,2024-04-23,88,31.43
07 AAA 093,Fiat,Caddy,3,25.44,2024-04-24,285,65.6
07 AAA 093,Fiat,Caddy,3,25.44,2024-04-25,53,17.12
07 AAA 093,Fiat,Caddy,3,25.44,2024-04-26,248,77.54
07 AAA 093,Fiat,Caddy,3,25.44,2024-04-27,50,18.53
07 AAA 093,Fiat,Caddy,3,25.44,2024-04-28,180,47.06
07 AAA 093,Fiat,Caddy,3,25.44,2024-04-29,50,14.53
07 AAA 094,Ford,Caddy,1,11.12,2024-01-01,94,10.56
07 AAA 094,Ford,Caddy,1,11.12,2024-01-02,169,19.36
07 AAA 094,Ford,Caddy,1,11.12,2024-01-03,198,32.32
07 AAA 094,Ford,Caddy,1,11.12,2024-01-04,156,22.17
07 AAA 094,Ford,Caddy,1,11.12,2024-01-05,268,43.1
07 AAA 094,Ford,Caddy,1,11.12,2024-01-06,104,10.1
07 AAA 094,Ford,Caddy,1,11.12,2024-01-07,210,19.39
07 AAA 094,Ford,Caddy,1,11.12,2024-01-08,266,42.63
07 AAA 094,Ford,Caddy,1,11.12,2024-01-09,163,18.45
07 AAA 094,Ford,Caddy,1,11.12,2024-01-10,213,26.93
07 AAA 094,Ford,Caddy,1,11.12,2024-01-11,258,36.05
07 AAA 094,Ford,Caddy,1,11.12,2024-01-12,297,38.88
07 AAA 094,Ford,Caddy,1,11.12,2024-01-13,134,22.34
07 AAA 094,Ford,Caddy,1,11.12,2024-01-14,239,33.23
07 AAA 094,Ford,Caddy,1,11.12,2024-01-15,173,22.89
07 AAA 094,Ford,Caddy,1,11.12,2024-01-16,43,7.1
07 AAA 094,Ford,Caddy,1,11.12,2024-01-17,60,9.17
07 AAA 094,Ford,Caddy,1,11.12,2024-01-18,205,27.39
07 AAA 094,Ford,Caddy,1,11.12,2024-01-19,210,32.41
07 AAA 094,Ford,Caddy,1,11.12,2024-01-20,153,25.44
07 AAA 094,Ford,Caddy,1,11.12,2024-01-21,44,6.28
07 AAA 094,Ford,Caddy,1,11.12,2024-01-22,281,37.91
07 AAA 094,Ford,Caddy,1,11.12,2024-01-23,179,29.45
07 AAA 094,Ford,Caddy,1,11.12,2024-01-24,153,24.94
07 AAA 094,Ford,Caddy,1,11.12,2024-01-25,123,16.15
07 AAA 094,Ford,Caddy,1,11.12,2024-01-26,85,10.46
07 AAA 094,Ford,Caddy,1,11.12,2024-01-27,64,8.67
07 AAA 094,Ford,Caddy,1,11.12,2024-01-28,149,17.7
07 AAA 094,Ford,Caddy,1,11.12,2024-01-29,92,11.51
07 AAA 094,Ford,Caddy,1,11.12,2024-01-30,175,19.45
07 AAA 094,Ford,Caddy,1,11.12,2024-01-31,167,15.56
07 AAA 094,Ford,Caddy,1,11.12,2024-02-01,209,23.84
07 AAA 094,Ford,Caddy,1,11.12,2024-02-02,59,6.25
07 AAA 094,Ford,Caddy,1,11.12,2024-02-03,275,39.42
07 AAA 094,Ford,Caddy,1,11.12,2024-02-04,147,23.35
07 AAA 094,Ford,Caddy,1,11.12,2024-02-05,181,21.43
07 AAA 094,Ford,Caddy,1,11.12,2024-02-06,254,34.69
07 AAA 094,Ford,Caddy,1,11.12,2024-02-07,267,40.42
07 AAA 094,Ford,Caddy,1,11.12,2024-02-08,47,7.07
07 AAA 094,Ford,Caddy,1,11.12,2024-02-09,80,11.81
07 AAA 094,Ford,Caddy,1,11.12,2024-02-10,210,24.85
07 AAA 094,Ford,Caddy,1,11.12,2024-02-11,90,11.66
07 AAA 094,Ford,Caddy,1,11.12,2024-02-12,125,17.31
07 AAA 094,Ford,Caddy,1,11.12,2024-02-13,215,32.41
07 AAA 094,Ford,Caddy,1,11.12,2024-02-14,242,29.84
07 AAA 094,Ford,Caddy,1,11.12,2024-02-15,292,33.01
07 AAA 094,Ford,Caddy,1,11.12,2024-02-16,167,14.98
07 AAA 094,Ford,Caddy,1,11.12,2024-02-17,94,11.72
07 AAA 094,Ford,Caddy,1,11.12,2024-02-18,286,44.75
07 AAA 094,Ford,Caddy,1,11.12,2024-02-19,119,12.3
07 AAA 094,Ford,Caddy,1,11.12,2024-02-20,58,9.61
07 AAA 094,Ford,Caddy,1,11.12,2024-02-21,187,31.01
07 AAA 094,Ford,Caddy,1,11.12,2024-02-22,94,14.44
07 AAA 094,Ford,Caddy,1,11.12,2024-02-23,239,25.2
07 AAA 094,Ford,Caddy,1,11.12,2024-02-24,127,18.23
07 AAA 094,Ford,Caddy,1,11.12,2024-02-25,164,26.26
07 AAA 094,Ford,Caddy,1,11.12,2024-02-26,50,6.73
07 AAA 094,Ford,Caddy,1,11.12,2024-02-27,98,9.22
07 AAA 094,Ford,Caddy,1,11.12,2024-02-28,120,16.62
07 AAA 094,Ford,Caddy,1,11.12,2024-02-29,138,20.71
07 AAA 094,Ford,Caddy,1,11.12,2024-03-01,110,14.74
07 AAA 094,Ford,Caddy,1,11.12,2024-03-02,261,26.57
07 AAA 094,Ford,Caddy,1,11.12,2024-03-03,213,22.29
07 AAA 094,Ford,Caddy,1,11.12,2024-03-04,289,39.19
07 AAA 094,Ford,Caddy,1,11.12,2024-03-05,51,6.65
07 AAA 094,Ford,Caddy,1,11.12,2024-03-06,114,15.82
07 AAA 094,Ford,Caddy,1,11.12,2024-03-07,263,34.46
07 AAA 094,Ford,Caddy,1,11.12,2024-03-08,150,13.84
07 AAA 094,Ford,Caddy,1,11.12,2024-03-09,57,6.26
07 AAA 094,Ford,Caddy,1,11.12,2024-03-10,121,16.27
07 AAA 094,Ford,Caddy,1,11.12,2024-03-11,196,25.19
07 AAA 094,Ford,Caddy,1,11.12,2024-03-12,222,33.14
07 AAA 094,Ford,Caddy,1,11.12,2024-03-13,195,17.82
07 AAA 094,Ford,Caddy,1,11.12,2024-03-14,198,21.69
07 AAA 094,Ford,Caddy,1,11.12,2024-03-15,268,38.33
07 AAA 094,Ford,Caddy,1,11.12,2024-03-16,82,9.79
07 AAA 094,Ford,Caddy,1,11.12,2024-03-17,120,12.72
07 AAA 094,Ford,Caddy,1,11.12,2024-03-18,53,8.02
07 AAA 094,Ford,Caddy,1,11.12,2024-03-19,132,17.38
07 AAA 094,Ford,Caddy,1,11.12,2024-03-20,135,19.15
07 AAA 094,Ford,Caddy,1,11.12,2024-03-21,286,28.6
07 AAA 094,Ford,Caddy,1,11.12,2024-03-22,143,20.45
07 AAA 094,Ford,Caddy,1,11.12,2024-03-23,90,13.15
07 AAA 094,Ford,Caddy,1,11.12,2024-03-24,69,7.84
07 AAA 094,Ford,Caddy,1,11.12,2024-03-25,249,27.21
07 AAA 094,Ford,Caddy,1,11.12,2024-03-26,57,6.07
07 AAA 094,Ford,Caddy,1,11.12,2024-03-27,226,27.76
07 AAA 094,Ford,Caddy,1,11.12,2024-03-28,82,12.79
07 AAA 094,Ford,Caddy,1,11.12,2024-03-29,137,22.77
07 AAA 094,Ford,Caddy,1,11.12,2024-03-30,140,18.74
07 AAA 094,Ford,Caddy,1,11.12,2024-03-31,166,17.86
07 AAA 094,Ford,Caddy,1,11.12,2024-04-01,183,19.72
07 AAA 094,Ford,Caddy,1,11.12,2024-04-02,150,20.81
07 AAA 094,Ford,Caddy,1,11.12,2024-04-03,212,28.69
07 AAA 094,Ford,Caddy,1,11.12,2024-04-04,80,8.63
07 AAA 094,Ford,Caddy,1,11.12,2024-04-05,259,25.82
07 AAA 094,Ford,Caddy,1,11.12,2024-04-06,104,11.09
07 AAA 094,Ford,Caddy,1,11.12,2024-04-07,129,14.32
07 AAA 094,Ford,Caddy,1,11.12,2024-04-08,242,29.52
07 AAA 094,Ford,Caddy,1,11.12,2024-04-09,96,14.4
07 AAA 094,Ford,Caddy,1,11.12,2024-04-10,232,37.67
07 AAA 094,Ford,Caddy,1,11.12,2024-04-11,265,26.53
07 AAA 094,Ford,Caddy,1,11.12,2024-04-12,92,15.27
07 AAA 094,Ford,Caddy,1,11.12,2024-04-13,118,19.47
07 AAA 094,Ford,Caddy,1,11.12,2024-04-14,284,43.7
07 AAA 094,Ford,Caddy,1,11.12,2024-04-15,150,16.19
07 AAA 094,Ford,Caddy,1,11.12,2024-04-16,274,28.28
07 AAA 094,Ford,Caddy,1,11.12,2024-04-17,279,36.9
07 AAA 094,Ford,Caddy,1,11.12,2024-04-18,118,18.36
07 AAA 094,Ford,Caddy,1,11.12,2024-04-19,40,5.91
07 AAA 094,Ford,Caddy,1,11.12,2024-04-20,169,24.23
07 AAA 094,Ford,Caddy,1,11.12,2024-04-21,52,8.3
07 AAA 094,Ford,Caddy,1,11.12,2024-04-22,94,13.98
07 AAA 094,Ford,Caddy,1,11.12,2024-04-23,284,27.03
07 AAA 094,Ford,Caddy,1,11.12,2024-04-24,166,24.5
07 AAA 094,Ford,Caddy,1,11.12,2024-04-25,189,20.14
07 AAA 094,Ford,Caddy,1,11.12,2024-04-26,220,26.31
07 AAA 094,Ford,Caddy,1,11.12,2024-04-27,289,27.79
07 AAA 094,Ford,Caddy,1,11.12,2024-04-28,43,6.65
07 AAA 094,Ford,Caddy,1,11.12,2024-04-29,228,30.98
07 AAA 095,Renault,Transit,4,7.38,2024-01-01,256,19.34
07 AAA 095,Renault,Transit,4,7.38,2024-01-02,127,8.36
07 AAA 095,Renault,Transit,4,7.38,2024-01-03,187,11.86
07 AAA 095,Renault,Transit,4,7.38,2024-01-04,141,12.17
07 AAA 095,Renault,Transit,4,7.38,2024-01-05,190,18.84
07 AAA 095,Renault,Transit,4,7.38,2024-01-06,84,8.57
07 AAA 095,Renault,Transit,4,7.38,2024-01-07,50,3.09
07 AAA 095,Renault,Transit,4,7.38,2024-01-08,287,17.23
07 AAA 095,Renault,Transit,4,7.38,2024-01-09,110,10.43
07 AAA 095,Renault,Transit,4,7.38,2024-01-10,143,14.94
07 AAA 095,Renault,Transit,4,7.38,2024-01-11,120,9.75
07 AAA 095,Renault,Transit,4,7.38,2024-01-12,290,24.71
07 AAA 095,Renault,Transit,4,7.38,2024-01-13,149,10.96
07 AAA 095,Renault,Transit,4,7.38,2024-01-14,150,16.17
07 AAA 095,Renault,Transit,4,7.38,2024-01-15,177,16.69
07 AAA 095,Renault,Transit,4,7.38,2024-01-16,245,22.64
07 AAA 095,Renault,Transit,4,7.38,2024-01-17,185,13.59
07 AAA 095,Renault,Transit,4,7.38,2024-01-18,146,15.76
07 AAA 095,Renault,Transit,4,7.38,2024-01-19,225,13.46
07 AAA 095,Renault,Transit,4,7.38,2024-01-20,271,26.02
07 AAA 095,Renault,Transit,4,7.38,2024-01-21,136,8.11
07 AAA 095,Renault,Transit,4,7.38,2024-01-22,256,20.62
07 AAA 095,Renault,Transit,4,7.38,2024-01-23,163,14.54
07 AAA 095,Renault,Transit,4,7.38,2024-01-24,149,10.32
07 AAA 095,Renault,Transit,4,7.38,2024-01-25,241,24.32
07 AAA 095,Renault,Transit,4,7.38,2024-01-26,112,7.89
07 AAA 095,Renault,Transit,4,7.38,2024-01-27,252,19.51
07 AAA 095,Renault,Transit,4,7.38,2024-01-28,152,15.04
07 AAA 095,Renault,Transit,4,7.38,2024-01-29,101,6.27
07 AAA 095,Renault,Transit,4,7.38,2024-01-30,145,10.56
07 AAA 095,Renault,Transit,4,7.38,2024-01-31,72,4.94
07 AAA 095,Renault,Transit,4,7.38,2024-02-01,163,15.24
07 AAA 095,Renault,Transit,4,7.38,2024-02-02,86,6.71
07 AAA 095,Renault,Transit,4,7.38,2024-02-03,169,10.53
07 AAA 095,Renault,Transit,4,7.38,2024-02-04,154,14.52
07 AAA 095,Renault,Transit,4,7.38,2024-02-05,251,15.29
07 AAA 095,Renault,Transit,4,7.38,2024-02-06,148,12.63
07 AAA 095,Renault,Transit,4,7.38,2024-02-07,103,6.2
07 AAA 095,Renault,Transit,4,7.38,2024-02-08,127,9.11
07 AAA 095,Renault,Transit,4,7.38,2024-02-09,154,13.42
07 AAA 095,Renault,Transit,4,7.38,2024-02-10,44,3.26
07 AAA 095,Renault,Transit,4,7.38,2024-02-11,128,10.29
07 AAA 095,Renault,Transit,4,7.38,2024-02-12,257,27.84
07 AAA 095,Renault,Transit,4,7.38,2024-02-13,59,4.25
07 AAA 095,Renault,Transit,4,7.38,2024-02-14,236,23.43
07 AAA 095,Renault,Transit,4,7.38,2024-02-15,44,3.76
07 AAA 095,Renault,Transit,4,7.38,2024-02-16,227,16.22
07 AAA 095,Renault,Transit,4,7.38,2024-02-17,59,5.1
07 AAA 095,Renault,Transit,4,7.38,2024-02-18,169,10.18
07 AAA 095,Renault,Transit,4,7.38,2024-02-19,244,15.48
07 AAA 095,Renault,Transit,4,7.38,2024-02-20,216,22.85
07 AAA 095,Renault,Transit,4,7.38,2024-02-21,252,16.03
07 AAA 095,Renault,Transit,4,7.38,2024-02-22,235,20.95
07 AAA 095,Renault,Transit,4,7.38,2024-02-23,246,19.43
07 AAA 095,Renault,Transit,4,7.38,2024-02-24,230,18.57
07 AAA 095,Renault,Transit,4,7.38,2024-02-25,118,12.45
07 AAA 095,Renault,Transit,4,7.38,2024-02-26,206,16.87
07 AAA 095,Renault,Transit,4,7.38,2024-02-27,46,3.25
07 AAA 095,Renault,Transit,4,7.38,2024-02-28,222,19.53
07 AAA 095,Renault,Transit,4,7.38,2024-02-29,130,11.06
07 AAA 095,Renault,Transit,4,7.38,2024-03-01,105,7.61
07 AAA 095,Renault,Transit,4,7.38,2024-03-02,237,21.0
07 AAA 095,Renault,Transit,4,7.38,2024-03-03,115,10.85
07 AAA 095,Renault,Transit,4,7.38,2024-03-04,41,4.36
07 AAA 095,Renault,Transit,4,7.38,2024-03-05,201,21.37
07 AAA 095,Renault,Transit,4,7.38,2024-03-06,275,27.04
07 AAA 095,Renault,Transit,4,7.38,2024-03-07,225,14.12
07 AAA 095,Renault,Transit,4,7.38,2024-03-08,245,18.88
07 AAA 095,Renault,Transit,4,7.38,2024-03-09,191,12.83
07 AAA 095,Renault,Transit,4,7.38,2024-03-10,80,8.78
07 AAA 095,Renault,Transit,4,7.38,2024-03-11,153,11.32
07 AAA 095,Renault,Transit,4,7.38,2024-03-12,135,9.25
07 AAA 095,Renault,Transit,4,7.38,2024-03-13,153,16.44
07 AAA 095,Renault,Transit,4,7.38,2024-03-14,223,23.29
07 AAA 095,Renault,Transit,4,7.38,2024-03-15,139,12.84
07 AAA 095,Renault,Transit,4,7.38,2024-03-16,292,24.79
07 AAA 095,Renault,Transit,4,7.38,2024-03-17,236,21.18
07 AAA 095,Renault,Transit,4,7.38,2024-03-18,293,18.72
07 AAA 095,Renault,Transit,4,7.38,2024-03-19,131,8.14
07 AAA 095,Renault,Transit,4,7.38,2024-03-20,221,18.63
07 AAA 095,Renault,Transit,4,7.38,2024-03-21,211,21.41
07 AAA 095,Renault,Transit,4,7.38,2024-03-22,188,20.2
07 AAA 095,Renault,Transit,4,7.38,2024-03-23,78,7.06
07 AAA 095,Renault,Transit,4,7.38,2024-03-24,292,19.93
07 AAA 095,Renault,Transit,4,7.38,2024-03-25,152,16.68
07 AAA 095,Renault,Transit,4,7.38,2024-03-26,175,17.71
07 AAA 095,Renault,Transit,4,7.38,2024-03-27,87,9.45
07 AAA 095,Renault,Transit,4,7.38,2024-03-28,285,20.96
07 AAA 095,Renault,Transit,4,7.38,2024-03-29,289,25.98
07 AAA 095,Renault,Transit,4,7.38,2024-03-30,173,16.51
07 AAA 095,Renault,Transit,4,7.38,2024-03-31,53,5.39
07 AAA 095,Renault,Transit,4,7.38,2024-04-01,131,11.49
07 AAA 095,Renault,Transit,4,7.38,2024-04-02,162,10.25
07 AAA 095,Renault,Transit,4,7.38,2024-04-03,198,21.42
07 AAA 095,Renault,Transit,4,7.38,2024-04-04,274,30.15
07 AAA 095,Renault,Transit,4,7.38,2024-04-05,54,4.63
07 AAA 095,Renault,Transit,4,7.38,2024-04-06,165,9.91
07 AAA 095,Renault,Transit,4,7.38,2024-04-07,73,7.6
07 AAA 095,Renault,Transit,4,7.38,2024-04-08,149,15.61
07 AAA 095,Renault,Transit,4,7.38,2024-04-09,259,18.5
07 AAA 095,Renault,Transit,4,7.38,2024-04-10,137,12.6
07 AAA 095,Renault,Transit,4,7.38,2024-04-11,112,9.31
07 AAA 095,Renault,Transit,4,7.38,2024-04-12,148,16.24
07 AAA 095,Renault,Transit,4,7.38,2024-04-13,262,22.98
07 AAA 095,Renault,Transit,4,7.38,2024-04-14,161,11.45
07 AAA 095,Renault,Transit,4,7.38,2024-04-15,198,18.25
07 AAA 095,Renault,Transit,4,7.38,2024-04-16,220,17.21
07 AAA 095,Renault,Transit,4,7.38,2024-04-17,209,19.7
07 AAA 095,Renault,Transit,4,7.38,2024-04-18,199,12.01
07 AAA 095,Renault,Transit,4,7.38,2024-04-19,143,14.46
07 AAA 095,Renault,Transit,4,7.38,2024-04-20,291,22.02
07 AAA 095,Renault,Transit,4,7.38,2024-04-21,292,29.33
07 AAA 095,Renault,Transit,4,7.38,2024-04-22,77,6.97
07 AAA 095,Renault,Transit,4,7.38,2024-04-23,252,22.46
07 AAA 095,Renault,Transit,4,7.38,2024-04-24,193,19.3
07 AAA 095,Renault,Transit,4,7.38,2024-04-25,42,3.4
07 AAA 095,Renault,Transit,4,7.38,2024-04-26,279,21.76
07 AAA 095,Renault,Transit,4,7.38,2024-04-27,59,4.53
07 AAA 095,Renault,Transit,4,7.38,2024-04-28,115,8.2
07 AAA 095,Renault,Transit,4,7.38,2024-04-29,286,20.89
07 AAA 096,Peugeot,Fluence,2,10.76,2024-01-01,102,12.71
07 AAA 096,Peugeot,Fluence,2,10.76,2024-01-02,285,37.71
07 AAA 096,Peugeot,Fluence,2,10.76,2024-01-03,69,7.62
07 AAA 096,Peugeot,Fluence,2,10.76,2024-01-04,63,6.39
07 AAA 096,Peugeot,Fluence,2,10.76,2024-01-05,79,8.81
07 AAA 096,Peugeot,Fluence,2,10.76,2024-01-06,188,29.51
07 AAA 096,Peugeot,Fluence,2,10.76,2024-01-07,62,9.33
07 AAA 096,Peugeot,Fluence,2,10.76,2024-01-08,234,23.04
07 AAA 096,Peugeot,Fluence,2,10.76,2024-01-09,110,15.9
07 AAA 096,Peugeot,Fluence,2,10.76,2024-01-10,261,22.94
07 AAA 096,Peugeot,Fluence,2,10.76,2024-01-11,72,11.39
07 AAA 096,Peugeot,Fluence,2,10.76,2024-01-12,221,20.4
07 AAA 096,Peugeot,Fluence,2,10.76,2024-01-13,119,11.42
07 AAA 096,Peugeot,Fluence,2,10.76,2024-01-14,53,5.5
07 AAA 096,Peugeot,Fluence,2,10.76,2024-01-15,252,37.61
07 AAA 096,Peugeot,Fluence,2,10.76,2024-01-16,170,17.87
07 AAA 096,Peugeot,Fluence,2,10.76,2024-01-17,146,19.03
07 AAA 096,Peugeot,Fluence,2,10.76,2024-01-18,264,33.37
07 AAA 096,Peugeot,Fluence,2,10.76,2024-01-19,135,12.57
07 AAA 096,Peugeot,Fluence,2,10.76,2024-01-20,159,24.82
07 AAA 096,Peugeot,Fluence,2,10.76,2024-01-21,218,18.86
07 AAA 096,Peugeot,Fluence,2,10.76,2024-01-22,213,33.5
07 AAA 096,Peugeot,Fluence,2,10.76,2024-01-23,152,18.21
07 AAA 096,Peugeot,Fluence,2,10.76,2024-01-24,50,7.06
07 AAA 096,Peugeot,Fluence,2,10.76,2024-01-25,97,11.5
07 AAA 096,Peugeot,Fluence,2,10.76,2024-01-26,69,7.81
07 AAA 096,Peugeot,Fluence,2,10.76,2024-01-27,59,9.4
07 AAA 096,Peugeot,Fluence,2,10.76,2024-01-28,82,7.66
07 AAA 096,Peugeot,Fluence,2,10.76,2024-01-29,64,8.02
07 AAA 096,Peugeot,Fluence,2,10.76,2024-01-30,256,22.6
07 AAA 096,Peugeot,Fluence,2,10.76,2024-01-31,140,19.32
07 AAA 096,Peugeot,Fluence,2,10.76,2024-02-01,213,18.79
07 AAA 096,Peugeot,Fluence,2,10.76,2024-02-02,56,6.21
07 AAA 096,Peugeot,Fluence,2,10.76,2024-02-03,121,10.5
07 AAA 096,Peugeot,Fluence,2,10.76,2024-02-04,205,21.78
07 AAA 096,Peugeot,Fluence,2,10.76,2024-02-05,298,29.41
07 AAA 096,Peugeot,Fluence,2,10.76,2024-02-06,124,11.28
07 AAA 096,Peugeot,Fluence,2,10.76,2024-02-07,194,27.94
07 AAA 096,Peugeot,Fluence,2,10.76,2024-02-08,92,11.29
07 AAA 096,Peugeot,Fluence,2,10.76,2024-02-09,101,12.39
07 AAA 096,Peugeot,Fluence,2,10.76,2024-02-10,106,12.66
07 AAA 096,Peugeot,Fluence,2,10.76,2024-02-11,152,22.57
07 AAA 096,Peugeot,Fluence,2,10.76,2024-02-12,71,9.39
07 AAA 096,Peugeot,Fluence,2,10.76,2024-02-13,268,38.72
07 AAA 096,Peugeot,Fluence,2,10.76,2024-02-14,239,31.89
07 AAA 096,Peugeot,Fluence,2,10.76,2024-02-15,143,17.32
07 AAA 096,Peugeot,Fluence,2,10.76,2024-02-16,90,9.09
07 AAA 096,Peugeot,Fluence,2,10.76,2024-02-17,234,27.9
07 AAA 096,Peugeot,Fluence,2,10.76,2024-02-18,267,39.78
07 AAA 096,Peugeot,Fluence,2,10.76,2024-02-19,196,19.68
07 AAA 096,Peugeot,Fluence,2,10.76,2024-02-20,53,8.08
07 AAA 096,Peugeot,Fluence,2,10.76,2024-02-21,255,39.76
07 AAA 096,Peugeot,Fluence,2,10.76,2024-02-22,112,10.83
07 AAA 096,Peugeot,Fluence,2,10.76,2024-02-23,251,26.22
07 AAA 096,Peugeot,Fluence,2,10.76,2024-02-24,278,27.02
07 AAA 096,Peugeot,Fluence,2,10.76,2024-02-25,297,46.66
07 AAA 096,Peugeot,Fluence,2,10.76,2024-02-26,249,39.6
07 AAA 096,Peugeot,Fluence,2,10.76,2024-02-27,165,16.05
07 AAA 096,Peugeot,Fluence,2,10.76,2024-02-28,56,9.03
07 AAA 096,Peugeot,Fluence,2,10.76,2024-02-29,184,26.08
07 AAA 096,Peugeot,Fluence,2,10.76,2024-03-01,94,14.84
07 AAA 096,Peugeot,Fluence,2,10.76,2024-03-02,235,26.34
07 AAA 096,Peugeot,Fluence,2,10.76,2024-03-03,256,39.41
07 AAA 096,Peugeot,Fluence,2,10.76,2024-03-04,162,18.26
07 AAA 096,Peugeot,Fluence,2,10.76,2024-03-05,251,28.31
07 AAA 096,Peugeot,Fluence,2,10.76,2024-03-06,132,11.41
07 AAA 096,Peugeot,Fluence,2,10.76,2024-03-07,101,10.79
07 AAA 096,Peugeot,Fluence,2,10.76,2024-03-08,202,26.91
07 AAA 096,Peugeot,Fluence,2,10.76,2024-03-09,149,19.08
07 AAA 096,Peugeot,Fluence,2,10.76,2024-03-10,241,34.0
07 AAA 096,Peugeot,Fluence,2,10.76,2024-03-11,194,27.91
07 AAA 096,Peugeot,Fluence,2,10.76,2024-03-12,247,32.52
07 AAA 096,Peugeot,Fluence,2,10.76,2024-03-13,269,31.21
07 AAA 096,Peugeot,Fluence,2,10.76,2024-03-14,243,26.05
07 AAA 096,Peugeot,Fluence,2,10.76,2024-03-15,162,25.43
07 AAA 096,Peugeot,Fluence,2,10.76,2024-03-16,82,13.13
07 AAA 096,Peugeot,Fluence,2,10.76,2024-03-17,142,21.51
07 AAA 096,Peugeot,Fluence,2,10.76,2024-03-18,111,11.8
07 AAA 096,Peugeot,Fluence,2,10.76,2024-03-19,274,38.02
07 AAA 096,Peugeot,Fluence,2,10.76,2024-03-20,239,35.64
07 AAA 096,Peugeot,Fluence,2,10.76,2024-03-21,174,17.44
07 AAA 096,Peugeot,Fluence,2,10.76,2024-03-22,85,11.24
07 AAA 096,Peugeot,Fluence,2,10.76,2024-03-23,276,23.81
07 AAA 096,Peugeot,Fluence,2,10.76,2024-03-24,224,34.11
07 AAA 096,Peugeot,Fluence,2,10.76,2024-03-25,93,13.09
07 AAA 096,Peugeot,Fluence,2,10.76,2024-03-26,49,7.12
07 AAA 096,Peugeot,Fluence,2,10.76,2024-03-27,265,33.75
07 AAA 096,Peugeot,Fluence,2,10.76,2024-03-28,293,33.81
07 AAA 096,Peugeot,Fluence,2,10.76,2024-03-29,243,23.56
07 AAA 096,Peugeot,Fluence,2,10.76,2024-03-30,74,7.56
07 AAA 096,Peugeot,Fluence,2,10.76,2024-03-31,280,37.91
07 AAA 096,Peugeot,Fluence,2,10.76,2024-04-01,219,27.59
07 AAA 096,Peugeot,Fluence,2,10.76,2024-04-02,239,20.97
07 AAA 096,Peugeot,Fluence,2,10.76,2024-04-03,118,16.2
07 AAA 096,Peugeot,Fluence,2,10.76,2024-04-04,181,22.77
07 AAA 096,Peugeot,Fluence,2,10.76,2024-04-05,140,20.71
07 AAA 096,Peugeot,Fluence,2,10.76,2024-04-06,142,21.67
07 AAA 096,Peugeot,Fluence,2,10.76,2024-04-07,59,6.14
07 AAA 096,Peugeot,Fluence,2,10.76,2024-04-08,291,46.88
07 AAA 096,Peugeot,Fluence,2,10.76,2024-04-09,50,5.25
07 AAA 096,Peugeot,Fluence,2,10.76,2024-04-10,43,6.3
07 AAA 096,Peugeot,Fluence,2,10.76,2024-04-11,177,25.12
07 AAA 096,Peugeot,Fluence,2,10.76,2024-04-12,210,20.99
07 AAA 096,Peugeot,Fluence,2,10.76,2024-04-13,57,6.35
07 AAA 096,Peugeot,Fluence,2,10.76,2024-04-14,202,27.84
07 AAA 096,Peugeot,Fluence,2,10.76,2024-04-15,208,20.5
07 AAA 096,Peugeot,Fluence,2,10.76,2024-04-16,197,18.05
07 AAA 096,Peugeot,Fluence,2,10.76,2024-04-17,148,15.8
07 AAA 096,Peugeot,Fluence,2,10.76,2024-04-18,202,23.75
07 AAA 096,Peugeot,Fluence,2,10.76,2024-04-19,73,10.88
07 AAA 096,Peugeot,Fluence,2,10.76,2024-04-20,76,12.26
07 AAA 096,Peugeot,Fluence,2,10.76,2024-04-21,53,7.59
07 AAA 096,Peugeot,Fluence,2,10.76,2024-04-22,185,29.39
07 AAA 096,Peugeot,Fluence,2,10.76,2024-04-23,50,4.65
07 AAA 096,Peugeot,Fluence,2,10.76,2024-04-24,52,5.31
07 AAA 096,Peugeot,Fluence,2,10.76,2024-04-25,240,30.57
07 AAA 096,Peugeot,Fluence,2,10.76,2024-04-26,272,35.8
07 AAA 096,Peugeot,Fluence,2,10.76,2024-04-27,279,42.79
07 AAA 096,Peugeot,Fluence,2,10.76,2024-04-28,189,21.52
07 AAA 096,Peugeot,Fluence,2,10.76,2024-04-29,73,11.18
07 AAA 097,Fiat,Boxer,4,7.65,2024-01-01,116,12.79
07 AAA 097,Fiat,Boxer,4,7.65,2024-01-02,214,13.44
07 AAA 097,Fiat,Boxer,4,7.65,2024-01-03,147,16.51
07 AAA 097,Fiat,Boxer,4,7.65,2024-01-04,57,3.64
07 AAA 097,Fiat,Boxer,4,7.65,2024-01-05,236,22.86
07 AAA 097,Fiat,Boxer,4,7.65,2024-01-06,289,22.58
07 AAA 097,Fiat,Boxer,4,7.65,2024-01-07,282,30.16
07 AAA 097,Fiat,Boxer,4,7.65,2024-01-08,65,5.5
07 AAA 097,Fiat,Boxer,4,7.65,2024-01-09,225,21.57
07 AAA 097,Fiat,Boxer,4,7.65,2024-01-10,145,10.56
07 AAA 097,Fiat,Boxer,4,7.65,2024-01-11,111,8.73
07 AAA 097,Fiat,Boxer,4,7.65,2024-01-12,267,21.69
07 AAA 097,Fiat,Boxer,4,7.65,2024-01-13,145,15.1
07 AAA 097,Fiat,Boxer,4,7.65,2024-01-14,258,27.37
07 AAA 097,Fiat,Boxer,4,7.65,2024-01-15,85,6.49
07 AAA 097,Fiat,Boxer,4,7.65,2024-01-16,191,20.54
07 AAA 097,Fiat,Boxer,4,7.65,2024-01-17,272,26.64
07 AAA 097,Fiat,Boxer,4,7.65,2024-01-18,260,29.64
07 AAA 097,Fiat,Boxer,4,7.65,2024-01-19,281,30.61
07 AAA 097,Fiat,Boxer,4,7.65,2024-01-20,211,21.29
07 AAA 097,Fiat,Boxer,4,7.65,2024-01-21,152,13.15
07 AAA 097,Fiat,Boxer,4,7.65,2024-01-22,53,4.76
07 AAA 097,Fiat,Boxer,4,7.65,2024-01-23,232,16.44
07 AAA 097,Fiat,Boxer,4,7.65,2024-01-24,224,20.27
07 AAA 097,Fiat,Boxer,4,7.65,2024-01-25,149,15.08
07 AAA 097,Fiat,Boxer,4,7.65,2024-01-26,175,18.69
07 AAA 097,Fiat,Boxer,4,7.65,2024-01-27,122,12.57
07 AAA 097,Fiat,Boxer,4,7.65,2024-01-28,102,11.56
07 AAA 097,Fiat,Boxer,4,7.65,2024-01-29,100,7.48
07 AAA 097,Fiat,Boxer,4,7.65,2024-01-30,279,23.16
07 AAA 097,Fiat,Boxer,4,7.65,2024-01-31,216,22.66
07 AAA 097,Fiat,Boxer,4,7.65,2024-02-01,292,32.93
07 AAA 097,Fiat,Boxer,4,7.65,2024-02-02,135,14.97
07 AAA 097,Fiat,Boxer,4,7.65,2024-02-03,271,20.06
07 AAA 097,Fiat,Boxer,4,7.65,2024-02-04,201,17.3
07 AAA 097,Fiat,Boxer,4,7.65,2024-02-05,110,11.07
07 AAA 097,Fiat,Boxer,4,7.65,2024-02-06,76,5.69
07 AAA 097,Fiat,Boxer,4,7.65,2024-02-07,87,5.57
07 AAA 097,Fiat,Boxer,4,7.65,2024-02-08,112,10.65
07 AAA 097,Fiat,Boxer,4,7.65,2024-02-09,128,8.05
07 AAA 097,Fiat,Boxer,4,7.65,2024-02-10,212,13.98
07 AAA 097,Fiat,Boxer,4,7.65,2024-02-11,256,16.41
07 AAA 097,Fiat,Boxer,4,7.65,2024-02-12,197,16.33
07 AAA 097,Fiat,Boxer,4,7.65,2024-02-13,264,28.59
07 AAA 097,Fiat,Boxer,4,7.65,2024-02-14,75,8.11
07 AAA 097,Fiat,Boxer,4,7.65,2024-02-15,153,11.39
07 AAA 097,Fiat,Boxer,4,7.65,2024-02-16,243,16.15
07 AAA 097,Fiat,Boxer,4,7.65,2024-02-17,207,23.75
07 AAA 097,Fiat,Boxer,4,7.65,2024-02-18,110,10.1
07 AAA 097,Fiat,Boxer,4,7.65,2024-02-19,268,23.3
07 AAA 097,Fiat,Boxer,4,7.65,2024-02-20,234,24.32
07 AAA 097,Fiat,Boxer,4,7.65,2024-02-21,223,16.71
07 AAA 097,Fiat,Boxer,4,7.65,2024-02-22,255,21.17
07 AAA 097,Fiat,Boxer,4,7.65,2024-02-23,269,20.66
07 AAA 097,Fiat,Boxer,4,7.65,2024-02-24,126,14.39
07 AAA 097,Fiat,Boxer,4,7.65,2024-02-25,242,22.43
07 AAA 097,Fiat,Boxer,4,7.65,2024-02-26,142,10.18
07 AAA 097,Fiat,Boxer,4,7.65,2024-02-27,139,14.89
07 AAA 097,Fiat,Boxer,4,7.65,2024-02-28,255,22.37
07 AAA 097,Fiat,Boxer,4,7.65,2024-02-29,49,5.26
07 AAA 097,Fiat,Boxer,4,7.65,2024-03-01,71,5.84
07 AAA 097,Fiat,Boxer,4,7.65,2024-03-02,64,7.03
07 AAA 097,Fiat,Boxer,4,7.65,2024-03-03,85,7.48
07 AAA 097,Fiat,Boxer,4,7.65,2024-03-04,55,5.37
07 AAA 097,Fiat,Boxer,4,7.65,2024-03-05,69,5.97
07 AAA 097,Fiat,Boxer,4,7.65,2024-03-06,134,13.5
07 AAA 097,Fiat,Boxer,4,7.65,2024-03-07,185,20.5
07 AAA 097,Fiat,Boxer,4,7.65,2024-03-08,183,19.75
07 AAA 097,Fiat,Boxer,4,7.65,2024-03-09,56,5.63
07 AAA 097,Fiat,Boxer,4,7.65,2024-03-10,133,14.64
07 AAA 097,Fiat,Boxer,4,7.65,2024-03-11,132,8.82
07 AAA 097,Fiat,Boxer,4,7.65,2024-03-12,105,7.39
07 AAA 097,Fiat,Boxer,4,7.65,2024-03-13,69,4.46
07 AAA 097,Fiat,Boxer,4,7.65,2024-03-14,249,23.74
07 AAA 097,Fiat,Boxer,4,7.65,2024-03-15,116,13.1
07 AAA 097,Fiat,Boxer,4,7.65,2024-03-16,182,15.56
07 AAA 097,Fiat,Boxer,4,7.65,2024-03-17,173,15.95
07 AAA 097,Fiat,Boxer,4,7.65,2024-03-18,121,9.01
07 AAA 097,Fiat,Boxer,4,7.65,2024-03-19,221,21.61
07 AAA 097,Fiat,Boxer,4,7.65,2024-03-20,51,3.75
07 AAA 097,Fiat,Boxer,4,7.65,2024-03-21,189,17.46
07 AAA 097,Fiat,Boxer,4,7.65,2024-03-22,181,11.76
07 AAA 097,Fiat,Boxer,4,7.65,2024-03-23,150,11.1
07 AAA 097,Fiat,Boxer,4,7.65,2024-03-24,191,13.17
07 AAA 097,Fiat,Boxer,4,7.65,2024-03-25,260,26.42
07 AAA 097,Fiat,Boxer,4,7.65,2024-03-26,118,7.72
07 AAA 097,Fiat,Boxer,4,7.65,2024-03-27,151,12.27
07 AAA 097,Fiat,Boxer,4,7.65,2024-03-28,259,21.21
07 AAA 097,Fiat,Boxer,4,7.65,2024-03-29,106,7.88
07 AAA 097,Fiat,Boxer,4,7.65,2024-03-30,57,3.96
07 AAA 097,Fiat,Boxer,4,7.65,2024-03-31,88,9.7
07 AAA 097,Fiat,Boxer,4,7.65,2024-04-01,101,8.26
07 AAA 097,Fiat,Boxer,4,7.65,2024-04-02,239,23.25
07 AAA 097,Fiat,Boxer,4,7.65,2024-04-03,112,11.54
07 AAA 097,Fiat,Boxer,4,7.65,2024-04-04,146,14.49
07 AAA 097,Fiat,Boxer,4,7.65,2024-04-05,86,6.74
07 AAA 097,Fiat,Boxer,4,7.65,2024-04-06,79,5.22
07 AAA 097,Fiat,Boxer,4,7.65,2024-04-07,46,4.9
07 AAA 097,Fiat,Boxer,4,7.65,2024-04-08,299,27.06
07 AAA 097,Fiat,Boxer,4,7.65,2024-04-09,264,30.0
07 AAA 097,Fiat,Boxer,4,7.65,2024-04-10,115,9.64
07 AAA 097,Fiat,Boxer,4,7.65,2024-04-11,110,9.15
07 AAA 097,Fiat,Boxer,4,7.65,2024-04-12,223,24.23
07 AAA 097,Fiat,Boxer,4,7.65,2024-04-13,49,4.23
07 AAA 097,Fiat,Boxer,4,7.65,2024-04-14,123,8.49
07 AAA 097,Fiat,Boxer,4,7.65,2024-04-15,130,8.47
07 AAA 097,Fiat,Boxer,4,7.65,2024-04-16,187,20.55
07 AAA 097,Fiat,Boxer,4,7.65,2024-04-17,88,8.88
07 AAA 097,Fiat,Boxer,4,7.65,2024-04-18,232,21.09
07 AAA 097,Fiat,Boxer,4,7.65,2024-04-19,226,22.79
07 AAA 097,Fiat,Boxer,4,7.65,2024-04-20,175,13.42
07 AAA 097,Fiat,Boxer,4,7.65,2024-04-21,225,19.4
07 AAA 097,Fiat,Boxer,4,7.65,2024-04-22,169,15.2
07 AAA 097,Fiat,Boxer,4,7.65,2024-04-23,41,2.88
07 AAA 097,Fiat,Boxer,4,7.65,2024-04-24,85,9.43
07 AAA 097,Fiat,Boxer,4,7.65,2024-04-25,262,18.54
07 AAA 097,Fiat,Boxer,4,7.65,2024-04-26,155,10.19
07 AAA 097,Fiat,Boxer,4,7.65,2024-04-27,46,3.3
07 AAA 097,Fiat,Boxer,4,7.65,2024-04-28,67,4.14
07 AAA 097,Fiat,Boxer,4,7.65,2024-04-29,197,19.12
07 AAA 098,Mercedes,Boxer,2,10.86,2024-01-01,286,46.46
07 AAA 098,Mercedes,Boxer,2,10.86,2024-01-02,182,17.33
07 AAA 098,Mercedes,Boxer,2,10.86,2024-01-03,255,30.12
07 AAA 098,Mercedes,Boxer,2,10.86,2024-01-04,208,23.93
07 AAA 098,Mercedes,Boxer,2,10.86,2024-01-05,284,41.18
07 AAA 098,Mercedes,Boxer,2,10.86,2024-01-06,93,9.76
07 AAA 098,Mercedes,Boxer,2,10.86,2024-01-07,140,21.7
07 AAA 098,Mercedes,Boxer,2,10.86,2024-01-08,276,31.66
07 AAA 098,Mercedes,Boxer,2,10.86,2024-01-09,127,16.07
07 AAA 098,Mercedes,Boxer,2,10.86,2024-01-10,292,31.54
07 AAA 098,Mercedes,Boxer,2,10.86,2024-01-11,189,26.14
07 AAA 098,Mercedes,Boxer,2,10.86,2024-01-12,166,21.98
07 AAA 098,Mercedes,Boxer,2,10.86,2024-01-13,219,27.45
07 AAA 098,Mercedes,Boxer,2,10.86,2024-01-14,81,12.74
07 AAA 098,Mercedes,Boxer,2,10.86,2024-01-15,250,34.31
07 AAA 098,Mercedes,Boxer,2,10.86,2024-01-16,132,13.05
07 AAA 098,Mercedes,Boxer,2,10.86,2024-01-17,58,8.31
07 AAA 098,Mercedes,Boxer,2,10.86,2024-01-18,122,15.8
07 AAA 098,Mercedes,Boxer,2,10.86,2024-01-19,103,9.71
07 AAA 098,Mercedes,Boxer,2,10.86,2024-01-20,85,11.99
07 AAA 098,Mercedes,Boxer,2,10.86,2024-01-21,216,34.39
07 AAA 098,Mercedes,Boxer,2,10.86,2024-01-22,43,5.31
07 AAA 098,Mercedes,Boxer,2,10.86,2024-01-23,119,15.87
07 AAA 098,Mercedes,Boxer,2,10.86,2024-01-24,155,17.25
07 AAA 098,Mercedes,Boxer,2,10.86,2024-01-25,266,36.57
07 AAA 098,Mercedes,Boxer,2,10.86,2024-01-26,107,13.89
07 AAA 098,Mercedes,Boxer,2,10.86,2024-01-27,61,8.46
07 AAA 098,Mercedes,Boxer,2,10.86,2024-01-28,264,29.9
07 AAA 098,Mercedes,Boxer,2,10.86,2024-01-29,69,6.2
07 AAA 098,Mercedes,Boxer,2,10.86,2024-01-30,111,13.6
07 AAA 098,Mercedes,Boxer,2,10.86,2024-01-31,216,31.16
07 AAA 098,Mercedes,Boxer,2,10.86,2024-02-01,220,33.15
07 AAA 098,Mercedes,Boxer,2,10.86,2024-02-02,109,9.87
07 AAA 098,Mercedes,Boxer,2,10.86,2024-02-03,168,21.42
07 AAA 098,Mercedes,Boxer,2,10.86,2024-02-04,189,22.39
07 AAA 098,Mercedes,Boxer,2,10.86,2024-02-05,278,36.99
07 AAA 098,Mercedes,Boxer,2,10.86,2024-02-06,179,23.66
07 AAA 098,Mercedes,Boxer,2,10.86,2024-02-07,210,25.36
07 AAA 098,Mercedes,Boxer,2,10.86,2024-02-08,80,8.76
07 AAA 098,Mercedes,Boxer,2,10.86,2024-02-09,190,17.41
07 AAA 098,Mercedes,Boxer,2,10.86,2024-02-10,150,23.55
07 AAA 098,Mercedes,Boxer,2,10.86,2024-02-11,116,14.79
07 AAA 098,Mercedes,Boxer,2,10.86,2024-02-12,137,15.61
07 AAA 098,Mercedes,Boxer,2,10.86,2024-02-13,273,42.01
07 AAA 098,Mercedes,Boxer,2,10.86,2024-02-14,165,21.85
07 AAA 098,Mercedes,Boxer,2,10.86,2024-02-15,280,45.48
07 AAA 098,Mercedes,Boxer,2,10.86,2024-02-16,93,10.03
07 AAA 098,Mercedes,Boxer,2,10.86,2024-02-17,71,11.14
07 AAA 098,Mercedes,Boxer,2,10.86,2024-02-18,92,8.71
07 AAA 098,Mercedes,Boxer,2,10.86,2024-02-19,62,7.16
07 AAA 098,Mercedes,Boxer,2,10.86,2024-02-20,179,17.98
07 AAA 098,Mercedes,Boxer,2,10.86,2024-02-21,275,27.8
07 AAA 098,Mercedes,Boxer,2,10.86,2024-02-22,284,28.6
07 AAA 098,Mercedes,Boxer,2,10.86,2024-02-23,92,14.48
07 AAA 098,Mercedes,Boxer,2,10.86,2024-02-24,210,33.48
07 AAA 098,Mercedes,Boxer,2,10.86,2024-02-25,223,34.37
07 AAA 098,Mercedes,Boxer,2,10.86,2024-02-26,131,19.12
07 AAA 098,Mercedes,Boxer,2,10.86,2024-02-27,191,30.83
07 AAA 098,Mercedes,Boxer,2,10.86,2024-02-28,60,5.29
07 AAA 098,Mercedes,Boxer,2,10.86,2024-02-29,244,22.83
07 AAA 098,Mercedes,Boxer,2,10.86,2024-03-01,105,11.57
07 AAA 098,Mercedes,Boxer,2,10.86,2024-03-02,54,6.71
07 AAA 098,Mercedes,Boxer,2,10.86,2024-03-03,112,16.2
07 AAA 098,Mercedes,Boxer,2,10.86,2024-03-04,269,31.89
07 AAA 098,Mercedes,Boxer,2,10.86,2024-03-05,226,31.41
07 AAA 098,Mercedes,Boxer,2,10.86,2024-03-06,70,10.75
07 AAA 098,Mercedes,Boxer,2,10.86,2024-03-07,185,20.63
07 AAA 098,Mercedes,Boxer,2,10.86,2024-03-08,194,30.76
07 AAA 098,Mercedes,Boxer,2,10.86,2024-03-09,46,6.44
07 AAA 098,Mercedes,Boxer,2,10.86,2024-03-10,139,14.29
07 AAA 098,Mercedes,Boxer,2,10.86,2024-03-11,162,19.36
07 AAA 098,Mercedes,Boxer,2,10.86,2024-03-12,56,8.07
07 AAA 098,Mercedes,Boxer,2,10.86,2024-03-13,76,7.02
07 AAA 098,Mercedes,Boxer,2,10.86,2024-03-14,259,35.8
07 AAA 098,Mercedes,Boxer,2,10.86,2024-03-15,120,13.96
07 AAA 098,Mercedes,Boxer,2,10.86,2024-03-16,294,26.92
07 AAA 098,Mercedes,Boxer,2,10.86,2024-03-17,121,12.27
07 AAA 098,Mercedes,Boxer,2,10.86,2024-03-18,177,19.33
07 AAA 098,Mercedes,Boxer,2,10.86,2024-03-19,225,24.1
07 AAA 098,Mercedes,Boxer,2,10.86,2024-03-20,58,9.16
07 AAA 098,Mercedes,Boxer,2,10.86,2024-03-21,153,19.92
07 AAA 098,Mercedes,Boxer,2,10.86,2024-03-22,67,10.11
07 AAA 098,Mercedes,Boxer,2,10.86,2024-03-23,250,36.05
07 AAA 098,Mercedes,Boxer,2,10.86,2024-03-24,243,26.34
07 AAA 098,Mercedes,Boxer,2,10.86,2024-03-25,88,11.51
07 AAA 098,Mercedes,Boxer,2,10.86,2024-03-26,161,22.82
07 AAA 098,Mercedes,Boxer,2,10.86,2024-03-27,110,17.66
07 AAA 098,Mercedes,Boxer,2,10.86,2024-03-28,168,18.48
07 AAA 098,Mercedes,Boxer,2,10.86,2024-03-29,212,27.23
07 AAA 098,Mercedes,Boxer,2,10.86,2024-03-30,203,32.57
07 AAA 098,Mercedes,Boxer,2,10.86,2024-03-31,174,24.24
07 AAA 098,Mercedes,Boxer,2,10.86,2024-04-01,119,17.3
07 AAA 098,Mercedes,Boxer,2,10.86,2024-04-02,182,22.12
07 AAA 098,Mercedes,Boxer,2,10.86,2024-04-03,259,26.03
07 AAA 098,Mercedes,Boxer,2,10.86,2024-04-04,140,20.64
07 AAA 098,Mercedes,Boxer,2,10.86,2024-04-05,221,25.71
07 AAA 098,Mercedes,Boxer,2,10.86,2024-04-06,44,6.33
07 AAA 098,Mercedes,Boxer,2,10.86,2024-04-07,101,14.5
07 AAA 098,Mercedes,Boxer,2,10.86,2024-04-08,177,22.0
07 AAA 098,Mercedes,Boxer,2,10.86,2024-04-09,81,10.16
07 AAA 098,Mercedes,Boxer,2,10.86,2024-04-10,131,16.54
07 AAA 098,Mercedes,Boxer,2,10.86,2024-04-11,193,18.76
07 AAA 098,Mercedes,Boxer,2,10.86,2024-04-12,165,18.34
07 AAA 098,Mercedes,Boxer,2,10.86,2024-04-13,204,31.4
07 AAA 098,Mercedes,Boxer,2,10.86,2024-04-14,99,12.1
07 AAA 098,Mercedes,Boxer,2,10.86,2024-04-15,109,14.5
07 AAA 098,Mercedes,Boxer,2,10.86,2024-04-16,141,22.61
07 AAA 098,Mercedes,Boxer,2,10.86,2024-04-17,298,40.01
07 AAA 098,Mercedes,Boxer,2,10.86,2024-04-18,180,29.16
07 AAA 098,Mercedes,Boxer,2,10.86,2024-04-19,239,36.48
07 AAA 098,Mercedes,Boxer,2,10.86,2024-04-20,179,18.91
07 AAA 098,Mercedes,Boxer,2,10.86,2024-04-21,49,6.11
07 AAA 098,Mercedes,Boxer,2,10.86,2024-04-22,166,22.7
07 AAA 098,Mercedes,Boxer,2,10.86,2024-04-23,175,18.45
07 AAA 098,Mercedes,Boxer,2,10.86,2024-04-24,129,20.66
07 AAA 098,Mercedes,Boxer,2,10.86,2024-04-25,232,25.44
07 AAA 098,Mercedes,Boxer,2,10.86,2024-04-26,75,9.69
07 AAA 098,Mercedes,Boxer,2,10.86,2024-04-27,211,25.56
07 AAA 098,Mercedes,Boxer,2,10.86,2024-04-28,208,33.13
07 AAA 098,Mercedes,Boxer,2,10.86,2024-04-29,112,17.5
07 AAA 099,Mercedes,Caddy,2,10.92,2024-01-01,258,27.75
07 AAA 099,Mercedes,Caddy,2,10.92,2024-01-02,56,7.66
07 AAA 099,Mercedes,Caddy,2,10.92,2024-01-03,98,15.82
07 AAA 099,Mercedes,Caddy,2,10.92,2024-01-04,298,39.31
07 AAA 099,Mercedes,Caddy,2,10.92,2024-01-05,274,37.37
07 AAA 099,Mercedes,Caddy,2,10.92,2024-01-06,176,27.87
07 AAA 099,Mercedes,Caddy,2,10.92,2024-01-07,183,18.2
07 AAA 099,Mercedes,Caddy,2,10.92,2024-01-08,282,43.61
07 AAA 099,Mercedes,Caddy,2,10.92,2024-01-09,156,18.86
07 AAA 099,Mercedes,Caddy,2,10.92,2024-01-10,168,16.67
07 AAA 099,Mercedes,Caddy,2,10.92,2024-01-11,56,6.73
07 AAA 099,Mercedes,Caddy,2,10.92,2024-01-12,215,19.53
07 AAA 099,Mercedes,Caddy,2,10.92,2024-01-13,233,22.13
07 AAA 099,Mercedes,Caddy,2,10.92,2024-01-14,81,11.09
07 AAA 099,Mercedes,Caddy,2,10.92,2024-01-15,295,33.72
07 AAA 099,Mercedes,Caddy,2,10.92,2024-01-16,130,12.29
07 AAA 099,Mercedes,Caddy,2,10.92,2024-01-17,135,20.25
07 AAA 099,Mercedes,Caddy,2,10.92,2024-01-18,222,21.68
07 AAA 099,Mercedes,Caddy,2,10.92,2024-01-19,92,13.21
07 AAA 099,Mercedes,Caddy,2,10.92,2024-01-20,144,20.73
07 AAA 099,Mercedes,Caddy,2,10.92,2024-01-21,61,5.65
07 AAA 099,Mercedes,Caddy,2,10.92,2024-01-22,235,30.37
07 AAA 099,Mercedes,Caddy,2,10.92,2024-01-23,197,24.53
07 AAA 099,Mercedes,Caddy,2,10.92,2024-01-24,172,18.49
07 AAA 099,Mercedes,Caddy,2,10.92,2024-01-25,292,34.74
07 AAA 099,Mercedes,Caddy,2,10.92,2024-01-26,263,34.43
07 AAA 099,Mercedes,Caddy,2,10.92,2024-01-27,267,35.08
07 AAA 099,Mercedes,Caddy,2,10.92,2024-01-28,41,4.53
07 AAA 099,Mercedes,Caddy,2,10.92,2024-01-29,120,19.43
07 AAA 099,Mercedes,Caddy,2,10.92,2024-01-30,55,8.58
07 AAA 099,Mercedes,Caddy,2,10.92,2024-01-31,259,31.8
07 AAA 099,Mercedes,Caddy,2,10.92,2024-02-01,217,33.56
07 AAA 099,Mercedes,Caddy,2,10.92,2024-02-02,258,29.16
07 AAA 099,Mercedes,Caddy,2,10.92,2024-02-03,257,38.78
07 AAA 099,Mercedes,Caddy,2,10.92,2024-02-04,198,23.3
07 AAA 099,Mercedes,Caddy,2,10.92,2024-02-05,228,24.07
07 AAA 099,Mercedes,Caddy,2,10.92,2024-02-06,236,27.47
07 AAA 099,Mercedes,Caddy,2,10.92,2024-02-07,248,24.83
07 AAA 099,Mercedes,Caddy,2,10.92,2024-02-08,257,35.34
07 AAA 099,Mercedes,Caddy,2,10.92,2024-02-09,280,34.67
07 AAA 099,Mercedes,Caddy,2,10.92,2024-02-10,252,24.45
07 AAA 099,Mercedes,Caddy,2,10.92,2024-02-11,80,9.33
07 AAA 099,Mercedes,Caddy,2,10.92,2024-02-12,100,12.08
07 AAA 099,Mercedes,Caddy,2,10.92,2024-02-13,267,26.86
07 AAA 099,Mercedes,Caddy,2,10.92,2024-02-14,107,15.1
07 AAA 099,Mercedes,Caddy,2,10.92,2024-02-15,203,18.72
07 AAA 099,Mercedes,Caddy,2,10.92,2024-02-16,234,34.79
07 AAA 099,Mercedes,Caddy,2,10.92,2024-02-17,136,21.96
07 AAA 099,Mercedes,Caddy,2,10.92,2024-02-18,264,37.47
07 AAA 099,Mercedes,Caddy,2,10.92,2024-02-19,110,17.64
07 AAA 099,Mercedes,Caddy,2,10.92,2024-02-20,72,11.65
07 AAA 099,Mercedes,Caddy,2,10.92,2024-02-21,154,23.28
07 AAA 099,Mercedes,Caddy,2,10.92,2024-02-22,149,14.76
07 AAA 099,Mercedes,Caddy,2,10.92,2024-02-23,277,28.37
07 AAA 099,Mercedes,Caddy,2,10.92,2024-02-24,107,14.4
07 AAA 099,Mercedes,Caddy,2,10.92,2024-02-25,155,21.66
07 AAA 099,Mercedes,Caddy,2,10.92,2024-02-26,260,32.33
07 AAA 099,Mercedes,Caddy,2,10.92,2024-02-27,290,42.17
07 AAA 099,Mercedes,Caddy,2,10.92,2024-02-28,97,15.58
07 AAA 099,Mercedes,Caddy,2,10.92,2024-02-29,203,21.23
07 AAA 099,Mercedes,Caddy,2,10.92,2024-03-01,83,7.51
07 AAA 099,Mercedes,Caddy,2,10.92,2024-03-02,81,11.74
07 AAA 099,Mercedes,Caddy,2,10.92,2024-03-03,56,8.43
07 AAA 099,Mercedes,Caddy,2,10.92,2024-03-04,180,20.73
07 AAA 099,Mercedes,Caddy,2,10.92,2024-03-05,150,17.86
07 AAA 099,Mercedes,Caddy,2,10.92,2024-03-06,105,11.84
07 AAA 099,Mercedes,Caddy,2,10.92,2024-03-07,72,7.72
07 AAA 099,Mercedes,Caddy,2,10.92,2024-03-08,201,18.07
07 AAA 099,Mercedes,Caddy,2,10.92,2024-03-09,100,15.52
07 AAA 099,Mercedes,Caddy,2,10.92,2024-03-10,127,20.75
07 AAA 099,Mercedes,Caddy,2,10.92,2024-03-11,144,16.48
07 AAA 099,Mercedes,Caddy,2,10.92,2024-03-12,118,14.21
07 AAA 099,Mercedes,Caddy,2,10.92,2024-03-13,168,23.64
07 AAA 099,Mercedes,Caddy,2,10.92,2024-03-14,122,13.51
07 AAA 099,Mercedes,Caddy,2,10.92,2024-03-15,185,17.9
07 AAA 099,Mercedes,Caddy,2,10.92,2024-03-16,152,16.08
07 AAA 099,Mercedes,Caddy,2,10.92,2024-03-17,293,47.42
07 AAA 099,Mercedes,Caddy,2,10.92,2024-03-18,270,29.48
07 AAA 099,Mercedes,Caddy,2,10.92,2024-03-19,292,42.42
07 AAA 099,Mercedes,Caddy,2,10.92,2024-03-20,72,9.88
07 AAA 099,Mercedes,Caddy,2,10.92,2024-03-21,49,5.25
07 AAA 099,Mercedes,Caddy,2,10.92,2024-03-22,184,26.88
07 AAA 099,Mercedes,Caddy,2,10.92,2024-03-23,149,15.05
07 AAA 099,Mercedes,Caddy,2,10.92,2024-03-24,143,12.83
07 AAA 099,Mercedes,Caddy,2,10.92,2024-03-25,266,36.81
07 AAA 099,Mercedes,Caddy,2,10.92,2024-03-26,45,5.47
07 AAA 099,Mercedes,Caddy,2,10.92,2024-03-27,111,10.79
07 AAA 099,Mercedes,Caddy,2,10.92,2024-03-28,208,30.23
07 AAA 099,Mercedes,Caddy,2,10.92,2024-03-29,264,38.82
07 AAA 099,Mercedes,Caddy,2,10.92,2024-03-30,43,6.95
07 AAA 099,Mercedes,Caddy,2,10.92,2024-03-31,247,30.45
07 AAA 099,Mercedes,Caddy,2,10.92,2024-04-01,170,22.38
07 AAA 099,Mercedes,Caddy,2,10.92,2024-04-02,258,23.03
07 AAA 099,Mercedes,Caddy,2,10.92,2024-04-03,85,8.7
07 AAA 099,Mercedes,Caddy,2,10.92,2024-04-04,143,17.87
07 AAA 099,Mercedes,Caddy,2,10.92,2024-04-05,233,29.49
07 AAA 099,Mercedes,Caddy,2,10.92,2024-04-06,265,25.66
07 AAA 099,Mercedes,Caddy,2,10.92,2024-04-07,280,32.28
07 AAA 099,Mercedes,Caddy,2,10.92,2024-04-08,276,43.23
07 AAA 099,Mercedes,Caddy,2,10.92,2024-04-09,138,18.76
07 AAA 099,Mercedes,Caddy,2,10.92,2024-04-10,292,38.55
07 AAA 099,Mercedes,Caddy,2,10.92,2024-04-11,133,18.49
07 AAA 099,Mercedes,Caddy,2,10.92,2024-04-12,214,23.01
07 AAA 099,Mercedes,Caddy,2,10.92,2024-04-13,222,20.36
07 AAA 099,Mercedes,Caddy,2,10.92,2024-04-14,183,17.45
07 AAA 099,Mercedes,Caddy,2,10.92,2024-04-15,132,14.56
07 AAA 099,Mercedes,Caddy,2,10.92,2024-04-16,196,28.91
07 AAA 099,Mercedes,Caddy,2,10.92,2024-04-17,247,30.33
07 AAA 099,Mercedes,Caddy,2,10.92,2024-04-18,105,11.92
07 AAA 099,Mercedes,Caddy,2,10.92,2024-04-19,189,18.31
07 AAA 099,Mercedes,Caddy,2,10.92,2024-04-20,126,14.37
07 AAA 099,Mercedes,Caddy,2,10.92,2024-04-21,67,10.9
07 AAA 099,Mercedes,Caddy,2,10.92,2024-04-22,253,37.67
07 AAA 099,Mercedes,Caddy,2,10.92,2024-04-23,182,19.3
07 AAA 099,Mercedes,Caddy,2,10.92,2024-04-24,147,16.93
07 AAA 099,Mercedes,Caddy,2,10.92,2024-04-25,165,26.98
07 AAA 099,Mercedes,Caddy,2,10.92,2024-04-26,138,19.13
07 AAA 099,Mercedes,Caddy,2,10.92,2024-04-27,227,27.94
07 AAA 099,Mercedes,Caddy,2,10.92,2024-04-28,277,34.96
07 AAA 099,Mercedes,Caddy,2,10.92,2024-04-29,244,32.61
07 AAA 100,Peugeot,Fluence,4,8.0,2024-01-01,100,9.61
07 AAA 100,Peugeot,Fluence,4,8.0,2024-01-02,156,10.36
07 AAA 100,Peugeot,Fluence,4,8.0,2024-01-03,187,12.0
07 AAA 100,Peugeot,Fluence,4,8.0,2024-01-04,82,6.39
07 AAA 100,Peugeot,Fluence,4,8.0,2024-01-05,166,16.89
07 AAA 100,Peugeot,Fluence,4,8.0,2024-01-06,58,4.83
07 AAA 100,Peugeot,Fluence,4,8.0,2024-01-07,247,18.9
07 AAA 100,Peugeot,Fluence,4,8.0,2024-01-08,104,11.44
07 AAA 100,Peugeot,Fluence,4,8.0,2024-01-09,265,18.67
07 AAA 100,Peugeot,Fluence,4,8.0,2024-01-10,246,28.12
07 AAA 100,Peugeot,Fluence,4,8.0,2024-01-11,122,13.45
07 AAA 100,Peugeot,Fluence,4,8.0,2024-01-12,77,5.91
07 AAA 100,Peugeot,Fluence,4,8.0,2024-01-13,102,10.53
07 AAA 100,Peugeot,Fluence,4,8.0,2024-01-14,276,22.45
07 AAA 100,Peugeot,Fluence,4,8.0,2024-01-15,236,21.94
07 AAA 100,Peugeot,Fluence,4,8.0,2024-01-16,55,4.17
07 AAA 100,Peugeot,Fluence,4,8.0,2024-01-17,88,9.04
07 AAA 100,Peugeot,Fluence,4,8.0,2024-01-18,172,15.33
07 AAA 100,Peugeot,Fluence,4,8.0,2024-01-19,86,8.04
07 AAA 100,Peugeot,Fluence,4,8.0,2024-01-20,105,11.24
07 AAA 100,Peugeot,Fluence,4,8.0,2024-01-21,288,33.89
07 AAA 100,Peugeot,Fluence,4,8.0,2024-01-22,226,22.53
07 AAA 100,Peugeot,Fluence,4,8.0,2024-01-23,47,5.2
07 AAA 100,Peugeot,Fluence,4,8.0,2024-01-24,160,13.68
07 AAA 100,Peugeot,Fluence,4,8.0,2024-01-25,217,16.18
07 AAA 100,Peugeot,Fluence,4,8.0,2024-01-26,266,27.26
07 AAA 100,Peugeot,Fluence,4,8.0,2024-01-27,210,23.76
07 AAA 100,Peugeot,Fluence,4,8.0,2024-01-28,204,22.31
07 AAA 100,Peugeot,Fluence,4,8.0,2024-01-29,252,22.88
07 AAA 100,Peugeot,Fluence,4,8.0,2024-01-30,137,12.94
07 AAA 100,Peugeot,Fluence,4,8.0,2024-01-31,223,24.33
07 AAA 100,Peugeot,Fluence,4,8.0,2024-02-01,128,10.11
07 AAA 100,Peugeot,Fluence,4,8.0,2024-02-02,279,31.0
07 AAA 100,Peugeot,Fluence,4,8.0,2024-02-03,272,22.7
07 AAA 100,Peugeot,Fluence,4,8.0,2024-02-04,277,21.26
07 AAA 100,Peugeot,Fluence,4,8.0,2024-02-05,232,27.31
07 AAA 100,Peugeot,Fluence,4,8.0,2024-02-06,153,12.39
07 AAA 100,Peugeot,Fluence,4,8.0,2024-02-07,187,19.81
07 AAA 100,Peugeot,Fluence,4,8.0,2024-02-08,164,14.28
07 AAA 100,Peugeot,Fluence,4,8.0,2024-02-09,161,17.07
07 AAA 100,Peugeot,Fluence,4,8.0,2024-02-10,170,18.83
07 AAA 100,Peugeot,Fluence,4,8.0,2024-02-11,289,33.01
07 AAA 100,Peugeot,Fluence,4,8.0,2024-02-12,163,17.12
07 AAA 100,Peugeot,Fluence,4,8.0,2024-02-13,40,4.6
07 AAA 100,Peugeot,Fluence,4,8.0,2024-02-14,298,19.1
07 AAA 100,Peugeot,Fluence,4,8.0,2024-02-15,131,9.68
07 AAA 100,Peugeot,Fluence,4,8.0,2024-02-16,228,20.63
07 AAA 100,Peugeot,Fluence,4,8.0,2024-02-17,69,7.47
07 AAA 100,Peugeot,Fluence,4,8.0,2024-02-18,216,23.55
07 AAA 100,Peugeot,Fluence,4,8.0,2024-02-19,127,8.53
07 AAA 100,Peugeot,Fluence,4,8.0,2024-02-20,295,22.61
07 AAA 100,Peugeot,Fluence,4,8.0,2024-02-21,50,5.73
07 AAA 100,Peugeot,Fluence,4,8.0,2024-02-22,219,17.2
07 AAA 100,Peugeot,Fluence,4,8.0,2024-02-23,293,23.5
07 AAA 100,Peugeot,Fluence,4,8.0,2024-02-24,58,3.82
07 AAA 100,Peugeot,Fluence,4,8.0,2024-02-25,201,13.68
07 AAA 100,Peugeot,Fluence,4,8.0,2024-02-26,218,18.68
07 AAA 100,Peugeot,Fluence,4,8.0,2024-02-27,195,14.74
07 AAA 100,Peugeot,Fluence,4,8.0,2024-02-28,156,14.63
07 AAA 100,Peugeot,Fluence,4,8.0,2024-02-29,199,15.72
07 AAA 100,Peugeot,Fluence,4,8.0,2024-03-01,55,6.27
07 AAA 100,Peugeot,Fluence,4,8.0,2024-03-02,224,19.22
07 AAA 100,Peugeot,Fluence,4,8.0,2024-03-03,199,22.91
07 AAA 100,Peugeot,Fluence,4,8.0,2024-03-04,171,15.59
07 AAA 100,Peugeot,Fluence,4,8.0,2024-03-05,194,22.14
07 AAA 100,Peugeot,Fluence,4,8.0,2024-03-06,244,20.25
07 AAA 100,Peugeot,Fluence,4,8.0,2024-03-07,224,15.94
07 AAA 100,Peugeot,Fluence,4,8.0,2024-03-08,53,3.51
07 AAA 100,Peugeot,Fluence,4,8.0,2024-03-09,112,9.04
07 AAA 100,Peugeot,Fluence,4,8.0,2024-03-10,139,16.46
07 AAA 100,Peugeot,Fluence,4,8.0,2024-03-11,249,17.5
07 AAA 100,Peugeot,Fluence,4,8.0,2024-03-12,142,11.15
07 AAA 100,Peugeot,Fluence,4,8.0,2024-03-13,102,10.87
07 AAA 100,Peugeot,Fluence,4,8.0,2024-03-14,161,16.07
07 AAA 100,Peugeot,Fluence,4,8.0,2024-03-15,241,18.52
07 AAA 100,Peugeot,Fluence,4,8.0,2024-03-16,281,30.2
07 AAA 100,Peugeot,Fluence,4,8.0,2024-03-17,148,13.98
07 AAA 100,Peugeot,Fluence,4,8.0,2024-03-18,182,17.96
07 AAA 100,Peugeot,Fluence,4,8.0,2024-03-19,139,9.37
07 AAA 100,Peugeot,Fluence,4,8.0,2024-03-20,282,21.39
07 AAA 100,Peugeot,Fluence,4,8.0,2024-03-21,122,12.32
07 AAA 100,Peugeot,Fluence,4,8.0,2024-03-22,260,22.68
07 AAA 100,Peugeot,Fluence,4,8.0,2024-03-23,78,7.45
07 AAA 100,Peugeot,Fluence,4,8.0,2024-03-24,113,7.71
07 AAA 100,Peugeot,Fluence,4,8.0,2024-03-25,136,10.61
07 AAA 100,Peugeot,Fluence,4,8.0,2024-03-26,86,8.67
07 AAA 100,Peugeot,Fluence,4,8.0,2024-03-27,127,11.13
07 AAA 100,Peugeot,Fluence,4,8.0,2024-03-28,97,8.73
07 AAA 100,Peugeot,Fluence,4,8.0,2024-03-29,107,10.64
07 AAA 100,Peugeot,Fluence,4,8.0,2024-03-30,110,12.32
07 AAA 100,Peugeot,Fluence,4,8.0,2024-03-31,45,3.14
07 AAA 100,Peugeot,Fluence,4,8.0,2024-04-01,214,23.25
07 AAA 100,Peugeot,Fluence,4,8.0,2024-04-02,243,19.58
07 AAA 100,Peugeot,Fluence,4,8.0,2024-04-03,168,14.25
07 AAA 100,Peugeot,Fluence,4,8.0,2024-04-04,214,22.08
07 AAA 100,Peugeot,Fluence,4,8.0,2024-04-05,194,16.52
07 AAA 100,Peugeot,Fluence,4,8.0,2024-04-06,121,8.03
07 AAA 100,Peugeot,Fluence,4,8.0,2024-04-07,71,4.92
07 AAA 100,Peugeot,Fluence,4,8.0,2024-04-08,119,11.68
07 AAA 100,Peugeot,Fluence,4,8.0,2024-04-09,146,16.92
07 AAA 100,Peugeot,Fluence,4,8.0,2024-04-10,263,23.96
07 AAA 100,Peugeot,Fluence,4,8.0,2024-04-11,208,14.13
07 AAA 100,Peugeot,Fluence,4,8.0,2024-04-12,97,10.52
07 AAA 100,Peugeot,Fluence,4,8.0,2024-04-13,300,30.78
07 AAA 100,Peugeot,Fluence,4,8.0,2024-04-14,119,10.98
07 AAA 100,Peugeot,Fluence,4,8.0,2024-04-15,188,18.57
07 AAA 100,Peugeot,Fluence,4,8.0,2024-04-16,221,20.26
07 AAA 100,Peugeot,Fluence,4,8.0,2024-04-17,274,23.64
07 AAA 100,Peugeot,Fluence,4,8.0,2024-04-18,154,10.35
07 AAA 100,Peugeot,Fluence,4,8.0,2024-04-19,171,14.43
07 AAA 100,Peugeot,Fluence,4,8.0,2024-04-20,266,19.0
07 AAA 100,Peugeot,Fluence,4,8.0,2024-04-21,95,7.07
07 AAA 100,Peugeot,Fluence,4,8.0,2024-04-22,200,13.18
07 AAA 100,Peugeot,Fluence,4,8.0,2024-04-23,211,18.16
07 AAA 100,Peugeot,Fluence,4,8.0,2024-04-24,245,19.16
07 AAA 100,Peugeot,Fluence,4,8.0,2024-04-25,47,3.83
07 AAA 100,Peugeot,Fluence,4,8.0,2024-04-26,62,6.01
07 AAA 100,Peugeot,Fluence,4,8.0,2024-04-27,161,16.45
07 AAA 100,Peugeot,Fluence,4,8.0,2024-04-28,193,22.94
07 AAA 100,Peugeot,Fluence,4,8.0,2024-04-29,59,4.7
